Year,PollutantID,Pollutant_Name,PlantID,Site,Easting,Northing,Operator,SectorID,Sector,Emission,Unit,Country,Datatype
2021,22,Benzene,1629,Tintagel,208000.0,88100.0,Maybridge Chemical Co Ltd,10,Chemical industry,0.02,Tonnes,England,M
2021,22,Benzene,1918,Lowestoft,654520.0,292760.0,Recovery Systems Ltd,21,"Waste collection, treatment & disposal",0.2,Tonnes,England,M
2021,22,Benzene,2266,Storrington,506900.0,114900.0,Star Energy UK Onshore Ltd,3,Oil & gas exploration and production,0.2,Tonnes,England,M
2021,22,Benzene,2548,Manchester,389100.0,408000.0,Woodbridge Foam (UK) Ltd,7,Other industries,0.02,Tonnes,England,M
2021,22,Benzene,2599,Dundee,344628.0,732731.0,Dundee Waste Recycling Ltd,21,"Waste collection, treatment & disposal",0.120646348029749,Tonnes,Scotland,M
2021,22,Benzene,2600,Lerwick,446000.0,1142000.0,Shetland Island Council,21,"Waste collection, treatment & disposal",0.0142987257726864,Tonnes,Scotland,M
2021,22,Benzene,2635,Cargenbridge,295110.0,574390.0,Dupont Teijin Films UK Ltd,7,Other industries,0.0434602950351875,Tonnes,Scotland,M
2021,22,Benzene,2719,Dumfries,298900.0,578700.0,Gates Power Transmission Ltd,16,Electrical engineering,0.0487248340814329,Tonnes,Scotland,M
2021,22,Benzene,3001,Dundee,341896.0,730838.0,D C Thomson & Co Ltd,8,"Paper, printing & publishing industries",0.000120715239661458,Tonnes,Scotland,M
2021,22,Benzene,3081,Grangemouth,294351.0,680627.0,BP Oil (UK) Ltd,9,Processing & distribution of petroleum products,43.470053873,Tonnes,Scotland,M
2021,22,Benzene,3222,Aberdeen,395300.0,805500.0,BP Oil (UK) Ltd,9,Processing & distribution of petroleum products,0.035715263,Tonnes,Scotland,O
2021,22,Benzene,3223,Benbecula,81846.0,843449.0,BP Oil (UK) Ltd,9,Processing & distribution of petroleum products,0.000978247,Tonnes,Scotland,O
2021,22,Benzene,3224,Buncefield,508882.0,208454.0,BP Oil (UK) Ltd,9,Processing & distribution of petroleum products,0.035715263,Tonnes,England,O
2021,22,Benzene,3225,Coryton,574100.0,182900.0,BP Oil (UK) Ltd,9,Processing & distribution of petroleum products,0.035715263,Tonnes,England,O
2021,22,Benzene,3226,Dalston,336400.0,550400.0,BP Oil (UK) Ltd,9,Processing & distribution of petroleum products,0.01017377,Tonnes,England,O
2021,22,Benzene,3227,Fort William,211261.0,774313.0,BP Oil (UK) Ltd,9,Processing & distribution of petroleum products,0.000978247,Tonnes,Scotland,O
2021,22,Benzene,3228,Grangemouth,294223.0,681331.0,BP Oil (UK) Ltd,9,Processing & distribution of petroleum products,0.035715263,Tonnes,Scotland,O
2021,22,Benzene,3229,Hamble,447861.0,106608.0,BP Oil (UK) Ltd,9,Processing & distribution of petroleum products,0.035715263,Tonnes,England,O
2021,22,Benzene,3230,Inverness,266466.0,846341.0,BP Oil (UK) Ltd,9,Processing & distribution of petroleum products,0.035715263,Tonnes,Scotland,O
2021,22,Benzene,3231,Kingsbury,422361.0,297379.0,BP Oil (UK) Ltd,9,Processing & distribution of petroleum products,0.035715263,Tonnes,England,O
2021,22,Benzene,3232,Kirkwall,345059.0,1011229.0,BP Oil (UK) Ltd,9,Processing & distribution of petroleum products,0.000978247,Tonnes,Scotland,O
2021,22,Benzene,3233,Lerwick,447500.0,1141800.0,BP Oil (UK) Ltd,9,Processing & distribution of petroleum products,0.000978247,Tonnes,Scotland,O
2021,22,Benzene,3234,Northampton,474381.0,260111.0,BP Oil (UK) Ltd,9,Processing & distribution of petroleum products,0.035715263,Tonnes,England,O
2021,22,Benzene,3235,Portree,139500.0,864200.0,BP Oil (UK) Ltd,9,Processing & distribution of petroleum products,0.000978247,Tonnes,Scotland,O
2021,22,Benzene,3236,Stornoway,142546.0,932675.0,BP Oil (UK) Ltd,9,Processing & distribution of petroleum products,0.000978247,Tonnes,Scotland,O
2021,22,Benzene,3237,Wymondham,613117.0,300797.0,BP Oil (UK) Ltd,9,Processing & distribution of petroleum products,0.035715263,Tonnes,England,O
2021,22,Benzene,3238,Belfast,145967.0,529341.0,BP Oil (UK) Ltd,9,Processing & distribution of petroleum products,0.035715263,Tonnes,Northern Ireland,O
2021,22,Benzene,3299,Immingham,519100.0,416800.0,Conoco Ltd,9,Processing & distribution of petroleum products,0.035715263,Tonnes,England,O
2021,22,Benzene,3315,East Cowes,450300.0,94600.0,Dominion Oils Ltd,9,Processing & distribution of petroleum products,0.002934742,Tonnes,England,O
2021,22,Benzene,3323,Milford Haven,188849.0,208437.0,Elf Oil UK Ltd,9,Processing & distribution of petroleum products,0.035715263,Tonnes,Wales,O
2021,22,Benzene,3326,Avonmouth,352200.0,180900.0,Esso Petroleum Co Ltd,9,Processing & distribution of petroleum products,0.035715263,Tonnes,England,O
2021,22,Benzene,3327,Cattedown,249198.0,53809.0,Esso Petroleum Co Ltd,9,Processing & distribution of petroleum products,0.035715263,Tonnes,England,O
2021,22,Benzene,3328,Erdington,411368.0,290332.0,Esso Petroleum Co Ltd,9,Processing & distribution of petroleum products,0.035715263,Tonnes,England,O
2021,22,Benzene,3329,Hythe,443600.0,105700.0,Esso Petroleum Co Ltd,9,Processing & distribution of petroleum products,0.035715263,Tonnes,England,O
2021,22,Benzene,3330,Inverness,266466.0,846341.0,Esso Petroleum Co Ltd,9,Processing & distribution of petroleum products,0.035715263,Tonnes,Scotland,O
2021,22,Benzene,3331,Purfleet,556200.0,177800.0,Esso Petroleum Co Ltd,9,Processing & distribution of petroleum products,0.057520934,Tonnes,England,O
2021,22,Benzene,3332,Trafford Park,379365.0,397779.0,Esso Petroleum Co Ltd,9,Processing & distribution of petroleum products,0.035715263,Tonnes,England,O
2021,22,Benzene,3333,West London,507103.0,173884.0,Esso Petroleum Co Ltd,9,Processing & distribution of petroleum products,0.078259774,Tonnes,England,O
2021,22,Benzene,3335,Mossmorren,318500.0,689691.0,Exxon Chemical Olefins Ltd,10,Chemical industry,30.6332591668258,Tonnes,Scotland,O
2021,22,Benzene,3367,Buncefield,508500.0,208400.0,Hertfordshire Oil Storage Ltd,9,Processing & distribution of petroleum products,0.035715263,Tonnes,England,O
2021,22,Benzene,3407,King's Lynn,561974.0,321240.0,Kings Lynn Storage Ltd,9,Processing & distribution of petroleum products,0.0007825981,Tonnes,England,O
2021,22,Benzene,3412,Killingholme,515200.0,417300.0,Lindsey Oil Refinery Ltd,9,Processing & distribution of petroleum products,0.035715263,Tonnes,England,O
2021,22,Benzene,3437,Bedworth,435796.0,285104.0,Murco Petroleum Ltd,9,Processing & distribution of petroleum products,0.000978247,Tonnes,England,O
2021,22,Benzene,3438,Theale,463377.0,170348.0,Murco Petroleum Ltd,9,Processing & distribution of petroleum products,0.035715263,Tonnes,England,O
2021,22,Benzene,3439,Westerleigh,369000.0,178100.0,Murco Petroleum Ltd,9,Processing & distribution of petroleum products,0.018105868,Tonnes,England,O
2021,22,Benzene,3460,North Tees,450894.0,523490.0,Phillips-Imperial Petroleum Ltd,9,Processing & distribution of petroleum products,0.035715263,Tonnes,England,O
2021,22,Benzene,3477,Grangemouth,294033.0,682818.0,Ross Chemicals & Storage,9,Processing & distribution of petroleum products,0.035715263,Tonnes,Scotland,O
2021,22,Benzene,3493,North Tees,452096.0,524300.0,Seal Sands Storage,9,Processing & distribution of petroleum products,0.013930239,Tonnes,England,O
2021,22,Benzene,3496,Buncefield,508721.0,208430.0,Shell UK Ltd,9,Processing & distribution of petroleum products,0.035715263,Tonnes,England,O
2021,22,Benzene,3497,Cattedown,249658.0,53967.0,Shell UK Ltd,9,Processing & distribution of petroleum products,0.035715263,Tonnes,England,O
2021,22,Benzene,3498,Jarrow,433400.0,565600.0,Shell UK Ltd,9,Processing & distribution of petroleum products,0.039129887,Tonnes,England,O
2021,22,Benzene,3499,Londonderry,60852.0,581754.0,Shell UK Ltd,9,Processing & distribution of petroleum products,0.035715263,Tonnes,Northern Ireland,O
2021,22,Benzene,3500,Shellhaven,572022.0,182507.0,Shell UK Ltd,9,Processing & distribution of petroleum products,0.035715263,Tonnes,England,O
2021,22,Benzene,3501,Stanlow,343000.0,375000.0,Shell UK Ltd,9,Processing & distribution of petroleum products,0.035715263,Tonnes,England,O
2021,22,Benzene,3504,West Riverside,519127.0,416788.0,Simon Storage Co Ltd,9,Processing & distribution of petroleum products,0.007784109,Tonnes,England,O
2021,22,Benzene,3510,Cupar,339150.0,715148.0,St Andrews Chemtech International Ltd,10,Chemical industry,0.2,Tonnes,Scotland,M
2021,22,Benzene,3511,Grays,560470.0,177800.0,ST Services Ltd,9,Processing & distribution of petroleum products,0.011738967,Tonnes,England,O
2021,22,Benzene,3523,Sunderland,441119.0,556625.0,Sunderland Oil Storage,9,Processing & distribution of petroleum products,0.035715263,Tonnes,England,O
2021,22,Benzene,3530,Brighton,526235.0,104871.0,Texaco Ltd,9,Processing & distribution of petroleum products,0.002934742,Tonnes,England,O
2021,22,Benzene,3531,Hamworthy,400600.0,90000.0,Texaco Ltd,9,Processing & distribution of petroleum products,0.035715263,Tonnes,England,O
2021,22,Benzene,3532,Kingsbury,422343.0,297327.0,Texaco Ltd,9,Processing & distribution of petroleum products,0.035715263,Tonnes,England,O
2021,22,Benzene,3533,Pembroke,191089.0,202340.0,Texaco Ltd,9,Processing & distribution of petroleum products,0.035715263,Tonnes,Wales,O
2021,22,Benzene,3534,Roath,320439.0,174945.0,Texaco Ltd,9,Processing & distribution of petroleum products,0.054781842,Tonnes,Wales,O
2021,22,Benzene,3554,Colwick,462491.0,340429.0,Total Oil Ltd,9,Processing & distribution of petroleum products,0.035715263,Tonnes,England,O
2021,22,Benzene,3555,Killingholme,515600.0,417100.0,Total Oil Ltd,9,Processing & distribution of petroleum products,0.035715263,Tonnes,England,O
2021,22,Benzene,3556,Langley,501260.0,179940.0,Total Oil Ltd,9,Processing & distribution of petroleum products,0.003912989,Tonnes,England,O
2021,22,Benzene,3557,Leeds,431500.0,432300.0,Total Oil Ltd,9,Processing & distribution of petroleum products,0.035715263,Tonnes,England,O
2021,22,Benzene,3607,West Thurrock,557823.0,176558.0,Van Ommeren Tank Terminal London B V Ltd,9,Processing & distribution of petroleum products,0.062607819,Tonnes,England,O
2021,22,Benzene,3625,Kingsbury,422300.0,296700.0,Warwicks Oil Storage,9,Processing & distribution of petroleum products,0.035715263,Tonnes,England,O
2021,22,Benzene,3955,Allerton Park - NFFO 4,440819.0,459648.0,Waste Recycling Group Plc,21,"Waste collection, treatment & disposal",0.000755017,Tonnes,England,O
2021,22,Benzene,3956,Allerton Park - NFFO 5,440819.0,459648.0,Waste Recycling Group Plc,21,"Waste collection, treatment & disposal",0.001545168,Tonnes,England,O
2021,22,Benzene,3957,Ardley Power Plant,454271.0,225980.0,Viridor Waste Management Ltd,21,"Waste collection, treatment & disposal",0.003533627,Tonnes,England,O
2021,22,Benzene,3960,Arpley Landfill Site,358231.0,386365.0,Novera Energy Europe Ltd,21,"Waste collection, treatment & disposal",0.011275911,Tonnes,England,O
2021,22,Benzene,3961,Attlebridge,614555.0,316062.0,United Utilities Green Energy Ltd,21,"Waste collection, treatment & disposal",0.000747541,Tonnes,England,O
2021,22,Benzene,3963,Aveley Landfill,555410.0,180875.0,Waste Recycling Group (Central) Ltd,21,"Waste collection, treatment & disposal",0.002160394,Tonnes,England,O
2021,22,Benzene,3964,"Beddingham ""A"" Power Plant",543940.0,106176.0,Viridor Waste Management Ltd,21,"Waste collection, treatment & disposal",0.002724788,Tonnes,England,O
2021,22,Benzene,3965,"Beddingham ""B"" Power Plant",543940.0,106176.0,Viridor Waste Management Ltd,21,"Waste collection, treatment & disposal",0.000833508,Tonnes,England,O
2021,22,Benzene,3966,Beenham Landfill,459995.0,168126.0,Summerleaze RE Generation Ltd,21,"Waste collection, treatment & disposal",0.000258649,Tonnes,England,O
2021,22,Benzene,3967,Beighton Landfill Gas Project,442914.0,384160.0,Beighton Energy,21,"Waste collection, treatment & disposal",0.000136052,Tonnes,England,O
2021,22,Benzene,3968,Bellhouse Farm,594413.0,224024.0,Bellhouse Energy,21,"Waste collection, treatment & disposal",0.00162665,Tonnes,England,O
2021,22,Benzene,3969,Bidston Moss Landfill,329300.0,391000.0,Bidstone Methane,21,"Waste collection, treatment & disposal",0.000691476,Tonnes,England,O
2021,22,Benzene,3970,Billinge Hill Quarry Landfill,352646.0,401319.0,Bidstone Methane,21,"Waste collection, treatment & disposal",0.00076623,Tonnes,England,O
2021,22,Benzene,3971,Billinge Hill Quarry Landfill NFFO 4,352646.0,401319.0,Bidstone Methane,21,"Waste collection, treatment & disposal",0.00073259,Tonnes,England,O
2021,22,Benzene,3972,Blackborough End,567991.0,315098.0,Blackborough End Energy Ltd,21,"Waste collection, treatment & disposal",0.001562361,Tonnes,England,O
2021,22,Benzene,3973,Bolam Landfill Gas Project,419322.0,523093.0,Bolam Energy Ltd,21,"Waste collection, treatment & disposal",0.000228,Tonnes,England,O
2021,22,Benzene,3974,Bootham Lane,465666.0,410737.0,United Utilities Green Energy Ltd,21,"Waste collection, treatment & disposal",0.000743803,Tonnes,England,O
2021,22,Benzene,3975,Boston Generation Project,534593.0,341619.0,United Utilities Green Energy Ltd,21,"Waste collection, treatment & disposal",0.000934426,Tonnes,England,O
2021,22,Benzene,3976,Bradgate,451273.0,308901.0,Wastenotts Ltd,21,"Waste collection, treatment & disposal",0.001439017,Tonnes,England,O
2021,22,Benzene,3977,Bramford,612933.0,248151.0,United Utilities Green Energy Ltd,21,"Waste collection, treatment & disposal",0.000657836,Tonnes,England,O
2021,22,Benzene,3978,Brazier Methane Conversion Plant,534352.0,215855.0,EDL Operations (Brazier) Ltd,21,"Waste collection, treatment & disposal",0.000522531,Tonnes,England,O
2021,22,Benzene,3979,Bretby,427976.0,321181.0,United Utilities Green Energy Ltd,21,"Waste collection, treatment & disposal",0.000734085,Tonnes,England,O
2021,22,Benzene,3980,Bretby 2,427851.0,321017.0,United Utilities Green Energy Ltd,21,"Waste collection, treatment & disposal",0.000964328,Tonnes,England,O
2021,22,Benzene,3981,Brixworth,475625.0,272213.0,United Utilities Green Energy Ltd,21,"Waste collection, treatment & disposal",0.000224262,Tonnes,England,O
2021,22,Benzene,3982,Brogborough Phase III,496887.0,240383.0,Shanks Waste Services Ltd,21,"Waste collection, treatment & disposal",0.007492605,Tonnes,England,O
2021,22,Benzene,3983,Brogborough Phase IV,496887.0,240383.0,Shanks Waste Services Ltd,21,"Waste collection, treatment & disposal",0.001644591,Tonnes,England,O
2021,22,Benzene,3984,Brogborough Power Station (Phase I & II),496887.0,240383.0,Shanks Waste Services Ltd,21,"Waste collection, treatment & disposal",0.001794099,Tonnes,England,O
2021,22,Benzene,3985,Bromborough Dock Landfill Site,334949.0,384705.0,UK Waste Management Ltd,21,"Waste collection, treatment & disposal",0.001202046,Tonnes,England,O
2021,22,Benzene,3986,Brookhurst Wood Gas to Energy,517278.0,135042.0,UK Waste Management Ltd,21,"Waste collection, treatment & disposal",0.000980027,Tonnes,England,O
2021,22,Benzene,3987,Brookhurst 2,517278.0,135042.0,Biffa Waste Services Ltd,21,"Waste collection, treatment & disposal",0.001566846,Tonnes,England,O
2021,22,Benzene,3988,Burnt Stump,458895.0,350008.0,Wastenotts Ltd,21,"Waste collection, treatment & disposal",0.000229495,Tonnes,England,O
2021,22,Benzene,3989,Burnt Stump NFFO 5,458895.0,350008.0,Wastenotts Ltd,21,"Waste collection, treatment & disposal",0.000749784,Tonnes,England,O
2021,22,Benzene,3990,Butchersfield,462153.0,440376.0,Natural Power Ltd,21,"Waste collection, treatment & disposal",0.002215712,Tonnes,England,O
2021,22,Benzene,3991,Calvert Phase I,469104.0,223689.0,Shanks Waste Services Ltd,21,"Waste collection, treatment & disposal",0.002114046,Tonnes,England,O
2021,22,Benzene,3992,Chadderton Gas to Energy,388083.0,403754.0,UK Waste Management Ltd,21,"Waste collection, treatment & disposal",0.001532459,Tonnes,England,O
2021,22,Benzene,3993,Chapel Farm Landfill,412380.0,190996.0,United Utilities Green Energy Ltd,21,"Waste collection, treatment & disposal",0.002889247,Tonnes,England,O
2021,22,Benzene,3994,Chavey Power,489558.0,169171.0,Natural Power Ltd,21,"Waste collection, treatment & disposal",0.000123344,Tonnes,England,O
2021,22,Benzene,3995,Chelson Meadow 2,251335.0,54858.0,Chelson Meadow Energy Ltd,21,"Waste collection, treatment & disposal",0.000712407,Tonnes,England,O
2021,22,Benzene,3996,Chelson Meadow Gas to Energy,251335.0,54858.0,Chelson Meadow Energy Ltd,21,"Waste collection, treatment & disposal",0.001455463,Tonnes,England,O
2021,22,Benzene,3997,Chester Road Landfill Site,380800.0,396000.0,Natural Power Ltd,21,"Waste collection, treatment & disposal",0.000123344,Tonnes,England,O
2021,22,Benzene,3998,Colsterworth Landfill Gas Project,490484.0,324382.0,Colsterworth Endergy Ltd,21,"Waste collection, treatment & disposal",0.001499568,Tonnes,England,O
2021,22,Benzene,3999,Cormongers Lane,529162.0,150932.0,Biogeneration Ltd c/o BiffaWaste Services Ltd,21,"Waste collection, treatment & disposal",0.001465181,Tonnes,England,O
2021,22,Benzene,4000,Costessey Landfill Gas Project,616220.0,310859.0,Combined Landfill Projects Ltd,21,"Waste collection, treatment & disposal",0.000710164,Tonnes,England,O
2021,22,Benzene,4001,Cotesbach Landfill Gas Project,454030.0,281010.0,Cotesbach Energy Ltd,21,"Waste collection, treatment & disposal",0.002543883,Tonnes,England,O
2021,22,Benzene,4003,Danes Moss,390547.0,371126.0,Gengas Ltd,21,"Waste collection, treatment & disposal",0.001470414,Tonnes,England,O
2021,22,Benzene,4004,Daneshill Landfill Gas Site,467491.0,386927.0,United Utilities Green Energy Ltd,21,"Waste collection, treatment & disposal",0.000751279,Tonnes,England,O
2021,22,Benzene,4005,Darrington - North,450823.0,421546.0,Waste Recycling Group Plc,21,"Waste collection, treatment & disposal",0.001472656,Tonnes,England,O
2021,22,Benzene,4006,Deep Moor Landfill,252485.0,121083.0,Summerleaze RE Generation Ltd,21,"Waste collection, treatment & disposal",0.001510781,Tonnes,England,O
2021,22,Benzene,4007,Dimmer Landfill Gas Generation (1),361429.0,131117.0,Gengas Ltd,21,"Waste collection, treatment & disposal",0.001439017,Tonnes,England,O
2021,22,Benzene,4008,Dimmer Landfill Site (2),361429.0,131117.0,Gengas Ltd,21,"Waste collection, treatment & disposal",0.000777443,Tonnes,England,O
2021,22,Benzene,4009,Distington Landfill,302084.0,524234.0,Summerleaze RE Generation Ltd,21,"Waste collection, treatment & disposal",0.000232485,Tonnes,England,O
2021,22,Benzene,4010,Docksway,330755.0,185277.0,United Utilities Green Energy Ltd,21,"Waste collection, treatment & disposal",0.000721377,Tonnes,Wales,O
2021,22,Benzene,4011,Dogsthorpe,520872.0,301984.0,Shanks Chemical Services Ltd,21,"Waste collection, treatment & disposal",0.00071764,Tonnes,England,O
2021,22,Benzene,4012,Edgefield Hall Farm,608472.0,335574.0,Buyinfo Ltd,21,"Waste collection, treatment & disposal",0.000657836,Tonnes,England,O
2021,22,Benzene,4013,Ellington Road,426017.0,589732.0,Sita Holding UK Ltd,21,"Waste collection, treatment & disposal",0.000956105,Tonnes,England,O
2021,22,Benzene,4014,Elstow,504573.0,246077.0,United Utilities Green Energy Ltd,21,"Waste collection, treatment & disposal",0.000224262,Tonnes,England,O
2021,22,Benzene,4015,Enderby Warren Phase II,453927.0,300110.0,United Utilities Green Energy Ltd,21,"Waste collection, treatment & disposal",0.002242624,Tonnes,England,O
2021,22,Benzene,4016,Ferry Road,317455.0,173755.0,United Utilities Green Energy Ltd,21,"Waste collection, treatment & disposal",0.000216787,Tonnes,Wales,O
2021,22,Benzene,4017,Foxhall,624211.0,243716.0,United Utilities Green Energy Ltd,21,"Waste collection, treatment & disposal",0.000748289,Tonnes,England,O
2021,22,Benzene,4018,Gamblethorpe Landfill,437077.0,430494.0,Power Plant Services Ltd,21,"Waste collection, treatment & disposal",0.00027659,Tonnes,England,O
2021,22,Benzene,4019,Glapwell,446275.0,366961.0,United Utilities Green Energy Ltd,21,"Waste collection, treatment & disposal",0.000467213,Tonnes,England,O
2021,22,Benzene,4020,Gowy,344342.0,372206.0,Gengas Ltd,21,"Waste collection, treatment & disposal",0.002200761,Tonnes,England,O
2021,22,Benzene,4021,Gowy NFFO3,344342.0,372206.0,Gengas Ltd,21,"Waste collection, treatment & disposal",0.001477141,Tonnes,England,O
2021,22,Benzene,4022,Granville,372478.0,311915.0,Natural Power Ltd,21,"Waste collection, treatment & disposal",0.00163861,Tonnes,England,O
2021,22,Benzene,4023,Harewood Whin,453999.0,451835.0,Natural Power Ltd,21,"Waste collection, treatment & disposal",0.001476394,Tonnes,England,O
2021,22,Benzene,4024,Harn Hill Quarry,359900.0,188065.0,Natural Power Ltd,21,"Waste collection, treatment & disposal",0.00071764,Tonnes,England,O
2021,22,Benzene,4025,"Heathfield ""A"" Power Plant",285712.0,76305.0,Viridor Waste Management Ltd,21,"Waste collection, treatment & disposal",0.004416473,Tonnes,England,O
2021,22,Benzene,4026,"Heathfield ""C"" Power Plant",285712.0,76305.0,Viridor Waste Management Ltd,21,"Waste collection, treatment & disposal",0.001529469,Tonnes,England,O
2021,22,Benzene,4027,Hempsted Landfill,381194.0,218126.0,Summerleaze RE Generation Ltd,21,"Waste collection, treatment & disposal",0.002145443,Tonnes,England,O
2021,22,Benzene,4029,Highmoor Landfill,397222.0,406739.0,Summerleaze RE Generation Ltd,21,"Waste collection, treatment & disposal",0.001491345,Tonnes,England,O
2021,22,Benzene,4030,Hill & Moor Landfill,397581.0,248564.0,Summerleaze RE Generation Ltd,21,"Waste collection, treatment & disposal",0.004354427,Tonnes,England,O
2021,22,Benzene,4031,Himley Wood,389931.0,290827.0,Biogeneration Ltd,21,"Waste collection, treatment & disposal",0.000378256,Tonnes,England,O
2021,22,Benzene,4032,Holiday Moss,349620.0,401413.0,UK Waste Management Ltd,21,"Waste collection, treatment & disposal",0.000235475,Tonnes,England,O
2021,22,Benzene,4033,Holiday Moss Gas to Energy II,349620.0,401413.0,UK Waste Management Ltd,21,"Waste collection, treatment & disposal",0.000299016,Tonnes,England,O
2021,22,Benzene,4034,Horton Power Plant,520936.0,112438.0,Viridor Waste Management Ltd,21,"Waste collection, treatment & disposal",0.001449856,Tonnes,England,O
2021,22,Benzene,4035,Howden Clough Road,424224.0,427421.0,Biogeneration Ltd,21,"Waste collection, treatment & disposal",0.000231738,Tonnes,England,O
2021,22,Benzene,4036,Immingham Landfill,520062.0,414239.0,Winterton Power Ltd,21,"Waste collection, treatment & disposal",0.000758754,Tonnes,England,O
2021,22,Benzene,4037,Ince Moss,358692.0,402957.0,Wimpey Mainsprint Joint Venture,21,"Waste collection, treatment & disposal",0.000499358,Tonnes,England,O
2021,22,Benzene,4038,Judkins Landfill Site,434582.0,293064.0,Waste Recycling Group (Central) Ltd,21,"Waste collection, treatment & disposal",0.000222767,Tonnes,England,O
2021,22,Benzene,4040,Kibblesworth Landfill,425317.0,556443.0,Sita Holding UK Ltd,21,"Waste collection, treatment & disposal",0.000239213,Tonnes,England,O
2021,22,Benzene,4041,Kilsby Landfill,456707.0,269459.0,RMC Environmental Services Ltd,21,"Waste collection, treatment & disposal",0.001479384,Tonnes,England,O
2021,22,Benzene,4042,Lackford Landfill,580246.0,269573.0,Gengas Ltd,21,"Waste collection, treatment & disposal",0.000710164,Tonnes,England,O
2021,22,Benzene,4043,Lamby Way,322122.0,177951.0,United Utilities Green Energy Ltd,21,"Waste collection, treatment & disposal",0.001439764,Tonnes,Wales,O
2021,22,Benzene,4044,L'Field Stewartby,501391.0,243408.0,Shanks Waste Services Ltd,21,"Waste collection, treatment & disposal",0.006403438,Tonnes,England,O
2021,22,Benzene,4045,Lincoln Landfill Site,493386.0,367716.0,Natural Power Ltd,21,"Waste collection, treatment & disposal",0.00145621,Tonnes,England,O
2021,22,Benzene,4046,Ling Hall Landfill (Generation Phase 1),444751.0,273363.0,Summerleaze RE Generation Ltd,21,"Waste collection, treatment & disposal",0.000749784,Tonnes,England,O
2021,22,Benzene,4047,Ling Hall Landfill (Generation Phase 2),444751.0,273363.0,Summerleaze RE Generation Ltd,21,"Waste collection, treatment & disposal",0.003782558,Tonnes,England,O
2021,22,Benzene,4048,Llandulas Landfill Site,290265.0,377729.0,3C Waste Ltd,21,"Waste collection, treatment & disposal",0.00145023,Tonnes,Wales,O
2021,22,Benzene,4049,Lune Power,345613.0,462144.0,Natural Power Ltd,21,"Waste collection, treatment & disposal",0.001480132,Tonnes,England,O
2021,22,Benzene,4051,Marchington Landfill,414400.0,330600.0,Summerleaze RE Generation Ltd,21,"Waste collection, treatment & disposal",0.00044703,Tonnes,England,O
2021,22,Benzene,4052,Masons Power Plant,611268.0,250125.0,Viridor Waste Management Ltd,21,"Waste collection, treatment & disposal",0.001532086,Tonnes,England,O
2021,22,Benzene,4053,Maw Green,371758.0,357694.0,Gengas Ltd,21,"Waste collection, treatment & disposal",0.001462938,Tonnes,England,O
2021,22,Benzene,4054,Maw Green 2,371758.0,357694.0,Novera Energy Europe Ltd,21,"Waste collection, treatment & disposal",0.002416053,Tonnes,England,O
2021,22,Benzene,4055,Mayton Wood,624371.0,321155.0,Mayton Wood Energy Ltd,21,"Waste collection, treatment & disposal",0.000242951,Tonnes,England,O
2021,22,Benzene,4056,Meece Landfill,385015.0,334025.0,Summerleaze RE Generation Ltd,21,"Waste collection, treatment & disposal",0.001240171,Tonnes,England,O
2021,22,Benzene,4057,Milton Landfill,546443.0,262773.0,Summerleaze RE Generation Ltd,21,"Waste collection, treatment & disposal",0.001596748,Tonnes,England,O
2021,22,Benzene,4058,Morley Greaseworks,428100.0,428700.0,Summerleaze RE Generation Ltd,21,"Waste collection, treatment & disposal",0.000213797,Tonnes,England,O
2021,22,Benzene,4059,Mountsorrel,457712.0,314865.0,Mountsorrel Ltd,21,"Waste collection, treatment & disposal",0.00118261,Tonnes,England,O
2021,22,Benzene,4060,Mucking 3,568847.0,180039.0,EDL Operations (Mucking) Ltd,21,"Waste collection, treatment & disposal",0.002830191,Tonnes,England,O
2021,22,Benzene,4061,Mucking Gas 2-NFFO,568847.0,180039.0,EDL Operations (Mucking) Ltd,21,"Waste collection, treatment & disposal",0.002830191,Tonnes,England,O
2021,22,Benzene,4062,Mucking Landfill,568847.0,180039.0,EDL Operations (Mucking) Ltd,21,"Waste collection, treatment & disposal",0.002801784,Tonnes,England,O
2021,22,Benzene,4063,Mucking Landfill 2,568847.0,180039.0,EDL Operations (Mucking) Ltd,21,"Waste collection, treatment & disposal",0.004503936,Tonnes,England,O
2021,22,Benzene,4064,Nanty Claws,247020.0,217239.0,United Utilities Green Energy Ltd,21,"Waste collection, treatment & disposal",0.001477141,Tonnes,Wales,O
2021,22,Benzene,4065,Netley Farm Landfill,446142.0,109901.0,Power Plant Services Ltd,21,"Waste collection, treatment & disposal",0.000867148,Tonnes,England,O
2021,22,Benzene,4066,Newton Longville,485990.0,232341.0,Shanks Waste Services Ltd,21,"Waste collection, treatment & disposal",0.000738571,Tonnes,England,O
2021,22,Benzene,4067,Norlands Power Generation,502867.0,169400.0,Thames Water Management Ltd,20,Water & sewerage,0.000916486,Tonnes,England,O
2021,22,Benzene,4068,"Ockendon ""A"" Power Plant",560530.0,183506.0,Viridor Waste Management Ltd,21,"Waste collection, treatment & disposal",0.003740696,Tonnes,England,O
2021,22,Benzene,4069,"Ockendon ""B"" Power Plant",560530.0,183506.0,Viridor Waste Management Ltd,21,"Waste collection, treatment & disposal",0.004089424,Tonnes,England,O
2021,22,Benzene,4070,Offham Landfill,565113.0,157275.0,Waste Recycling Group (Central) Ltd,21,"Waste collection, treatment & disposal",0.000758754,Tonnes,England,O
2021,22,Benzene,4071,Ongar - NFFO 4,556090.0,202561.0,Waste Recycling Group (Central) Ltd,21,"Waste collection, treatment & disposal",0.000747541,Tonnes,England,O
2021,22,Benzene,4072,Ongar - NFFO 5,556090.0,202561.0,Waste Recycling Group (Central) Ltd,21,"Waste collection, treatment & disposal",0.000747541,Tonnes,England,O
2021,22,Benzene,4073,Paulsgrove Generating Station,464148.0,104423.0,Onyx Hampshire Ltd,21,"Waste collection, treatment & disposal",0.002354755,Tonnes,England,O
2021,22,Benzene,4074,Packington Gas Control Plant,420831.0,285122.0,Gastec Packington Partnership,21,"Waste collection, treatment & disposal",0.0054421,Tonnes,England,O
2021,22,Benzene,4075,Pebsham,577156.0,109261.0,Biogeneration Ltd c/o BiffaWaste Services Ltd,21,"Waste collection, treatment & disposal",0.002295699,Tonnes,England,O
2021,22,Benzene,4076,Peckfield Quarry,443700.0,432182.0,Natural Power Ltd,21,"Waste collection, treatment & disposal",0.003026047,Tonnes,England,O
2021,22,Benzene,4077,Pennyhill,375251.0,261641.0,Shanks Waste Services Ltd,21,"Waste collection, treatment & disposal",0.000216787,Tonnes,England,O
2021,22,Benzene,4078,PG1-Coxhoe Waste Disp Site,432804.0,536844.0,Capitol Waste Management,21,"Waste collection, treatment & disposal",0.002840657,Tonnes,England,O
2021,22,Benzene,4079,PG4 St Bedes Power Generation,426611.0,555239.0,Natural Power Ltd,21,"Waste collection, treatment & disposal",0.000849207,Tonnes,England,O
2021,22,Benzene,4080,Pilsworth Power Plant,382701.0,409586.0,Viridor Waste Management Ltd,21,"Waste collection, treatment & disposal",0.002287476,Tonnes,England,O
2021,22,Benzene,4081,Pilsworth Phase II,382701.0,409586.0,Viridor Waste Exeter Ltd,21,"Waste collection, treatment & disposal",0.002990165,Tonnes,England,O
2021,22,Benzene,4082,Pluckney Energy,591524.0,143551.0,Pluckney Energy Ltd,21,"Waste collection, treatment & disposal",0.000897049,Tonnes,England,O
2021,22,Benzene,4085,Poplars Landfill (Generation Phase 3),399529.0,309311.0,Summerleaze RE Generation Ltd,21,"Waste collection, treatment & disposal",0.002463896,Tonnes,England,O
2021,22,Benzene,4086,Portley Ford,466213.0,277779.0,Biogeneration Ltd c/o BiffaWaste Services Ltd,21,"Waste collection, treatment & disposal",0.001442755,Tonnes,England,O
2021,22,Benzene,4087,Queens Park Energy,385735.0,432956.0,Queens Park Road Energy,21,"Waste collection, treatment & disposal",0.000123344,Tonnes,England,O
2021,22,Benzene,4089,Rainham Landfill,552737.0,179296.0,EDL Operations (Rainham) Ltd,21,"Waste collection, treatment & disposal",0.002830191,Tonnes,England,O
2021,22,Benzene,4090,Rainham Phase II,552737.0,179296.0,EDL Operations (Rainham) Ltd,21,"Waste collection, treatment & disposal",0.009145419,Tonnes,England,O
2021,22,Benzene,4091,Ravenhead Landfill Site,351100.0,394200.0,Natural Power Ltd,21,"Waste collection, treatment & disposal",0.00073259,Tonnes,England,O
2021,22,Benzene,4092,Redhill Landfill Site,529162.0,150932.0,Natural Power Ltd,21,"Waste collection, treatment & disposal",0.001073469,Tonnes,England,O
2021,22,Benzene,4093,Red Moss Electricity Project,363800.0,409800.0,Greater Manchester Waste Disp Authority,21,"Waste collection, treatment & disposal",0.000467961,Tonnes,England,O
2021,22,Benzene,4094,Risley 3 Landfill Site,366454.0,393716.0,UK Waste Management Ltd,21,"Waste collection, treatment & disposal",0.001106361,Tonnes,England,O
2021,22,Benzene,4095,Risley 4 Gas to Energy,366454.0,393716.0,UK Waste Management Ltd,21,"Waste collection, treatment & disposal",0.003375896,Tonnes,England,O
2021,22,Benzene,4096,Risley Gas to Energy III,366454.0,393716.0,UK Waste Management Ltd,21,"Waste collection, treatment & disposal",0.001024131,Tonnes,England,O
2021,22,Benzene,4097,Risley Sets 7 and 8,366454.0,393716.0,UK Waste Management Ltd,21,"Waste collection, treatment & disposal",0.002253837,Tonnes,England,O
2021,22,Benzene,4098,Rossendale Power,380511.0,421208.0,Natural Power Ltd,21,"Waste collection, treatment & disposal",0.000100918,Tonnes,England,O
2021,22,Benzene,4099,Rowley 2 Gas Project,385936.0,433168.0,Queens Park Road Energy Ltd,21,"Waste collection, treatment & disposal",0.000747541,Tonnes,England,O
2021,22,Benzene,4100,Roxwell Landfill Gas Project,565597.0,208762.0,United Utilities Green Energy Ltd,21,"Waste collection, treatment & disposal",0.000784918,Tonnes,England,O
2021,22,Benzene,4101,Ryton Landfill Site,437628.0,272599.0,Ryton Energy Ltd,21,"Waste collection, treatment & disposal",0.000246689,Tonnes,England,O
2021,22,Benzene,4102,Seamer Carr,503274.0,482205.0,Natural Power Ltd,21,"Waste collection, treatment & disposal",0.000493377,Tonnes,England,O
2021,22,Benzene,4103,Seghill Village,429883.0,573965.0,Sita Holding UK Ltd,21,"Waste collection, treatment & disposal",0.00073259,Tonnes,England,O
2021,22,Benzene,4104,Shakespeare Farm Landfill Site,581390.0,177135.0,Biogeneration Ltd c/o BiffaWaste Services Ltd,21,"Waste collection, treatment & disposal",0.001131777,Tonnes,England,O
2021,22,Benzene,4106,Shearman Field,302627.0,524237.0,Gengas Ltd,21,"Waste collection, treatment & disposal",0.00023398,Tonnes,England,O
2021,22,Benzene,4107,Sidegate Lane,492056.0,270231.0,EDL Operations (LFG1) Ltd,21,"Waste collection, treatment & disposal",0.00154442,Tonnes,England,O
2021,22,Benzene,4108,Skelbrooke Landfill Gas Project,450712.0,411355.0,Skelbrooke Energy Ltd,21,"Waste collection, treatment & disposal",0.000721377,Tonnes,England,O
2021,22,Benzene,4109,Somerley Generating Station,412191.0,106957.0,Onyx Hampshire Ltd,21,"Waste collection, treatment & disposal",0.000261639,Tonnes,England,O
2021,22,Benzene,4110,Standard,328995.0,365115.0,AD Waste Ltd,21,"Waste collection, treatment & disposal",0.000687738,Tonnes,Wales,O
2021,22,Benzene,4111,Stangate - NFFO 5,560310.0,155952.0,Waste Recycling Group (Central) Ltd,21,"Waste collection, treatment & disposal",0.000749784,Tonnes,England,O
2021,22,Benzene,4112,Stangate Landfill,560310.0,155952.0,Waste Recycling Group (Central) Ltd,21,"Waste collection, treatment & disposal",0.001495082,Tonnes,England,O
2021,22,Benzene,4113,Station Farm Landfill,520911.0,269285.0,Natural Power Ltd,21,"Waste collection, treatment & disposal",0.001030112,Tonnes,England,O
2021,22,Benzene,4114,"Stone ""A"" Power Plant",556600.0,174700.0,Viridor Waste Management Ltd,21,"Waste collection, treatment & disposal",0.000411148,Tonnes,England,O
2021,22,Benzene,4115,"Stone ""B"" Power Plant",556600.0,174700.0,Viridor Waste Management Ltd,21,"Waste collection, treatment & disposal",0.001161679,Tonnes,England,O
2021,22,Benzene,4116,Sundon,503833.0,228713.0,United Utilities Green Energy Ltd,21,"Waste collection, treatment & disposal",0.000228748,Tonnes,England,O
2021,22,Benzene,4117,Sutton,447686.0,358468.0,United Utilities Green Energy Ltd,21,"Waste collection, treatment & disposal",0.002256079,Tonnes,England,O
2021,22,Benzene,4118,Sutton Courtney,450784.0,192933.0,Waste Recycling Group (Central) Ltd,21,"Waste collection, treatment & disposal",0.003659214,Tonnes,England,O
2021,22,Benzene,4119,Tir John Landfill,269071.0,193819.0,Summerleaze RE Generation Ltd,21,"Waste collection, treatment & disposal",0.0005928,Tonnes,Wales,O
2021,22,Benzene,4120,Todhills Power,337102.0,562514.0,Natural Power Ltd,21,"Waste collection, treatment & disposal",0.000944892,Tonnes,England,O
2021,22,Benzene,4121,Trecatti,308211.0,207680.0,Biffa Waste Services Ltd,21,"Waste collection, treatment & disposal",0.001499568,Tonnes,Wales,O
2021,22,Benzene,4122,Trumps Farm Generation Project,499639.0,166362.0,United Utilities Green Energy Ltd,21,"Waste collection, treatment & disposal",0.000727358,Tonnes,England,O
2021,22,Benzene,4123,Tythegston,285137.0,178793.0,United Utilities Green Energy Ltd,21,"Waste collection, treatment & disposal",0.000237718,Tonnes,Wales,O
2021,22,Benzene,4124,Ufton,438980.0,261288.0,Biogeneration Ltd c/o BiffaWaste Services Ltd,21,"Waste collection, treatment & disposal",0.000749784,Tonnes,England,O
2021,22,Benzene,4125,Ulnes Walton Energy,349883.0,420047.0,United Utilities Green Energy Ltd,21,"Waste collection, treatment & disposal",0.000234728,Tonnes,England,O
2021,22,Benzene,4126,United Mines,174256.0,41052.0,United Mines Energy Ltd,21,"Waste collection, treatment & disposal",0.001911463,Tonnes,England,O
2021,22,Benzene,4127,Walpole Landfill,331238.0,142978.0,Summerleaze RE Generation Ltd,21,"Waste collection, treatment & disposal",0.001207279,Tonnes,England,O
2021,22,Benzene,4128,Wangford Landfill Site,647143.0,277746.0,United Utilities Green Energy Ltd,21,"Waste collection, treatment & disposal",0.000728853,Tonnes,England,O
2021,22,Benzene,4129,Wapseys Wood Landfill (generation Phase 1),497290.0,188897.0,Summerleaze RE Generation Ltd,21,"Waste collection, treatment & disposal",0.004881444,Tonnes,England,O
2021,22,Benzene,4130,Wapseys Wood Landfill (generation Phase 2),497290.0,188897.0,Summerleaze RE Generation Ltd,21,"Waste collection, treatment & disposal",0.001499568,Tonnes,England,O
2021,22,Benzene,4131,Warboys Power,530855.0,281864.0,Natural Power Ltd,21,"Waste collection, treatment & disposal",0.000731843,Tonnes,England,O
2021,22,Benzene,4132,Enderby Warren Phase 1,453927.0,300110.0,United Utilities Green Energy Ltd,21,"Waste collection, treatment & disposal",0.000697456,Tonnes,England,O
2021,22,Benzene,4133,Waverley Wood Farm,436435.0,271428.0,EDL Operations (LFG1) Ltd,21,"Waste collection, treatment & disposal",0.000475436,Tonnes,England,O
2021,22,Benzene,4134,West Quarry,351180.0,410081.0,Wimpey Energy Ltd,21,"Waste collection, treatment & disposal",0.003363935,Tonnes,England,O
2021,22,Benzene,4135,Westbury Phase II,388385.0,152894.0,Viridor Waste Disposal Ltd,21,"Waste collection, treatment & disposal",0.001569837,Tonnes,England,O
2021,22,Benzene,4136,Westbury Power Plant,388385.0,152894.0,Viridor Waste Management Ltd,21,"Waste collection, treatment & disposal",0.000834256,Tonnes,England,O
2021,22,Benzene,4137,Wetherden Landfill Gas Project,599717.0,262491.0,Wetherden Energy Ltd,21,"Waste collection, treatment & disposal",0.000231738,Tonnes,England,O
2021,22,Benzene,4138,Whinney Hill Landfill Gas,375894.0,430385.0,Whinney Hill Energy Ltd,21,"Waste collection, treatment & disposal",0.004485247,Tonnes,England,O
2021,22,Benzene,4139,Whitehead,371023.0,399474.0,Viridor Waste Exeter Ltd,21,"Waste collection, treatment & disposal",0.002574532,Tonnes,England,O
2021,22,Benzene,4140,Whites Pitt,402925.0,96926.0,Canford Renewable Energy Ltd,21,"Waste collection, treatment & disposal",0.005169995,Tonnes,England,O
2021,22,Benzene,4141,Wilnecote Landfill Site,422148.0,299857.0,Biogeneration Ltd c/o BiffaWaste Services Ltd,21,"Waste collection, treatment & disposal",0.001480879,Tonnes,England,O
2021,22,Benzene,4142,Windmill Quarry Gas to Energy,513332.0,113576.0,UK Waste Management Ltd,21,"Waste collection, treatment & disposal",0.001532459,Tonnes,England,O
2021,22,Benzene,4143,Wingmoor Landfill,393250.0,226717.0,Summerleaze RE Generation Ltd,21,"Waste collection, treatment & disposal",0.002099843,Tonnes,England,O
2021,22,Benzene,4144,Winterton,491181.0,419455.0,Winterton Power Ltd,21,"Waste collection, treatment & disposal",0.00141061,Tonnes,England,O
2021,22,Benzene,4145,Withnell Generation Station,363930.0,423916.0,Biffa Waste Services Ltd,21,"Waste collection, treatment & disposal",0.001681968,Tonnes,England,O
2021,22,Benzene,4147,Yanley,355774.0,169496.0,Viridor Waste Management Ltd,21,"Waste collection, treatment & disposal",0.000446095,Tonnes,England,O
2021,22,Benzene,4149,Auchencarroch Gas Project,242000.0,681300.0,Auchencarroch Energy Ltd,21,"Waste collection, treatment & disposal",0.001477141,Tonnes,Scotland,O
2021,22,Benzene,4150,Auchinlea Landfill Site,228080.0,665890.0,Natural Power Ltd,21,"Waste collection, treatment & disposal",0.001698414,Tonnes,Scotland,O
2021,22,Benzene,4151,Craignaught Landfill Site,244400.0,651600.0,Natural Power Ltd,21,"Waste collection, treatment & disposal",0.00050758,Tonnes,Scotland,O
2021,22,Benzene,4153,Greengairs phase 1 & 2,278900.0,669800.0,Shanks & McEwan Northern,21,"Waste collection, treatment & disposal",0.002954283,Tonnes,Scotland,O
2021,22,Benzene,4154,Greengairs phase 3 & 4,278900.0,669800.0,Shanks & McEwan Northern,21,"Waste collection, treatment & disposal",0.001480132,Tonnes,Scotland,O
2021,22,Benzene,4155,Melville,329800.0,666700.0,Natural Power Ltd,21,"Waste collection, treatment & disposal",0.000822295,Tonnes,Scotland,O
2021,22,Benzene,4156,Summerston Landfill Site,258100.0,672500.0,Summerston Energy Ltd,21,"Waste collection, treatment & disposal",0.000127082,Tonnes,Scotland,O
2021,22,Benzene,4157,Bilsthorpe Power Generation Scheme,465901.0,360567.0,Renewable Power Generation C/o Hyder Industrial Ltd,21,"Waste collection, treatment & disposal",0.000228,Tonnes,England,O
2021,22,Benzene,4159,Ashford Wastewater Treatment Works,601723.0,143813.0,Southern Water Services Ltd,20,Water & sewerage,0.000495266,Tonnes,England,O
2021,22,Benzene,4160,Aycliffe Sewage Treatment Works,428102.0,523398.0,Northumbrian Water Ltd,20,Water & sewerage,0.00012885,Tonnes,England,O
2021,22,Benzene,4161,Aylesbury Sewage Treatment Works,507697.0,208992.0,Thames Water Utilities Ltd,20,Water & sewerage,0.000273805,Tonnes,England,O
2021,22,Benzene,4162,Basingstoke Sewage Treatment Works,467231.0,155163.0,Thames Water Utilities Ltd,20,Water & sewerage,0.000450974,Tonnes,England,O
2021,22,Benzene,4163,Bolton CHP at Bolton WWTW,376714.0,404860.0,United Utilities Water Plc,20,Water & sewerage,0.001279637,Tonnes,England,O
2021,22,Benzene,4164,Bracknell Sewage Treatment Works,485595.0,172293.0,Thames Water Utilities Ltd,20,Water & sewerage,0.000161062,Tonnes,England,O
2021,22,Benzene,4165,Burnley CHP at Burnley WWTW,382822.0,435354.0,United Utilities Water Plc,20,Water & sewerage,0.000486496,Tonnes,England,O
2021,22,Benzene,4166,Bury CHP at Bury WWTW,380551.0,407914.0,United Utilities Water Plc,20,Water & sewerage,0.00085685,Tonnes,England,O
2021,22,Benzene,4167,Camberley Sewage Treatment Works,486060.0,159736.0,Thames Water Utilities Ltd,20,Water & sewerage,0.000289912,Tonnes,England,O
2021,22,Benzene,4168,Coalport STW Generating Station,370753.0,301544.0,Severn Trent Water Ltd,20,Water & sewerage,0.000217434,Tonnes,England,O
2021,22,Benzene,4169,Crawley Sewage Treatment Works,528900.0,140300.0,Thames Water Utilities Ltd,20,Water & sewerage,0.000837522,Tonnes,England,O
2021,22,Benzene,4170,Crewe CHP at Crewe WWTW,366500.0,357300.0,United Utilities Water Plc,20,Water & sewerage,0.00085685,Tonnes,England,O
2021,22,Benzene,4171,Davyhulme CHP at Davyhulme WWTW,375400.0,396400.0,United Utilities Water Plc,20,Water & sewerage,0.009341594,Tonnes,England,O
2021,22,Benzene,4172,Dukinfield CHP at Dukinfield WWTW,392922.0,396721.0,United Utilities Water Plc,20,Water & sewerage,0.000507345,Tonnes,England,O
2021,22,Benzene,4173,East Hyde Sewage Treatment Works,512100.0,218000.0,Thames Water Utilities Ltd,20,Water & sewerage,0.000362389,Tonnes,England,O
2021,22,Benzene,4174,Ellesmere Port CHP at Ellesmere Port WWTW,342400.0,374300.0,United Utilities Water Plc,20,Water & sewerage,0.000973934,Tonnes,England,O
2021,22,Benzene,4176,Hayle STW,155766.0,37097.0,South West Water Ltd,20,Water & sewerage,0.000269779,Tonnes,England,O
2021,22,Benzene,4177,Hexham Sewage Treatment Works,394500.0,564892.0,Northumbrian Water Ltd,20,Water & sewerage,6.44248e-05,Tonnes,England,O
2021,22,Benzene,4179,Hogsmill Sewage Treatment Works,519350.0,168249.0,Thames Water Utilities Ltd,20,Water & sewerage,0.001063814,Tonnes,England,O
2021,22,Benzene,4180,Huyton CHP at Huyton WWTW,344900.0,389900.0,United Utilities Water Plc,20,Water & sewerage,0.000132071,Tonnes,England,O
2021,22,Benzene,4181,Kidsgrove CHP at Kidsgrove WWTW,382681.0,355319.0,United Utilities Water Plc,20,Water & sewerage,6.84513e-05,Tonnes,England,O
2021,22,Benzene,4183,Lancaster CHP at Lancaster WWTW,346506.0,458654.0,United Utilities Water Plc,20,Water & sewerage,0.000677266,Tonnes,England,O
2021,22,Benzene,4184,Leigh CHP at Leigh WWTW,366200.0,399730.0,United Utilities Water Plc,20,Water & sewerage,0.000776319,Tonnes,England,O
2021,22,Benzene,4185,Liskeard STW CHP,295492.0,91708.0,South West Water Ltd,20,Water & sewerage,4.83186e-05,Tonnes,England,O
2021,22,Benzene,4188,Oldham CHP at Oldham WWTW,389400.0,404300.0,United Utilities Water Plc,20,Water & sewerage,0.000973982,Tonnes,England,O
2021,22,Benzene,4189,Oxford (Sandford) Sewage Treatment Works,454135.0,201809.0,Thames Water Utilities Ltd,20,Water & sewerage,0.001836106,Tonnes,England,O
2021,22,Benzene,4190,Plympton STW CHP,295492.0,91708.0,South West Water Ltd,20,Water & sewerage,0.000217434,Tonnes,England,O
2021,22,Benzene,4191,Reading Sewage Treatment Works,471400.0,170800.0,Thames Water Utilities Ltd,20,Water & sewerage,0.00275577,Tonnes,England,O
2021,22,Benzene,4192,Runcorn CHP at Runcorn WWTW,354201.0,383601.0,United Utilities Water Plc,20,Water & sewerage,0.000205354,Tonnes,England,O
2021,22,Benzene,4194,Ryemeads Sewage Treatment Works,539257.0,210379.0,Thames Water Utilities Ltd,20,Water & sewerage,0.001191859,Tonnes,England,O
2021,22,Benzene,4195,Sandon Dock CHP at Liverpool WWTW,333700.0,392800.0,United Utilities Water Plc,20,Water & sewerage,0.001850924,Tonnes,England,O
2021,22,Benzene,4196,Slough Sewage Treatment Works,494500.0,179300.0,Thames Water Utilities Ltd,20,Water & sewerage,0.000547611,Tonnes,England,O
2021,22,Benzene,4197,Stockport CHP at Stockport WWTW,393100.0,389300.0,United Utilities Water Plc,20,Water & sewerage,0.001249841,Tonnes,England,O
2021,22,Benzene,4198,Stoke Bardolph STW Generating Station,463551.0,341928.0,Severn Trent Water Ltd,20,Water & sewerage,0.002469885,Tonnes,England,O
2021,22,Benzene,4199,Stressholme Sewage Treatment Works,428814.0,512530.0,Northumbrian Water Ltd,20,Water & sewerage,0.000273805,Tonnes,England,O
2021,22,Benzene,4201,Tunbridge Wells North Wastewater Treatment Works,560181.0,141905.0,Southern Water Services Ltd,20,Water & sewerage,7.24779e-05,Tonnes,England,O
2021,22,Benzene,4202,Wanlip Sewage Treatment Works,459694.0,311495.0,Severn Trent Water Ltd,20,Water & sewerage,0.002726779,Tonnes,England,O
2021,22,Benzene,4203,Wargrave Sewage Treatment Works,527500.0,137300.0,Thames Water Utilities Ltd,20,Water & sewerage,0.000201327,Tonnes,England,O
2021,22,Benzene,4204,Warrington CHP at Warrington WWTW,358200.0,387276.0,United Utilities Water Plc,20,Water & sewerage,0.00095542,Tonnes,England,O
2021,22,Benzene,4205,Whitlingham STW CHP Plant,627800.0,307700.0,Anglian Water Services Ltd,20,Water & sewerage,0.002319292,Tonnes,England,O
2021,22,Benzene,4206,Berryhill STW,410700.0,96700.0,Wessex Water Services Ltd,20,Water & sewerage,0.000724779,Tonnes,England,O
2021,22,Benzene,4311,Huddersfield,414790.0,417780.0,Sita (Kirkless) Ltd,21,"Waste collection, treatment & disposal",0.100902340953213,Tonnes,England,M
2021,22,Benzene,4372,Wrexham,337610.0,349260.0,Hydro Aluminium Deeside Ltd,14,Non-ferrous metal industries,0.0559519541496537,Tonnes,Wales,M
2021,22,Benzene,4377,Hereford,350880.0,241860.0,Special Metals Wiggin Ltd,14,Non-ferrous metal industries,0.0748963165782766,Tonnes,England,M
2021,22,Benzene,4402,South Ferriby,497370.0,421040.0,Rugby Group Ltd,11,Cement,0.2,Tonnes,England,M
2021,22,Benzene,4412,Heysham,340720.0,460660.0,Avocado Research Chemcials Ltd,10,Chemical industry,0.02,Tonnes,England,M
2021,22,Benzene,4419,Welwyn Garden City,524500.0,212900.0,British Lead Mills Ltd,14,Non-ferrous metal industries,0.00489028890599335,Tonnes,England,M
2021,22,Benzene,4426,Ketton,498470.0,305320.0,Castle Cement Ltd,11,Cement,1.0,Tonnes,England,M
2021,22,Benzene,4606,Cottenham,545790.0,269003.0,Malary Environmental Services Ltd,21,"Waste collection, treatment & disposal",0.2,Tonnes,England,M
2021,22,Benzene,4644,Ingham,593579.0,273617.0,Orcol Fuels Ltd,21,"Waste collection, treatment & disposal",0.2273,Tonnes,England,M
2021,22,Benzene,4645,Sturminster Marshall,395150.0,99500.0,Orcol Fuels Ltd,21,"Waste collection, treatment & disposal",0.2,Tonnes,England,M
2021,22,Benzene,4700,Devonport,244950.0,54050.0,Shercon Cleaning Services Ltd,22,Construction,0.4319,Tonnes,England,M
2021,22,Benzene,5053,Exeter,286800.0,92300.0,Exeter Services,23,Commercial,0.003378717,Tonnes,England,M
2021,22,Benzene,5054,Tiverton,302637.0,107531.0,Cullompton Services,23,Commercial,0.003378717,Tonnes,England,M
2021,22,Benzene,5055,Taunton,319200.0,120400.0,Taunton Deane Services,23,Commercial,0.003378717,Tonnes,England,M
2021,22,Benzene,5056,East Brent,333500.0,152600.0,Sedgemoor Services,23,Commercial,0.003378717,Tonnes,England,M
2021,22,Benzene,5057,Southampton,439000.0,117600.0,Rownhams Services,23,Commercial,0.003378717,Tonnes,England,M
2021,22,Benzene,5058,Fleet,480000.0,155800.0,Fleet Services,23,Commercial,0.003378717,Tonnes,England,M
2021,22,Benzene,5059,Oxted,542739.0,153989.0,Clacket Lane Services,23,Commercial,0.003378717,Tonnes,England,M
2021,22,Benzene,5060,Maidstone,582600.0,154900.0,Maidstone Services,23,Commercial,0.003378717,Tonnes,England,M
2021,22,Benzene,5061,Gillingham,581900.0,163500.0,Medway Services,23,Commercial,0.003378717,Tonnes,England,M
2021,22,Benzene,5062,Penllergaer,262200.0,199700.0,Swansea West Services,23,Commercial,0.003378717,Tonnes,Wales,M
2021,22,Benzene,5063,Bridgend,290900.0,182800.0,Sarn Park Services,23,Commercial,0.003378717,Tonnes,Wales,M
2021,22,Benzene,5064,Radyr,309200.0,179400.0,Cardiff West Services,23,Commercial,0.003378717,Tonnes,Wales,M
2021,22,Benzene,5065,Magor,342700.0,187900.0,Magor Services,23,Commercial,0.003378717,Tonnes,Wales,M
2021,22,Benzene,5066,Easton in Gordano,351100.0,175500.0,Gordano Services,23,Commercial,0.003378717,Tonnes,England,M
2021,22,Benzene,5067,Thornbury,357200.0,189800.0,Severn View Services,23,Commercial,0.003378717,Tonnes,England,M
2021,22,Benzene,5068,Wotton under Edge,370900.0,195700.0,Michael Wood Services,23,Commercial,0.003378717,Tonnes,England,M
2021,22,Benzene,5069,Chippenham,389000.0,179100.0,Leigh Delamere Services,23,Commercial,0.003378717,Tonnes,England,M
2021,22,Benzene,5070,Lambourn,430800.0,175400.0,Membury Services,23,Commercial,0.003378717,Tonnes,England,M
2021,22,Benzene,5071,Chieveley,448200.0,172700.0,Chieveley Services,23,Commercial,0.003378717,Tonnes,England,M
2021,22,Benzene,5072,Reading,467200.0,169900.0,Reading Services,23,Commercial,0.003378717,Tonnes,England,M
2021,22,Benzene,5073,Bicester,454800.0,228300.0,Cherwell Valley Services,23,Commercial,0.003378717,Tonnes,England,M
2021,22,Benzene,5074,Harbury,434300.0,258100.0,Warwick Services,23,Commercial,0.003378717,Tonnes,England,M
2021,22,Benzene,5075,Toddington,503100.0,228600.0,Toddington Services,23,Commercial,0.003378717,Tonnes,England,M
2021,22,Benzene,5076,Potters Bar,523003.0,200173.0,South Mimms Services,23,Commercial,0.003378717,Tonnes,England,M
2021,22,Benzene,5077,Bishops Stortford,551300.0,221500.0,Birchanger Green Services,23,Commercial,0.003378717,Tonnes,England,M
2021,22,Benzene,5078,West Thurrock,557700.0,179500.0,Thurrock Services,23,Commercial,0.003378717,Tonnes,England,M
2021,22,Benzene,5079,Upton Upon Severn,389000.0,240800.0,Strensham North Services,23,Commercial,0.003378717,Tonnes,England,M
2021,22,Benzene,5080,Eckingham,380700.0,240000.0,Strensham South Services,23,Commercial,0.003378717,Tonnes,England,M
2021,22,Benzene,5081,Bartley Green,398800.0,281400.0,Frankley Services,23,Commercial,0.003378717,Tonnes,England,M
2021,22,Benzene,5082,Alvechurch,403700.0,284000.0,Hopwood Park Services,23,Commercial,0.003378717,Tonnes,England,M
2021,22,Benzene,5083,Featherstone,396300.0,305000.0,Hilton Park Services,23,Commercial,0.003378717,Tonnes,England,M
2021,22,Benzene,5084,Coventry,430900.0,286150.0,Corley Services,23,Commercial,0.003378717,Tonnes,England,M
2021,22,Benzene,5085,Tamworth,424200.0,300900.0,Tamworth Services,23,Commercial,0.003378717,Tonnes,England,M
2021,22,Benzene,5086,Daventry,459900.0,268000.0,Watford Gap Services,23,Commercial,0.003378717,Tonnes,England,M
2021,22,Benzene,5087,Leicester,453800.0,302800.0,Leicester Forest East Services,23,Commercial,0.003378717,Tonnes,England,M
2021,22,Benzene,5088,Northampton,472200.0,257400.0,Rothersthorpe Services,23,Commercial,0.003378717,Tonnes,England,M
2021,22,Benzene,5089,Newport Pagnell,485800.0,243500.0,Newport Pagnell Services,23,Commercial,0.003378717,Tonnes,England,M
2021,22,Benzene,5090,Warrington,357900.0,391200.0,Burtonwood Services,23,Commercial,0.003378717,Tonnes,England,M
2021,22,Benzene,5091,Newcastle under Lyme,380700.0,344200.0,Keele Services,23,Commercial,0.003378717,Tonnes,England,M
2021,22,Benzene,5092,Stone,388700.0,333200.0,Stafford Services,23,Commercial,0.003378717,Tonnes,England,M
2021,22,Benzene,5093,Knutsford,373400.0,378300.0,Knutsford Services,23,Commercial,0.003378717,Tonnes,England,M
2021,22,Benzene,5094,Stanton under Bardon,447500.0,311000.0,Leicester Services,23,Commercial,0.003378717,Tonnes,England,M
2021,22,Benzene,5095,Peterborough,514100.0,211000.0,Peterborough Services,23,Commercial,0.003378717,Tonnes,England,M
2021,22,Benzene,5096,Hapsford,346500.0,374900.0,Chester Services,23,Commercial,0.003378717,Tonnes,England,M
2021,22,Benzene,5097,Stotfold,523600.0,236400.0,Baldock Services,23,Commercial,0.003378717,Tonnes,England,M
2021,22,Benzene,5098,Bridgwater,330600.0,134500.0,Bridgwater Services,23,Commercial,0.003378717,Tonnes,England,M
2021,22,Benzene,5099,Kingsworthy,452300.0,135200.0,Winchester Services,23,Commercial,0.003378717,Tonnes,England,M
2021,22,Benzene,5100,St Mellons,321700.0,182300.0,Cardiff Gate Services,23,Commercial,0.003378717,Tonnes,Wales,M
2021,22,Benzene,5101,Heston,511385.0,177729.0,Heston Services,23,Commercial,0.003378717,Tonnes,England,M
2021,22,Benzene,5102,Sandbach,377700.0,360200.0,Sandbach Services,23,Commercial,0.003378717,Tonnes,England,M
2021,22,Benzene,5103,Trowell,449200.0,340800.0,Trowell Services,23,Commercial,0.003378717,Tonnes,England,M
2021,22,Benzene,5104,Killamarsh,448000.0,380400.0,Woodall Services,23,Commercial,0.003378717,Tonnes,England,M
2021,22,Benzene,5105,Chorley,354500.0,415200.0,Charnock Richard Services,23,Commercial,0.003378717,Tonnes,England,M
2021,22,Benzene,5106,Horwich,362300.0,411800.0,Rivington Services,23,Commercial,0.003378717,Tonnes,England,M
2021,22,Benzene,5107,Lancaster,350300.0,452100.0,Lancaster Forton Services,23,Commercial,0.003378717,Tonnes,England,M
2021,22,Benzene,5108,Middleton,384800.0,408000.0,Birch Services,23,Commercial,0.003378717,Tonnes,England,M
2021,22,Benzene,5109,Brighouse,416800.0,424100.0,Hartshead Services,23,Commercial,0.003378717,Tonnes,England,M
2021,22,Benzene,5110,Crigglestone,430200.0,414100.0,Wooley Edge Services,23,Commercial,0.003378717,Tonnes,England,M
2021,22,Benzene,5111,Knottingley,448590.0,422500.0,Ferrybridge Services,23,Commercial,0.003378717,Tonnes,England,M
2021,22,Benzene,5112,Burton in Kendal,352100.0,476100.0,Burton in Kendal Services,23,Commercial,0.003378717,Tonnes,England,M
2021,22,Benzene,5113,Kendal,358600.0,491200.0,Killington Lake Services,23,Commercial,0.003378717,Tonnes,England,M
2021,22,Benzene,5114,Tebay,360800.0,506000.0,Tebay West Services,23,Commercial,0.003378717,Tonnes,England,M
2021,22,Benzene,5115,Tebay,361300.0,506300.0,Tebay East Services,23,Commercial,0.003378717,Tonnes,England,M
2021,22,Benzene,5116,Low Hesket,344200.0,545400.0,Southwaite Services,23,Commercial,0.003378717,Tonnes,England,M
2021,22,Benzene,5117,Gretna,330700.0,568900.0,Gretna Green Services,23,Commercial,0.003378717,Tonnes,Scotland,M
2021,22,Benzene,5118,Johnstonebridge,310400.0,592600.0,Annandale Water Services,23,Commercial,0.003378717,Tonnes,Scotland,M
2021,22,Benzene,5119,Washington,429663.0,557255.0,Washington Birtley Sevices,23,Commercial,0.003378717,Tonnes,England,M
2021,22,Benzene,5120,Abington,292800.0,624800.0,Nether Abington Services,23,Commercial,0.003378717,Tonnes,Scotland,M
2021,22,Benzene,5121,Douglas,285100.0,633700.0,Cairn Lodge Services,23,Commercial,0.003378717,Tonnes,Scotland,M
2021,22,Benzene,5122,Bathgate,290100.0,664800.0,Harthill Services,23,Commercial,0.003378717,Tonnes,Scotland,M
2021,22,Benzene,5123,Hamilton,272400.0,656800.0,Hamilton Services,23,Commercial,0.003378717,Tonnes,Scotland,M
2021,22,Benzene,5124,Bellshill,270900.0,659800.0,Bothwell Services,23,Commercial,0.003378717,Tonnes,Scotland,M
2021,22,Benzene,5125,Stirling,280300.0,688900.0,Stirling Services,23,Commercial,0.003378717,Tonnes,Scotland,M
2021,22,Benzene,5126,Kinross,311000.0,703300.0,Kinross Services,23,Commercial,0.003378717,Tonnes,Scotland,M
2021,22,Benzene,5127,Edgeware,520300.0,193900.0,Scratchwood Services,23,Commercial,0.003378717,Tonnes,England,M
2021,22,Benzene,5128,Crawley,526800.0,132900.0,Pease Pottage Services,23,Commercial,0.003378717,Tonnes,England,M
2021,22,Benzene,5129,Stainforth,467000.0,411400.0,Doncaster Services,23,Commercial,0.003378717,Tonnes,England,M
2021,22,Benzene,5130,Castle Donnington,446600.0,325500.0,Donnington Park Services,23,Commercial,0.003378717,Tonnes,England,M
2021,22,Benzene,5131,Durham,430800.0,537200.0,Durham Services,23,Commercial,0.003378717,Tonnes,England,M
2021,22,Benzene,5132,Pontardulais,257400.0,207300.0,Pont Abraham Services,23,Commercial,0.003378717,Tonnes,Wales,M
2021,22,Benzene,5133,Tibshelf,444800.0,360200.0,Tibshelf Services,23,Commercial,0.003378717,Tonnes,England,M
2021,22,Benzene,5134,Atlas Power,410998.0,419765.0,Natural Power Ltd,21,"Waste collection, treatment & disposal",0.000439554,Tonnes,England,O
2021,22,Benzene,5135,Bletchley Phase II,485406.0,232267.0,Shanks Waste Services Ltd,21,"Waste collection, treatment & disposal",0.001713364,Tonnes,England,O
2021,22,Benzene,5136,Ruabon Power Station,330149.0,344501.0,Shanks Northern Ltd,21,"Waste collection, treatment & disposal",0.000242951,Tonnes,Wales,O
2021,22,Benzene,5137,Bramshill,475745.0,161056.0,Onyx Hampshire Ltd,21,"Waste collection, treatment & disposal",0.000449272,Tonnes,England,O
2021,22,Benzene,5139,March Landfill Gas Project,540759.0,298674.0,March Energy Ltd,21,"Waste collection, treatment & disposal",0.000228,Tonnes,England,O
2021,22,Benzene,5140,Redhill 2,529162.0,150932.0,Biffa Waste Services Ltd,21,"Waste collection, treatment & disposal",0.000747541,Tonnes,England,O
2021,22,Benzene,5141,Seale Power,489190.0,147754.0,Natural Power Ltd,21,"Waste collection, treatment & disposal",0.000224262,Tonnes,England,O
2021,22,Benzene,5142,Shelford Generation Plant II,615958.0,160346.0,Brett Waste Management Ltd,21,"Waste collection, treatment & disposal",0.004091667,Tonnes,England,O
2021,22,Benzene,5143,Shelford Landfill Site,615958.0,160346.0,Brett Waste Management Ltd,21,"Waste collection, treatment & disposal",0.001504053,Tonnes,England,O
2021,22,Benzene,5144,Compton Basset Landfill,401841.0,171023.0,United Utilities Green Energy Ltd,21,"Waste collection, treatment & disposal",0.001674492,Tonnes,England,O
2021,22,Benzene,5145,Connon Bridge Landfill Gas Project,218674.0,62289.0,Connon Bridge Energy Ltd,21,"Waste collection, treatment & disposal",0.000556171,Tonnes,England,O
2021,22,Benzene,5146,Edwin Richards,396765.0,288319.0,Waste Recycling Group Plc,21,"Waste collection, treatment & disposal",0.000417128,Tonnes,England,O
2021,22,Benzene,5147,Lidsey Landfill,492940.0,103356.0,Summerleaze RE Generation Ltd,21,"Waste collection, treatment & disposal",0.001502558,Tonnes,England,O
2021,22,Benzene,5148,Weldon Phase 1,492583.0,287906.0,Shanks Waste Services Ltd,21,"Waste collection, treatment & disposal",0.002534165,Tonnes,England,O
2021,22,Benzene,5219,Belfast,145940.0,532205.0,John Thompson & Sons Ltd,5,"Food, drink & tobacco industry",0.0528679881729012,Tonnes,Northern Ireland,M
2021,22,Benzene,5436,Aberdare,302162.0,201462.0,Asda Stores Ltd,23,Commercial,0.009175054,Tonnes,Wales,M
2021,22,Benzene,5437,Aintree,337163.0,399637.0,Asda Stores Ltd,23,Commercial,0.009175054,Tonnes,England,M
2021,22,Benzene,5438,Ashington,427486.0,587927.0,Asda Stores Ltd,23,Commercial,0.009175054,Tonnes,England,M
2021,22,Benzene,5439,Barnsley,434858.0,407213.0,Asda Stores Ltd,23,Commercial,0.009175054,Tonnes,England,M
2021,22,Benzene,5440,Beckton,542900.0,181600.0,Asda Stores Ltd,23,Commercial,0.009175054,Tonnes,England,M
2021,22,Benzene,5441,Benton,429604.0,569670.0,Asda Stores Ltd,23,Commercial,0.009175054,Tonnes,England,M
2021,22,Benzene,5442,Birchwood,364584.0,391416.0,Asda Stores Ltd,23,Commercial,0.009175054,Tonnes,England,M
2021,22,Benzene,5443,Bishopbriggs,261250.0,670750.0,Asda Stores Ltd,23,Commercial,0.009175054,Tonnes,Scotland,M
2021,22,Benzene,5444,Blackburn,368394.0,427294.0,Asda Stores Ltd,23,Commercial,0.009175054,Tonnes,England,M
2021,22,Benzene,5445,Blackpool,333100.0,434100.0,Asda Stores Ltd,23,Commercial,0.009175054,Tonnes,England,M
2021,22,Benzene,5446,Blantyre,269200.0,657300.0,Asda Stores Ltd,23,Commercial,0.009175054,Tonnes,Scotland,M
2021,22,Benzene,5447,Blyth,428500.0,581400.0,Asda Stores Ltd,23,Commercial,0.009175054,Tonnes,England,M
2021,22,Benzene,5448,Bodmin,208275.0,67514.0,Asda Stores Ltd,23,Commercial,0.009175054,Tonnes,England,M
2021,22,Benzene,5449,Boldon,434698.0,561602.0,Asda Stores Ltd,23,Commercial,0.009175054,Tonnes,England,M
2021,22,Benzene,5450,Bolton,371328.0,411592.0,Asda Stores Ltd,23,Commercial,0.009175054,Tonnes,England,M
2021,22,Benzene,5451,Boston,532900.0,344300.0,Asda Stores Ltd,23,Commercial,0.009175054,Tonnes,England,M
2021,22,Benzene,5452,Bradford,418500.0,431200.0,Asda Stores Ltd,23,Commercial,0.009175054,Tonnes,England,M
2021,22,Benzene,5453,Bridge Of Dee,392700.0,803500.0,Asda Stores Ltd,23,Commercial,0.009175054,Tonnes,Scotland,M
2021,22,Benzene,5454,Brighton,532168.0,109240.0,Asda Stores Ltd,23,Commercial,0.009175054,Tonnes,England,M
2021,22,Benzene,5455,Brighton Marina,533541.0,103189.0,Asda Stores Ltd,23,Commercial,0.009175054,Tonnes,England,M
2021,22,Benzene,5456,Bristol Whitchurch,360497.0,168416.0,Asda Stores Ltd,23,Commercial,0.009175054,Tonnes,England,M
2021,22,Benzene,5457,Bromborough,335000.0,383000.0,Asda Stores Ltd,23,Commercial,0.009175054,Tonnes,England,M
2021,22,Benzene,5458,Burnley,383750.0,433250.0,Asda Stores Ltd,23,Commercial,0.009175054,Tonnes,England,M
2021,22,Benzene,5459,Canterbury,616077.0,159111.0,Asda Stores Ltd,23,Commercial,0.009175054,Tonnes,England,M
2021,22,Benzene,5460,Cardiff,313972.0,181325.0,Asda Stores Ltd,23,Commercial,0.009175054,Tonnes,Wales,M
2021,22,Benzene,5461,Cardiff Bay,317685.0,173947.0,Asda Stores Ltd,23,Commercial,0.009175054,Tonnes,Wales,M
2021,22,Benzene,5462,Carlisle,338917.0,559746.0,Asda Stores Ltd,23,Commercial,0.009175054,Tonnes,England,M
2021,22,Benzene,5463,Chadderton,390899.0,405504.0,Asda Stores Ltd,23,Commercial,0.009175054,Tonnes,England,M
2021,22,Benzene,5464,Charlton,540523.0,178548.0,Asda Stores Ltd,23,Commercial,0.009175054,Tonnes,England,M
2021,22,Benzene,5465,Chelmsford,573106.0,207175.0,Asda Stores Ltd,23,Commercial,0.009175054,Tonnes,England,M
2021,22,Benzene,5466,Coatbridge,273393.0,665009.0,Asda Stores Ltd,23,Commercial,0.009175054,Tonnes,Scotland,M
2021,22,Benzene,5467,Colchester,599590.0,226494.0,Asda Stores Ltd,23,Commercial,0.009175054,Tonnes,England,M
2021,22,Benzene,5468,Colne,387152.0,439218.0,Asda Stores Ltd,23,Commercial,0.009175054,Tonnes,England,M
2021,22,Benzene,5469,Corby,489548.0,289402.0,Asda Stores Ltd,23,Commercial,0.009175054,Tonnes,England,M
2021,22,Benzene,5470,Coventry,438500.0,281300.0,Asda Stores Ltd,23,Commercial,0.009175054,Tonnes,England,M
2021,22,Benzene,5471,Cumbernauld,275924.0,674592.0,Asda Stores Ltd,23,Commercial,0.009175054,Tonnes,Scotland,M
2021,22,Benzene,5472,Dagenham,548919.0,183448.0,Asda Stores Ltd,23,Commercial,0.009175054,Tonnes,England,M
2021,22,Benzene,5473,Darlington,430993.0,516701.0,Asda Stores Ltd,23,Commercial,0.009175054,Tonnes,England,M
2021,22,Benzene,5474,Derby,439077.0,335623.0,Asda Stores Ltd,23,Commercial,0.009175054,Tonnes,England,M
2021,22,Benzene,5475,Doncaster,460065.0,402475.0,Asda Stores Ltd,23,Commercial,0.009175054,Tonnes,England,M
2021,22,Benzene,5476,Donnington Wood,370750.0,312463.0,Asda Stores Ltd,23,Commercial,0.009175054,Tonnes,England,M
2021,22,Benzene,5477,Dudley,392609.0,286919.0,Asda Stores Ltd,23,Commercial,0.009175054,Tonnes,England,M
2021,22,Benzene,5478,Dundee (Kirkton),339400.0,733300.0,Asda Stores Ltd,23,Commercial,0.009175054,Tonnes,Scotland,M
2021,22,Benzene,5479,Dunfermline,312250.0,688500.0,Asda Stores Ltd,23,Commercial,0.009175054,Tonnes,Scotland,M
2021,22,Benzene,5480,Dyce,389600.0,812800.0,Asda Stores Ltd,23,Commercial,0.009175054,Tonnes,Scotland,M
2021,22,Benzene,5481,Eastbourne,563763.0,102053.0,Asda Stores Ltd,23,Commercial,0.009175054,Tonnes,England,M
2021,22,Benzene,5482,Eastleigh,442900.0,118800.0,Asda Stores Ltd,23,Commercial,0.009175054,Tonnes,England,M
2021,22,Benzene,5483,Elgin,321980.0,862190.0,Asda Stores Ltd,23,Commercial,0.009175054,Tonnes,Scotland,M
2021,22,Benzene,5484,Falmouth,177003.0,33908.0,Asda Stores Ltd,23,Commercial,0.009175054,Tonnes,England,M
2021,22,Benzene,5485,Fareham,457574.0,104127.0,Asda Stores Ltd,23,Commercial,0.009175054,Tonnes,England,M
2021,22,Benzene,5486,Fulwood,354922.0,432941.0,Asda Stores Ltd,23,Commercial,0.009175054,Tonnes,England,M
2021,22,Benzene,5487,Gateshead Metro,421310.0,562800.0,Asda Stores Ltd,23,Commercial,0.009175054,Tonnes,England,M
2021,22,Benzene,5488,Golbourne,359939.0,398430.0,Asda Stores Ltd,23,Commercial,0.009175054,Tonnes,England,M
2021,22,Benzene,5489,Govan,254800.0,664470.0,Asda Stores Ltd,23,Commercial,0.009175054,Tonnes,Scotland,M
2021,22,Benzene,5490,Grantham,491100.0,336000.0,Asda Stores Ltd,23,Commercial,0.009175054,Tonnes,England,M
2021,22,Benzene,5491,Great Bridge,397900.0,292500.0,Asda Stores Ltd,23,Commercial,0.009175054,Tonnes,England,M
2021,22,Benzene,5492,Great Yarmouth,651800.0,308200.0,Asda Stores Ltd,23,Commercial,0.009175054,Tonnes,England,M
2021,22,Benzene,5493,Greenhithe,558293.0,174997.0,Asda Stores Ltd,23,Commercial,0.009175054,Tonnes,England,M
2021,22,Benzene,5494,Harlow,543750.0,210250.0,Asda Stores Ltd,23,Commercial,0.009175054,Tonnes,England,M
2021,22,Benzene,5495,Harpurhey,386137.0,401743.0,Asda Stores Ltd,23,Commercial,0.009175054,Tonnes,England,M
2021,22,Benzene,5496,Hartlepool,451000.0,533100.0,Asda Stores Ltd,23,Commercial,0.009175054,Tonnes,England,M
2021,22,Benzene,5497,Havant,469562.0,107508.0,Asda Stores Ltd,23,Commercial,0.009175054,Tonnes,England,M
2021,22,Benzene,5498,Haydon,413620.0,188580.0,Asda Stores Ltd,23,Commercial,0.009175054,Tonnes,England,M
2021,22,Benzene,5499,Hessle,507392.0,427495.0,Asda Stores Ltd,23,Commercial,0.009175054,Tonnes,England,M
2021,22,Benzene,5500,Huddersfield,414690.0,419500.0,Asda Stores Ltd,23,Commercial,0.009175054,Tonnes,England,M
2021,22,Benzene,5501,Hull (Kingswood),509117.0,433383.0,Asda Stores Ltd,23,Commercial,0.009175054,Tonnes,England,M
2021,22,Benzene,5502,Hulme,383770.0,396061.0,Asda Stores Ltd,23,Commercial,0.009175054,Tonnes,England,M
2021,22,Benzene,5503,Hunts Cross,342346.0,384869.0,Asda Stores Ltd,23,Commercial,0.009175054,Tonnes,England,M
2021,22,Benzene,5504,Huyton,344300.0,390900.0,Asda Stores Ltd,23,Commercial,0.009175054,Tonnes,England,M
2021,22,Benzene,5505,Hyson Green,455788.0,341279.0,Asda Stores Ltd,23,Commercial,0.009175054,Tonnes,England,M
2021,22,Benzene,5506,Ipswich,613478.0,247457.0,Asda Stores Ltd,23,Commercial,0.009175054,Tonnes,England,M
2021,22,Benzene,5507,Isle Of Dogs,537921.0,179121.0,Asda Stores Ltd,23,Commercial,0.009175054,Tonnes,England,M
2021,22,Benzene,5508,Kendal,352238.0,490912.0,Asda Stores Ltd,23,Commercial,0.009175054,Tonnes,England,M
2021,22,Benzene,5509,Killingbeck,434365.0,435272.0,Asda Stores Ltd,23,Commercial,0.009175054,Tonnes,England,M
2021,22,Benzene,5510,Kilmarnock,243340.0,636611.0,Asda Stores Ltd,23,Commercial,0.009175054,Tonnes,Scotland,M
2021,22,Benzene,5511,Kirkcaldy,328413.0,694706.0,Asda Stores Ltd,23,Commercial,0.009175054,Tonnes,Scotland,M
2021,22,Benzene,5512,Lancaster,345800.0,462500.0,Asda Stores Ltd,23,Commercial,0.009175054,Tonnes,England,M
2021,22,Benzene,5513,Leamington Spa,433100.0,264300.0,Asda Stores Ltd,23,Commercial,0.009175054,Tonnes,England,M
2021,22,Benzene,5514,Leicester,455751.0,300517.0,Asda Stores Ltd,23,Commercial,0.009175054,Tonnes,England,M
2021,22,Benzene,5515,Leigh,365273.0,400925.0,Asda Stores Ltd,23,Commercial,0.009175054,Tonnes,England,M
2021,22,Benzene,5516,Linwood,245600.0,664100.0,Asda Stores Ltd,23,Commercial,0.009175054,Tonnes,Scotland,M
2021,22,Benzene,5517,Llandudno,278814.0,382024.0,Asda Stores Ltd,23,Commercial,0.009175054,Tonnes,Wales,M
2021,22,Benzene,5518,Longwell Green,365511.0,172265.0,Asda Stores Ltd,23,Commercial,0.009175054,Tonnes,England,M
2021,22,Benzene,5519,Mansfield,455660.0,362433.0,Asda Stores Ltd,23,Commercial,0.009175054,Tonnes,England,M
2021,22,Benzene,5520,Merthyr Tydfil,307516.0,208497.0,Asda Stores Ltd,23,Commercial,0.009175054,Tonnes,Wales,M
2021,22,Benzene,5521,Middlesbrough,453325.0,521065.0,Asda Stores Ltd,23,Commercial,0.009175054,Tonnes,England,M
2021,22,Benzene,5522,Middleton Park,392800.0,811200.0,Asda Stores Ltd,23,Commercial,0.009175054,Tonnes,Scotland,M
2021,22,Benzene,5523,Milton (Dundee),343050.0,731740.0,Asda Stores Ltd,23,Commercial,0.009175054,Tonnes,Scotland,M
2021,22,Benzene,5524,Minworth,415049.0,292778.0,Asda Stores Ltd,23,Commercial,0.009175054,Tonnes,England,M
2021,22,Benzene,5525,Newport,329326.0,184701.0,Asda Stores Ltd,23,Commercial,0.009175054,Tonnes,Wales,M
2021,22,Benzene,5526,Norwich,620702.0,311130.0,Asda Stores Ltd,23,Commercial,0.009175054,Tonnes,England,M
2021,22,Benzene,5527,Parkhead Forge,262480.0,664450.0,Asda Stores Ltd,23,Commercial,0.009175054,Tonnes,Scotland,M
2021,22,Benzene,5528,Patchway,358773.0,181405.0,Asda Stores Ltd,23,Commercial,0.009175054,Tonnes,England,M
2021,22,Benzene,5529,Perth,310924.0,724642.0,Asda Stores Ltd,23,Commercial,0.009175054,Tonnes,Scotland,M
2021,22,Benzene,5530,Pilsworth,381805.0,408876.0,Asda Stores Ltd,23,Commercial,0.009175054,Tonnes,England,M
2021,22,Benzene,5531,Plymouth,251040.0,58719.0,Asda Stores Ltd,23,Commercial,0.009175054,Tonnes,England,M
2021,22,Benzene,5532,Portlethen,392000.0,797500.0,Asda Stores Ltd,23,Commercial,0.009175054,Tonnes,Scotland,M
2021,22,Benzene,5533,Pudsey,421700.0,434000.0,Asda Stores Ltd,23,Commercial,0.009175054,Tonnes,England,M
2021,22,Benzene,5534,Queensferry,323425.0,363465.0,Asda Stores Ltd,23,Commercial,0.009175054,Tonnes,Wales,M
2021,22,Benzene,5535,Queslett,405937.0,294763.0,Asda Stores Ltd,23,Commercial,0.009175054,Tonnes,England,M
2021,22,Benzene,5536,Rawtenstall,380857.0,422467.0,Asda Stores Ltd,23,Commercial,0.009175054,Tonnes,England,M
2021,22,Benzene,5537,Rhyl,298700.0,380400.0,Asda Stores Ltd,23,Commercial,0.009175054,Tonnes,Wales,M
2021,22,Benzene,5538,Rochdale,389100.0,413230.0,Asda Stores Ltd,23,Commercial,0.009175054,Tonnes,England,M
2021,22,Benzene,5539,Runcorn,353334.0,381539.0,Asda Stores Ltd,23,Commercial,0.009175054,Tonnes,England,M
2021,22,Benzene,5540,Scunthorpe,487200.0,408400.0,Asda Stores Ltd,23,Commercial,0.009175054,Tonnes,England,M
2021,22,Benzene,5541,Shoeburyness,592910.0,185975.0,Asda Stores Ltd,23,Commercial,0.009175054,Tonnes,England,M
2021,22,Benzene,5542,Sittingbourne,590800.0,164900.0,Asda Stores Ltd,23,Commercial,0.009175054,Tonnes,England,M
2021,22,Benzene,5543,Small Heath,410761.0,285130.0,Asda Stores Ltd,23,Commercial,0.009175054,Tonnes,England,M
2021,22,Benzene,5544,Spennymoor,426218.0,534185.0,Asda Stores Ltd,23,Commercial,0.009175054,Tonnes,England,M
2021,22,Benzene,5545,St Austell,202788.0,52107.0,Asda Stores Ltd,23,Commercial,0.009175054,Tonnes,England,M
2021,22,Benzene,5546,St Helens,350665.0,395533.0,Asda Stores Ltd,23,Commercial,0.009175054,Tonnes,England,M
2021,22,Benzene,5547,Stanley,419292.0,552692.0,Asda Stores Ltd,23,Commercial,0.009175054,Tonnes,England,M
2021,22,Benzene,5548,Stockton,446323.0,519863.0,Asda Stores Ltd,23,Commercial,0.009175054,Tonnes,England,M
2021,22,Benzene,5549,Sunderland,440375.0,554242.0,Asda Stores Ltd,23,Commercial,0.009175054,Tonnes,England,M
2021,22,Benzene,5550,Sutton-In-Ashfield,449351.0,358857.0,Asda Stores Ltd,23,Commercial,0.009175054,Tonnes,England,M
2021,22,Benzene,5551,SW Ferrers,581220.0,197182.0,Asda Stores Ltd,23,Commercial,0.009175054,Tonnes,England,M
2021,22,Benzene,5552,Swansea,267882.0,198150.0,Asda Stores Ltd,23,Commercial,0.009175054,Tonnes,Wales,M
2021,22,Benzene,5553,Swindon,411918.0,184469.0,Asda Stores Ltd,23,Commercial,0.009175054,Tonnes,England,M
2021,22,Benzene,5554,Tamworth,420279.0,303247.0,Asda Stores Ltd,23,Commercial,0.009175054,Tonnes,England,M
2021,22,Benzene,5555,Telford,369900.0,308900.0,Asda Stores Ltd,23,Commercial,0.009175054,Tonnes,England,M
2021,22,Benzene,5556,Thornaby,446028.0,516052.0,Asda Stores Ltd,23,Commercial,0.009175054,Tonnes,England,M
2021,22,Benzene,5557,Tilbury,562900.0,177130.0,Asda Stores Ltd,23,Commercial,0.009175054,Tonnes,England,M
2021,22,Benzene,5558,Tipton,396263.0,294118.0,Asda Stores Ltd,23,Commercial,0.009175054,Tonnes,England,M
2021,22,Benzene,5559,Trafford Park,377281.0,396958.0,Asda Stores Ltd,23,Commercial,0.009175054,Tonnes,England,M
2021,22,Benzene,5560,Trowbridge,385542.0,157988.0,Asda Stores Ltd,23,Commercial,0.009175054,Tonnes,England,M
2021,22,Benzene,5561,Wakefield,433038.0,417165.0,Asda Stores Ltd,23,Commercial,0.009175054,Tonnes,England,M
2021,22,Benzene,5562,Walton,337622.0,394384.0,Asda Stores Ltd,23,Commercial,0.009175054,Tonnes,England,M
2021,22,Benzene,5563,Warrington,360813.0,388431.0,Asda Stores Ltd,23,Commercial,0.009175054,Tonnes,England,M
2021,22,Benzene,5564,Watford,511492.0,199038.0,Asda Stores Ltd,23,Commercial,0.009175054,Tonnes,England,M
2021,22,Benzene,5565,West Bridgford,457980.0,336535.0,Asda Stores Ltd,23,Commercial,0.009175054,Tonnes,England,M
2021,22,Benzene,5566,Westbrook,358275.0,390309.0,Asda Stores Ltd,23,Commercial,0.009175054,Tonnes,England,M
2021,22,Benzene,5567,Weston Super Mare,333406.0,160688.0,Asda Stores Ltd,23,Commercial,0.009175054,Tonnes,England,M
2021,22,Benzene,5568,Widnes,348913.0,384364.0,Asda Stores Ltd,23,Commercial,0.009175054,Tonnes,England,M
2021,22,Benzene,5569,Wigan,356977.0,405321.0,Asda Stores Ltd,23,Commercial,0.009175054,Tonnes,England,M
2021,22,Benzene,5570,Wolverhampton,391250.0,299450.0,Asda Stores Ltd,23,Commercial,0.009175054,Tonnes,England,M
2021,22,Benzene,5571,Yeovil,353100.0,116100.0,Asda Stores Ltd,23,Commercial,0.009175054,Tonnes,England,M
2021,22,Benzene,5572,Aberdeen,392600.0,803400.0,J Sainsburys Supermarkets Ltd,23,Commercial,0.012766061,Tonnes,Scotland,M
2021,22,Benzene,5573,Alperton,517714.0,183510.0,J Sainsburys Supermarkets Ltd,23,Commercial,0.012766061,Tonnes,England,M
2021,22,Benzene,5574,Alton,471700.0,139100.0,J Sainsburys Supermarkets Ltd,23,Commercial,0.012766061,Tonnes,England,M
2021,22,Benzene,5575,Apsley Mills,506031.0,205251.0,J Sainsburys Supermarkets Ltd,23,Commercial,0.012766061,Tonnes,England,M
2021,22,Benzene,5576,Archer Road,434103.0,383505.0,J Sainsburys Supermarkets Ltd,23,Commercial,0.012766061,Tonnes,England,M
2021,22,Benzene,5577,Arnold,458120.0,345040.0,J Sainsburys Supermarkets Ltd,23,Commercial,0.012766061,Tonnes,England,M
2021,22,Benzene,5578,Ashford - Bybrook,600500.0,143690.0,J Sainsburys Supermarkets Ltd,23,Commercial,0.012766061,Tonnes,England,M
2021,22,Benzene,5579,Ashton Moss,393431.0,399212.0,J Sainsburys Supermarkets Ltd,23,Commercial,0.012766061,Tonnes,England,M
2021,22,Benzene,5580,Ballymena,125893.0,559942.0,J Sainsburys Supermarkets Ltd,23,Commercial,0.012766061,Tonnes,Northern Ireland,M
2021,22,Benzene,5581,Banbury,445846.0,239331.0,J Sainsburys Supermarkets Ltd,23,Commercial,0.012766061,Tonnes,England,M
2021,22,Benzene,5582,Barnstaple,254555.0,131707.0,J Sainsburys Supermarkets Ltd,23,Commercial,0.012766061,Tonnes,England,M
2021,22,Benzene,5583,Basildon,570800.0,188400.0,J Sainsburys Supermarkets Ltd,23,Commercial,0.012766061,Tonnes,England,M
2021,22,Benzene,5584,Basildon - East Mayne,573500.0,191041.0,J Sainsburys Supermarkets Ltd,23,Commercial,0.012766061,Tonnes,England,M
2021,22,Benzene,5585,Bath,374435.0,164735.0,J Sainsburys Supermarkets Ltd,23,Commercial,0.012766061,Tonnes,England,M
2021,22,Benzene,5586,Beckton,542900.0,181600.0,J Sainsburys Supermarkets Ltd,23,Commercial,0.012766061,Tonnes,England,M
2021,22,Benzene,5587,Bedford - Fairfield Park,503824.0,250969.0,J Sainsburys Supermarkets Ltd,23,Commercial,0.012766061,Tonnes,England,M
2021,22,Benzene,5588,Beeston,453039.0,336975.0,J Sainsburys Supermarkets Ltd,23,Commercial,0.012766061,Tonnes,England,M
2021,22,Benzene,5589,Biggleswade,518630.0,245300.0,J Sainsburys Supermarkets Ltd,23,Commercial,0.012766061,Tonnes,England,M
2021,22,Benzene,5590,Birkenhead,330563.0,386802.0,J Sainsburys Supermarkets Ltd,23,Commercial,0.012766061,Tonnes,England,M
2021,22,Benzene,5591,Blackheath,398851.0,289335.0,J Sainsburys Supermarkets Ltd,23,Commercial,0.012766061,Tonnes,England,M
2021,22,Benzene,5592,Blackpole,386746.0,257048.0,J Sainsburys Supermarkets Ltd,23,Commercial,0.012766061,Tonnes,England,M
2021,22,Benzene,5593,Bolton,371750.0,408750.0,J Sainsburys Supermarkets Ltd,23,Commercial,0.012766061,Tonnes,England,M
2021,22,Benzene,5594,Bracknell - Bagshot Road,487740.0,166749.0,J Sainsburys Supermarkets Ltd,23,Commercial,0.012766061,Tonnes,England,M
2021,22,Benzene,5595,Bradford,419085.0,437107.0,J Sainsburys Supermarkets Ltd,23,Commercial,0.012766061,Tonnes,England,M
2021,22,Benzene,5596,Braehead,252000.0,667300.0,J Sainsburys Supermarkets Ltd,23,Commercial,0.012766061,Tonnes,Scotland,M
2021,22,Benzene,5597,Braintree,575527.0,222440.0,J Sainsburys Supermarkets Ltd,23,Commercial,0.012766061,Tonnes,England,M
2021,22,Benzene,5598,Bridge Mead,413250.0,184750.0,J Sainsburys Supermarkets Ltd,23,Commercial,0.012766061,Tonnes,England,M
2021,22,Benzene,5599,Bridgend,290835.0,182335.0,J Sainsburys Supermarkets Ltd,23,Commercial,0.012766061,Tonnes,Wales,M
2021,22,Benzene,5600,Bridgwater,330100.0,137500.0,J Sainsburys Supermarkets Ltd,23,Commercial,0.012766061,Tonnes,England,M
2021,22,Benzene,5601,Bristol - Castle Court,361718.0,172093.0,J Sainsburys Supermarkets Ltd,23,Commercial,0.012766061,Tonnes,England,M
2021,22,Benzene,5602,Bristol - East Filton,361752.0,178956.0,J Sainsburys Supermarkets Ltd,23,Commercial,0.012766061,Tonnes,England,M
2021,22,Benzene,5603,Bristol - Emersons Green,367103.0,177207.0,J Sainsburys Supermarkets Ltd,23,Commercial,0.012766061,Tonnes,England,M
2021,22,Benzene,5604,Bristol - Winterstoke Road,357128.0,170850.0,J Sainsburys Supermarkets Ltd,23,Commercial,0.012766061,Tonnes,England,M
2021,22,Benzene,5605,Burpham,501611.0,152392.0,J Sainsburys Supermarkets Ltd,23,Commercial,0.012766061,Tonnes,England,M
2021,22,Benzene,5606,Bury St Edmunds,587400.0,263700.0,J Sainsburys Supermarkets Ltd,23,Commercial,0.012766061,Tonnes,England,M
2021,22,Benzene,5607,Calcot,467519.0,171900.0,J Sainsburys Supermarkets Ltd,23,Commercial,0.012766061,Tonnes,England,M
2021,22,Benzene,5608,Camberley - Watchmoor Park,486354.0,158974.0,J Sainsburys Supermarkets Ltd,23,Commercial,0.012766061,Tonnes,England,M
2021,22,Benzene,5609,Cambridge - Coldhams Lane,547536.0,257783.0,J Sainsburys Supermarkets Ltd,23,Commercial,0.012766061,Tonnes,England,M
2021,22,Benzene,5610,Cannock,398819.0,308503.0,J Sainsburys Supermarkets Ltd,23,Commercial,0.012766061,Tonnes,England,M
2021,22,Benzene,5611,Cardiff - Colchester Avenue,320382.0,178045.0,J Sainsburys Supermarkets Ltd,23,Commercial,0.012766061,Tonnes,Wales,M
2021,22,Benzene,5612,Cardiff - Thornhill,317221.0,182778.0,J Sainsburys Supermarkets Ltd,23,Commercial,0.012766061,Tonnes,Wales,M
2021,22,Benzene,5613,Castle Vale,413800.0,291170.0,J Sainsburys Supermarkets Ltd,23,Commercial,0.012766061,Tonnes,England,M
2021,22,Benzene,5614,Chaddesden,437894.0,335693.0,J Sainsburys Supermarkets Ltd,23,Commercial,0.012766061,Tonnes,England,M
2021,22,Benzene,5615,Cheadle,385764.0,386654.0,J Sainsburys Supermarkets Ltd,23,Commercial,0.012766061,Tonnes,England,M
2021,22,Benzene,5616,Chelmsford - Springfield,573561.0,208907.0,J Sainsburys Supermarkets Ltd,23,Commercial,0.012766061,Tonnes,England,M
2021,22,Benzene,5617,Chertsey,504103.0,166802.0,J Sainsburys Supermarkets Ltd,23,Commercial,0.012766061,Tonnes,England,M
2021,22,Benzene,5618,Chesham,495977.0,201808.0,J Sainsburys Supermarkets Ltd,23,Commercial,0.012766061,Tonnes,England,M
2021,22,Benzene,5619,Chester,342964.0,365400.0,J Sainsburys Supermarkets Ltd,23,Commercial,0.012766061,Tonnes,England,M
2021,22,Benzene,5620,Chesterfield,439063.0,372937.0,J Sainsburys Supermarkets Ltd,23,Commercial,0.012766061,Tonnes,England,M
2021,22,Benzene,5621,Chichester,487566.0,105592.0,J Sainsburys Supermarkets Ltd,23,Commercial,0.012766061,Tonnes,England,M
2021,22,Benzene,5622,Chippenham,389861.0,172040.0,J Sainsburys Supermarkets Ltd,23,Commercial,0.012766061,Tonnes,England,M
2021,22,Benzene,5623,Cobham,510057.0,160827.0,J Sainsburys Supermarkets Ltd,23,Commercial,0.012766061,Tonnes,England,M
2021,22,Benzene,5624,Colchester - Stanway,595053.0,224314.0,J Sainsburys Supermarkets Ltd,23,Commercial,0.012766061,Tonnes,England,M
2021,22,Benzene,5625,Coleraine,101760.0,590619.0,J Sainsburys Supermarkets Ltd,23,Commercial,0.012766061,Tonnes,Northern Ireland,M
2021,22,Benzene,5626,Coventry - Canley,430090.0,278200.0,J Sainsburys Supermarkets Ltd,23,Commercial,0.012766061,Tonnes,England,M
2021,22,Benzene,5627,Coventry - Court House Green,435306.0,281281.0,J Sainsburys Supermarkets Ltd,23,Commercial,0.012766061,Tonnes,England,M
2021,22,Benzene,5628,Craigavon,115488.0,514736.0,J Sainsburys Supermarkets Ltd,23,Commercial,0.012766061,Tonnes,Northern Ireland,M
2021,22,Benzene,5629,Crayford,551500.0,174530.0,J Sainsburys Supermarkets Ltd,23,Commercial,0.012766061,Tonnes,England,M
2021,22,Benzene,5630,Croydon - Purley Way,531140.0,165747.0,J Sainsburys Supermarkets Ltd,23,Commercial,0.012766061,Tonnes,England,M
2021,22,Benzene,5631,Cwmbran,329292.0,195335.0,J Sainsburys Supermarkets Ltd,23,Commercial,0.012766061,Tonnes,Wales,M
2021,22,Benzene,5632,Derby - Kingsway,433057.0,336028.0,J Sainsburys Supermarkets Ltd,23,Commercial,0.012766061,Tonnes,England,M
2021,22,Benzene,5633,Dewsbury,424900.0,421400.0,J Sainsburys Supermarkets Ltd,23,Commercial,0.012766061,Tonnes,England,M
2021,22,Benzene,5634,Doncaster,461200.0,405700.0,J Sainsburys Supermarkets Ltd,23,Commercial,0.012766061,Tonnes,England,M
2021,22,Benzene,5635,Drumchapel,251610.0,670400.0,J Sainsburys Supermarkets Ltd,23,Commercial,0.012766061,Tonnes,Scotland,M
2021,22,Benzene,5636,Dundee,345000.0,732590.0,J Sainsburys Supermarkets Ltd,23,Commercial,0.012766061,Tonnes,Scotland,M
2021,22,Benzene,5637,Dunstable,502496.0,222128.0,J Sainsburys Supermarkets Ltd,23,Commercial,0.012766061,Tonnes,England,M
2021,22,Benzene,5638,Durham,427002.0,545817.0,J Sainsburys Supermarkets Ltd,23,Commercial,0.012766061,Tonnes,England,M
2021,22,Benzene,5639,East Kilbride,264080.0,656637.0,J Sainsburys Supermarkets Ltd,23,Commercial,0.012766061,Tonnes,Scotland,M
2021,22,Benzene,5640,Eastbourne - Hampden Park,560735.0,101611.0,J Sainsburys Supermarkets Ltd,23,Commercial,0.012766061,Tonnes,England,M
2021,22,Benzene,5641,Edinburgh - Blackhall,322612.0,674491.0,J Sainsburys Supermarkets Ltd,23,Commercial,0.012766061,Tonnes,Scotland,M
2021,22,Benzene,5642,Edinburgh - Straiton,327349.0,666380.0,J Sainsburys Supermarkets Ltd,23,Commercial,0.012766061,Tonnes,Scotland,M
2021,22,Benzene,5643,Ellesmere Port,341425.0,374338.0,J Sainsburys Supermarkets Ltd,23,Commercial,0.012766061,Tonnes,England,M
2021,22,Benzene,5644,Eltham,542950.0,174348.0,J Sainsburys Supermarkets Ltd,23,Commercial,0.012766061,Tonnes,England,M
2021,22,Benzene,5645,Enfield,534300.0,196430.0,J Sainsburys Supermarkets Ltd,23,Commercial,0.012766061,Tonnes,England,M
2021,22,Benzene,5646,Epsom - Kiln Lane,521421.0,161617.0,J Sainsburys Supermarkets Ltd,23,Commercial,0.012766061,Tonnes,England,M
2021,22,Benzene,5647,Exeter - Pinhoe Road,295555.0,93635.0,J Sainsburys Supermarkets Ltd,23,Commercial,0.012766061,Tonnes,England,M
2021,22,Benzene,5648,Exeter Alphington,291628.0,90761.0,J Sainsburys Supermarkets Ltd,23,Commercial,0.012766061,Tonnes,England,M
2021,22,Benzene,5649,Fareham - Broadcut,458109.0,106913.0,J Sainsburys Supermarkets Ltd,23,Commercial,0.012766061,Tonnes,England,M
2021,22,Benzene,5650,Farnham - Water Lane,485576.0,147606.0,J Sainsburys Supermarkets Ltd,23,Commercial,0.012766061,Tonnes,England,M
2021,22,Benzene,5651,Ferndown,408865.0,101314.0,J Sainsburys Supermarkets Ltd,23,Commercial,0.012766061,Tonnes,England,M
2021,22,Benzene,5652,Folkestone - West Park Farm,621661.0,137710.0,J Sainsburys Supermarkets Ltd,23,Commercial,0.012766061,Tonnes,England,M
2021,22,Benzene,5653,Forestside,147504.0,525847.0,J Sainsburys Supermarkets Ltd,23,Commercial,0.012766061,Tonnes,Northern Ireland,M
2021,22,Benzene,5654,Frome,376772.0,146337.0,J Sainsburys Supermarkets Ltd,23,Commercial,0.012766061,Tonnes,England,M
2021,22,Benzene,5655,Glasgow - Darnley,253130.0,659470.0,J Sainsburys Supermarkets Ltd,23,Commercial,0.012766061,Tonnes,Scotland,M
2021,22,Benzene,5656,Glen Road,463121.0,299921.0,J Sainsburys Supermarkets Ltd,23,Commercial,0.012766061,Tonnes,England,M
2021,22,Benzene,5657,Gloucester - Barnwood,386220.0,218534.0,J Sainsburys Supermarkets Ltd,23,Commercial,0.012766061,Tonnes,England,M
2021,22,Benzene,5658,Goldaming,497500.0,143800.0,J Sainsburys Supermarkets Ltd,23,Commercial,0.012766061,Tonnes,England,M
2021,22,Benzene,5659,Grimsby,526835.0,409947.0,J Sainsburys Supermarkets Ltd,23,Commercial,0.012766061,Tonnes,England,M
2021,22,Benzene,5660,Halifax,409505.0,425444.0,J Sainsburys Supermarkets Ltd,23,Commercial,0.012766061,Tonnes,England,M
2021,22,Benzene,5661,Hamilton,271328.0,656316.0,J Sainsburys Supermarkets Ltd,23,Commercial,0.012766061,Tonnes,Scotland,M
2021,22,Benzene,5662,Hampton - St Clares,513138.0,171844.0,J Sainsburys Supermarkets Ltd,23,Commercial,0.012766061,Tonnes,England,M
2021,22,Benzene,5663,Hanley,387838.0,347632.0,J Sainsburys Supermarkets Ltd,23,Commercial,0.012766061,Tonnes,England,M
2021,22,Benzene,5664,Harlow,544690.0,210400.0,J Sainsburys Supermarkets Ltd,23,Commercial,0.012766061,Tonnes,England,M
2021,22,Benzene,5665,Harringay,532065.0,188213.0,J Sainsburys Supermarkets Ltd,23,Commercial,0.012766061,Tonnes,England,M
2021,22,Benzene,5666,Harrogate,432825.0,454413.0,J Sainsburys Supermarkets Ltd,23,Commercial,0.012766061,Tonnes,England,M
2021,22,Benzene,5667,Hastings - Seddlescombe Road,579400.0,112700.0,J Sainsburys Supermarkets Ltd,23,Commercial,0.012766061,Tonnes,England,M
2021,22,Benzene,5668,Haverhill,565118.0,246266.0,J Sainsburys Supermarkets Ltd,23,Commercial,0.012766061,Tonnes,England,M
2021,22,Benzene,5669,Hayes,510712.0,180994.0,J Sainsburys Supermarkets Ltd,23,Commercial,0.012766061,Tonnes,England,M
2021,22,Benzene,5670,Heaton Park,384300.0,404500.0,J Sainsburys Supermarkets Ltd,23,Commercial,0.012766061,Tonnes,England,M
2021,22,Benzene,5671,Hempstead,579208.0,163410.0,J Sainsburys Supermarkets Ltd,23,Commercial,0.012766061,Tonnes,England,M
2021,22,Benzene,5672,Hendon,521713.0,188617.0,J Sainsburys Supermarkets Ltd,23,Commercial,0.012766061,Tonnes,England,M
2021,22,Benzene,5673,Hereford,350460.0,239831.0,J Sainsburys Supermarkets Ltd,23,Commercial,0.012766061,Tonnes,England,M
2021,22,Benzene,5674,Heyford Hill,453120.0,202893.0,J Sainsburys Supermarkets Ltd,23,Commercial,0.012766061,Tonnes,England,M
2021,22,Benzene,5675,Hitchin New,518741.0,229528.0,J Sainsburys Supermarkets Ltd,23,Commercial,0.012766061,Tonnes,England,M
2021,22,Benzene,5676,Hoddesdon,537445.0,208804.0,J Sainsburys Supermarkets Ltd,23,Commercial,0.012766061,Tonnes,England,M
2021,22,Benzene,5677,Holywood Exchange,148890.0,530889.0,J Sainsburys Supermarkets Ltd,23,Commercial,0.012766061,Tonnes,Northern Ireland,M
2021,22,Benzene,5678,Horley,528572.0,143751.0,J Sainsburys Supermarkets Ltd,23,Commercial,0.012766061,Tonnes,England,M
2021,22,Benzene,5679,Hornsey Rise,529800.0,187700.0,J Sainsburys Supermarkets Ltd,23,Commercial,0.012766061,Tonnes,England,M
2021,22,Benzene,5680,Horsham,516969.0,130605.0,J Sainsburys Supermarkets Ltd,23,Commercial,0.012766061,Tonnes,England,M
2021,22,Benzene,5681,Huddersfield - Shorehead,414904.0,416779.0,J Sainsburys Supermarkets Ltd,23,Commercial,0.012766061,Tonnes,England,M
2021,22,Benzene,5682,Hull,504300.0,426300.0,J Sainsburys Supermarkets Ltd,23,Commercial,0.012766061,Tonnes,England,M
2021,22,Benzene,5683,Huntingdon,523975.0,271948.0,J Sainsburys Supermarkets Ltd,23,Commercial,0.012766061,Tonnes,England,M
2021,22,Benzene,5684,Ipswich - Hadleigh Road,614821.0,244673.0,J Sainsburys Supermarkets Ltd,23,Commercial,0.012766061,Tonnes,England,M
2021,22,Benzene,5685,Ipswich - Warren Heath,619956.0,242425.0,J Sainsburys Supermarkets Ltd,23,Commercial,0.012766061,Tonnes,England,M
2021,22,Benzene,5686,Isle of Wight,449500.0,89300.0,J Sainsburys Supermarkets Ltd,23,Commercial,0.012766061,Tonnes,England,M
2021,22,Benzene,5687,Keighley,406338.0,441416.0,J Sainsburys Supermarkets Ltd,23,Commercial,0.012766061,Tonnes,England,M
2021,22,Benzene,5688,Kempshott,460167.0,148822.0,J Sainsburys Supermarkets Ltd,23,Commercial,0.012766061,Tonnes,England,M
2021,22,Benzene,5689,Kempston,503100.0,247600.0,J Sainsburys Supermarkets Ltd,23,Commercial,0.012766061,Tonnes,England,M
2021,22,Benzene,5690,Kettering,486600.0,279230.0,J Sainsburys Supermarkets Ltd,23,Commercial,0.012766061,Tonnes,England,M
2021,22,Benzene,5691,Kidderminster,382801.0,277122.0,J Sainsburys Supermarkets Ltd,23,Commercial,0.012766061,Tonnes,England,M
2021,22,Benzene,5692,Kidlington,449903.0,212403.0,J Sainsburys Supermarkets Ltd,23,Commercial,0.012766061,Tonnes,England,M
2021,22,Benzene,5693,Kirkcaldy,325200.0,693300.0,J Sainsburys Supermarkets Ltd,23,Commercial,0.012766061,Tonnes,Scotland,M
2021,22,Benzene,5694,Ladbrook Grove,523821.0,182345.0,J Sainsburys Supermarkets Ltd,23,Commercial,0.012766061,Tonnes,England,M
2021,22,Benzene,5695,Leamington Spa,431250.0,264250.0,J Sainsburys Supermarkets Ltd,23,Commercial,0.012766061,Tonnes,England,M
2021,22,Benzene,5696,Leeds,428429.0,429461.0,J Sainsburys Supermarkets Ltd,23,Commercial,0.012766061,Tonnes,England,M
2021,22,Benzene,5697,Leicester - Belgrave Road,459321.0,305879.0,J Sainsburys Supermarkets Ltd,23,Commercial,0.012766061,Tonnes,England,M
2021,22,Benzene,5698,Leicester - Fosse Park,455387.0,300403.0,J Sainsburys Supermarkets Ltd,23,Commercial,0.012766061,Tonnes,England,M
2021,22,Benzene,5699,Leigh,365000.0,400300.0,J Sainsburys Supermarkets Ltd,23,Commercial,0.012766061,Tonnes,England,M
2021,22,Benzene,5700,Letchworth,523520.0,232880.0,J Sainsburys Supermarkets Ltd,23,Commercial,0.012766061,Tonnes,England,M
2021,22,Benzene,5701,Leven,337800.0,700600.0,J Sainsburys Supermarkets Ltd,23,Commercial,0.012766061,Tonnes,Scotland,M
2021,22,Benzene,5702,Lincoln,494846.0,368439.0,J Sainsburys Supermarkets Ltd,23,Commercial,0.012766061,Tonnes,England,M
2021,22,Benzene,5703,Liphook,484160.0,131373.0,J Sainsburys Supermarkets Ltd,23,Commercial,0.012766061,Tonnes,England,M
2021,22,Benzene,5704,Liverpool - East Prescott Road,340421.0,391221.0,J Sainsburys Supermarkets Ltd,23,Commercial,0.012766061,Tonnes,England,M
2021,22,Benzene,5705,Liverpool - Rice Lane,336204.0,395329.0,J Sainsburys Supermarkets Ltd,23,Commercial,0.012766061,Tonnes,England,M
2021,22,Benzene,5706,London Colney,518495.0,203610.0,J Sainsburys Supermarkets Ltd,23,Commercial,0.012766061,Tonnes,England,M
2021,22,Benzene,5707,Loughborough,453471.0,319757.0,J Sainsburys Supermarkets Ltd,23,Commercial,0.012766061,Tonnes,England,M
2021,22,Benzene,5708,Low Hall,537128.0,191301.0,J Sainsburys Supermarkets Ltd,23,Commercial,0.012766061,Tonnes,England,M
2021,22,Benzene,5709,Luton - Bramingham Park,507553.0,225707.0,J Sainsburys Supermarkets Ltd,23,Commercial,0.012766061,Tonnes,England,M
2021,22,Benzene,5710,Maidstone - Larkfield,572301.0,157473.0,J Sainsburys Supermarkets Ltd,23,Commercial,0.012766061,Tonnes,England,M
2021,22,Benzene,5711,Manchester - Denton,391290.0,395300.0,J Sainsburys Supermarkets Ltd,23,Commercial,0.012766061,Tonnes,England,M
2021,22,Benzene,5712,Market Harborough,473500.0,287170.0,J Sainsburys Supermarkets Ltd,23,Commercial,0.012766061,Tonnes,England,M
2021,22,Benzene,5713,Meadowhall,439307.0,391033.0,J Sainsburys Supermarkets Ltd,23,Commercial,0.012766061,Tonnes,England,M
2021,22,Benzene,5714,Melksham,390400.0,164000.0,J Sainsburys Supermarkets Ltd,23,Commercial,0.012766061,Tonnes,England,M
2021,22,Benzene,5715,Merton,526500.0,170110.0,J Sainsburys Supermarkets Ltd,23,Commercial,0.012766061,Tonnes,England,M
2021,22,Benzene,5716,Middlesbrough,449050.0,520429.0,J Sainsburys Supermarkets Ltd,23,Commercial,0.012766061,Tonnes,England,M
2021,22,Benzene,5717,Monks Cross,462411.0,454953.0,J Sainsburys Supermarkets Ltd,23,Commercial,0.012766061,Tonnes,England,M
2021,22,Benzene,5718,Nantwich,366300.0,353600.0,J Sainsburys Supermarkets Ltd,23,Commercial,0.012766061,Tonnes,England,M
2021,22,Benzene,5719,New Cross Gate,536005.0,176894.0,J Sainsburys Supermarkets Ltd,23,Commercial,0.012766061,Tonnes,England,M
2021,22,Benzene,5720,Newbury,447407.0,166877.0,J Sainsburys Supermarkets Ltd,23,Commercial,0.012766061,Tonnes,England,M
2021,22,Benzene,5721,Newhaven Habour,545200.0,101500.0,J Sainsburys Supermarkets Ltd,23,Commercial,0.012766061,Tonnes,England,M
2021,22,Benzene,5722,Newport,331131.0,188627.0,J Sainsburys Supermarkets Ltd,23,Commercial,0.012766061,Tonnes,Wales,M
2021,22,Benzene,5723,Newton Abbott,287079.0,70421.0,J Sainsburys Supermarkets Ltd,23,Commercial,0.012766061,Tonnes,England,M
2021,22,Benzene,5724,Nine Elms,530049.0,177541.0,J Sainsburys Supermarkets Ltd,23,Commercial,0.012766061,Tonnes,England,M
2021,22,Benzene,5725,North Cheam,523598.0,165107.0,J Sainsburys Supermarkets Ltd,23,Commercial,0.012766061,Tonnes,England,M
2021,22,Benzene,5726,North Walsham,628400.0,330700.0,J Sainsburys Supermarkets Ltd,23,Commercial,0.012766061,Tonnes,England,M
2021,22,Benzene,5727,Northampton - Weedon Road,472798.0,260694.0,J Sainsburys Supermarkets Ltd,23,Commercial,0.012766061,Tonnes,England,M
2021,22,Benzene,5728,Northfleet - Pepper Hill,562200.0,172700.0,J Sainsburys Supermarkets Ltd,23,Commercial,0.012766061,Tonnes,England,M
2021,22,Benzene,5729,Northwich,366100.0,374100.0,J Sainsburys Supermarkets Ltd,23,Commercial,0.012766061,Tonnes,England,M
2021,22,Benzene,5730,Norwich - Longwater Lane,615400.0,310900.0,J Sainsburys Supermarkets Ltd,23,Commercial,0.012766061,Tonnes,England,M
2021,22,Benzene,5731,Norwich - Pound Lane,627591.0,308932.0,J Sainsburys Supermarkets Ltd,23,Commercial,0.012766061,Tonnes,England,M
2021,22,Benzene,5732,Norwich - Queens Road,623058.0,307728.0,J Sainsburys Supermarkets Ltd,23,Commercial,0.012766061,Tonnes,England,M
2021,22,Benzene,5733,Nottingham - Castle Boulevard,456100.0,338900.0,J Sainsburys Supermarkets Ltd,23,Commercial,0.012766061,Tonnes,England,M
2021,22,Benzene,5734,Nottingham - Kimberley,450024.0,344630.0,J Sainsburys Supermarkets Ltd,23,Commercial,0.012766061,Tonnes,England,M
2021,22,Benzene,5735,Oldbury,398920.0,289620.0,J Sainsburys Supermarkets Ltd,23,Commercial,0.012766061,Tonnes,England,M
2021,22,Benzene,5736,Paignton,286520.0,59052.0,J Sainsburys Supermarkets Ltd,23,Commercial,0.012766061,Tonnes,England,M
2021,22,Benzene,5737,Peterborough,521375.0,300405.0,J Sainsburys Supermarkets Ltd,23,Commercial,0.012766061,Tonnes,England,M
2021,22,Benzene,5738,Plymouth - Marsh Mills,251761.0,56427.0,J Sainsburys Supermarkets Ltd,23,Commercial,0.012766061,Tonnes,England,M
2021,22,Benzene,5739,Poole - Talbot Heath,406137.0,93363.0,J Sainsburys Supermarkets Ltd,23,Commercial,0.012766061,Tonnes,England,M
2021,22,Benzene,5740,Portsmouth - Farlington,467797.0,105010.0,J Sainsburys Supermarkets Ltd,23,Commercial,0.012766061,Tonnes,England,M
2021,22,Benzene,5741,Preston,354800.0,431200.0,J Sainsburys Supermarkets Ltd,23,Commercial,0.012766061,Tonnes,England,M
2021,22,Benzene,5742,Preston - Bamber Bridge,355900.0,425300.0,J Sainsburys Supermarkets Ltd,23,Commercial,0.012766061,Tonnes,England,M
2021,22,Benzene,5743,Queenstown Road,528707.0,176953.0,J Sainsburys Supermarkets Ltd,23,Commercial,0.012766061,Tonnes,England,M
2021,22,Benzene,5744,Rayleigh Weir,580500.0,189300.0,J Sainsburys Supermarkets Ltd,23,Commercial,0.012766061,Tonnes,England,M
2021,22,Benzene,5745,Redditch,404090.0,268400.0,J Sainsburys Supermarkets Ltd,23,Commercial,0.012766061,Tonnes,England,M
2021,22,Benzene,5746,Rhyl,302679.0,378421.0,J Sainsburys Supermarkets Ltd,23,Commercial,0.012766061,Tonnes,Wales,M
2021,22,Benzene,5747,Richmond,518906.0,175218.0,J Sainsburys Supermarkets Ltd,23,Commercial,0.012766061,Tonnes,England,M
2021,22,Benzene,5748,Ripley,440416.0,351048.0,J Sainsburys Supermarkets Ltd,23,Commercial,0.012766061,Tonnes,England,M
2021,22,Benzene,5749,Roehampton,522486.0,173703.0,J Sainsburys Supermarkets Ltd,23,Commercial,0.012766061,Tonnes,England,M
2021,22,Benzene,5750,Rugby,449536.0,272964.0,J Sainsburys Supermarkets Ltd,23,Commercial,0.012766061,Tonnes,England,M
2021,22,Benzene,5751,Salford,382321.0,397884.0,J Sainsburys Supermarkets Ltd,23,Commercial,0.012766061,Tonnes,England,M
2021,22,Benzene,5752,Selby Road,437329.0,433322.0,J Sainsburys Supermarkets Ltd,23,Commercial,0.012766061,Tonnes,England,M
2021,22,Benzene,5753,Sevenoaks,552824.0,157089.0,J Sainsburys Supermarkets Ltd,23,Commercial,0.012766061,Tonnes,England,M
2021,22,Benzene,5754,Shrewsbury,349110.0,310300.0,J Sainsburys Supermarkets Ltd,23,Commercial,0.012766061,Tonnes,England,M
2021,22,Benzene,5755,Solihull - Marshall Lake,412269.0,278270.0,J Sainsburys Supermarkets Ltd,23,Commercial,0.012766061,Tonnes,England,M
2021,22,Benzene,5756,South Ruislip,511227.0,185421.0,J Sainsburys Supermarkets Ltd,23,Commercial,0.012766061,Tonnes,England,M
2021,22,Benzene,5757,Southampton - Hedge End,448416.0,113931.0,J Sainsburys Supermarkets Ltd,23,Commercial,0.012766061,Tonnes,England,M
2021,22,Benzene,5758,Southampton - Lords Hill,438800.0,115800.0,J Sainsburys Supermarkets Ltd,23,Commercial,0.012766061,Tonnes,England,M
2021,22,Benzene,5759,St Albans,514407.0,206354.0,J Sainsburys Supermarkets Ltd,23,Commercial,0.012766061,Tonnes,England,M
2021,22,Benzene,5760,Stafford,391800.0,323400.0,J Sainsburys Supermarkets Ltd,23,Commercial,0.012766061,Tonnes,England,M
2021,22,Benzene,5761,Staines,502800.0,171500.0,J Sainsburys Supermarkets Ltd,23,Commercial,0.012766061,Tonnes,England,M
2021,22,Benzene,5762,Stevenage,526950.0,223300.0,J Sainsburys Supermarkets Ltd,23,Commercial,0.012766061,Tonnes,England,M
2021,22,Benzene,5763,Stevenage - Coreys Mill,522810.0,226116.0,J Sainsburys Supermarkets Ltd,23,Commercial,0.012766061,Tonnes,England,M
2021,22,Benzene,5764,Stourbridge - Amblecote,391203.0,285543.0,J Sainsburys Supermarkets Ltd,23,Commercial,0.012766061,Tonnes,England,M
2021,22,Benzene,5765,Stratton,418900.0,186550.0,J Sainsburys Supermarkets Ltd,23,Commercial,0.012766061,Tonnes,England,M
2021,22,Benzene,5766,Street,347348.0,136552.0,J Sainsburys Supermarkets Ltd,23,Commercial,0.012766061,Tonnes,England,M
2021,22,Benzene,5767,Sunderland,438338.0,554865.0,J Sainsburys Supermarkets Ltd,23,Commercial,0.012766061,Tonnes,England,M
2021,22,Benzene,5768,Swadlincote,429800.0,319810.0,J Sainsburys Supermarkets Ltd,23,Commercial,0.012766061,Tonnes,England,M
2021,22,Benzene,5769,Swansea,266036.0,193064.0,J Sainsburys Supermarkets Ltd,23,Commercial,0.012766061,Tonnes,Wales,M
2021,22,Benzene,5770,Sydenham,536510.0,171900.0,J Sainsburys Supermarkets Ltd,23,Commercial,0.012766061,Tonnes,England,M
2021,22,Benzene,5771,Tamworth,419947.0,303328.0,J Sainsburys Supermarkets Ltd,23,Commercial,0.012766061,Tonnes,England,M
2021,22,Benzene,5772,Taunton - Hankridge Farm,325194.0,125495.0,J Sainsburys Supermarkets Ltd,23,Commercial,0.012766061,Tonnes,England,M
2021,22,Benzene,5773,Telford,369423.0,309471.0,J Sainsburys Supermarkets Ltd,23,Commercial,0.012766061,Tonnes,England,M
2021,22,Benzene,5774,Tewkesbury Road,392961.0,224470.0,J Sainsburys Supermarkets Ltd,23,Commercial,0.012766061,Tonnes,England,M
2021,22,Benzene,5775,Thame,471280.0,205446.0,J Sainsburys Supermarkets Ltd,23,Commercial,0.012766061,Tonnes,England,M
2021,22,Benzene,5776,Thanet,636464.0,167564.0,J Sainsburys Supermarkets Ltd,23,Commercial,0.012766061,Tonnes,England,M
2021,22,Benzene,5777,Thetford,585300.0,282000.0,J Sainsburys Supermarkets Ltd,23,Commercial,0.012766061,Tonnes,England,M
2021,22,Benzene,5778,Thorley,547700.0,219900.0,J Sainsburys Supermarkets Ltd,23,Commercial,0.012766061,Tonnes,England,M
2021,22,Benzene,5779,Tonbridge,559086.0,146131.0,J Sainsburys Supermarkets Ltd,23,Commercial,0.012766061,Tonnes,England,M
2021,22,Benzene,5780,Torquay,289700.0,66400.0,J Sainsburys Supermarkets Ltd,23,Commercial,0.012766061,Tonnes,England,M
2021,22,Benzene,5781,Truro,181490.0,44624.0,J Sainsburys Supermarkets Ltd,23,Commercial,0.012766061,Tonnes,England,M
2021,22,Benzene,5782,Tunbridge Wells,558000.0,138500.0,J Sainsburys Supermarkets Ltd,23,Commercial,0.012766061,Tonnes,England,M
2021,22,Benzene,5783,Wakefield,433100.0,420213.0,J Sainsburys Supermarkets Ltd,23,Commercial,0.012766061,Tonnes,England,M
2021,22,Benzene,5784,Walsall - Reedswood,400000.0,299800.0,J Sainsburys Supermarkets Ltd,23,Commercial,0.012766061,Tonnes,England,M
2021,22,Benzene,5785,Warrington,361265.0,388365.0,J Sainsburys Supermarkets Ltd,23,Commercial,0.012766061,Tonnes,England,M
2021,22,Benzene,5786,Washington,430012.0,556250.0,J Sainsburys Supermarkets Ltd,23,Commercial,0.012766061,Tonnes,England,M
2021,22,Benzene,5787,Watford - Dome Roundabout,510359.0,200605.0,J Sainsburys Supermarkets Ltd,23,Commercial,0.012766061,Tonnes,England,M
2021,22,Benzene,5788,Wednesfield,394200.0,299900.0,J Sainsburys Supermarkets Ltd,23,Commercial,0.012766061,Tonnes,England,M
2021,22,Benzene,5789,Wellingborough,487300.0,266790.0,J Sainsburys Supermarkets Ltd,23,Commercial,0.012766061,Tonnes,England,M
2021,22,Benzene,5790,West Green,526600.0,137428.0,J Sainsburys Supermarkets Ltd,23,Commercial,0.012766061,Tonnes,England,M
2021,22,Benzene,5791,West Hove,526487.0,106219.0,J Sainsburys Supermarkets Ltd,23,Commercial,0.012766061,Tonnes,England,M
2021,22,Benzene,5792,Whitechapel,534737.0,182001.0,J Sainsburys Supermarkets Ltd,23,Commercial,0.012766061,Tonnes,England,M
2021,22,Benzene,5793,Whitley Bay,433349.0,572367.0,J Sainsburys Supermarkets Ltd,23,Commercial,0.012766061,Tonnes,England,M
2021,22,Benzene,5794,Whitstable,613200.0,166500.0,J Sainsburys Supermarkets Ltd,23,Commercial,0.012766061,Tonnes,England,M
2021,22,Benzene,5795,Wigan,356545.0,402684.0,J Sainsburys Supermarkets Ltd,23,Commercial,0.012766061,Tonnes,England,M
2021,22,Benzene,5796,Winchester - Badger Farm,446200.0,127600.0,J Sainsburys Supermarkets Ltd,23,Commercial,0.012766061,Tonnes,England,M
2021,22,Benzene,5797,Wirral - Upton,327591.0,385909.0,J Sainsburys Supermarkets Ltd,23,Commercial,0.012766061,Tonnes,England,M
2021,22,Benzene,5798,Woking - Brookwood,495965.0,157845.0,J Sainsburys Supermarkets Ltd,23,Commercial,0.012766061,Tonnes,England,M
2021,22,Benzene,5799,Wolverhampton - Perton,386303.0,299617.0,J Sainsburys Supermarkets Ltd,23,Commercial,0.012766061,Tonnes,England,M
2021,22,Benzene,5800,Worksop,457023.0,379651.0,J Sainsburys Supermarkets Ltd,23,Commercial,0.012766061,Tonnes,England,M
2021,22,Benzene,5801,Worle,336616.0,162950.0,J Sainsburys Supermarkets Ltd,23,Commercial,0.012766061,Tonnes,England,M
2021,22,Benzene,5802,Worthing - Lyons Farm,515218.0,105357.0,J Sainsburys Supermarkets Ltd,23,Commercial,0.012766061,Tonnes,England,M
2021,22,Benzene,5803,Wrexham,332788.0,351546.0,J Sainsburys Supermarkets Ltd,23,Commercial,0.012766061,Tonnes,Wales,M
2021,22,Benzene,5804,Aberdeen,394200.0,806900.0,Safeway Stores Ltd,23,Commercial,0.005974717,Tonnes,Scotland,M
2021,22,Benzene,5805,Abergavenny Llanfoist,329226.0,213752.0,Safeway Stores Ltd,23,Commercial,0.005974717,Tonnes,Wales,M
2021,22,Benzene,5806,Aberystwyth,259626.0,280658.0,Safeway Stores Ltd,23,Commercial,0.005974717,Tonnes,Wales,M
2021,22,Benzene,5807,Airdrie,276400.0,665400.0,Safeway Stores Ltd,23,Commercial,0.005974717,Tonnes,Scotland,M
2021,22,Benzene,5808,Alloa,289700.0,692695.0,Safeway Stores Ltd,23,Commercial,0.005974717,Tonnes,Scotland,M
2021,22,Benzene,5809,Alness,265994.0,869199.0,Safeway Stores Ltd,23,Commercial,0.005974717,Tonnes,Scotland,M
2021,22,Benzene,5810,Anniesland,254950.0,669100.0,Safeway Stores Ltd,23,Commercial,0.005974717,Tonnes,Scotland,M
2021,22,Benzene,5811,Arbroath,364011.0,741111.0,Safeway Stores Ltd,23,Commercial,0.005974717,Tonnes,Scotland,M
2021,22,Benzene,5812,Ayr,234021.0,621103.0,Safeway Stores Ltd,23,Commercial,0.005974717,Tonnes,Scotland,M
2021,22,Benzene,5813,Baillieston,268380.0,664050.0,Safeway Stores Ltd,23,Commercial,0.005974717,Tonnes,Scotland,M
2021,22,Benzene,5814,Banchory,371100.0,796100.0,Safeway Stores Ltd,23,Commercial,0.005974717,Tonnes,Scotland,M
2021,22,Benzene,5815,Barry,313921.0,169132.0,Safeway Stores Ltd,23,Commercial,0.005974717,Tonnes,Wales,M
2021,22,Benzene,5816,Basingstoke,462500.0,151900.0,Safeway Stores Ltd,23,Commercial,0.005974717,Tonnes,England,M
2021,22,Benzene,5817,Beccles,642713.0,291059.0,Safeway Stores Ltd,23,Commercial,0.005974717,Tonnes,England,M
2021,22,Benzene,5818,Bellshill,273400.0,660200.0,Safeway Stores Ltd,23,Commercial,0.005974717,Tonnes,Scotland,M
2021,22,Benzene,5819,Belper,434561.0,347143.0,Safeway Stores Ltd,23,Commercial,0.005974717,Tonnes,England,M
2021,22,Benzene,5820,Berwick,399402.0,654298.0,Safeway Stores Ltd,23,Commercial,0.005974717,Tonnes,England,M
2021,22,Benzene,5821,Bideford 2,245304.0,127188.0,Safeway Stores Ltd,23,Commercial,0.005974717,Tonnes,England,M
2021,22,Benzene,5822,Bodmin,208006.0,66659.0,Safeway Stores Ltd,23,Commercial,0.005974717,Tonnes,England,M
2021,22,Benzene,5823,Bredbury,392451.0,391659.0,Safeway Stores Ltd,23,Commercial,0.005974717,Tonnes,England,M
2021,22,Benzene,5824,Bridgwater 2,329800.0,136600.0,Safeway Stores Ltd,23,Commercial,0.005974717,Tonnes,England,M
2021,22,Benzene,5825,Bridlington,517100.0,466300.0,Safeway Stores Ltd,23,Commercial,0.005974717,Tonnes,England,M
2021,22,Benzene,5826,Bridport,346764.0,92036.0,Safeway Stores Ltd,23,Commercial,0.005974717,Tonnes,England,M
2021,22,Benzene,5827,Bromsgrove,395700.0,268500.0,Safeway Stores Ltd,23,Commercial,0.005974717,Tonnes,England,M
2021,22,Benzene,5828,Bude,221089.0,106411.0,Safeway Stores Ltd,23,Commercial,0.005974717,Tonnes,England,M
2021,22,Benzene,5829,Burntwood,404100.0,308500.0,Safeway Stores Ltd,23,Commercial,0.005974717,Tonnes,England,M
2021,22,Benzene,5830,Buxton,406500.0,372900.0,Safeway Stores Ltd,23,Commercial,0.005974717,Tonnes,England,M
2021,22,Benzene,5831,Caernarfon,248317.0,363594.0,Safeway Stores Ltd,23,Commercial,0.005974717,Tonnes,Wales,M
2021,22,Benzene,5832,Caerphilly,315704.0,187049.0,Safeway Stores Ltd,23,Commercial,0.005974717,Tonnes,Wales,M
2021,22,Benzene,5833,Cambuslang 2,264032.0,660703.0,Safeway Stores Ltd,23,Commercial,0.005974717,Tonnes,Scotland,M
2021,22,Benzene,5834,Camden,528725.0,184167.0,Safeway Stores Ltd,23,Commercial,0.005974717,Tonnes,England,M
2021,22,Benzene,5835,Canvey Island,577133.0,183790.0,Safeway Stores Ltd,23,Commercial,0.005974717,Tonnes,England,M
2021,22,Benzene,5836,Cardiff Tyglas,316700.0,181500.0,Safeway Stores Ltd,23,Commercial,0.005974717,Tonnes,Wales,M
2021,22,Benzene,5837,Carmarthen,241136.0,218765.0,Safeway Stores Ltd,23,Commercial,0.005974717,Tonnes,Wales,M
2021,22,Benzene,5838,Castle Bromwich,416187.0,289071.0,Safeway Stores Ltd,23,Commercial,0.005974717,Tonnes,England,M
2021,22,Benzene,5839,Chafford Hundred,558921.0,178721.0,Safeway Stores Ltd,23,Commercial,0.005974717,Tonnes,England,M
2021,22,Benzene,5840,Chapel En Le Frith,430255.0,436965.0,Safeway Stores Ltd,23,Commercial,0.005974717,Tonnes,England,M
2021,22,Benzene,5841,Chester,340625.0,368596.0,Safeway Stores Ltd,23,Commercial,0.005974717,Tonnes,England,M
2021,22,Benzene,5842,Chesterfield,436416.0,370669.0,Safeway Stores Ltd,23,Commercial,0.005974717,Tonnes,England,M
2021,22,Benzene,5843,Chippenham 2,392158.0,173361.0,Safeway Stores Ltd,23,Commercial,0.005974717,Tonnes,England,M
2021,22,Benzene,5844,Clacton 2,617140.0,218068.0,Safeway Stores Ltd,23,Commercial,0.005974717,Tonnes,England,M
2021,22,Benzene,5845,Coleraine,102803.0,592237.0,Safeway Stores Ltd,23,Commercial,0.005974717,Tonnes,Northern Ireland,M
2021,22,Benzene,5846,Consett,410656.0,550343.0,Safeway Stores Ltd,23,Commercial,0.005974717,Tonnes,England,M
2021,22,Benzene,5847,Cookstown,93836.0,536968.0,Safeway Stores Ltd,23,Commercial,0.005974717,Tonnes,Northern Ireland,M
2021,22,Benzene,5848,Corby,487863.0,287647.0,Safeway Stores Ltd,23,Commercial,0.005974717,Tonnes,England,M
2021,22,Benzene,5849,Coulby Newham,449930.0,514810.0,Safeway Stores Ltd,23,Commercial,0.005974717,Tonnes,England,M
2021,22,Benzene,5850,Coventry,431902.0,279485.0,Safeway Stores Ltd,23,Commercial,0.005974717,Tonnes,England,M
2021,22,Benzene,5851,Coventry 2,434993.0,277093.0,Safeway Stores Ltd,23,Commercial,0.005974717,Tonnes,England,M
2021,22,Benzene,5852,Cowgate,421975.0,566074.0,Safeway Stores Ltd,23,Commercial,0.005974717,Tonnes,England,M
2021,22,Benzene,5853,Cramlington 2,426307.0,576868.0,Safeway Stores Ltd,23,Commercial,0.005974717,Tonnes,England,M
2021,22,Benzene,5854,Crewe,370778.0,355378.0,Safeway Stores Ltd,23,Commercial,0.005974717,Tonnes,England,M
2021,22,Benzene,5855,Denbigh,304876.0,365900.0,Safeway Stores Ltd,23,Commercial,0.005974717,Tonnes,Wales,M
2021,22,Benzene,5856,Dinnington,453301.0,385889.0,Safeway Stores Ltd,23,Commercial,0.005974717,Tonnes,England,M
2021,22,Benzene,5857,Diss,611695.0,279498.0,Safeway Stores Ltd,23,Commercial,0.005974717,Tonnes,England,M
2021,22,Benzene,5858,Downpatrick,158440.0,498685.0,Safeway Stores Ltd,23,Commercial,0.005974717,Tonnes,Northern Ireland,M
2021,22,Benzene,5859,Dumbarton Glasgow Road,240121.0,675073.0,Safeway Stores Ltd,23,Commercial,0.005974717,Tonnes,Scotland,M
2021,22,Benzene,5860,Dumfries,298122.0,576148.0,Safeway Stores Ltd,23,Commercial,0.005974717,Tonnes,Scotland,M
2021,22,Benzene,5861,Eastwood,446200.0,346900.0,Safeway Stores Ltd,23,Commercial,0.005974717,Tonnes,England,M
2021,22,Benzene,5862,Ecclesall Road,434523.0,386338.0,Safeway Stores Ltd,23,Commercial,0.005974717,Tonnes,England,M
2021,22,Benzene,5863,Ellesmere Port,339820.0,374945.0,Safeway Stores Ltd,23,Commercial,0.005974717,Tonnes,England,M
2021,22,Benzene,5864,Evesham,404295.0,241992.0,Safeway Stores Ltd,23,Commercial,0.005974717,Tonnes,England,M
2021,22,Benzene,5865,Fakenham,593400.0,330700.0,Safeway Stores Ltd,23,Commercial,0.005974717,Tonnes,England,M
2021,22,Benzene,5866,Felixstowe,628665.0,234821.0,Safeway Stores Ltd,23,Commercial,0.005974717,Tonnes,England,M
2021,22,Benzene,5867,Ferry Road,323366.0,676131.0,Safeway Stores Ltd,23,Commercial,0.005974717,Tonnes,Scotland,M
2021,22,Benzene,5868,Fishponds,363164.0,175672.0,Safeway Stores Ltd,23,Commercial,0.005974717,Tonnes,England,M
2021,22,Benzene,5869,Fleet,479600.0,155200.0,Safeway Stores Ltd,23,Commercial,0.005974717,Tonnes,England,M
2021,22,Benzene,5870,Fort William,210500.0,774400.0,Safeway Stores Ltd,23,Commercial,0.005974717,Tonnes,Scotland,M
2021,22,Benzene,5871,Gamston,460547.0,336684.0,Safeway Stores Ltd,23,Commercial,0.005974717,Tonnes,England,M
2021,22,Benzene,5872,Garforth,440765.0,433659.0,Safeway Stores Ltd,23,Commercial,0.005974717,Tonnes,England,M
2021,22,Benzene,5873,Glastonbury,349730.0,138710.0,Safeway Stores Ltd,23,Commercial,0.005974717,Tonnes,England,M
2021,22,Benzene,5874,Glenrothes 2,327350.0,701080.0,Safeway Stores Ltd,23,Commercial,0.005974717,Tonnes,Scotland,M
2021,22,Benzene,5875,Grantham,491709.0,335431.0,Safeway Stores Ltd,23,Commercial,0.005974717,Tonnes,England,M
2021,22,Benzene,5876,Gravesend,563749.0,171641.0,Safeway Stores Ltd,23,Commercial,0.005974717,Tonnes,England,M
2021,22,Benzene,5877,Greenock,228400.0,675700.0,Safeway Stores Ltd,23,Commercial,0.005974717,Tonnes,Scotland,M
2021,22,Benzene,5878,Gyle,317977.0,672533.0,Safeway Stores Ltd,23,Commercial,0.005974717,Tonnes,Scotland,M
2021,22,Benzene,5879,Hamilton 2,270422.0,655229.0,Safeway Stores Ltd,23,Commercial,0.005974717,Tonnes,Scotland,M
2021,22,Benzene,5880,Harwich,623709.0,232110.0,Safeway Stores Ltd,23,Commercial,0.005974717,Tonnes,England,M
2021,22,Benzene,5881,Harwood,373892.0,411984.0,Safeway Stores Ltd,23,Commercial,0.005974717,Tonnes,England,M
2021,22,Benzene,5882,Hastings,581887.0,109809.0,Safeway Stores Ltd,23,Commercial,0.005974717,Tonnes,England,M
2021,22,Benzene,5883,Haverfordwest,195403.0,216272.0,Safeway Stores Ltd,23,Commercial,0.005974717,Tonnes,Wales,M
2021,22,Benzene,5884,Hawick,350606.0,615120.0,Safeway Stores Ltd,23,Commercial,0.005974717,Tonnes,Scotland,M
2021,22,Benzene,5885,Heaton,427000.0,566900.0,Safeway Stores Ltd,23,Commercial,0.005974717,Tonnes,England,M
2021,22,Benzene,5886,Hedon,503211.0,439726.0,Safeway Stores Ltd,23,Commercial,0.005974717,Tonnes,England,M
2021,22,Benzene,5887,High Wycombe,486292.0,193598.0,Safeway Stores Ltd,23,Commercial,0.005974717,Tonnes,England,M
2021,22,Benzene,5888,Hinckley,442105.0,295505.0,Safeway Stores Ltd,23,Commercial,0.005974717,Tonnes,England,M
2021,22,Benzene,5889,Horndean,470162.0,112550.0,Safeway Stores Ltd,23,Commercial,0.005974717,Tonnes,England,M
2021,22,Benzene,5890,Ingleby Barwick,444100.0,513800.0,Safeway Stores Ltd,23,Commercial,0.005974717,Tonnes,England,M
2021,22,Benzene,5891,Inverness 3,267061.0,845417.0,Safeway Stores Ltd,23,Commercial,0.005974717,Tonnes,Scotland,M
2021,22,Benzene,5892,Inverurie,376200.0,821700.0,Safeway Stores Ltd,23,Commercial,0.005974717,Tonnes,Scotland,M
2021,22,Benzene,5893,Kilmarnock,242632.0,636951.0,Safeway Stores Ltd,23,Commercial,0.005974717,Tonnes,Scotland,M
2021,22,Benzene,5894,Kingswinford,388920.0,289872.0,Safeway Stores Ltd,23,Commercial,0.005974717,Tonnes,England,M
2021,22,Benzene,5895,Lake,457823.0,83304.0,Safeway Stores Ltd,23,Commercial,0.005974717,Tonnes,England,M
2021,22,Benzene,5896,Leeds Swinnow Road,424049.0,434435.0,Safeway Stores Ltd,23,Commercial,0.005974717,Tonnes,England,M
2021,22,Benzene,5897,Leek,398838.0,354937.0,Safeway Stores Ltd,23,Commercial,0.005974717,Tonnes,England,M
2021,22,Benzene,5898,Leicester,458745.0,302834.0,Safeway Stores Ltd,23,Commercial,0.005974717,Tonnes,England,M
2021,22,Benzene,5899,Leighton Buzzard,492506.0,224941.0,Safeway Stores Ltd,23,Commercial,0.005974717,Tonnes,England,M
2021,22,Benzene,5900,Leominster,348403.0,258712.0,Safeway Stores Ltd,23,Commercial,0.005974717,Tonnes,England,M
2021,22,Benzene,5901,Lichfield,411014.0,310004.0,Safeway Stores Ltd,23,Commercial,0.005974717,Tonnes,England,M
2021,22,Benzene,5902,Lincoln,498863.0,373537.0,Safeway Stores Ltd,23,Commercial,0.005974717,Tonnes,England,M
2021,22,Benzene,5903,Lindsayfield,261144.0,652967.0,Safeway Stores Ltd,23,Commercial,0.005974717,Tonnes,Scotland,M
2021,22,Benzene,5904,Liskeard,226032.0,63723.0,Safeway Stores Ltd,23,Commercial,0.005974717,Tonnes,England,M
2021,22,Benzene,5905,Livingston 2,305058.0,666773.0,Safeway Stores Ltd,23,Commercial,0.005974717,Tonnes,Scotland,M
2021,22,Benzene,5906,Loughborough,451300.0,320250.0,Safeway Stores Ltd,23,Commercial,0.005974717,Tonnes,England,M
2021,22,Benzene,5907,Lowestoft,653137.0,289456.0,Safeway Stores Ltd,23,Commercial,0.005974717,Tonnes,England,M
2021,22,Benzene,5908,Maidstone,577878.0,152727.0,Safeway Stores Ltd,23,Commercial,0.005974717,Tonnes,England,M
2021,22,Benzene,5909,Maldon,584100.0,205700.0,Safeway Stores Ltd,23,Commercial,0.005974717,Tonnes,England,M
2021,22,Benzene,5910,Malvern,377854.0,248322.0,Safeway Stores Ltd,23,Commercial,0.005974717,Tonnes,England,M
2021,22,Benzene,5911,Mansfield,453764.0,360364.0,Safeway Stores Ltd,23,Commercial,0.005974717,Tonnes,England,M
2021,22,Benzene,5912,Market Drayton,367400.0,334700.0,Safeway Stores Ltd,23,Commercial,0.005974717,Tonnes,England,M
2021,22,Benzene,5913,Meltham,409895.0,410791.0,Safeway Stores Ltd,23,Commercial,0.005974717,Tonnes,England,M
2021,22,Benzene,5914,Milton Keynes,482821.0,234653.0,Safeway Stores Ltd,23,Commercial,0.005974717,Tonnes,England,M
2021,22,Benzene,5915,Moredun,328777.0,669260.0,Safeway Stores Ltd,23,Commercial,0.005974717,Tonnes,Scotland,M
2021,22,Benzene,5916,Nantwich,365371.0,352051.0,Safeway Stores Ltd,23,Commercial,0.005974717,Tonnes,England,M
2021,22,Benzene,5917,Neath,275229.0,197711.0,Safeway Stores Ltd,23,Commercial,0.005974717,Tonnes,Wales,M
2021,22,Benzene,5918,Newcastle-Under-Lyme,385004.0,345444.0,Safeway Stores Ltd,23,Commercial,0.005974717,Tonnes,England,M
2021,22,Benzene,5919,Newlands,256600.0,661300.0,Safeway Stores Ltd,23,Commercial,0.005974717,Tonnes,Scotland,M
2021,22,Benzene,5920,Newport IOW,450100.0,89000.0,Safeway Stores Ltd,23,Commercial,0.005974717,Tonnes,England,M
2021,22,Benzene,5921,Newquay,182322.0,60411.0,Safeway Stores Ltd,23,Commercial,0.005974717,Tonnes,England,M
2021,22,Benzene,5922,Newtown,312215.0,291631.0,Safeway Stores Ltd,23,Commercial,0.005974717,Tonnes,Wales,M
2021,22,Benzene,5923,Newtownard,160420.0,528335.0,Safeway Stores Ltd,23,Commercial,0.005974717,Tonnes,Northern Ireland,M
2021,22,Benzene,5924,Northampton 2,477149.0,262949.0,Safeway Stores Ltd,23,Commercial,0.005974717,Tonnes,England,M
2021,22,Benzene,5925,Omagh,57134.0,535208.0,Safeway Stores Ltd,23,Commercial,0.005974717,Tonnes,Northern Ireland,M
2021,22,Benzene,5926,Paignton 2,287539.0,59774.0,Safeway Stores Ltd,23,Commercial,0.005974717,Tonnes,England,M
2021,22,Benzene,5927,Peckham,534418.0,177418.0,Safeway Stores Ltd,23,Commercial,0.005974717,Tonnes,England,M
2021,22,Benzene,5928,Penrith,351198.0,530099.0,Safeway Stores Ltd,23,Commercial,0.005974717,Tonnes,England,M
2021,22,Benzene,5929,Penzance,148569.0,31631.0,Safeway Stores Ltd,23,Commercial,0.005974717,Tonnes,England,M
2021,22,Benzene,5930,Perth,311100.0,723600.0,Safeway Stores Ltd,23,Commercial,0.005974717,Tonnes,Scotland,M
2021,22,Benzene,5931,Peterborough,517428.0,301666.0,Safeway Stores Ltd,23,Commercial,0.005974717,Tonnes,England,M
2021,22,Benzene,5932,Peterhead 2,312750.0,846740.0,Safeway Stores Ltd,23,Commercial,0.005974717,Tonnes,Scotland,M
2021,22,Benzene,5933,Plymstock,250700.0,53900.0,Safeway Stores Ltd,23,Commercial,0.005974717,Tonnes,England,M
2021,22,Benzene,5934,Portobello Road,329027.0,673546.0,Safeway Stores Ltd,23,Commercial,0.005974717,Tonnes,Scotland,M
2021,22,Benzene,5935,Queensbury,520429.0,186573.0,Safeway Stores Ltd,23,Commercial,0.005974717,Tonnes,England,M
2021,22,Benzene,5936,Reading,471600.0,171000.0,Safeway Stores Ltd,23,Commercial,0.005974717,Tonnes,England,M
2021,22,Benzene,5937,Redcar,460249.0,524850.0,Safeway Stores Ltd,23,Commercial,0.005974717,Tonnes,England,M
2021,22,Benzene,5938,Redditch,406400.0,266810.0,Safeway Stores Ltd,23,Commercial,0.005974717,Tonnes,England,M
2021,22,Benzene,5939,Ripon,431100.0,469600.0,Safeway Stores Ltd,23,Commercial,0.005974717,Tonnes,England,M
2021,22,Benzene,5940,Ross On Wye,360024.0,224227.0,Safeway Stores Ltd,23,Commercial,0.005974717,Tonnes,England,M
2021,22,Benzene,5941,Rubery,399961.0,277572.0,Safeway Stores Ltd,23,Commercial,0.005974717,Tonnes,England,M
2021,22,Benzene,5942,Rushden,494733.0,267882.0,Safeway Stores Ltd,23,Commercial,0.005974717,Tonnes,England,M
2021,22,Benzene,5943,Scarborough,503552.0,487934.0,Safeway Stores Ltd,23,Commercial,0.005974717,Tonnes,England,M
2021,22,Benzene,5944,Sheffield Meadowhead,434599.0,382220.0,Safeway Stores Ltd,23,Commercial,0.005974717,Tonnes,England,M
2021,22,Benzene,5945,Shrewsbury,350000.0,312000.0,Safeway Stores Ltd,23,Commercial,0.005974717,Tonnes,England,M
2021,22,Benzene,5946,Skegness,556022.0,363289.0,Safeway Stores Ltd,23,Commercial,0.005974717,Tonnes,England,M
2021,22,Benzene,5947,Southport,333253.0,417062.0,Safeway Stores Ltd,23,Commercial,0.005974717,Tonnes,England,M
2021,22,Benzene,5948,Spalding,524725.0,322837.0,Safeway Stores Ltd,23,Commercial,0.005974717,Tonnes,England,M
2021,22,Benzene,5949,St Albans,516624.0,207250.0,Safeway Stores Ltd,23,Commercial,0.005974717,Tonnes,England,M
2021,22,Benzene,5950,St Andrews,350133.0,715257.0,Safeway Stores Ltd,23,Commercial,0.005974717,Tonnes,Scotland,M
2021,22,Benzene,5951,St Helens,351300.0,395070.0,Safeway Stores Ltd,23,Commercial,0.005974717,Tonnes,England,M
2021,22,Benzene,5952,St Leonards,264700.0,654200.0,Safeway Stores Ltd,23,Commercial,0.005974717,Tonnes,Scotland,M
2021,22,Benzene,5953,Stevenston,227853.0,642669.0,Safeway Stores Ltd,23,Commercial,0.005974717,Tonnes,Scotland,M
2021,22,Benzene,5954,Stewartfield,261900.0,655600.0,Safeway Stores Ltd,23,Commercial,0.005974717,Tonnes,Scotland,M
2021,22,Benzene,5955,Stirling,281068.0,692871.0,Safeway Stores Ltd,23,Commercial,0.005974717,Tonnes,Scotland,M
2021,22,Benzene,5956,Stone,390287.0,333949.0,Safeway Stores Ltd,23,Commercial,0.005974717,Tonnes,England,M
2021,22,Benzene,5957,Stranraer,206400.0,560700.0,Safeway Stores Ltd,23,Commercial,0.005974717,Tonnes,Scotland,M
2021,22,Benzene,5958,Stratford Upon Avon,419313.0,255153.0,Safeway Stores Ltd,23,Commercial,0.005974717,Tonnes,England,M
2021,22,Benzene,5959,Swaffham,581608.0,309860.0,Safeway Stores Ltd,23,Commercial,0.005974717,Tonnes,England,M
2021,22,Benzene,5960,Swinton,377875.0,401937.0,Safeway Stores Ltd,23,Commercial,0.005974717,Tonnes,England,M
2021,22,Benzene,5961,Taunton,322840.0,125067.0,Safeway Stores Ltd,23,Commercial,0.005974717,Tonnes,England,M
2021,22,Benzene,5962,Tavistock,248000.0,73000.0,Safeway Stores Ltd,23,Commercial,0.005974717,Tonnes,England,M
2021,22,Benzene,5963,Team Valley,425122.0,559090.0,Safeway Stores Ltd,23,Commercial,0.005974717,Tonnes,England,M
2021,22,Benzene,5964,Tewkesbury,393021.0,235342.0,Safeway Stores Ltd,23,Commercial,0.005974717,Tonnes,England,M
2021,22,Benzene,5965,Thamesmead 2,546203.0,179937.0,Safeway Stores Ltd,23,Commercial,0.005974717,Tonnes,England,M
2021,22,Benzene,5966,Thornton Cleveleys,332601.0,442333.0,Safeway Stores Ltd,23,Commercial,0.005974717,Tonnes,England,M
2021,22,Benzene,5967,Tiverton,295292.0,113222.0,Safeway Stores Ltd,23,Commercial,0.005974717,Tonnes,England,M
2021,22,Benzene,5968,Totnes,280471.0,60437.0,Safeway Stores Ltd,23,Commercial,0.005974717,Tonnes,England,M
2021,22,Benzene,5969,Totton,433624.0,113721.0,Safeway Stores Ltd,23,Commercial,0.005974717,Tonnes,England,M
2021,22,Benzene,5970,Troon,232120.0,630902.0,Safeway Stores Ltd,23,Commercial,0.005974717,Tonnes,Scotland,M
2021,22,Benzene,5971,Up Hatherley,392634.0,220209.0,Safeway Stores Ltd,23,Commercial,0.005974717,Tonnes,England,M
2021,22,Benzene,5972,Walderslade,576056.0,163446.0,Safeway Stores Ltd,23,Commercial,0.005974717,Tonnes,England,M
2021,22,Benzene,5973,Warminster,387221.0,144713.0,Safeway Stores Ltd,23,Commercial,0.005974717,Tonnes,England,M
2021,22,Benzene,5974,Welwyn Garden City,525450.0,212700.0,Safeway Stores Ltd,23,Commercial,0.005974717,Tonnes,England,M
2021,22,Benzene,5975,Weston Super Mare,336500.0,161800.0,Safeway Stores Ltd,23,Commercial,0.005974717,Tonnes,England,M
2021,22,Benzene,5976,Weymouth,367022.0,81890.0,Safeway Stores Ltd,23,Commercial,0.005974717,Tonnes,England,M
2021,22,Benzene,5977,Whitehaven 2,297635.0,517748.0,Safeway Stores Ltd,23,Commercial,0.005974717,Tonnes,England,M
2021,22,Benzene,5978,Whitley Bay,435226.0,571831.0,Safeway Stores Ltd,23,Commercial,0.005974717,Tonnes,England,M
2021,22,Benzene,5979,Wincanton 2,371728.0,128313.0,Safeway Stores Ltd,23,Commercial,0.005974717,Tonnes,England,M
2021,22,Benzene,5980,Wishaw,280000.0,655300.0,Safeway Stores Ltd,23,Commercial,0.005974717,Tonnes,Scotland,M
2021,22,Benzene,5981,Witham,582066.0,214441.0,Safeway Stores Ltd,23,Commercial,0.005974717,Tonnes,England,M
2021,22,Benzene,5982,Wolverhampton,391082.0,297344.0,Safeway Stores Ltd,23,Commercial,0.005974717,Tonnes,England,M
2021,22,Benzene,5983,Workington,300101.0,528952.0,Safeway Stores Ltd,23,Commercial,0.005974717,Tonnes,England,M
2021,22,Benzene,5984,Yate,371153.0,182617.0,Safeway Stores Ltd,23,Commercial,0.005974717,Tonnes,England,M
2021,22,Benzene,5985,Yeovil 2,354529.0,115272.0,Safeway Stores Ltd,23,Commercial,0.005974717,Tonnes,England,M
2021,22,Benzene,5986,Aberdare,300033.0,202924.0,Tesco Stores Ltd,23,Commercial,0.012287532,Tonnes,Wales,M
2021,22,Benzene,5987,Aberdeen Extra,391100.0,809900.0,Tesco Stores Ltd,23,Commercial,0.012287532,Tonnes,Scotland,M
2021,22,Benzene,5988,Abertillery,321512.0,204080.0,Tesco Stores Ltd,23,Commercial,0.012287532,Tonnes,Wales,M
2021,22,Benzene,5989,Abingdon,447800.0,196890.0,Tesco Stores Ltd,23,Commercial,0.012287532,Tonnes,England,M
2021,22,Benzene,5990,Addlestone,505400.0,164700.0,Tesco Stores Ltd,23,Commercial,0.012287532,Tonnes,England,M
2021,22,Benzene,5991,Aldershot,485441.0,150912.0,Tesco Stores Ltd,23,Commercial,0.012287532,Tonnes,England,M
2021,22,Benzene,5992,Allerton Road,339758.0,387527.0,Tesco Stores Ltd,23,Commercial,0.012287532,Tonnes,England,M
2021,22,Benzene,5993,Alloa,288800.0,692600.0,Tesco Stores Ltd,23,Commercial,0.012287532,Tonnes,Scotland,M
2021,22,Benzene,5994,Amersham,496130.0,197278.0,Tesco Stores Ltd,23,Commercial,0.012287532,Tonnes,England,M
2021,22,Benzene,5995,Ammanford,262898.0,211794.0,Tesco Stores Ltd,23,Commercial,0.012287532,Tonnes,Wales,M
2021,22,Benzene,5996,Andover,436860.0,146407.0,Tesco Stores Ltd,23,Commercial,0.012287532,Tonnes,England,M
2021,22,Benzene,5997,Antrim,130330.0,542175.0,Tesco Stores Ltd,23,Commercial,0.012287532,Tonnes,Northern Ireland,M
2021,22,Benzene,5998,Ashby De La Zouch,436878.0,317353.0,Tesco Stores Ltd,23,Commercial,0.012287532,Tonnes,England,M
2021,22,Benzene,5999,Ashford Crooksfoot,604003.0,141476.0,Tesco Stores Ltd,23,Commercial,0.012287532,Tonnes,England,M
2021,22,Benzene,6000,Ashford Middlesex,506200.0,172900.0,Tesco Stores Ltd,23,Commercial,0.012287532,Tonnes,England,M
2021,22,Benzene,6001,Ashford Park Farm,600500.0,139900.0,Tesco Stores Ltd,23,Commercial,0.012287532,Tonnes,England,M
2021,22,Benzene,6002,Axminster,329321.0,98468.0,Tesco Stores Ltd,23,Commercial,0.012287532,Tonnes,England,M
2021,22,Benzene,6003,Aylesbury 1,480300.0,214500.0,Tesco Stores Ltd,23,Commercial,0.012287532,Tonnes,England,M
2021,22,Benzene,6004,Aylesbury 2,482761.0,213769.0,Tesco Stores Ltd,23,Commercial,0.012287532,Tonnes,England,M
2021,22,Benzene,6005,Ayr,235240.0,622449.0,Tesco Stores Ltd,23,Commercial,0.012287532,Tonnes,Scotland,M
2021,22,Benzene,6006,Baguley Extra,380334.0,389319.0,Tesco Stores Ltd,23,Commercial,0.012287532,Tonnes,England,M
2021,22,Benzene,6007,Baldock Extra,524659.0,233377.0,Tesco Stores Ltd,23,Commercial,0.012287532,Tonnes,England,M
2021,22,Benzene,6008,Banbridge,122861.0,503383.0,Tesco Stores Ltd,23,Commercial,0.012287532,Tonnes,Northern Ireland,M
2021,22,Benzene,6009,Banbury,445108.0,241966.0,Tesco Stores Ltd,23,Commercial,0.012287532,Tonnes,England,M
2021,22,Benzene,6010,Bangor,161552.0,535033.0,Tesco Stores Ltd,23,Commercial,0.012287532,Tonnes,Northern Ireland,M
2021,22,Benzene,6011,Bangor,256749.0,370472.0,Tesco Stores Ltd,23,Commercial,0.012287532,Tonnes,Wales,M
2021,22,Benzene,6012,Bar Hill Cambs Extra,537726.0,263643.0,Tesco Stores Ltd,23,Commercial,0.012287532,Tonnes,England,M
2021,22,Benzene,6013,Barking Superstore,543728.0,183947.0,Tesco Stores Ltd,23,Commercial,0.012287532,Tonnes,England,M
2021,22,Benzene,6014,Barkingside,544008.0,189254.0,Tesco Stores Ltd,23,Commercial,0.012287532,Tonnes,England,M
2021,22,Benzene,6015,Barnsley,437745.0,405001.0,Tesco Stores Ltd,23,Commercial,0.012287532,Tonnes,England,M
2021,22,Benzene,6016,Barnstaple,257406.0,132345.0,Tesco Stores Ltd,23,Commercial,0.012287532,Tonnes,England,M
2021,22,Benzene,6017,Barrow Extra,319340.0,469183.0,Tesco Stores Ltd,23,Commercial,0.012287532,Tonnes,England,M
2021,22,Benzene,6018,Basildon 1,571868.0,190922.0,Tesco Stores Ltd,23,Commercial,0.012287532,Tonnes,England,M
2021,22,Benzene,6019,Basildon 2,566400.0,188370.0,Tesco Stores Ltd,23,Commercial,0.012287532,Tonnes,England,M
2021,22,Benzene,6020,Basingstoke,465700.0,154300.0,Tesco Stores Ltd,23,Commercial,0.012287532,Tonnes,England,M
2021,22,Benzene,6021,Bathgate Blackburn Road,298600.0,667900.0,Tesco Stores Ltd,23,Commercial,0.012287532,Tonnes,Scotland,M
2021,22,Benzene,6022,Batley,424400.0,424200.0,Tesco Stores Ltd,23,Commercial,0.012287532,Tonnes,England,M
2021,22,Benzene,6023,Bedford 1,507871.0,250548.0,Tesco Stores Ltd,23,Commercial,0.012287532,Tonnes,England,M
2021,22,Benzene,6024,Bedford 2,506134.0,249018.0,Tesco Stores Ltd,23,Commercial,0.012287532,Tonnes,England,M
2021,22,Benzene,6025,Bedworth,435808.0,287128.0,Tesco Stores Ltd,23,Commercial,0.012287532,Tonnes,England,M
2021,22,Benzene,6026,Bicester 2,457905.0,221944.0,Tesco Stores Ltd,23,Commercial,0.012287532,Tonnes,England,M
2021,22,Benzene,6027,Bidsdon Moss Extra,328752.0,390352.0,Tesco Stores Ltd,23,Commercial,0.012287532,Tonnes,England,M
2021,22,Benzene,6028,Billingham,446434.0,523784.0,Tesco Stores Ltd,23,Commercial,0.012287532,Tonnes,England,M
2021,22,Benzene,6029,Bishops Stortford,547094.0,221647.0,Tesco Stores Ltd,23,Commercial,0.012287532,Tonnes,England,M
2021,22,Benzene,6030,Blackburn,369702.0,428485.0,Tesco Stores Ltd,23,Commercial,0.012287532,Tonnes,England,M
2021,22,Benzene,6031,Blackpool Clifton,334801.0,433537.0,Tesco Stores Ltd,23,Commercial,0.012287532,Tonnes,England,M
2021,22,Benzene,6032,Blandford Forum,388800.0,105700.0,Tesco Stores Ltd,23,Commercial,0.012287532,Tonnes,England,M
2021,22,Benzene,6033,Bognor,492844.0,100737.0,Tesco Stores Ltd,23,Commercial,0.012287532,Tonnes,England,M
2021,22,Benzene,6034,Borehamwood Extra,519764.0,196951.0,Tesco Stores Ltd,23,Commercial,0.012287532,Tonnes,England,M
2021,22,Benzene,6035,Boston,529612.0,343058.0,Tesco Stores Ltd,23,Commercial,0.012287532,Tonnes,England,M
2021,22,Benzene,6036,Bournemouth Extra,413011.0,94037.0,Tesco Stores Ltd,23,Commercial,0.012287532,Tonnes,England,M
2021,22,Benzene,6037,Brackley,458378.0,236478.0,Tesco Stores Ltd,23,Commercial,0.012287532,Tonnes,England,M
2021,22,Benzene,6038,Bracknell North,488201.0,170458.0,Tesco Stores Ltd,23,Commercial,0.012287532,Tonnes,England,M
2021,22,Benzene,6039,Bradford Buttershaw,413640.0,429237.0,Tesco Stores Ltd,23,Commercial,0.012287532,Tonnes,England,M
2021,22,Benzene,6040,Braintree Great Notley,573770.0,220626.0,Tesco Stores Ltd,23,Commercial,0.012287532,Tonnes,England,M
2021,22,Benzene,6041,Brent Cross,523811.0,187623.0,Tesco Stores Ltd,23,Commercial,0.012287532,Tonnes,England,M
2021,22,Benzene,6042,Brent Park,521023.0,185353.0,Tesco Stores Ltd,23,Commercial,0.012287532,Tonnes,England,M
2021,22,Benzene,6043,Bridgend 1,290400.0,180000.0,Tesco Stores Ltd,23,Commercial,0.012287532,Tonnes,Wales,M
2021,22,Benzene,6044,Bridgend 2,291200.0,178800.0,Tesco Stores Ltd,23,Commercial,0.012287532,Tonnes,Wales,M
2021,22,Benzene,6045,Bridlington,517988.0,466811.0,Tesco Stores Ltd,23,Commercial,0.012287532,Tonnes,England,M
2021,22,Benzene,6046,Brigg,499873.0,407458.0,Tesco Stores Ltd,23,Commercial,0.012287532,Tonnes,England,M
2021,22,Benzene,6047,Brighouse Bradford Road,415000.0,423000.0,Tesco Stores Ltd,23,Commercial,0.012287532,Tonnes,England,M
2021,22,Benzene,6048,Brislington,361551.0,170547.0,Tesco Stores Ltd,23,Commercial,0.012287532,Tonnes,England,M
2021,22,Benzene,6049,Bristol 1,360985.0,175149.0,Tesco Stores Ltd,23,Commercial,0.012287532,Tonnes,England,M
2021,22,Benzene,6050,Bristol 3,362035.0,181925.0,Tesco Stores Ltd,23,Commercial,0.012287532,Tonnes,England,M
2021,22,Benzene,6051,Broadstairs Extra,636720.0,167632.0,Tesco Stores Ltd,23,Commercial,0.012287532,Tonnes,England,M
2021,22,Benzene,6052,Bromley By Bow,538100.0,182700.0,Tesco Stores Ltd,23,Commercial,0.012287532,Tonnes,England,M
2021,22,Benzene,6053,Brooklands,506264.0,161708.0,Tesco Stores Ltd,23,Commercial,0.012287532,Tonnes,England,M
2021,22,Benzene,6054,Buckingham,470035.0,232735.0,Tesco Stores Ltd,23,Commercial,0.012287532,Tonnes,England,M
2021,22,Benzene,6055,Burgess Hill,530100.0,118400.0,Tesco Stores Ltd,23,Commercial,0.012287532,Tonnes,England,M
2021,22,Benzene,6056,Bursledon Towers Extra,447837.0,110713.0,Tesco Stores Ltd,23,Commercial,0.012287532,Tonnes,England,M
2021,22,Benzene,6057,Burton On Trent,424700.0,322100.0,Tesco Stores Ltd,23,Commercial,0.012287532,Tonnes,England,M
2021,22,Benzene,6058,Bury,380500.0,411100.0,Tesco Stores Ltd,23,Commercial,0.012287532,Tonnes,England,M
2021,22,Benzene,6059,Bury St Edmunds,585810.0,265200.0,Tesco Stores Ltd,23,Commercial,0.012287532,Tonnes,England,M
2021,22,Benzene,6060,Camborne,165245.0,40108.0,Tesco Stores Ltd,23,Commercial,0.012287532,Tonnes,England,M
2021,22,Benzene,6061,Cardiff Extra,316615.0,178552.0,Tesco Stores Ltd,23,Commercial,0.012287532,Tonnes,Wales,M
2021,22,Benzene,6062,Cardiff Pengam Extra,317500.0,178000.0,Tesco Stores Ltd,23,Commercial,0.012287532,Tonnes,Wales,M
2021,22,Benzene,6063,Cardigan,218659.0,246827.0,Tesco Stores Ltd,23,Commercial,0.012287532,Tonnes,Wales,M
2021,22,Benzene,6064,Carlisle 2,342404.0,556052.0,Tesco Stores Ltd,23,Commercial,0.012287532,Tonnes,England,M
2021,22,Benzene,6065,Catterick Garrison,417946.0,498139.0,Tesco Stores Ltd,23,Commercial,0.012287532,Tonnes,England,M
2021,22,Benzene,6066,Chard,332879.0,108679.0,Tesco Stores Ltd,23,Commercial,0.012287532,Tonnes,England,M
2021,22,Benzene,6067,Chelmsford 2,570164.0,205311.0,Tesco Stores Ltd,23,Commercial,0.012287532,Tonnes,England,M
2021,22,Benzene,6068,Cheltenham,393900.0,223000.0,Tesco Stores Ltd,23,Commercial,0.012287532,Tonnes,England,M
2021,22,Benzene,6069,Chepstow,353510.0,193738.0,Tesco Stores Ltd,23,Commercial,0.012287532,Tonnes,Wales,M
2021,22,Benzene,6070,Cheshunt 2,535672.0,203918.0,Tesco Stores Ltd,23,Commercial,0.012287532,Tonnes,England,M
2021,22,Benzene,6071,Chester Broughton Road,335008.0,363965.0,Tesco Stores Ltd,23,Commercial,0.012287532,Tonnes,Wales,M
2021,22,Benzene,6072,Chesterfield,438745.0,372542.0,Tesco Stores Ltd,23,Commercial,0.012287532,Tonnes,England,M
2021,22,Benzene,6073,Chichester 2,484566.0,104581.0,Tesco Stores Ltd,23,Commercial,0.012287532,Tonnes,England,M
2021,22,Benzene,6074,Chorley Extra,356700.0,417800.0,Tesco Stores Ltd,23,Commercial,0.012287532,Tonnes,England,M
2021,22,Benzene,6075,Cirencester 2,403212.0,200999.0,Tesco Stores Ltd,23,Commercial,0.012287532,Tonnes,England,M
2021,22,Benzene,6076,Cleckheaton,418975.0,425424.0,Tesco Stores Ltd,23,Commercial,0.012287532,Tonnes,England,M
2021,22,Benzene,6077,Cleethorpes,529600.0,406850.0,Tesco Stores Ltd,23,Commercial,0.012287532,Tonnes,England,M
2021,22,Benzene,6078,Clevedon,340867.0,170358.0,Tesco Stores Ltd,23,Commercial,0.012287532,Tonnes,England,M
2021,22,Benzene,6079,Colchester 1,600900.0,227500.0,Tesco Stores Ltd,23,Commercial,0.012287532,Tonnes,England,M
2021,22,Benzene,6080,Colchester 2,601700.0,224700.0,Tesco Stores Ltd,23,Commercial,0.012287532,Tonnes,England,M
2021,22,Benzene,6081,Colney Hatch,527700.0,191300.0,Tesco Stores Ltd,23,Commercial,0.012287532,Tonnes,England,M
2021,22,Benzene,6082,Corstorphine Extra,319382.0,672701.0,Tesco Stores Ltd,23,Commercial,0.012287532,Tonnes,Scotland,M
2021,22,Benzene,6083,Coventry 4,430349.0,276772.0,Tesco Stores Ltd,23,Commercial,0.012287532,Tonnes,England,M
2021,22,Benzene,6084,Coventry Walsgrave,438100.0,279600.0,Tesco Stores Ltd,23,Commercial,0.012287532,Tonnes,England,M
2021,22,Benzene,6085,Craigmarloch,273821.0,675421.0,Tesco Stores Ltd,23,Commercial,0.012287532,Tonnes,Scotland,M
2021,22,Benzene,6086,Crawley Hazelwick,528605.0,137679.0,Tesco Stores Ltd,23,Commercial,0.012287532,Tonnes,England,M
2021,22,Benzene,6087,Croydon Express,537600.0,165440.0,Tesco Stores Ltd,23,Commercial,0.012287532,Tonnes,England,M
2021,22,Benzene,6088,Culverhouse Cross,311518.0,175015.0,Tesco Stores Ltd,23,Commercial,0.012287532,Tonnes,Wales,M
2021,22,Benzene,6089,Cupar,337782.0,714117.0,Tesco Stores Ltd,23,Commercial,0.012287532,Tonnes,Scotland,M
2021,22,Benzene,6090,Dalkeith Hardengreen,332202.0,666064.0,Tesco Stores Ltd,23,Commercial,0.012287532,Tonnes,Scotland,M
2021,22,Benzene,6091,Dereham,599698.0,312199.0,Tesco Stores Ltd,23,Commercial,0.012287532,Tonnes,England,M
2021,22,Benzene,6092,Didcot,454000.0,189800.0,Tesco Stores Ltd,23,Commercial,0.012287532,Tonnes,England,M
2021,22,Benzene,6093,Doncaster Edenthorpe,461839.0,406659.0,Tesco Stores Ltd,23,Commercial,0.012287532,Tonnes,England,M
2021,22,Benzene,6094,Doncaster Extra,456812.0,399614.0,Tesco Stores Ltd,23,Commercial,0.012287532,Tonnes,England,M
2021,22,Benzene,6095,Dorchester,368759.0,89464.0,Tesco Stores Ltd,23,Commercial,0.012287532,Tonnes,England,M
2021,22,Benzene,6096,Dover,630623.0,144677.0,Tesco Stores Ltd,23,Commercial,0.012287532,Tonnes,England,M
2021,22,Benzene,6097,Droylsden,390110.0,398200.0,Tesco Stores Ltd,23,Commercial,0.012287532,Tonnes,England,M
2021,22,Benzene,6098,Dudley,395540.0,290786.0,Tesco Stores Ltd,23,Commercial,0.012287532,Tonnes,England,M
2021,22,Benzene,6099,Dundee,338980.0,729302.0,Tesco Stores Ltd,23,Commercial,0.012287532,Tonnes,Scotland,M
2021,22,Benzene,6100,Dundee Lochee,337900.0,731600.0,Tesco Stores Ltd,23,Commercial,0.012287532,Tonnes,Scotland,M
2021,22,Benzene,6101,Dunfermline,310800.0,686350.0,Tesco Stores Ltd,23,Commercial,0.012287532,Tonnes,Scotland,M
2021,22,Benzene,6102,Dungannon,90895.0,522227.0,Tesco Stores Ltd,23,Commercial,0.012287532,Tonnes,Northern Ireland,M
2021,22,Benzene,6103,Dunstable,504341.0,222241.0,Tesco Stores Ltd,23,Commercial,0.012287532,Tonnes,England,M
2021,22,Benzene,6104,Eastbourne 2,562463.0,101163.0,Tesco Stores Ltd,23,Commercial,0.012287532,Tonnes,England,M
2021,22,Benzene,6105,Ebbw Vale,316300.0,210400.0,Tesco Stores Ltd,23,Commercial,0.012287532,Tonnes,Wales,M
2021,22,Benzene,6106,Edgbaston,405404.0,286320.0,Tesco Stores Ltd,23,Commercial,0.012287532,Tonnes,England,M
2021,22,Benzene,6107,Edinburgh Colinton,323032.0,669479.0,Tesco Stores Ltd,23,Commercial,0.012287532,Tonnes,Scotland,M
2021,22,Benzene,6108,Elgin Lossie Green,321406.0,862721.0,Tesco Stores Ltd,23,Commercial,0.012287532,Tonnes,Scotland,M
2021,22,Benzene,6109,Elmers End,535905.0,168299.0,Tesco Stores Ltd,23,Commercial,0.012287532,Tonnes,England,M
2021,22,Benzene,6110,Evesham,403441.0,244823.0,Tesco Stores Ltd,23,Commercial,0.012287532,Tonnes,England,M
2021,22,Benzene,6111,Exeter Vale,295410.0,90977.0,Tesco Stores Ltd,23,Commercial,0.012287532,Tonnes,England,M
2021,22,Benzene,6112,Exmouth,302042.0,81674.0,Tesco Stores Ltd,23,Commercial,0.012287532,Tonnes,England,M
2021,22,Benzene,6113,Falkirk,289100.0,679800.0,Tesco Stores Ltd,23,Commercial,0.012287532,Tonnes,Scotland,M
2021,22,Benzene,6114,Falkirk Grahams Road,289100.0,680150.0,Tesco Stores Ltd,23,Commercial,0.012287532,Tonnes,Scotland,M
2021,22,Benzene,6115,Faversham,601595.0,161400.0,Tesco Stores Ltd,23,Commercial,0.012287532,Tonnes,England,M
2021,22,Benzene,6116,Feltham,510430.0,172768.0,Tesco Stores Ltd,23,Commercial,0.012287532,Tonnes,England,M
2021,22,Benzene,6117,Feltham Dukes Green,510239.0,174535.0,Tesco Stores Ltd,23,Commercial,0.012287532,Tonnes,England,M
2021,22,Benzene,6118,Ferndown,407673.0,100224.0,Tesco Stores Ltd,23,Commercial,0.012287532,Tonnes,England,M
2021,22,Benzene,6119,Flitwick,503100.0,234800.0,Tesco Stores Ltd,23,Commercial,0.012287532,Tonnes,England,M
2021,22,Benzene,6120,Folkestone,619200.0,137000.0,Tesco Stores Ltd,23,Commercial,0.012287532,Tonnes,England,M
2021,22,Benzene,6121,Formby,330982.0,406837.0,Tesco Stores Ltd,23,Commercial,0.012287532,Tonnes,England,M
2021,22,Benzene,6122,Gainsborough,481390.0,389400.0,Tesco Stores Ltd,23,Commercial,0.012287532,Tonnes,England,M
2021,22,Benzene,6123,Gallions Reach Metro,544228.0,181283.0,Tesco Stores Ltd,23,Commercial,0.012287532,Tonnes,England,M
2021,22,Benzene,6124,Gatwick,526918.0,142509.0,Tesco Stores Ltd,23,Commercial,0.012287532,Tonnes,England,M
2021,22,Benzene,6125,Gillingham Kent,579905.0,166317.0,Tesco Stores Ltd,23,Commercial,0.012287532,Tonnes,England,M
2021,22,Benzene,6126,Glasgow Shettleston,264725.0,664377.0,Tesco Stores Ltd,23,Commercial,0.012287532,Tonnes,Scotland,M
2021,22,Benzene,6127,Glasgow St Rollox Extra,260710.0,666900.0,Tesco Stores Ltd,23,Commercial,0.012287532,Tonnes,Scotland,M
2021,22,Benzene,6128,Glengormley,147704.0,538234.0,Tesco Stores Ltd,23,Commercial,0.012287532,Tonnes,Northern Ireland,M
2021,22,Benzene,6129,Glossop,402655.0,394267.0,Tesco Stores Ltd,23,Commercial,0.012287532,Tonnes,England,M
2021,22,Benzene,6130,Gloucester,383344.0,219763.0,Tesco Stores Ltd,23,Commercial,0.012287532,Tonnes,England,M
2021,22,Benzene,6131,Goodmayes,546450.0,187450.0,Tesco Stores Ltd,23,Commercial,0.012287532,Tonnes,England,M
2021,22,Benzene,6132,Great Dunmow,561609.0,222077.0,Tesco Stores Ltd,23,Commercial,0.012287532,Tonnes,England,M
2021,22,Benzene,6133,Great Yarmouth,651814.0,307124.0,Tesco Stores Ltd,23,Commercial,0.012287532,Tonnes,England,M
2021,22,Benzene,6134,Greenock 1,227600.0,676600.0,Tesco Stores Ltd,23,Commercial,0.012287532,Tonnes,Scotland,M
2021,22,Benzene,6135,Halifax,409439.0,425171.0,Tesco Stores Ltd,23,Commercial,0.012287532,Tonnes,England,M
2021,22,Benzene,6136,Handforth,386464.0,383739.0,Tesco Stores Ltd,23,Commercial,0.012287532,Tonnes,England,M
2021,22,Benzene,6137,Harlow Church Langley,547253.0,209629.0,Tesco Stores Ltd,23,Commercial,0.012287532,Tonnes,England,M
2021,22,Benzene,6138,Harlow Edingburgh Way,546658.0,211727.0,Tesco Stores Ltd,23,Commercial,0.012287532,Tonnes,England,M
2021,22,Benzene,6139,Hartlepool Extra,450629.0,530439.0,Tesco Stores Ltd,23,Commercial,0.012287532,Tonnes,England,M
2021,22,Benzene,6140,Hastings,578393.0,111690.0,Tesco Stores Ltd,23,Commercial,0.012287532,Tonnes,England,M
2021,22,Benzene,6141,Hatfield,522920.0,210220.0,Tesco Stores Ltd,23,Commercial,0.012287532,Tonnes,England,M
2021,22,Benzene,6142,Havant Langstone Harbour,471482.0,106043.0,Tesco Stores Ltd,23,Commercial,0.012287532,Tonnes,England,M
2021,22,Benzene,6143,Haverfordwest,193868.0,215354.0,Tesco Stores Ltd,23,Commercial,0.012287532,Tonnes,Wales,M
2021,22,Benzene,6144,Hayes Bulls Bridge,510662.0,178941.0,Tesco Stores Ltd,23,Commercial,0.012287532,Tonnes,England,M
2021,22,Benzene,6145,Heanor,443033.0,346639.0,Tesco Stores Ltd,23,Commercial,0.012287532,Tonnes,England,M
2021,22,Benzene,6146,Helston,166400.0,27700.0,Tesco Stores Ltd,23,Commercial,0.012287532,Tonnes,England,M
2021,22,Benzene,6147,Hemel Hempstead,506700.0,206870.0,Tesco Stores Ltd,23,Commercial,0.012287532,Tonnes,England,M
2021,22,Benzene,6148,Hereford 2,349334.0,238405.0,Tesco Stores Ltd,23,Commercial,0.012287532,Tonnes,England,M
2021,22,Benzene,6149,Hindley,361630.0,404431.0,Tesco Stores Ltd,23,Commercial,0.012287532,Tonnes,England,M
2021,22,Benzene,6150,Holyhead,225418.0,381417.0,Tesco Stores Ltd,23,Commercial,0.012287532,Tonnes,Wales,M
2021,22,Benzene,6151,Honiton,315363.0,99714.0,Tesco Stores Ltd,23,Commercial,0.012287532,Tonnes,England,M
2021,22,Benzene,6152,Hoover Building,516700.0,182900.0,Tesco Stores Ltd,23,Commercial,0.012287532,Tonnes,England,M
2021,22,Benzene,6153,Horsham,515200.0,130900.0,Tesco Stores Ltd,23,Commercial,0.012287532,Tonnes,England,M
2021,22,Benzene,6154,Horwich Extra,365162.0,409911.0,Tesco Stores Ltd,23,Commercial,0.012287532,Tonnes,England,M
2021,22,Benzene,6155,Hucknall,454002.0,348721.0,Tesco Stores Ltd,23,Commercial,0.012287532,Tonnes,England,M
2021,22,Benzene,6156,Huddersfield,414426.0,417143.0,Tesco Stores Ltd,23,Commercial,0.012287532,Tonnes,England,M
2021,22,Benzene,6157,Hull,507825.0,433729.0,Tesco Stores Ltd,23,Commercial,0.012287532,Tonnes,England,M
2021,22,Benzene,6158,Hunstanton,567690.0,340809.0,Tesco Stores Ltd,23,Commercial,0.012287532,Tonnes,England,M
2021,22,Benzene,6159,Huntingdon 2,524000.0,274390.0,Tesco Stores Ltd,23,Commercial,0.012287532,Tonnes,England,M
2021,22,Benzene,6160,Hythe,440000.0,107200.0,Tesco Stores Ltd,23,Commercial,0.012287532,Tonnes,England,M
2021,22,Benzene,6161,Inverness Extra,269504.0,845572.0,Tesco Stores Ltd,23,Commercial,0.012287532,Tonnes,Scotland,M
2021,22,Benzene,6162,Inverness Inshes,268800.0,844400.0,Tesco Stores Ltd,23,Commercial,0.012287532,Tonnes,Scotland,M
2021,22,Benzene,6163,Inverurie Harlaw Road,377320.0,821890.0,Tesco Stores Ltd,23,Commercial,0.012287532,Tonnes,Scotland,M
2021,22,Benzene,6164,Ipswich Extra,612502.0,242430.0,Tesco Stores Ltd,23,Commercial,0.012287532,Tonnes,England,M
2021,22,Benzene,6165,Irvine Riverway Extra,231696.0,637998.0,Tesco Stores Ltd,23,Commercial,0.012287532,Tonnes,Scotland,M
2021,22,Benzene,6166,Kettering,487100.0,276100.0,Tesco Stores Ltd,23,Commercial,0.012287532,Tonnes,England,M
2021,22,Benzene,6167,Kidsgrove,383670.0,354700.0,Tesco Stores Ltd,23,Commercial,0.012287532,Tonnes,England,M
2021,22,Benzene,6168,King's Lynn,563152.0,318336.0,Tesco Stores Ltd,23,Commercial,0.012287532,Tonnes,England,M
2021,22,Benzene,6169,Knockagoney Road,151304.0,531545.0,Tesco Stores Ltd,23,Commercial,0.012287532,Tonnes,Northern Ireland,M
2021,22,Benzene,6170,Lakeside Extra,558091.0,179132.0,Tesco Stores Ltd,23,Commercial,0.012287532,Tonnes,England,M
2021,22,Benzene,6171,Launceston,233700.0,83700.0,Tesco Stores Ltd,23,Commercial,0.012287532,Tonnes,England,M
2021,22,Benzene,6172,Lea Valley,535215.0,191990.0,Tesco Stores Ltd,23,Commercial,0.012287532,Tonnes,England,M
2021,22,Benzene,6173,Leatherhead,516076.0,158327.0,Tesco Stores Ltd,23,Commercial,0.012287532,Tonnes,England,M
2021,22,Benzene,6174,Lee Mill,260760.0,55817.0,Tesco Stores Ltd,23,Commercial,0.012287532,Tonnes,England,M
2021,22,Benzene,6175,Leicester 3,456591.0,307840.0,Tesco Stores Ltd,23,Commercial,0.012287532,Tonnes,England,M
2021,22,Benzene,6176,Leicester Hamilton Extra,463017.0,306515.0,Tesco Stores Ltd,23,Commercial,0.012287532,Tonnes,England,M
2021,22,Benzene,6177,Leighton Buzzard,491730.0,225270.0,Tesco Stores Ltd,23,Commercial,0.012287532,Tonnes,England,M
2021,22,Benzene,6178,Lewes,542069.0,110604.0,Tesco Stores Ltd,23,Commercial,0.012287532,Tonnes,England,M
2021,22,Benzene,6179,Lewisham,538265.0,175927.0,Tesco Stores Ltd,23,Commercial,0.012287532,Tonnes,England,M
2021,22,Benzene,6180,Leyland Extra,354008.0,421620.0,Tesco Stores Ltd,23,Commercial,0.012287532,Tonnes,England,M
2021,22,Benzene,6181,Lichfield,412105.0,309523.0,Tesco Stores Ltd,23,Commercial,0.012287532,Tonnes,England,M
2021,22,Benzene,6182,Lincoln 1,498044.0,370582.0,Tesco Stores Ltd,23,Commercial,0.012287532,Tonnes,England,M
2021,22,Benzene,6183,Lincoln 2,499159.0,372401.0,Tesco Stores Ltd,23,Commercial,0.012287532,Tonnes,England,M
2021,22,Benzene,6184,Lisburn Bentrim Road,137585.0,520781.0,Tesco Stores Ltd,23,Commercial,0.012287532,Tonnes,Northern Ireland,M
2021,22,Benzene,6185,Lisnagelvin,61369.0,579699.0,Tesco Stores Ltd,23,Commercial,0.012287532,Tonnes,Northern Ireland,M
2021,22,Benzene,6186,Littlehampton,501623.0,102810.0,Tesco Stores Ltd,23,Commercial,0.012287532,Tonnes,England,M
2021,22,Benzene,6187,Llandudno,279278.0,377778.0,Tesco Stores Ltd,23,Commercial,0.012287532,Tonnes,Wales,M
2021,22,Benzene,6188,Llanelli Extra,252192.0,199694.0,Tesco Stores Ltd,23,Commercial,0.012287532,Tonnes,Wales,M
2021,22,Benzene,6189,Longton Extra,390750.0,343250.0,Tesco Stores Ltd,23,Commercial,0.012287532,Tonnes,England,M
2021,22,Benzene,6190,Loughborough 2,453473.0,318105.0,Tesco Stores Ltd,23,Commercial,0.012287532,Tonnes,England,M
2021,22,Benzene,6191,Lowestoft 2,653547.0,295916.0,Tesco Stores Ltd,23,Commercial,0.012287532,Tonnes,England,M
2021,22,Benzene,6192,Lunsford Park,570280.0,159608.0,Tesco Stores Ltd,23,Commercial,0.012287532,Tonnes,England,M
2021,22,Benzene,6193,Lydney High Street,363178.0,202478.0,Tesco Stores Ltd,23,Commercial,0.012287532,Tonnes,England,M
2021,22,Benzene,6194,Macclesfield 2,391764.0,374073.0,Tesco Stores Ltd,23,Commercial,0.012287532,Tonnes,England,M
2021,22,Benzene,6195,Maidstone Grove Green,578337.0,156184.0,Tesco Stores Ltd,23,Commercial,0.012287532,Tonnes,England,M
2021,22,Benzene,6196,Maldon,585025.0,207454.0,Tesco Stores Ltd,23,Commercial,0.012287532,Tonnes,England,M
2021,22,Benzene,6197,Mansfield 2,456765.0,360056.0,Tesco Stores Ltd,23,Commercial,0.012287532,Tonnes,England,M
2021,22,Benzene,6198,March,540400.0,298070.0,Tesco Stores Ltd,23,Commercial,0.012287532,Tonnes,England,M
2021,22,Benzene,6199,Market Deeping,514202.0,309942.0,Tesco Stores Ltd,23,Commercial,0.012287532,Tonnes,England,M
2021,22,Benzene,6200,Martlesham,624700.0,245900.0,Tesco Stores Ltd,23,Commercial,0.012287532,Tonnes,England,M
2021,22,Benzene,6201,Meir,393747.0,341043.0,Tesco Stores Ltd,23,Commercial,0.012287532,Tonnes,England,M
2021,22,Benzene,6202,Melton Mowbray,475909.0,319459.0,Tesco Stores Ltd,23,Commercial,0.012287532,Tonnes,England,M
2021,22,Benzene,6203,Midsomer Norton,365152.0,155023.0,Tesco Stores Ltd,23,Commercial,0.012287532,Tonnes,England,M
2021,22,Benzene,6204,Milford Haven,190000.0,205900.0,Tesco Stores Ltd,23,Commercial,0.012287532,Tonnes,Wales,M
2021,22,Benzene,6205,Milton,547457.0,262053.0,Tesco Stores Ltd,23,Commercial,0.012287532,Tonnes,England,M
2021,22,Benzene,6206,Milton Keynes Bletchley,487570.0,234364.0,Tesco Stores Ltd,23,Commercial,0.012287532,Tonnes,England,M
2021,22,Benzene,6207,Milton Keynes Kingston Extra,490146.0,238321.0,Tesco Stores Ltd,23,Commercial,0.012287532,Tonnes,England,M
2021,22,Benzene,6208,Milton Keynes Wolverton,481638.0,241229.0,Tesco Stores Ltd,23,Commercial,0.012287532,Tonnes,England,M
2021,22,Benzene,6209,Minehead,297679.0,145821.0,Tesco Stores Ltd,23,Commercial,0.012287532,Tonnes,England,M
2021,22,Benzene,6210,Mold,324000.0,363900.0,Tesco Stores Ltd,23,Commercial,0.012287532,Tonnes,Wales,M
2021,22,Benzene,6211,Musselburgh,334100.0,672473.0,Tesco Stores Ltd,23,Commercial,0.012287532,Tonnes,Scotland,M
2021,22,Benzene,6212,Nailsea,347471.0,170922.0,Tesco Stores Ltd,23,Commercial,0.012287532,Tonnes,England,M
2021,22,Benzene,6213,Neath Abbey,274066.0,197542.0,Tesco Stores Ltd,23,Commercial,0.012287532,Tonnes,Wales,M
2021,22,Benzene,6214,New Malden Extra,522559.0,168453.0,Tesco Stores Ltd,23,Commercial,0.012287532,Tonnes,England,M
2021,22,Benzene,6215,New Milton,425100.0,94600.0,Tesco Stores Ltd,23,Commercial,0.012287532,Tonnes,England,M
2021,22,Benzene,6216,New Ollerton,466211.0,367843.0,Tesco Stores Ltd,23,Commercial,0.012287532,Tonnes,England,M
2021,22,Benzene,6217,New Oscott,409600.0,294700.0,Tesco Stores Ltd,23,Commercial,0.012287532,Tonnes,England,M
2021,22,Benzene,6218,Newbury,447463.0,165275.0,Tesco Stores Ltd,23,Commercial,0.012287532,Tonnes,England,M
2021,22,Benzene,6219,Newcastle Upon Tyne,421300.0,568800.0,Tesco Stores Ltd,23,Commercial,0.012287532,Tonnes,England,M
2021,22,Benzene,6220,Newmarket,563728.0,265183.0,Tesco Stores Ltd,23,Commercial,0.012287532,Tonnes,England,M
2021,22,Benzene,6221,Newport 1,334419.0,186757.0,Tesco Stores Ltd,23,Commercial,0.012287532,Tonnes,Wales,M
2021,22,Benzene,6222,Newport 2,330000.0,186400.0,Tesco Stores Ltd,23,Commercial,0.012287532,Tonnes,Wales,M
2021,22,Benzene,6223,Newton Abbot,286500.0,72400.0,Tesco Stores Ltd,23,Commercial,0.012287532,Tonnes,England,M
2021,22,Benzene,6224,Northampton South,474406.0,257956.0,Tesco Stores Ltd,23,Commercial,0.012287532,Tonnes,England,M
2021,22,Benzene,6225,Norwich Harford Bridge,622035.0,304756.0,Tesco Stores Ltd,23,Commercial,0.012287532,Tonnes,England,M
2021,22,Benzene,6226,Nottingham Top Valley,455200.0,345300.0,Tesco Stores Ltd,23,Commercial,0.012287532,Tonnes,England,M
2021,22,Benzene,6227,Oban,185944.0,729642.0,Tesco Stores Ltd,23,Commercial,0.012287532,Tonnes,Scotland,M
2021,22,Benzene,6228,Oldham Chadderton,391700.0,405400.0,Tesco Stores Ltd,23,Commercial,0.012287532,Tonnes,England,M
2021,22,Benzene,6229,Osterley,516013.0,177612.0,Tesco Stores Ltd,23,Commercial,0.012287532,Tonnes,England,M
2021,22,Benzene,6230,Oxford 2,455372.0,203524.0,Tesco Stores Ltd,23,Commercial,0.012287532,Tonnes,England,M
2021,22,Benzene,6231,Pembroke Dock,197156.0,203639.0,Tesco Stores Ltd,23,Commercial,0.012287532,Tonnes,Wales,M
2021,22,Benzene,6232,Penarth,317780.0,172359.0,Tesco Stores Ltd,23,Commercial,0.012287532,Tonnes,Wales,M
2021,22,Benzene,6233,Penzance,148035.0,31207.0,Tesco Stores Ltd,23,Commercial,0.012287532,Tonnes,England,M
2021,22,Benzene,6234,Perth 3,308765.0,724865.0,Tesco Stores Ltd,23,Commercial,0.012287532,Tonnes,Scotland,M
2021,22,Benzene,6235,Peterborough Extra,517832.0,295036.0,Tesco Stores Ltd,23,Commercial,0.012287532,Tonnes,England,M
2021,22,Benzene,6236,Pitsea Extra,573539.0,187892.0,Tesco Stores Ltd,23,Commercial,0.012287532,Tonnes,England,M
2021,22,Benzene,6237,Plymouth Roborough,250243.0,61617.0,Tesco Stores Ltd,23,Commercial,0.012287532,Tonnes,England,M
2021,22,Benzene,6238,Plymouth Transit Way,247218.0,59087.0,Tesco Stores Ltd,23,Commercial,0.012287532,Tonnes,England,M
2021,22,Benzene,6239,Ponders End,535148.0,196140.0,Tesco Stores Ltd,23,Commercial,0.012287532,Tonnes,England,M
2021,22,Benzene,6240,Pontypridd,310317.0,187690.0,Tesco Stores Ltd,23,Commercial,0.012287532,Tonnes,Wales,M
2021,22,Benzene,6241,Poole 2,403624.0,94377.0,Tesco Stores Ltd,23,Commercial,0.012287532,Tonnes,England,M
2021,22,Benzene,6242,Poole 3,400864.0,93405.0,Tesco Stores Ltd,23,Commercial,0.012287532,Tonnes,England,M
2021,22,Benzene,6243,Poole 4,406249.0,91748.0,Tesco Stores Ltd,23,Commercial,0.012287532,Tonnes,England,M
2021,22,Benzene,6244,Port Talbot East Bank,276774.0,190249.0,Tesco Stores Ltd,23,Commercial,0.012287532,Tonnes,Wales,M
2021,22,Benzene,6245,Portsmouth North Harbour,463600.0,105500.0,Tesco Stores Ltd,23,Commercial,0.012287532,Tonnes,England,M
2021,22,Benzene,6246,Potters Bar,525739.0,200908.0,Tesco Stores Ltd,23,Commercial,0.012287532,Tonnes,England,M
2021,22,Benzene,6247,Prescot Extra,346800.0,392500.0,Tesco Stores Ltd,23,Commercial,0.012287532,Tonnes,England,M
2021,22,Benzene,6248,Prestwich,380800.0,404300.0,Tesco Stores Ltd,23,Commercial,0.012287532,Tonnes,England,M
2021,22,Benzene,6249,Purley,531345.0,161554.0,Tesco Stores Ltd,23,Commercial,0.012287532,Tonnes,England,M
2021,22,Benzene,6250,Quedgeley,380791.0,214300.0,Tesco Stores Ltd,23,Commercial,0.012287532,Tonnes,England,M
2021,22,Benzene,6251,Rainham Essex Extra,552047.0,182438.0,Tesco Stores Ltd,23,Commercial,0.012287532,Tonnes,England,M
2021,22,Benzene,6252,Ramsgate Manston,636192.0,166338.0,Tesco Stores Ltd,23,Commercial,0.012287532,Tonnes,England,M
2021,22,Benzene,6253,Reading Extra,472508.0,173992.0,Tesco Stores Ltd,23,Commercial,0.012287532,Tonnes,England,M
2021,22,Benzene,6254,Redditch 2,404425.0,265578.0,Tesco Stores Ltd,23,Commercial,0.012287532,Tonnes,England,M
2021,22,Benzene,6255,Redruth Tolgus,169346.0,42413.0,Tesco Stores Ltd,23,Commercial,0.012287532,Tonnes,England,M
2021,22,Benzene,6256,Renfrew,250600.0,666500.0,Tesco Stores Ltd,23,Commercial,0.012287532,Tonnes,Scotland,M
2021,22,Benzene,6257,Rochdale,388558.0,411722.0,Tesco Stores Ltd,23,Commercial,0.012287532,Tonnes,England,M
2021,22,Benzene,6258,Romford,552000.0,187470.0,Tesco Stores Ltd,23,Commercial,0.012287532,Tonnes,England,M
2021,22,Benzene,6259,Romford Gallows Corner,553700.0,190600.0,Tesco Stores Ltd,23,Commercial,0.012287532,Tonnes,England,M
2021,22,Benzene,6260,Royston,534956.0,241807.0,Tesco Stores Ltd,23,Commercial,0.012287532,Tonnes,England,M
2021,22,Benzene,6261,Rugby 1,450721.0,276981.0,Tesco Stores Ltd,23,Commercial,0.012287532,Tonnes,England,M
2021,22,Benzene,6262,Ryde,460743.0,90409.0,Tesco Stores Ltd,23,Commercial,0.012287532,Tonnes,England,M
2021,22,Benzene,6263,Saffron Walden,555270.0,238300.0,Tesco Stores Ltd,23,Commercial,0.012287532,Tonnes,England,M
2021,22,Benzene,6264,Salisbury 2,415590.0,129200.0,Tesco Stores Ltd,23,Commercial,0.012287532,Tonnes,England,M
2021,22,Benzene,6265,Sandhurst Extra,485281.0,160419.0,Tesco Stores Ltd,23,Commercial,0.012287532,Tonnes,England,M
2021,22,Benzene,6266,Scunthorpe Extra,484592.0,411109.0,Tesco Stores Ltd,23,Commercial,0.012287532,Tonnes,England,M
2021,22,Benzene,6267,Sevenoaks,551036.0,156732.0,Tesco Stores Ltd,23,Commercial,0.012287532,Tonnes,England,M
2021,22,Benzene,6268,Sheerness,591806.0,175069.0,Tesco Stores Ltd,23,Commercial,0.012287532,Tonnes,England,M
2021,22,Benzene,6269,Sheffield Abbeydale,433800.0,383500.0,Tesco Stores Ltd,23,Commercial,0.012287532,Tonnes,England,M
2021,22,Benzene,6270,Shepton Mallet,363126.0,142759.0,Tesco Stores Ltd,23,Commercial,0.012287532,Tonnes,England,M
2021,22,Benzene,6271,Shoreham,523200.0,106100.0,Tesco Stores Ltd,23,Commercial,0.012287532,Tonnes,England,M
2021,22,Benzene,6272,Shrewsbury,351708.0,315593.0,Tesco Stores Ltd,23,Commercial,0.012287532,Tonnes,England,M
2021,22,Benzene,6273,Sidcup,547600.0,170410.0,Tesco Stores Ltd,23,Commercial,0.012287532,Tonnes,England,M
2021,22,Benzene,6274,Skipton,398600.0,451200.0,Tesco Stores Ltd,23,Commercial,0.012287532,Tonnes,England,M
2021,22,Benzene,6275,Sleaford,506755.0,346177.0,Tesco Stores Ltd,23,Commercial,0.012287532,Tonnes,England,M
2021,22,Benzene,6276,Slough,497864.0,180023.0,Tesco Stores Ltd,23,Commercial,0.012287532,Tonnes,England,M
2021,22,Benzene,6277,Solihull,414406.0,276186.0,Tesco Stores Ltd,23,Commercial,0.012287532,Tonnes,England,M
2021,22,Benzene,6278,South Queensferry,312338.0,678054.0,Tesco Stores Ltd,23,Commercial,0.012287532,Tonnes,Scotland,M
2021,22,Benzene,6279,Southampton,439038.0,113975.0,Tesco Stores Ltd,23,Commercial,0.012287532,Tonnes,England,M
2021,22,Benzene,6280,Southend,586256.0,187923.0,Tesco Stores Ltd,23,Commercial,0.012287532,Tonnes,England,M
2021,22,Benzene,6281,Southport,335879.0,415404.0,Tesco Stores Ltd,23,Commercial,0.012287532,Tonnes,England,M
2021,22,Benzene,6282,Southwark,533639.0,178374.0,Tesco Stores Ltd,23,Commercial,0.012287532,Tonnes,England,M
2021,22,Benzene,6283,St Austell,203500.0,52700.0,Tesco Stores Ltd,23,Commercial,0.012287532,Tonnes,England,M
2021,22,Benzene,6284,St Mellons,323615.0,181252.0,Tesco Stores Ltd,23,Commercial,0.012287532,Tonnes,Wales,M
2021,22,Benzene,6285,St Neots,518624.0,259102.0,Tesco Stores Ltd,23,Commercial,0.012287532,Tonnes,England,M
2021,22,Benzene,6286,Stalham,637302.0,324958.0,Tesco Stores Ltd,23,Commercial,0.012287532,Tonnes,England,M
2021,22,Benzene,6287,Stalybridge,396665.0,398465.0,Tesco Stores Ltd,23,Commercial,0.012287532,Tonnes,England,M
2021,22,Benzene,6288,Stevenage Extra,523697.0,224290.0,Tesco Stores Ltd,23,Commercial,0.012287532,Tonnes,England,M
2021,22,Benzene,6289,Stirling,279676.0,693943.0,Tesco Stores Ltd,23,Commercial,0.012287532,Tonnes,Scotland,M
2021,22,Benzene,6290,Stockton Extra,441800.0,522100.0,Tesco Stores Ltd,23,Commercial,0.012287532,Tonnes,England,M
2021,22,Benzene,6291,Stoke 2,386133.0,344002.0,Tesco Stores Ltd,23,Commercial,0.012287532,Tonnes,England,M
2021,22,Benzene,6292,Stowmarket,606495.0,258299.0,Tesco Stores Ltd,23,Commercial,0.012287532,Tonnes,England,M
2021,22,Benzene,6293,Stratford-On-Avon,419626.0,256044.0,Tesco Stores Ltd,23,Commercial,0.012287532,Tonnes,England,M
2021,22,Benzene,6294,Stroud,384612.0,205343.0,Tesco Stores Ltd,23,Commercial,0.012287532,Tonnes,England,M
2021,22,Benzene,6295,Sudbury,587400.0,242900.0,Tesco Stores Ltd,23,Commercial,0.012287532,Tonnes,England,M
2021,22,Benzene,6296,Sunbury,509854.0,170016.0,Tesco Stores Ltd,23,Commercial,0.012287532,Tonnes,England,M
2021,22,Benzene,6297,Surrey Quays,535668.0,179140.0,Tesco Stores Ltd,23,Commercial,0.012287532,Tonnes,England,M
2021,22,Benzene,6298,Sutton Cheam Park Farm,524872.0,165269.0,Tesco Stores Ltd,23,Commercial,0.012287532,Tonnes,England,M
2021,22,Benzene,6299,Swansea 3,268507.0,197321.0,Tesco Stores Ltd,23,Commercial,0.012287532,Tonnes,Wales,M
2021,22,Benzene,6300,Swansea Extra,262558.0,196319.0,Tesco Stores Ltd,23,Commercial,0.012287532,Tonnes,Wales,M
2021,22,Benzene,6301,Swindon,416106.0,185699.0,Tesco Stores Ltd,23,Commercial,0.012287532,Tonnes,England,M
2021,22,Benzene,6302,Talbot Green Extra,304308.0,182806.0,Tesco Stores Ltd,23,Commercial,0.012287532,Tonnes,Wales,M
2021,22,Benzene,6303,Telford Extra,366716.0,310549.0,Tesco Stores Ltd,23,Commercial,0.012287532,Tonnes,England,M
2021,22,Benzene,6304,Thetford,589114.0,284243.0,Tesco Stores Ltd,23,Commercial,0.012287532,Tonnes,England,M
2021,22,Benzene,6305,Thirsk,442474.0,481806.0,Tesco Stores Ltd,23,Commercial,0.012287532,Tonnes,England,M
2021,22,Benzene,6306,Thornbury,363835.0,189635.0,Tesco Stores Ltd,23,Commercial,0.012287532,Tonnes,England,M
2021,22,Benzene,6307,Toton Extra,449870.0,334502.0,Tesco Stores Ltd,23,Commercial,0.012287532,Tonnes,England,M
2021,22,Benzene,6308,Trowbridge,385940.0,157577.0,Tesco Stores Ltd,23,Commercial,0.012287532,Tonnes,England,M
2021,22,Benzene,6309,Twickenham,515651.0,174651.0,Tesco Stores Ltd,23,Commercial,0.012287532,Tonnes,England,M
2021,22,Benzene,6310,Uttoxeter,409694.0,333331.0,Tesco Stores Ltd,23,Commercial,0.012287532,Tonnes,England,M
2021,22,Benzene,6311,Walkden,373500.0,403300.0,Tesco Stores Ltd,23,Commercial,0.012287532,Tonnes,England,M
2021,22,Benzene,6312,Walsall Brownhills,404604.0,305357.0,Tesco Stores Ltd,23,Commercial,0.012287532,Tonnes,England,M
2021,22,Benzene,6313,Warwick,429659.0,265580.0,Tesco Stores Ltd,23,Commercial,0.012287532,Tonnes,England,M
2021,22,Benzene,6314,Watford Extra,511611.0,195953.0,Tesco Stores Ltd,23,Commercial,0.012287532,Tonnes,England,M
2021,22,Benzene,6315,Wellingborough 2,489669.0,266620.0,Tesco Stores Ltd,23,Commercial,0.012287532,Tonnes,England,M
2021,22,Benzene,6316,West Durrington,511100.0,104700.0,Tesco Stores Ltd,23,Commercial,0.012287532,Tonnes,England,M
2021,22,Benzene,6317,Weston Favell Extra,479500.0,262700.0,Tesco Stores Ltd,23,Commercial,0.012287532,Tonnes,England,M
2021,22,Benzene,6318,Weston Super Mare,332142.0,161214.0,Tesco Stores Ltd,23,Commercial,0.012287532,Tonnes,England,M
2021,22,Benzene,6319,Whaley Bridge,401281.0,382554.0,Tesco Stores Ltd,23,Commercial,0.012287532,Tonnes,England,M
2021,22,Benzene,6320,Whitehaven,297200.0,518600.0,Tesco Stores Ltd,23,Commercial,0.012287532,Tonnes,England,M
2021,22,Benzene,6321,Whiteley,453186.0,109937.0,Tesco Stores Ltd,23,Commercial,0.012287532,Tonnes,England,M
2021,22,Benzene,6322,Whitstable,612075.0,165206.0,Tesco Stores Ltd,23,Commercial,0.012287532,Tonnes,England,M
2021,22,Benzene,6323,Wigan Atherton,367500.0,402800.0,Tesco Stores Ltd,23,Commercial,0.012287532,Tonnes,England,M
2021,22,Benzene,6324,Wigan Extra,358596.0,406190.0,Tesco Stores Ltd,23,Commercial,0.012287532,Tonnes,England,M
2021,22,Benzene,6325,Winchester,449351.0,130248.0,Tesco Stores Ltd,23,Commercial,0.012287532,Tonnes,England,M
2021,22,Benzene,6326,Wisbech,545432.0,308437.0,Tesco Stores Ltd,23,Commercial,0.012287532,Tonnes,England,M
2021,22,Benzene,6327,Worcester 1,386000.0,252500.0,Tesco Stores Ltd,23,Commercial,0.012287532,Tonnes,England,M
2021,22,Benzene,6328,Worcester 2,387806.0,255766.0,Tesco Stores Ltd,23,Commercial,0.012287532,Tonnes,England,M
2021,22,Benzene,6329,Worksop,457858.0,380164.0,Tesco Stores Ltd,23,Commercial,0.012287532,Tonnes,England,M
2021,22,Benzene,6330,Wrexham Extra,333821.0,350321.0,Tesco Stores Ltd,23,Commercial,0.012287532,Tonnes,Wales,M
2021,22,Benzene,6331,Yeading Extra,512100.0,181800.0,Tesco Stores Ltd,23,Commercial,0.012287532,Tonnes,England,M
2021,22,Benzene,6332,Yeovil Extra,355308.0,116044.0,Tesco Stores Ltd,23,Commercial,0.012287532,Tonnes,England,M
2021,22,Benzene,6333,York Extra,458798.0,455396.0,Tesco Stores Ltd,23,Commercial,0.012287532,Tonnes,England,M
2021,22,Benzene,6334,York Tadcaster Road,458300.0,448900.0,Tesco Stores Ltd,23,Commercial,0.012287532,Tonnes,England,M
2021,22,Benzene,6335,Yorkgate Centre,146491.0,530861.0,Tesco Stores Ltd,23,Commercial,0.012287532,Tonnes,Northern Ireland,M
2021,22,Benzene,6336,Ystrad Mynach,315000.0,194400.0,Tesco Stores Ltd,23,Commercial,0.012287532,Tonnes,Wales,M
2021,22,Benzene,6337,Baglan Moors,274725.0,190890.0,Wm Morrison Supermarkets Plc,23,Commercial,0.007529889,Tonnes,Wales,M
2021,22,Benzene,6338,Barnsley,434448.0,405959.0,Wm Morrison Supermarkets Plc,23,Commercial,0.007529889,Tonnes,England,M
2021,22,Benzene,6339,Barrow in Furness,320046.0,468806.0,Wm Morrison Supermarkets Plc,23,Commercial,0.007529889,Tonnes,England,M
2021,22,Benzene,6340,Barry,311551.0,167688.0,Wm Morrison Supermarkets Plc,23,Commercial,0.007529889,Tonnes,Wales,M
2021,22,Benzene,6341,Belle Vale,342768.0,388457.0,Wm Morrison Supermarkets Plc,23,Commercial,0.007529889,Tonnes,England,M
2021,22,Benzene,6342,Beverley,502334.0,437585.0,Wm Morrison Supermarkets Plc,23,Commercial,0.007529889,Tonnes,England,M
2021,22,Benzene,6343,Bilston,394958.0,296140.0,Wm Morrison Supermarkets Plc,23,Commercial,0.007529889,Tonnes,England,M
2021,22,Benzene,6344,Binley,438313.0,278395.0,Wm Morrison Supermarkets Plc,23,Commercial,0.007529889,Tonnes,England,M
2021,22,Benzene,6345,Bishop Auckland,420857.0,529319.0,Wm Morrison Supermarkets Plc,23,Commercial,0.007529889,Tonnes,England,M
2021,22,Benzene,6346,Blackpool,331800.0,432030.0,Wm Morrison Supermarkets Plc,23,Commercial,0.007529889,Tonnes,England,M
2021,22,Benzene,6347,Bolton Atlas,370100.0,410000.0,Wm Morrison Supermarkets Plc,23,Commercial,0.007529889,Tonnes,England,M
2021,22,Benzene,6348,Boroughbridge,439503.0,466099.0,Wm Morrison Supermarkets Plc,23,Commercial,0.007529889,Tonnes,England,M
2021,22,Benzene,6349,Boundary Road,350559.0,395801.0,Wm Morrison Supermarkets Plc,23,Commercial,0.007529889,Tonnes,England,M
2021,22,Benzene,6350,Brampton,440562.0,401323.0,Wm Morrison Supermarkets Plc,23,Commercial,0.007529889,Tonnes,England,M
2021,22,Benzene,6351,Burton,422500.0,322150.0,Wm Morrison Supermarkets Plc,23,Commercial,0.007529889,Tonnes,England,M
2021,22,Benzene,6352,Burwell,454447.0,346035.0,Wm Morrison Supermarkets Plc,23,Commercial,0.007529889,Tonnes,England,M
2021,22,Benzene,6353,Byker,427250.0,564750.0,Wm Morrison Supermarkets Plc,23,Commercial,0.007529889,Tonnes,England,M
2021,22,Benzene,6354,Cambourne,531208.0,259409.0,Wm Morrison Supermarkets Plc,23,Commercial,0.007529889,Tonnes,England,M
2021,22,Benzene,6355,Carlisle,339900.0,558250.0,Wm Morrison Supermarkets Plc,23,Commercial,0.007529889,Tonnes,England,M
2021,22,Benzene,6356,Catcliffe,442029.0,388088.0,Wm Morrison Supermarkets Plc,23,Commercial,0.007529889,Tonnes,England,M
2021,22,Benzene,6357,Cheadle Heath,387385.0,389346.0,Wm Morrison Supermarkets Plc,23,Commercial,0.007529889,Tonnes,England,M
2021,22,Benzene,6358,Chingford,537400.0,191500.0,Wm Morrison Supermarkets Plc,23,Commercial,0.007529889,Tonnes,England,M
2021,22,Benzene,6359,Chorley,358770.0,417025.0,Wm Morrison Supermarkets Plc,23,Commercial,0.007529889,Tonnes,England,M
2021,22,Benzene,6360,Cleethorpes,523300.0,407600.0,Wm Morrison Supermarkets Plc,23,Commercial,0.007529889,Tonnes,England,M
2021,22,Benzene,6361,Coalville,442850.0,314700.0,Wm Morrison Supermarkets Plc,23,Commercial,0.007529889,Tonnes,England,M
2021,22,Benzene,6362,Crewe,369622.0,355837.0,Wm Morrison Supermarkets Plc,23,Commercial,0.007529889,Tonnes,England,M
2021,22,Benzene,6363,Cribbs Causeway,357750.0,180750.0,Wm Morrison Supermarkets Plc,23,Commercial,0.007529889,Tonnes,England,M
2021,22,Benzene,6364,Derby,436061.0,337545.0,Wm Morrison Supermarkets Plc,23,Commercial,0.007529889,Tonnes,England,M
2021,22,Benzene,6365,Dereham,599300.0,313000.0,Wm Morrison Supermarkets Plc,23,Commercial,0.007529889,Tonnes,England,M
2021,22,Benzene,6366,Dewsbury Road,431400.0,420300.0,Wm Morrison Supermarkets Plc,23,Commercial,0.007529889,Tonnes,England,M
2021,22,Benzene,6367,Doncaster,456308.0,404208.0,Wm Morrison Supermarkets Plc,23,Commercial,0.007529889,Tonnes,England,M
2021,22,Benzene,6368,Doxford Park,437553.0,552538.0,Wm Morrison Supermarkets Plc,23,Commercial,0.007529889,Tonnes,England,M
2021,22,Benzene,6369,Dukinfield,395516.0,397677.0,Wm Morrison Supermarkets Plc,23,Commercial,0.007529889,Tonnes,England,M
2021,22,Benzene,6370,Ebbw Vale,316300.0,211200.0,Wm Morrison Supermarkets Plc,23,Commercial,0.007529889,Tonnes,Wales,M
2021,22,Benzene,6371,Eccles,377397.0,398293.0,Wm Morrison Supermarkets Plc,23,Commercial,0.007529889,Tonnes,England,M
2021,22,Benzene,6372,Ecclesfield,435767.0,394401.0,Wm Morrison Supermarkets Plc,23,Commercial,0.007529889,Tonnes,England,M
2021,22,Benzene,6373,Enfield,534539.0,196063.0,Wm Morrison Supermarkets Plc,23,Commercial,0.007529889,Tonnes,England,M
2021,22,Benzene,6374,Enterprise 5,417840.0,437022.0,Wm Morrison Supermarkets Plc,23,Commercial,0.007529889,Tonnes,England,M
2021,22,Benzene,6375,Erith,551864.0,177930.0,Wm Morrison Supermarkets Plc,23,Commercial,0.007529889,Tonnes,England,M
2021,22,Benzene,6376,Failsworth,388747.0,400857.0,Wm Morrison Supermarkets Plc,23,Commercial,0.007529889,Tonnes,England,M
2021,22,Benzene,6377,Gainsborough,483458.0,388948.0,Wm Morrison Supermarkets Plc,23,Commercial,0.007529889,Tonnes,England,M
2021,22,Benzene,6378,Grays,561191.0,177992.0,Wm Morrison Supermarkets Plc,23,Commercial,0.007529889,Tonnes,England,M
2021,22,Benzene,6379,Guiseley,419055.0,441950.0,Wm Morrison Supermarkets Plc,23,Commercial,0.007529889,Tonnes,England,M
2021,22,Benzene,6380,Halfway,443059.0,381329.0,Wm Morrison Supermarkets Plc,23,Commercial,0.007529889,Tonnes,England,M
2021,22,Benzene,6381,Halifax,406900.0,428200.0,Wm Morrison Supermarkets Plc,23,Commercial,0.007529889,Tonnes,England,M
2021,22,Benzene,6382,Heckmondwike,421347.0,423441.0,Wm Morrison Supermarkets Plc,23,Commercial,0.007529889,Tonnes,England,M
2021,22,Benzene,6383,Heywood,385225.0,410966.0,Wm Morrison Supermarkets Plc,23,Commercial,0.007529889,Tonnes,England,M
2021,22,Benzene,6384,Hillsborough,433661.0,389612.0,Wm Morrison Supermarkets Plc,23,Commercial,0.007529889,Tonnes,England,M
2021,22,Benzene,6385,Huddersfield,417305.0,416337.0,Wm Morrison Supermarkets Plc,23,Commercial,0.007529889,Tonnes,England,M
2021,22,Benzene,6386,Hull,512589.0,431005.0,Wm Morrison Supermarkets Plc,23,Commercial,0.007529889,Tonnes,England,M
2021,22,Benzene,6387,Hunslet,431100.0,431400.0,Wm Morrison Supermarkets Plc,23,Commercial,0.007529889,Tonnes,England,M
2021,22,Benzene,6388,Hyde,395844.0,394914.0,Wm Morrison Supermarkets Plc,23,Commercial,0.007529889,Tonnes,England,M
2021,22,Benzene,6389,Ince,360900.0,405300.0,Wm Morrison Supermarkets Plc,23,Commercial,0.007529889,Tonnes,England,M
2021,22,Benzene,6390,Jarrow,432848.0,565286.0,Wm Morrison Supermarkets Plc,23,Commercial,0.007529889,Tonnes,England,M
2021,22,Benzene,6391,Keithley,406187.0,440892.0,Wm Morrison Supermarkets Plc,23,Commercial,0.007529889,Tonnes,England,M
2021,22,Benzene,6392,Kendal,352309.0,494252.0,Wm Morrison Supermarkets Plc,23,Commercial,0.007529889,Tonnes,England,M
2021,22,Benzene,6393,Killingworth,427695.0,571293.0,Wm Morrison Supermarkets Plc,23,Commercial,0.007529889,Tonnes,England,M
2021,22,Benzene,6394,King's Lynn,562306.0,320251.0,Wm Morrison Supermarkets Plc,23,Commercial,0.007529889,Tonnes,England,M
2021,22,Benzene,6395,Kirkstall,426200.0,435400.0,Wm Morrison Supermarkets Plc,23,Commercial,0.007529889,Tonnes,England,M
2021,22,Benzene,6396,Lincoln,496545.0,370657.0,Wm Morrison Supermarkets Plc,23,Commercial,0.007529889,Tonnes,England,M
2021,22,Benzene,6397,Mansfield,452023.0,360039.0,Wm Morrison Supermarkets Plc,23,Commercial,0.007529889,Tonnes,England,M
2021,22,Benzene,6398,Mayo Avenue,416010.0,430488.0,Wm Morrison Supermarkets Plc,23,Commercial,0.007529889,Tonnes,England,M
2021,22,Benzene,6399,Middlesbrough,451529.0,518706.0,Wm Morrison Supermarkets Plc,23,Commercial,0.007529889,Tonnes,England,M
2021,22,Benzene,6400,Morecambe,343013.0,464161.0,Wm Morrison Supermarkets Plc,23,Commercial,0.007529889,Tonnes,England,M
2021,22,Benzene,6401,Morley,426274.0,427719.0,Wm Morrison Supermarkets Plc,23,Commercial,0.007529889,Tonnes,England,M
2021,22,Benzene,6402,Morton Park,432385.0,514041.0,Wm Morrison Supermarkets Plc,23,Commercial,0.007529889,Tonnes,England,M
2021,22,Benzene,6403,Nelson,385984.0,438010.0,Wm Morrison Supermarkets Plc,23,Commercial,0.007529889,Tonnes,England,M
2021,22,Benzene,6404,Netherfield,462658.0,340850.0,Wm Morrison Supermarkets Plc,23,Commercial,0.007529889,Tonnes,England,M
2021,22,Benzene,6405,Newcastle-under-Lyme,384000.0,347100.0,Wm Morrison Supermarkets Plc,23,Commercial,0.007529889,Tonnes,England,M
2021,22,Benzene,6406,North Road,429088.0,515903.0,Wm Morrison Supermarkets Plc,23,Commercial,0.007529889,Tonnes,England,M
2021,22,Benzene,6407,Northampton,475521.0,260111.0,Wm Morrison Supermarkets Plc,23,Commercial,0.007529889,Tonnes,England,M
2021,22,Benzene,6408,Norwich,623797.0,308096.0,Wm Morrison Supermarkets Plc,23,Commercial,0.007529889,Tonnes,England,M
2021,22,Benzene,6409,Oldham,390473.0,403173.0,Wm Morrison Supermarkets Plc,23,Commercial,0.007529889,Tonnes,England,M
2021,22,Benzene,6410,Parkgate,442942.0,393542.0,Wm Morrison Supermarkets Plc,23,Commercial,0.007529889,Tonnes,England,M
2021,22,Benzene,6411,Pinchbeck,525300.0,325000.0,Wm Morrison Supermarkets Plc,23,Commercial,0.007529889,Tonnes,England,M
2021,22,Benzene,6412,Redcar,460458.0,525133.0,Wm Morrison Supermarkets Plc,23,Commercial,0.007529889,Tonnes,England,M
2021,22,Benzene,6413,Rhyl,300800.0,381000.0,Wm Morrison Supermarkets Plc,23,Commercial,0.007529889,Tonnes,Wales,M
2021,22,Benzene,6414,Riversway,351491.0,429798.0,Wm Morrison Supermarkets Plc,23,Commercial,0.007529889,Tonnes,England,M
2021,22,Benzene,6415,Rochdale,391249.0,412651.0,Wm Morrison Supermarkets Plc,23,Commercial,0.007529889,Tonnes,England,M
2021,22,Benzene,6416,Rogerstone,325300.0,189100.0,Wm Morrison Supermarkets Plc,23,Commercial,0.007529889,Tonnes,Wales,M
2021,22,Benzene,6417,Rotherham,449345.0,392032.0,Wm Morrison Supermarkets Plc,23,Commercial,0.007529889,Tonnes,England,M
2021,22,Benzene,6418,Saltney,338568.0,365226.0,Wm Morrison Supermarkets Plc,23,Commercial,0.007529889,Tonnes,Wales,M
2021,22,Benzene,6419,Scarborough,503158.0,483563.0,Wm Morrison Supermarkets Plc,23,Commercial,0.007529889,Tonnes,England,M
2021,22,Benzene,6420,Scunthorpe,491725.0,408471.0,Wm Morrison Supermarkets Plc,23,Commercial,0.007529889,Tonnes,England,M
2021,22,Benzene,6421,Seaburn,440400.0,560300.0,Wm Morrison Supermarkets Plc,23,Commercial,0.007529889,Tonnes,England,M
2021,22,Benzene,6422,Shrewsbury,350400.0,314800.0,Wm Morrison Supermarkets Plc,23,Commercial,0.007529889,Tonnes,England,M
2021,22,Benzene,6423,Skipton,398400.0,451400.0,Wm Morrison Supermarkets Plc,23,Commercial,0.007529889,Tonnes,England,M
2021,22,Benzene,6424,Small Heath,409105.0,286131.0,Wm Morrison Supermarkets Plc,23,Commercial,0.007529889,Tonnes,England,M
2021,22,Benzene,6425,Southport,333725.0,417017.0,Wm Morrison Supermarkets Plc,23,Commercial,0.007529889,Tonnes,England,M
2021,22,Benzene,6426,St Helens,352600.0,394300.0,Wm Morrison Supermarkets Plc,23,Commercial,0.007529889,Tonnes,England,M
2021,22,Benzene,6427,Stamford,503800.0,307430.0,Wm Morrison Supermarkets Plc,23,Commercial,0.007529889,Tonnes,England,M
2021,22,Benzene,6428,Starbeck,433100.0,455900.0,Wm Morrison Supermarkets Plc,23,Commercial,0.007529889,Tonnes,England,M
2021,22,Benzene,6429,Staveley,443173.0,374715.0,Wm Morrison Supermarkets Plc,23,Commercial,0.007529889,Tonnes,England,M
2021,22,Benzene,6430,Stockton,446963.0,518302.0,Wm Morrison Supermarkets Plc,23,Commercial,0.007529889,Tonnes,England,M
2021,22,Benzene,6431,Stoke,387168.0,348232.0,Wm Morrison Supermarkets Plc,23,Commercial,0.007529889,Tonnes,England,M
2021,22,Benzene,6432,Tamworth,422100.0,301500.0,Wm Morrison Supermarkets Plc,23,Commercial,0.007529889,Tonnes,England,M
2021,22,Benzene,6433,Thornbury,418803.0,433831.0,Wm Morrison Supermarkets Plc,23,Commercial,0.007529889,Tonnes,England,M
2021,22,Benzene,6434,Tynemouth,434861.0,570054.0,Wm Morrison Supermarkets Plc,23,Commercial,0.007529889,Tonnes,England,M
2021,22,Benzene,6435,Walsall,400076.0,296861.0,Wm Morrison Supermarkets Plc,23,Commercial,0.007529889,Tonnes,England,M
2021,22,Benzene,6436,Warrington,361101.0,386443.0,Wm Morrison Supermarkets Plc,23,Commercial,0.007529889,Tonnes,England,M
2021,22,Benzene,6437,Wellington,364643.0,311715.0,Wm Morrison Supermarkets Plc,23,Commercial,0.007529889,Tonnes,England,M
2021,22,Benzene,6438,Wetherby,440400.0,448200.0,Wm Morrison Supermarkets Plc,23,Commercial,0.007529889,Tonnes,England,M
2021,22,Benzene,6439,Widnes,351934.0,385830.0,Wm Morrison Supermarkets Plc,23,Commercial,0.007529889,Tonnes,England,M
2021,22,Benzene,6440,Winsford,365938.0,366904.0,Wm Morrison Supermarkets Plc,23,Commercial,0.007529889,Tonnes,England,M
2021,22,Benzene,6454,Lancaster,348400.0,463000.0,Abaris Holdings Ltd,6,"Textiles, clothing, leather & footwear",0.034143909028332,Tonnes,England,M
2021,22,Benzene,6490,Aberthaw,303310.0,167550.0,Blue Circle Industries Plc,11,Cement,2.54,Tonnes,Wales,O
2021,22,Benzene,6497,Derby,438500.0,335200.0,BOC Group Plc,10,Chemical industry,0.02,Tonnes,England,M
2021,22,Benzene,6518,Clitheroe,374830.0,443640.0,Castle Cement Ltd,11,Cement,3.05,Tonnes,England,M
2021,22,Benzene,6539,Macclesfield,392200.0,375200.0,Dalkia Utilities Services Plc,10,Chemical industry,0.0413289257356784,Tonnes,England,M
2021,22,Benzene,6557,Holywell,318230.0,378760.0,Great Lakes (UK) Ltd,10,Chemical industry,0.02,Tonnes,Wales,M
2021,22,Benzene,6566,Bowburn,430010.0,538230.0,High Force Research Ltd,10,Chemical industry,0.2,Tonnes,England,M
2021,22,Benzene,6571,Wilton,458200.0,521200.0,Huntsman Petrochemicals (UK) Ltd,10,Chemical industry,4.22,Tonnes,England,O
2021,22,Benzene,6578,Clydach,268900.0,201300.0,INCO Europe Ltd,14,Non-ferrous metal industries,0.0538652145333359,Tonnes,Wales,M
2021,22,Benzene,6628,Chineham,467230.0,155200.0,Onyx Hampshire Ltd,21,"Waste collection, treatment & disposal",0.080252454748534,Tonnes,England,M
2021,22,Benzene,6635,Morley,427241.0,428272.0,OSS Group Ltd,21,"Waste collection, treatment & disposal",0.2,Tonnes,England,M
2021,22,Benzene,6649,Milford Haven,193660.0,205610.0,Petroplus Tankstorage Milford Haven Ltd,9,Processing & distribution of petroleum products,0.999,Tonnes,Wales,O
2021,22,Benzene,6666,New Rugby,448700.0,275600.0,Rugby Ltd,11,Cement,0.96,Tonnes,England,M
2021,22,Benzene,6671,Seal Sands,453157.0,524251.0,Seal Sands Chemicals Ltd,10,Chemical industry,0.2,Tonnes,England,M
2021,22,Benzene,6694,Deeside,331500.0,370998.0,Toyota Motor Manufacturing UK Ltd,17,Vehicles,0.0126977924707332,Tonnes,Wales,M
2021,22,Benzene,6753,Barling - (NFFO5),593092.0,188739.0,EDL Operations (Barling) Ltd,21,"Waste collection, treatment & disposal",0.00163263,Tonnes,England,O
2021,22,Benzene,6754,Beaconhill Power,397534.0,95334.0,Natural Power Ltd,21,"Waste collection, treatment & disposal",0.00254762,Tonnes,England,O
2021,22,Benzene,6755,Beddington Landfill Power Generation,529873.0,166449.0,Thames Waste Management Ltd,21,"Waste collection, treatment & disposal",0.003796762,Tonnes,England,O
2021,22,Benzene,6756,Bellhouse South,594500.0,222500.0,EDL Operations (Bellhouse) Ltd,21,"Waste collection, treatment & disposal",0.002878034,Tonnes,England,O
2021,22,Benzene,6757,Beetley Energy RO,594600.0,320400.0,Beetley Energy Ltd,21,"Waste collection, treatment & disposal",7.40066e-05,Tonnes,England,O
2021,22,Benzene,6758,Betton Abbots Landfill Site,351726.0,307982.0,Natural Power Ltd,21,"Waste collection, treatment & disposal",0.000731843,Tonnes,England,O
2021,22,Benzene,6760,Bootham Lane - Phase II,465507.0,410159.0,United Utilities Green Energy Ltd,21,"Waste collection, treatment & disposal",0.000740066,Tonnes,England,O
2021,22,Benzene,6761,Bramford Landfill Site,612618.0,248129.0,Biffa Waste Services Ltd,21,"Waste collection, treatment & disposal",0.000485902,Tonnes,England,O
2021,22,Benzene,6762,Brenkley Landfill Site  - A,379689.0,398023.0,Natural Power Ltd,21,"Waste collection, treatment & disposal",0.000231738,Tonnes,England,O
2021,22,Benzene,6763,Briton Power,273670.0,194921.0,Natural Power Ltd,21,"Waste collection, treatment & disposal",0.000269115,Tonnes,Wales,O
2021,22,Benzene,6764,Bryn Pica Landfill,300217.0,204901.0,United Utilities Green Energy Ltd,21,"Waste collection, treatment & disposal",0.001382951,Tonnes,Wales,O
2021,22,Benzene,6765,Bryn Posteg Landfill Site,297300.0,282300.0,Sundorne Products (Llanidloes) Ltd,21,"Waste collection, treatment & disposal",0.001584787,Tonnes,Wales,O
2021,22,Benzene,6766,Calne,401500.0,170900.0,Viridor Waste Exeter Ltd,21,"Waste collection, treatment & disposal",0.002277758,Tonnes,England,O
2021,22,Benzene,6767,Calvert Phase II - A,472058.0,227933.0,Shanks Waste Services Ltd,21,"Waste collection, treatment & disposal",0.012945918,Tonnes,England,O
2021,22,Benzene,6769,Chelson Meadow RO Power Generation,249500.0,54400.0,Chelson Meadow Energy Ltd,21,"Waste collection, treatment & disposal",0.002388394,Tonnes,England,O
2021,22,Benzene,6770,Clifton Hall,379243.0,402773.0,Biffa Waste Services Ltd,21,"Waste collection, treatment & disposal",0.00076623,Tonnes,England,O
2021,22,Benzene,6771,Connon Bridge 2 Landfill Gas Project,218400.0,61800.0,Connon Bridge Energy Ltd,21,"Waste collection, treatment & disposal",0.003053706,Tonnes,England,O
2021,22,Benzene,6772,Costessey  2 Landfill Power Generation,615712.0,310980.0,Costessey Energy Ltd,21,"Waste collection, treatment & disposal",0.001644591,Tonnes,England,O
2021,22,Benzene,6773,Crumps Farm Landfill Gas Generation Project,558638.0,221563.0,Edwards Waste Management Ltd,21,"Waste collection, treatment & disposal",0.00053823,Tonnes,England,O
2021,22,Benzene,6774,Danes Moss 2,389639.0,371329.0,Novera Energy Europe Ltd,21,"Waste collection, treatment & disposal",0.000760249,Tonnes,England,O
2021,22,Benzene,6775,"Dorket Head Landfill Generation - A, C",432758.0,291927.0,Waste Recycling Group plc,21,"Waste collection, treatment & disposal",0.002112551,Tonnes,England,O
2021,22,Benzene,6776,Efford Landfill Gas Generation Facility,431227.0,94438.0,Onyx Hampshire Ltd,21,"Waste collection, treatment & disposal",0.000822295,Tonnes,England,O
2021,22,Benzene,6777,Feltwell (1),573809.0,291995.0,Feltwell Energy Ltd,21,"Waste collection, treatment & disposal",0.000438807,Tonnes,England,O
2021,22,Benzene,6778,Feltwell (2),573809.0,291995.0,Feltwell Energy Ltd,21,"Waste collection, treatment & disposal",0.000784918,Tonnes,England,O
2021,22,Benzene,6779,Flusco Landfill,346300.0,528800.0,Summerleaze RE-Generation Ltd,21,"Waste collection, treatment & disposal",0.000614479,Tonnes,England,O
2021,22,Benzene,6780,Frampton Landfill Site,377900.0,208300.0,Eco2 Ltd,21,"Waste collection, treatment & disposal",0.001046558,Tonnes,England,O
2021,22,Benzene,6781,Godmanchester,525920.0,271050.0,Natural Power Ltd,21,"Waste collection, treatment & disposal",0.001619174,Tonnes,England,O
2021,22,Benzene,6782,Honley Wood,411724.0,412147.0,Novera Energy Europe Ltd,21,"Waste collection, treatment & disposal",0.000783423,Tonnes,England,O
2021,22,Benzene,6783,Humberfield,501200.0,426300.0,Waste Recycling Group,21,"Waste collection, treatment & disposal",0.000783423,Tonnes,England,O
2021,22,Benzene,6784,Immingham,520067.0,414722.0,Waste Recycling Group,21,"Waste collection, treatment & disposal",0.000760997,Tonnes,England,O
2021,22,Benzene,6785,Jameson Road Power Generation No.1,333500.0,446000.0,Jameson Road Energy Ltd,21,"Waste collection, treatment & disposal",0.000762492,Tonnes,England,O
2021,22,Benzene,6786,Jameson Road RO Power Generation,333500.0,446000.0,Jameson Road Energy Ltd,21,"Waste collection, treatment & disposal",0.001493587,Tonnes,England,O
2021,22,Benzene,6787,Lount Landfill site,438080.0,318510.0,Natural Power Ltd,21,"Waste collection, treatment & disposal",0.000859672,Tonnes,England,O
2021,22,Benzene,6788,Marks Quarry Landfill Site,431085.0,547541.0,Natural Power Ltd,21,"Waste collection, treatment & disposal",0.000293036,Tonnes,England,O
2021,22,Benzene,6789,Milton Phase 2 Generation,546591.0,263098.0,Waste Recycling Group Plc,21,"Waste collection, treatment & disposal",0.000784918,Tonnes,England,O
2021,22,Benzene,6790,Narborough Landfill Site,452594.0,297320.0,Sita UK Ltd,21,"Waste collection, treatment & disposal",0.000822295,Tonnes,England,O
2021,22,Benzene,6791,Netley Farm Phase 2,446500.0,110500.0,Power Plant Services Ltd,21,"Waste collection, treatment & disposal",0.000859672,Tonnes,England,O
2021,22,Benzene,6792,Odcombe,350400.0,115300.0,Novera Energy Europe Ltd,21,"Waste collection, treatment & disposal",0.000493377,Tonnes,England,O
2021,22,Benzene,6793,Offham NFFO 4,565200.0,157300.0,Waste Recycling Group,21,"Waste collection, treatment & disposal",0.000749784,Tonnes,England,O
2021,22,Benzene,6794,Offham (NFFO5),565200.0,157300.0,Waste Recycling Group,21,"Waste collection, treatment & disposal",0.000749784,Tonnes,England,O
2021,22,Benzene,6796,Parkwood Power Plant,434474.0,389148.0,Viridor Waste Disposal Ltd,21,"Waste collection, treatment & disposal",0.003041745,Tonnes,England,O
2021,22,Benzene,6797,Pen Y Bont,329100.0,340970.0,Shanks Waste Services Ltd,21,"Waste collection, treatment & disposal",0.001719345,Tonnes,Wales,O
2021,22,Benzene,6798,Risley 13 & 14,366769.0,393527.0,Biffa Waste Services Ltd,21,"Waste collection, treatment & disposal",0.001596748,Tonnes,England,O
2021,22,Benzene,6799,Rixton Gas to Energy (NFFO5),368449.0,389300.0,Biffa Waste Services Ltd,21,"Waste collection, treatment & disposal",0.006093208,Tonnes,England,O
2021,22,Benzene,6800,Scorton Landfill Site,379689.0,398023.0,Natural Power Ltd,21,"Waste collection, treatment & disposal",0.000219777,Tonnes,England,O
2021,22,Benzene,6801,Seghill Phase 2,429416.0,575997.0,Sita UK Ltd,21,"Waste collection, treatment & disposal",0.003064919,Tonnes,England,O
2021,22,Benzene,6802,Silent Valley Landfill,318250.0,206750.0,United Utilities Green Energy Ltd,21,"Waste collection, treatment & disposal",0.001163174,Tonnes,Wales,O
2021,22,Benzene,6803,Skelbrooke 2,451023.0,412056.0,Skelbrooke Energy Ltd,21,"Waste collection, treatment & disposal",0.000753522,Tonnes,England,O
2021,22,Benzene,6804,Southleigh Gas Engine Facility,473700.0,108100.0,Onyx UK Ltd,21,"Waste collection, treatment & disposal",0.001529469,Tonnes,England,O
2021,22,Benzene,6805,Stone Landfill,555778.0,174335.0,Summerleaze RE-Generation Ltd,21,"Waste collection, treatment & disposal",0.000246689,Tonnes,England,O
2021,22,Benzene,6806,Sutton Courtney NFFO 5,447427.0,194222.0,Waste Recycling Group Plc,21,"Waste collection, treatment & disposal",0.005430887,Tonnes,England,O
2021,22,Benzene,6807,United Mines 2 Landfill Gas Project,174466.0,41734.0,United Mines Energy Ltd,21,"Waste collection, treatment & disposal",0.000727358,Tonnes,England,O
2021,22,Benzene,6808,Wapsey's Wood Landfill Phase 3,497400.0,188500.0,Summerleaze Ltd,21,"Waste collection, treatment & disposal",0.001553391,Tonnes,England,O
2021,22,Benzene,6809,Waverley Wood II (NFFO),435709.0,271465.0,EDL Operations (LFG1) Ltd,21,"Waste collection, treatment & disposal",0.001027944,Tonnes,England,O
2021,22,Benzene,6810,"Whiteparish Landfill Site A,C,D",368449.0,389300.0,Biffa Waste Services Ltd,21,"Waste collection, treatment & disposal",0.000769967,Tonnes,England,O
2021,22,Benzene,6811,Wootton,475815.0,255679.0,Viridor Waste Exeter Ltd,21,"Waste collection, treatment & disposal",9.83764e-05,Tonnes,England,O
2021,22,Benzene,6812,Avondale Power Station,295200.0,677900.0,Shanks Avondale Ltd,21,"Waste collection, treatment & disposal",0.008504029,Tonnes,Scotland,O
2021,22,Benzene,6813,Barkip Landfill Site Electricity Generating Station,233600.0,650700.0,William Tracey Ltd,21,"Waste collection, treatment & disposal",0.000792394,Tonnes,Scotland,O
2021,22,Benzene,6814,"Binn Landfill Site - A,C",379689.0,398023.0,Natural Power Ltd,21,"Waste collection, treatment & disposal",0.001661037,Tonnes,England,O
2021,22,Benzene,6815,Garlaff Landfill Gas Project,254239.0,617604.0,Garlaff Energy Ltd,21,"Waste collection, treatment & disposal",0.002388394,Tonnes,Scotland,O
2021,22,Benzene,6816,Kaimes - SRO 3,313500.0,667100.0,Waste Recycling Group,21,"Waste collection, treatment & disposal",0.001943607,Tonnes,Scotland,O
2021,22,Benzene,6817,Lochhead,348495.0,750791.0,Natural Power Ltd,21,"Waste collection, treatment & disposal",0.000849207,Tonnes,Scotland,O
2021,22,Benzene,6818,Summerston 2 Landfill Site,258094.0,670991.0,Summerston Energy Ltd,21,"Waste collection, treatment & disposal",0.001569837,Tonnes,Scotland,O
2021,22,Benzene,6819,SRO Wellbank Gas to Energy,347521.0,737706.0,Biffa Waste Services Ltd,21,"Waste collection, treatment & disposal",0.000749784,Tonnes,Scotland,O
2021,22,Benzene,6820,Shewalton Landfill Site,233392.0,636696.0,Natural Power Ltd,21,"Waste collection, treatment & disposal",0.001372486,Tonnes,Scotland,O
2021,22,Benzene,6821,Alfreton Sewage Treatment Works,442100.0,357600.0,Severn Trent Water Ltd,20,Water & sewerage,0.000692566,Tonnes,England,O
2021,22,Benzene,6822,Barnhurst STW,389987.0,301609.0,Severn Trent Water Ltd,20,Water & sewerage,0.000653106,Tonnes,England,O
2021,22,Benzene,6823,Calder Vale*,433891.0,420199.0,Yorkshire Water,20,Water & sewerage,0.00032462,Tonnes,England,O
2021,22,Benzene,6824,Cambridge STW,548350.0,261540.0,Anglian Water Services Ltd,20,Water & sewerage,0.000727195,Tonnes,England,O
2021,22,Benzene,6825,Checkley STW,415202.0,283662.0,Severn Trent Water Ltd,20,Water & sewerage,0.000281858,Tonnes,England,O
2021,22,Benzene,6826,Claymills,426850.0,325514.0,Severn Trent Water Ltd,20,Water & sewerage,0.001467275,Tonnes,England,O
2021,22,Benzene,6827,Cog Moors CHP,332091.0,199127.0,United Utilities Operational Services,20,Water & sewerage,0.000314071,Tonnes,Wales,O
2021,22,Benzene,6828,Countess Wear STW CHP,295492.0,91708.0,South West Water Ltd,20,Water & sewerage,0.000531504,Tonnes,England,O
2021,22,Benzene,6829,Eign CHP,332091.0,199127.0,United Utilities Operational Services,20,Water & sewerage,0.001153204,Tonnes,Wales,O
2021,22,Benzene,6830,Finham2 STW,433600.0,273700.0,Severn Trent Water Ltd,20,Water & sewerage,0.001687929,Tonnes,England,O
2021,22,Benzene,6831,Great Billing STW CHP*,483280.0,261550.0,Anglian Water Services Ltd,20,Water & sewerage,0.004597514,Tonnes,England,O
2021,22,Benzene,6832,Hinckley STW,442349.0,293120.0,Severn Trent Water Ltd,20,Water & sewerage,0.000249646,Tonnes,England,O
2021,22,Benzene,6833,Kidderminster STW,381994.0,273997.0,Severn Trent Water Ltd,20,Water & sewerage,0.000406681,Tonnes,England,O
2021,22,Benzene,6834,Kilmington STW CHP,327305.0,97700.0,South West Water Ltd,20,Water & sewerage,8.45575e-05,Tonnes,England,O
2021,22,Benzene,6835,Llanfoist CHP at Llanfoist WTW,329260.0,213458.0,United Utilities Operational Services,20,Water & sewerage,0.00014254,Tonnes,Wales,O
2021,22,Benzene,6836,Loughborough STW,415202.0,283662.0,Severn Trent Water Ltd,20,Water & sewerage,0.000265752,Tonnes,England,O
2021,22,Benzene,6837,Lundwood WWTW,413525.0,428793.0,Yorkshire Water,20,Water & sewerage,0.000132876,Tonnes,England,O
2021,22,Benzene,6838,Mansfield STW Generating station,454275.0,361448.0,Severn Trent Water Ltd,20,Water & sewerage,0.000322124,Tonnes,England,O
2021,22,Benzene,6839,Mitchell Laithes WWTW,426100.0,419800.0,Yorkshire Water Services,20,Water & sewerage,0.001054151,Tonnes,England,O
2021,22,Benzene,6840,Monkmoor STW Generating Station,351698.0,313898.0,Severn Trent Water Ltd,20,Water & sewerage,0.000385743,Tonnes,England,O
2021,22,Benzene,6841,Naburn,460100.0,446899.0,Yorkshire Water,20,Water & sewerage,0.000479159,Tonnes,England,O
2021,22,Benzene,6842,"Narberth CHP at Narberth WWTW A,C,D",332091.0,199127.0,United Utilities Operational Services,20,Water & sewerage,9.01947e-05,Tonnes,Wales,O
2021,22,Benzene,6843,Newthorpe STW,447686.0,344810.0,Severn Trent Water Ltd,20,Water & sewerage,0.000408292,Tonnes,England,O
2021,22,Benzene,6844,Old Whittington,439164.0,374345.0,Yorkshire Water,20,Water & sewerage,0.000479159,Tonnes,England,O
2021,22,Benzene,6845,Penybont CHP WTW,332091.0,199127.0,United Utilities Operational Services,20,Water & sewerage,0.000281858,Tonnes,Wales,O
2021,22,Benzene,6846,"Poole STW CHP Generation - A,C,D",400959.0,93602.0,Wessex Water Services Ltd,20,Water & sewerage,0.001123407,Tonnes,England,O
2021,22,Benzene,6847,"Queensferry CHP A, C, D, E",332091.0,199127.0,United Utilities Operational Services,20,Water & sewerage,0.000153009,Tonnes,Wales,O
2021,22,Benzene,6848,Roundhill STW Generating Station,387300.0,283900.0,Severn Trent Water Ltd,20,Water & sewerage,0.000843965,Tonnes,England,O
2021,22,Benzene,6849,Sandall WWTW,460099.0,406100.0,Yorkshire Water,20,Water & sewerage,0.000392186,Tonnes,England,O
2021,22,Benzene,6850,Southern Water Canterbury CHP,617136.0,159890.0,Southern Water Services,20,Water & sewerage,0.000289912,Tonnes,England,O
2021,22,Benzene,6851,Southern Water Goddards Green CHP,528618.0,121303.0,Southern Water Services,20,Water & sewerage,0.000602372,Tonnes,England,O
2021,22,Benzene,6852,Southern Water East Worthing CHP,516892.0,103321.0,Southern Water Services,20,Water & sewerage,0.000289912,Tonnes,England,O
2021,22,Benzene,6853,Southern Water Queenborough CHP,590921.0,171147.0,Southern Water Services,20,Water & sewerage,0.000289912,Tonnes,England,O
2021,22,Benzene,6854,Spernal (Redditch) STW,408300.0,262600.0,Severn Trent Water Ltd,20,Water & sewerage,0.000653106,Tonnes,England,O
2021,22,Benzene,6855,Staveley WWTC,413525.0,428793.0,Yorkshire Water,20,Water & sewerage,9.26106e-05,Tonnes,England,O
2021,22,Benzene,6856,Strongford STW,415202.0,283662.0,Severn Trent Water Ltd,20,Water & sewerage,0.001687929,Tonnes,England,O
2021,22,Benzene,6857,Sutton WWTC,413525.0,428793.0,Yorkshire Water,20,Water & sewerage,6.84513e-05,Tonnes,England,O
2021,22,Benzene,6858,Taunton,328616.0,124689.0,Wessex Water Services Ltd,20,Water & sewerage,0.000668407,Tonnes,England,O
2021,22,Benzene,6859,Totnes STW CHP,280600.0,60800.0,South West Water Ltd,20,Water & sewerage,8.45575e-05,Tonnes,England,O
2021,22,Benzene,6860,Toton STW,451376.0,334039.0,Severn Trent Water Ltd,20,Water & sewerage,0.000226292,Tonnes,England,O
2021,22,Benzene,6862,"Woodhouse WWTW  -  A, C, D",443351.0,385867.0,Yorkshire Water,20,Water & sewerage,0.000378496,Tonnes,England,O
2021,22,Benzene,6863,Wombwell WWTW,440945.0,403520.0,Yorkshire Water,20,Water & sewerage,9.26106e-05,Tonnes,England,O
2021,22,Benzene,6864,Nigg Bay WWTW,396500.0,803400.0,Grampian Waste Water Services,20,Water & sewerage,0.00148177,Tonnes,Scotland,O
2021,22,Benzene,6865,Bolam No.2 Landfill Gas Project,419885.0,522438.0,Bolam Energy Ltd,21,"Waste collection, treatment & disposal",0.000796131,Tonnes,England,O
2021,22,Benzene,6866,Woodley Landfill,478880.0,173470.0,Summerleaze Ltd,21,"Waste collection, treatment & disposal",0.000106898,Tonnes,England,O
2021,22,Benzene,6991,Marchwood,439600.0,111100.0,Onyx Hampshire Ltd,21,"Waste collection, treatment & disposal",0.157143125447743,Tonnes,England,M
2021,22,Benzene,7009,Doncaster,457350.0,401300.0,Bridon International Ltd,7,Other industries,0.0757774497144917,Tonnes,England,M
2021,22,Benzene,7013,Padeswood,329080.0,362510.0,Castle Cement Ltd,11,Cement,10.54,Tonnes,Wales,O
2021,22,Benzene,7015,Whitwell,453540.0,375160.0,Lafarge Lime Ltd,12,Lime,1.0,Tonnes,England,M
2021,22,Benzene,7017,Darley Dale,426070.0,362310.0,HJ Enthoven & Sons Ltd,14,Non-ferrous metal industries,0.123178006777179,Tonnes,England,M
2021,22,Benzene,7019,Ribblesdale,374830.0,443640.0,Johnson Matthey Plc,10,Chemical industry,0.160894910672863,Tonnes,England,M
2021,22,Benzene,7032,Gravesend,561350.0,175270.0,Britannia Refined Metals Ltd,14,Non-ferrous metal industries,0.0714640386727784,Tonnes,England,M
2021,22,Benzene,7048,Newport,333390.0,185760.0,Solutia UK Ltd,10,Chemical industry,0.496,Tonnes,Wales,O
2021,22,Benzene,7060,Wilton,457000.0,522300.0,Huntsman Polyurethanes (UK) Ltd,10,Chemical industry,9.45,Tonnes,England,O
2021,22,Benzene,7067,Stallingborough,523010.0,413550.0,Newlincs Development Ltd,21,"Waste collection, treatment & disposal",0.0385456030374027,Tonnes,England,M
2021,22,Benzene,7073,Leek,397980.0,355550.0,Croda Chemicals International Ltd,10,Chemical industry,0.0161845653326838,Tonnes,England,M
2021,22,Benzene,7080,Morecambe,345330.0,462760.0,Lancaster Synthesis Ltd,10,Chemical industry,0.2,Tonnes,England,M
2021,22,Benzene,7119,Llanelli,255480.0,198770.0,Huntsman Corporation UK Ltd,10,Chemical industry,0.0922326110333072,Tonnes,Wales,M
2021,22,Benzene,7124,Haverhill,566870.0,244880.0,International Flavours & Fragrances (GB) Ltd,10,Chemical industry,0.0347562965580014,Tonnes,England,M
2021,22,Benzene,7146,Milton Keynes,490380.0,238630.0,Alanod Ltd,14,Non-ferrous metal industries,0.0442444835557323,Tonnes,England,M
2021,22,Benzene,7221,Lockerbie,310186.0,581210.0,Glanbia Foods Ltd,5,"Food, drink & tobacco industry",0.0440566568107511,Tonnes,Scotland,M
2021,22,Benzene,7385,Uddingston,267200.0,662100.0,SMW Ltd,2,Other fuel production,0.2,Tonnes,Scotland,O
2021,22,Benzene,7452,Bellshill,273301.0,660470.0,Calcarb Ltd,10,Chemical industry,0.0216,Tonnes,Scotland,O
2021,22,Benzene,7465,Aldeby NFFO 5,646230.0,293242.0,Waste Recycling Group Ltd,21,"Waste collection, treatment & disposal",0.002033312,Tonnes,England,O
2021,22,Benzene,7466,Arlesey Phase 3,518874.0,235826.0,Waste Recycling Group Ltd,21,"Waste collection, treatment & disposal",0.000829771,Tonnes,England,O
2021,22,Benzene,7467,Aveley Phase 2 Generation,555763.0,180717.0,Waste Recycling Group Ltd,21,"Waste collection, treatment & disposal",0.000796131,Tonnes,England,O
2021,22,Benzene,7468,Bennett Bank Generation,321600.0,474400.0,Waste Recycling Group Ltd,21,"Waste collection, treatment & disposal",0.000784918,Tonnes,England,O
2021,22,Benzene,7469,Berwick Farm Power Station,355735.0,181166.0,Berwick Farm Power Ltd,21,"Waste collection, treatment & disposal",0.000467213,Tonnes,England,O
2021,22,Benzene,7470,Broadpath Power Plant,568177.0,158017.0,Viridor Waste Management Ltd,26,Minor power producers,0.003160604,Tonnes,England,O
2021,22,Benzene,7471,Burnhills Power,379689.0,398023.0,EnerG Natural Power Ltd,21,"Waste collection, treatment & disposal",0.001385194,Tonnes,England,O
2021,22,Benzene,7472,Carlton Forest Generation - A,460786.0,383001.0,Waste Recycling Group Ltd,21,"Waste collection, treatment & disposal",0.000246689,Tonnes,England,O
2021,22,Benzene,7473,Carnaby Generation,515100.0,465070.0,Waste Recycling Group Ltd,21,"Waste collection, treatment & disposal",0.000224262,Tonnes,England,O
2021,22,Benzene,7474,Catwick Grange Generation,511391.0,445291.0,Waste Recycling Group Ltd,21,"Waste collection, treatment & disposal",0.000220525,Tonnes,England,O
2021,22,Benzene,7475,Clifton Marsh Power,346094.0,429292.0,Natural Power Ltd,21,"Waste collection, treatment & disposal",0.002552106,Tonnes,England,O
2021,22,Benzene,7476,Daneshill 2,361200.0,386500.0,Novera Energy Generation No. 2 Ltd,21,"Waste collection, treatment & disposal",0.001533207,Tonnes,England,O
2021,22,Benzene,7477,Dix Pit Generation,440505.0,205350.0,Waste Recycling Group Ltd,21,"Waste collection, treatment & disposal",0.001590768,Tonnes,England,O
2021,22,Benzene,7478,Dogsthorpe 2 Generation,520136.0,302064.0,Waste Recycling Group Ltd,21,"Waste collection, treatment & disposal",0.000721377,Tonnes,England,O
2021,22,Benzene,7481,Fair Oak Generation Scheme,488600.0,180810.0,Sita UK Ltd,26,Minor power producers,0.001719345,Tonnes,England,O
2021,22,Benzene,7482,Gainsborough Generation,481800.0,388600.0,Waste Recycling Group Ltd,21,"Waste collection, treatment & disposal",0.000142033,Tonnes,England,O
2021,22,Benzene,7483,Gallymoor,482270.0,439162.0,Waste Recycling Group Ltd,21,"Waste collection, treatment & disposal",0.00148985,Tonnes,England,O
2021,22,Benzene,7484,Gunty Fen,550443.0,278332.0,Waste Recycling Group Ltd,21,"Waste collection, treatment & disposal",0.000198098,Tonnes,England,O
2021,22,Benzene,7485,Kennett Generation,570190.0,268590.0,Waste Recycling Group Ltd,21,"Waste collection, treatment & disposal",0.000493377,Tonnes,England,O
2021,22,Benzene,7486,Kirkby on Bain,524006.0,361916.0,Waste Recycling Group Ltd,21,"Waste collection, treatment & disposal",0.000246689,Tonnes,England,O
2021,22,Benzene,7487,Kirkless Generation,361230.0,405672.0,Waste Recycling Group Ltd,21,"Waste collection, treatment & disposal",0.000432079,Tonnes,England,O
2021,22,Benzene,7488,Leadenham Generation,495957.0,352131.0,Waste Recycling Group Ltd,21,"Waste collection, treatment & disposal",0.000411148,Tonnes,England,O
2021,22,Benzene,7489,Levitt Hagg Generation,454180.0,400601.0,Waste Recycling Group Ltd,21,"Waste collection, treatment & disposal",0.000235475,Tonnes,England,O
2021,22,Benzene,7490,"Long Lane - A,C",451300.0,414700.0,Waste Recycling Group Ltd,21,"Waste collection, treatment & disposal",0.000234728,Tonnes,England,O
2021,22,Benzene,7491,Lord St Helens Power,351265.0,391910.0,Natural Power Ltd,21,"Waste collection, treatment & disposal",0.00254762,Tonnes,England,O
2021,22,Benzene,7492,Lyme and Wood Power Plant,357174.0,396926.0,Lyme & Wood Power Ltd,21,"Waste collection, treatment & disposal",0.004500198,Tonnes,England,O
2021,22,Benzene,7493,Middlemarsh Generation,552600.0,364100.0,Waste Recycling Group Ltd,21,"Waste collection, treatment & disposal",0.000227253,Tonnes,England,O
2021,22,Benzene,7494,Norwood Farm Generation,596749.0,171521.0,Waste Recycling Group Ltd,21,"Waste collection, treatment & disposal",0.000246689,Tonnes,England,O
2021,22,Benzene,7495,Pitsea Methane Conversion Plant,574175.0,185310.0,EDL Opertations (Pitsea) Ltd,21,"Waste collection, treatment & disposal",0.011089774,Tonnes,England,O
2021,22,Benzene,7496,Poole Generation Plant,515314.0,188283.0,EDL Generation Ltd,21,"Waste collection, treatment & disposal",0.000246689,Tonnes,England,O
2021,22,Benzene,7497,Pwllfawatkin Generation,269418.0,208993.0,Waste Recycling Group Ltd,21,"Waste collection, treatment & disposal",0.000758754,Tonnes,Wales,O
2021,22,Benzene,7498,Runfold Landfill,486747.0,147429.0,Novera Energy Generation No. 2 Ltd,21,"Waste collection, treatment & disposal",0.000747541,Tonnes,England,O
2021,22,Benzene,7499,Salt Ayre Power,345800.0,462500.0,EnerG Natural Power Ltd,21,"Waste collection, treatment & disposal",0.000849207,Tonnes,England,O
2021,22,Benzene,7500,Scabba Wood,476734.0,258481.0,Waste Recycling Group Ltd,21,"Waste collection, treatment & disposal",0.000949377,Tonnes,England,O
2021,22,Benzene,7501,Smallmead Farm (Burghfield),470514.0,170922.0,Gengas Ltd,21,"Waste collection, treatment & disposal",0.001684958,Tonnes,England,O
2021,22,Benzene,7502,Snetterton Energy RO - A (15/4/5),601076.0,290035.0,Snetterton Energy RO,21,"Waste collection, treatment & disposal",0.000106898,Tonnes,England,O
2021,22,Benzene,7503,Somersham Power,379689.0,398023.0,EnerG Natural Power Ltd,21,"Waste collection, treatment & disposal",0.000104656,Tonnes,England,O
2021,22,Benzene,7504,Squabb Wood Power Plant,432070.0,121900.0,Viridor Waste Disposal Ltd,21,"Waste collection, treatment & disposal",0.000581961,Tonnes,England,O
2021,22,Benzene,7505,Staveley Generation (WRG) - A,443461.0,374946.0,Waste Recycling Group Ltd,21,"Waste collection, treatment & disposal",0.000423856,Tonnes,England,O
2021,22,Benzene,7506,Sutton Wick Renewable Energy,448684.0,195126.0,Renewable Power Systems,21,"Waste collection, treatment & disposal",0.000373771,Tonnes,England,O
2021,22,Benzene,7507,Taddington Generation,406500.0,371100.0,Waste Recycling Group Ltd,21,"Waste collection, treatment & disposal",0.000246689,Tonnes,England,O
2021,22,Benzene,7508,Walpole Landfill Phase 2,330700.0,141600.0,Summerleaze Re-Generation Ltd,21,"Waste collection, treatment & disposal",0.000594295,Tonnes,England,O
2021,22,Benzene,7509,Waresley Landfill,385475.0,270246.0,Biffa Waste Services Ltd,21,"Waste collection, treatment & disposal",0.001375476,Tonnes,England,O
2021,22,Benzene,7510,"Westmill Gas To Energy - A,C,D",533839.0,215859.0,Biffa Waste Services Ltd,21,"Waste collection, treatment & disposal",0.003075384,Tonnes,England,O
2021,22,Benzene,7511,Auchencarroch No.2 Landfill Site,239709.0,680686.0,Auchencarroch Energy Ltd,21,"Waste collection, treatment & disposal",0.001495082,Tonnes,Scotland,O
2021,22,Benzene,7512,Cathkin RO Generation,263100.0,657700.0,Cathkin Energy Ltd,21,"Waste collection, treatment & disposal",0.003026794,Tonnes,Scotland,O
2021,22,Benzene,7513,Dunbar Power Plant,370237.0,675604.0,Viridor Waste Disposal Ltd,21,"Waste collection, treatment & disposal",0.005075805,Tonnes,Scotland,O
2021,22,Benzene,7514,Stoneyhill RO Generation,408013.0,841394.0,Stoneyhill Energy Ltd,21,"Waste collection, treatment & disposal",0.003109771,Tonnes,Scotland,O
2021,22,Benzene,7515,Wester Hatton,394595.0,815993.0,Waste Recycling Group Ltd,21,"Waste collection, treatment & disposal",0.000246689,Tonnes,Scotland,O
2021,22,Benzene,7516,Banbury,454133.0,201617.0,Thames Water Utilities Ltd,20,Water & sewerage,0.000153009,Tonnes,England,O
2021,22,Benzene,7517,Brancote Sewage Treatment Works,396438.0,322820.0,Severn Trent Water Ltd,20,Water & sewerage,0.000153009,Tonnes,England,O
2021,22,Benzene,7518,Colchester Sewage Treatment Works,601707.0,224045.0,Anglian Water Services Ltd,20,Water & sewerage,0.001900531,Tonnes,England,O
2021,22,Benzene,7519,Cotton Valley Sewage Treatment Works,488534.0,240559.0,Anglian Water Services Ltd,20,Water & sewerage,0.001982673,Tonnes,England,O
2021,22,Benzene,7520,Derby Island Sewage Treatment Works,438929.0,335213.0,Severn Trent Water Ltd,20,Water & sewerage,0.001580018,Tonnes,England,O
2021,22,Benzene,7521,"Dunstable STW Micro CHP Plant - A,C,D,E",500300.0,224400.0,Anglian Water Services Ltd,20,Water & sewerage,8.45575e-05,Tonnes,England,O
2021,22,Benzene,7522,Hartshill Sewage Treatment Works,433221.0,295448.0,Severn Trent Water Ltd,20,Water & sewerage,0.000306018,Tonnes,England,O
2021,22,Benzene,7523,Hayden Sewage Treatment Works,415202.0,283662.0,Severn Trent Water Ltd,20,Water & sewerage,0.000314071,Tonnes,England,O
2021,22,Benzene,7524,Melton Mowbray Sewage Treatment Works,473876.0,319148.0,Severn Trent Water Ltd,20,Water & sewerage,0.000410708,Tonnes,England,O
2021,22,Benzene,7525,Netheridge 2 Sewage Treatment Works,381500.0,215500.0,Severn Trent Water Ltd,20,Water & sewerage,0.001346478,Tonnes,England,O
2021,22,Benzene,7527,Rugby Sewage Treatment Works,449600.0,276100.0,Severn Trent Water Ltd,20,Water & sewerage,0.000328566,Tonnes,England,O
2021,22,Benzene,7528,Rushmoor 2 Sewage Treatment Works,361626.0,313269.0,Severn Trent Water Ltd,20,Water & sewerage,0.000575797,Tonnes,England,O
2021,22,Benzene,7529,Stroud Sewage Treatment Works,379500.0,204100.0,Severn Trent Water Ltd,20,Water & sewerage,0.000193274,Tonnes,England,O
2021,22,Benzene,7530,Worcester Sewage Treatment Works,415202.0,283662.0,Severn Trent Water Ltd,20,Water & sewerage,0.000483186,Tonnes,England,O
2021,22,Benzene,7538,Chirnside,385058.0,656266.0,Dalkia Utilities Services Plc,8,"Paper, printing & publishing industries",0.0697064424059701,Tonnes,Scotland,M
2021,22,Benzene,7565,Port Talbot,273400.0,193000.0,Intertissue Ltd,8,"Paper, printing & publishing industries",1.35338823539284,Tonnes,Wales,M
2021,22,Benzene,7567,Selby,463150.0,433150.0,Greencore Grocery,5,"Food, drink & tobacco industry",0.0364030748749483,Tonnes,England,M
2021,22,Benzene,7572,Portsmouth,466700.0,102900.0,Veolia ES Hampshire Ltd,21,"Waste collection, treatment & disposal",0.151163115483327,Tonnes,England,M
2021,22,Benzene,7578,Morecambe,341500.0,459640.0,Solvent Resource Management Ltd,21,"Waste collection, treatment & disposal",0.02,Tonnes,England,M
2021,22,Benzene,7587,Crick,458399.0,273638.0,Butchers Pet Care Ltd,5,"Food, drink & tobacco industry",0.0640693579217092,Tonnes,England,M
2021,22,Benzene,7594,Malton,480280.0,471400.0,Grampian Country Pork Ltd,5,"Food, drink & tobacco industry",0.0440566568107511,Tonnes,England,M
2021,22,Benzene,7623,Stourton,433150.0,429840.0,Arla Foods Ltd,5,"Food, drink & tobacco industry",0.0905672694058608,Tonnes,England,M
2021,22,Benzene,7630,Liverpool,343420.0,398660.0,Baker Hughes Ltd,10,Chemical industry,0.0440566568107511,Tonnes,England,M
2021,22,Benzene,7644,Scunthorpe,490825.0,412047.0,Koppers UK Ltd,10,Chemical industry,3.2e-05,Tonnes,England,M
2021,22,Benzene,7658,Blaenau Gwent,315020.0,212140.0,Yuasa Battery (UK) Ltd,16,Electrical engineering,3.49799986386237e-05,Tonnes,Wales,M
2021,22,Benzene,7695,Watton,590250.0,300480.0,Bowes of Norfolk Ltd,5,"Food, drink & tobacco industry",0.0394659531710708,Tonnes,England,M
2021,22,Benzene,7715,Burnley,385910.0,434070.0,Hycrome Europe Ltd,7,Other industries,0.00362110473658925,Tonnes,England,M
2021,22,Benzene,7751,Halesworth,640260.0,278910.0,Bernard Matthews Foods Ltd,5,"Food, drink & tobacco industry",0.0440566568107511,Tonnes,England,M
2021,22,Benzene,7752,Sawley,379820.0,447160.0,Rose County Foods Ltd,5,"Food, drink & tobacco industry",0.00894129849974192,Tonnes,England,M
2021,22,Benzene,7784,Knottingley,451200.0,423800.0,Solvent Resource Management Ltd,21,"Waste collection, treatment & disposal",0.2,Tonnes,England,M
2021,22,Benzene,7792,Swansea,267841.0,198134.0,Morganite Electrical Carbon Ltd,16,Electrical engineering,0.00431596632780841,Tonnes,Wales,M
2021,22,Benzene,7793,Brimsdown,536700.0,196500.0,Johnson Matthey Plc,14,Non-ferrous metal industries,0.02,Tonnes,England,M
2021,22,Benzene,7803,Tyseley,410740.0,284620.0,Tyseley Waste Disposal Ltd,21,"Waste collection, treatment & disposal",0.281976021222135,Tonnes,England,M
2021,22,Benzene,7807,Edmonton,535800.0,192600.0,London Waste Ltd,21,"Waste collection, treatment & disposal",0.386963425500701,Tonnes,England,M
2021,22,Benzene,7813,Old Leake,539794.0,354072.0,Fold Hill Foods Ltd,5,"Food, drink & tobacco industry",0.0440566568107511,Tonnes,England,M
2021,22,Benzene,7822,Beckton STW,544918.0,182031.0,RWE Thames Water Plc,20,Water & sewerage,2.44465751544269,Tonnes,England,M
2021,22,Benzene,7848,Dunbar,370240.0,675640.0,Blue Circle Industries Plc,11,Cement,0.2,Tonnes,Scotland,M
2021,22,Benzene,7849,Wissington,566350.0,297650.0,British Sugar Plc,5,"Food, drink & tobacco industry",0.326765799256506,Tonnes,England,M
2021,22,Benzene,7851,Cantley,638600.0,303400.0,British Sugar Plc,5,"Food, drink & tobacco industry",0.279,Tonnes,England,M
2021,22,Benzene,7925,Eastham,337120.0,379840.0,Eastham Refinery Ltd,9,Processing & distribution of petroleum products,0.108811837,Tonnes,England,M
2021,22,Benzene,7927,Coventry,434700.0,277670.0,The Coventry & Solihull Waste Disposal Co Ltd,21,"Waste collection, treatment & disposal",0.221666696916347,Tonnes,England,M
2021,22,Benzene,7928,Dudley,394470.0,289030.0,MES Environmental Ltd,21,"Waste collection, treatment & disposal",0.072961078620105,Tonnes,England,M
2021,22,Benzene,7929,Wolverhampton,391660.0,299990.0,MES Environmental Ltd,21,"Waste collection, treatment & disposal",0.0840723907795589,Tonnes,England,M
2021,22,Benzene,7930,Stoke,387830.0,343410.0,MES Environmental Ltd,21,"Waste collection, treatment & disposal",0.138793011977432,Tonnes,England,M
2021,22,Benzene,7932,SELCHP,535740.0,178090.0,South East London Combined Heat & Power Ltd,21,"Waste collection, treatment & disposal",0.326099812403939,Tonnes,England,M
2021,22,Benzene,7933,Nottingham,458210.0,339080.0,Wastenotts (Reclamation) Ltd,21,"Waste collection, treatment & disposal",0.139701054183785,Tonnes,England,M
2021,22,Benzene,7965,Bury St Edmunds,586230.0,265230.0,British Sugar Plc,5,"Food, drink & tobacco industry",0.228736059479554,Tonnes,England,M
2021,22,Benzene,7967,Newark,479300.0,355200.0,British Sugar Plc,5,"Food, drink & tobacco industry",0.147044609665427,Tonnes,England,M
2021,22,Benzene,7994,North Shields,433090.0,568840.0,Formica Ltd,7,Other industries,0.00142979371802132,Tonnes,England,M
2021,22,Benzene,8013,Pont-y-felin,330281.0,195903.0,Knauf Insulation Ltd,4,Other mineral industries,0.112421892779939,Tonnes,Wales,M
2021,22,Benzene,8014,St Helens,350100.0,394500.0,Knauf Insulation Ltd,4,Other mineral industries,0.129326665173198,Tonnes,England,M
2021,22,Benzene,8021,Grimsby,524700.0,411340.0,Novartis Grimsby Ltd,10,Chemical industry,0.113976392910616,Tonnes,England,M
2021,22,Benzene,8026,Delyn Mill,323600.0,373500.0,Kimberly-Clark Ltd,8,"Paper, printing & publishing industries",0.0454860967608021,Tonnes,Wales,M
2021,22,Benzene,8029,Workington Mill,300475.0,531230.0,Iggesund Paperboard (Workington) Ltd,8,"Paper, printing & publishing industries",30.4963046889927,Tonnes,England,M
2021,22,Benzene,8032,Harlow,546000.0,211800.0,United Glass Ltd,4,Other mineral industries,0.113558231416978,Tonnes,England,M
2021,22,Benzene,8036,Swindon,418000.0,187700.0,Honda of the UK Manufacturing Ltd,17,Vehicles,0.0689157113043389,Tonnes,England,M
2021,22,Benzene,8046,Epsom General Hospital,520300.0,159900.0,Epsom & St Helier University Hospitals NHS Trust,24,Public administration,0.011571074794706,Tonnes,England,M
2021,22,Benzene,8047,St. Helier Hospital,526500.0,166100.0,Epsom & St Helier University Hospitals NHS Trust,24,Public administration,0.00138436316145742,Tonnes,England,M
2021,22,Benzene,8048,Boulby Mine,476370.0,518630.0,Cleveland Potash Ltd,4,Other mineral industries,0.0318518710739676,Tonnes,England,M
2021,22,Benzene,8049,Burton Brewery,424660.0,323100.0,Coors Brewers Ltd,5,"Food, drink & tobacco industry",0.0767612389703869,Tonnes,England,M
2021,22,Benzene,8052,Bromborough,334950.0,383590.0,Cereal Partners UK,5,"Food, drink & tobacco industry",0.104092113578415,Tonnes,England,M
2021,22,Benzene,8064,Cradley Heath Brickworks,394800.0,285300.0,Cradley Special Brick Co Ltd,4,Other mineral industries,0.00844397504170225,Tonnes,England,M
2021,22,Benzene,8066,Leicester,462500.0,307800.0,LPC Group Plc,8,"Paper, printing & publishing industries",0.117248473513171,Tonnes,England,M
2021,22,Benzene,8068,Freshfield Lane,538600.0,126100.0,Freshfield Lane Brickworks Ltd,4,Other mineral industries,0.0436856464757956,Tonnes,England,M
2021,22,Benzene,8070,Bolton,372280.0,409880.0,Vernacare Ltd,8,"Paper, printing & publishing industries",0.0243943555180672,Tonnes,England,M
2021,22,Benzene,8079,Wigton,325400.0,548600.0,Innovia Films Ltd,7,Other industries,0.327821878726415,Tonnes,England,M
2021,22,Benzene,8082,Bishop Auckland Compressor Station,428080.0,530530.0,National Grid Gas Plc,19,Processing & distribution of natural gas,0.0502075564488922,Tonnes,England,M
2021,22,Benzene,8083,Samlesbury Brewery,359486.0,429649.0,Interbrew UK Ltd,5,"Food, drink & tobacco industry",0.068706592931082,Tonnes,England,M
2021,22,Benzene,8084,Magor Brewery,341600.0,187600.0,Interbrew UK Ltd,5,"Food, drink & tobacco industry",0.0876837489518746,Tonnes,Wales,M
2021,22,Benzene,8086,Cambridge Compressor Station,548520.0,244730.0,National Grid Gas Plc,19,Processing & distribution of natural gas,0.0235931258689624,Tonnes,England,M
2021,22,Benzene,8087,Diss Compressor Station,613480.0,274970.0,National Grid Gas Plc,19,Processing & distribution of natural gas,0.0289941153232176,Tonnes,England,M
2021,22,Benzene,8088,Hatton Compressor Station,517524.0,376221.0,National Grid Gas Plc,19,Processing & distribution of natural gas,0.153783417519496,Tonnes,England,M
2021,22,Benzene,8089,Huntingdon Compressor Station,511670.0,269450.0,National Grid Gas Plc,19,Processing & distribution of natural gas,0.0577040078839588,Tonnes,England,M
2021,22,Benzene,8090,Churchover Compressor Station,449610.0,279830.0,National Grid Gas Plc,19,Processing & distribution of natural gas,0.0189080087612816,Tonnes,England,M
2021,22,Benzene,8091,Carnforth Compressor Station,351870.0,467560.0,National Grid Gas Plc,19,Processing & distribution of natural gas,0.0117435790403194,Tonnes,England,M
2021,22,Benzene,8092,Kings Lynn Compressor Station,572040.0,316150.0,National Grid Gas Plc,19,Processing & distribution of natural gas,0.0442642940907377,Tonnes,England,M
2021,22,Benzene,8093,Alrewas Compressor Station,415270.0,315280.0,National Grid Gas Plc,19,Processing & distribution of natural gas,0.0158681146428002,Tonnes,England,M
2021,22,Benzene,8094,Aylesbury Compressor Station,471500.0,218590.0,National Grid Gas Plc,19,Processing & distribution of natural gas,0.00451885147557108,Tonnes,England,M
2021,22,Benzene,8096,Chelmsford Compressor Station,566110.0,208350.0,National Grid Gas Plc,19,Processing & distribution of natural gas,0.000420959839661473,Tonnes,England,M
2021,22,Benzene,8099,Lifford,405580.0,279540.0,Minteq UK Ltd,12,Lime,0.0485900623230098,Tonnes,England,M
2021,22,Benzene,8102,Wooler Compressor Station,394530.0,631990.0,National Grid Gas Plc,19,Processing & distribution of natural gas,0.00127117108670481,Tonnes,England,M
2021,22,Benzene,8103,Wormington Compressor Station,405080.0,236720.0,National Grid Gas Plc,19,Processing & distribution of natural gas,0.0164808699936775,Tonnes,England,M
2021,22,Benzene,8104,Wisbech Compressor Station,546180.0,316120.0,National Grid Gas Plc,19,Processing & distribution of natural gas,0.000962138221933565,Tonnes,England,M
2021,22,Benzene,8112,Tower Brewery,448110.0,443320.0,Coors Brewers Ltd,5,"Food, drink & tobacco industry",0.0180150262264779,Tonnes,England,M
2021,22,Benzene,8113,Warrington Compressor Station,368160.0,390230.0,National Grid Gas Plc,19,Processing & distribution of natural gas,0.000258737123647912,Tonnes,England,M
2021,22,Benzene,8114,Peterborough Compressor Station,515180.0,304540.0,National Grid Gas Plc,19,Processing & distribution of natural gas,0.109374263170847,Tonnes,England,M
2021,22,Benzene,8121,Great Heck,459700.0,421500.0,Plasmor Ltd,4,Other mineral industries,0.12248288531395,Tonnes,England,M
2021,22,Benzene,8127,Keyingham,525200.0,425100.0,Mill Nurseries Ltd,1,"Agriculture, forestry & fishing",0.0198962365897158,Tonnes,England,M
2021,22,Benzene,8131,Stevenage,523800.0,222500.0,GlaxoSmithKline Plc,10,Chemical industry,0.0894206466484286,Tonnes,England,M
2021,22,Benzene,8132,Ware,534780.0,214500.0,GlaxoSmithKline Plc,10,Chemical industry,0.0750515723045073,Tonnes,England,M
2021,22,Benzene,8137,Melton Ross,508390.0,411310.0,Singleton Birch Ltd,12,Lime,0.943148288497863,Tonnes,England,M
2021,22,Benzene,8138,Northfleet Mill,562700.0,174400.0,Kimberly Clark,8,"Paper, printing & publishing industries",0.101683486879419,Tonnes,England,M
2021,22,Benzene,8143,Leicester,459290.0,303080.0,University of Leicester,24,Public administration,0.024678320413852,Tonnes,England,M
2021,22,Benzene,8149,Huddersfield,416400.0,418700.0,Syngenta Ltd,10,Chemical industry,0.225846864054621,Tonnes,England,M
2021,22,Benzene,8170,Dreadnought Brickworks,390575.0,289415.0,Hinton Perry & Davenhill Ltd,4,Other mineral industries,0.0387469355833953,Tonnes,England,M
2021,22,Benzene,8171,Ulverston,330730.0,477550.0,Glaxo Operations UK Ltd,10,Chemical industry,0.0355335523792178,Tonnes,England,M
2021,22,Benzene,8172,Ince,345700.0,376300.0,Quinn Glass Ltd,4,Other mineral industries,0.616187287270244,Tonnes,England,M
2021,22,Benzene,8173,Cawthorne,426900.0,407200.0,Naylor Drainage,4,Other mineral industries,0.0386167557231882,Tonnes,England,M
2021,22,Benzene,8175,Cowley,455490.0,204370.0,BMW (UK) Manufacturing Ltd,17,Vehicles,0.171867843431764,Tonnes,England,M
2021,22,Benzene,8178,St Cuthberts Mill,353160.0,146480.0,Inveresk Plc,8,"Paper, printing & publishing industries",0.0179702956277945,Tonnes,England,M
2021,22,Benzene,8184,John Smith's Brewery,448500.0,443190.0,Scottish Courage Ltd,5,"Food, drink & tobacco industry",0.0562927589096013,Tonnes,England,M
2021,22,Benzene,8185,Royal Brewery,384030.0,396020.0,Scottish Courage Ltd,5,"Food, drink & tobacco industry",0.0530117664039909,Tonnes,England,M
2021,22,Benzene,8189,Cleveland Nurseries CHP,453100.0,508000.0,Jan Bezemer & Sons Ltd,1,"Agriculture, forestry & fishing",0.0346189947465633,Tonnes,England,M
2021,22,Benzene,8204,Airedale General Hospital,402600.0,444450.0,Airedale NHS Trust,24,Public administration,0.0185213910556684,Tonnes,England,M
2021,22,Benzene,8205,Bridgend,293262.0,178349.0,Ford Motor Co Ltd,17,Vehicles,0.0164988643328997,Tonnes,Wales,M
2021,22,Benzene,8215,RAF St Athan,299034.0,168857.0,Ministry of Defence,24,Public administration,0.0176839785093749,Tonnes,Wales,M
2021,22,Benzene,8218,Buxton,408700.0,369100.0,Lhoist UK Ltd,12,Lime,0.201650421177875,Tonnes,England,M
2021,22,Benzene,8221,Flamborough Maltings,519700.0,470100.0,Muntons Plc,5,"Food, drink & tobacco industry",0.00258807397763065,Tonnes,England,M
2021,22,Benzene,8222,Wrexham,338858.0,350433.0,Kellogg Co of Great Britain Ltd,5,"Food, drink & tobacco industry",0.0694860440559461,Tonnes,Wales,M
2021,22,Benzene,8237,Watson Street,350850.0,394890.0,Pilkington Plc,4,Other mineral industries,0.131442417781143,Tonnes,England,M
2021,22,Benzene,8244,AH Marks Bradford CHP,416200.0,427200.0,E.ON UK Cogeneration Ltd,10,Chemical industry,0.13040716843347,Tonnes,England,M
2021,22,Benzene,8248,Port of Liverpool CHP,333250.0,395550.0,E.ON UK CHP Ltd,23,Commercial,0.660470999990379,Tonnes,England,M
2021,22,Benzene,8249,Kemsley Mill CHP,591848.0,166167.0,E.ON UK CHP Ltd,8,"Paper, printing & publishing industries",1.4417191877704,Tonnes,England,M
2021,22,Benzene,8250,Billingham,446700.0,522700.0,Terra Nitrogen (UK) Ltd,10,Chemical industry,1.31584499288209,Tonnes,England,M
2021,22,Benzene,8256,RAF Fylingdales,486330.0,496750.0,T G Power Ltd,24,Public administration,0.0844441254650031,Tonnes,England,M
2021,22,Benzene,8257,The James Cook University Hospital,450700.0,517400.0,South Tees Hospitals NHS Trust,24,Public administration,0.038192849784825,Tonnes,England,M
2021,22,Benzene,8260,Greengate,350800.0,394200.0,Pilkington UK Ltd,4,Other mineral industries,0.38761488034326,Tonnes,England,M
2021,22,Benzene,8261,Warrington,359950.0,386150.0,Solvay Interox Ltd,10,Chemical industry,0.220492092076712,Tonnes,England,M
2021,22,Benzene,8263,Leeds,431000.0,432400.0,Allied Glass Containers Ltd,4,Other mineral industries,0.186882205527652,Tonnes,England,M
2021,22,Benzene,8279,Greatham,451350.0,526540.0,Tioxide Europe Ltd,10,Chemical industry,0.384283425164006,Tonnes,England,M
2021,22,Benzene,8285,Nestle Purina Wisbech,545800.0,309300.0,Nestle Purina Petcare Ltd,5,"Food, drink & tobacco industry",0.0669055181873102,Tonnes,England,M
2021,22,Benzene,8286,NestlÃ© Tutbury,421660.0,329650.0,NestlÃ© UK Ltd,5,"Food, drink & tobacco industry",1.51194362878611,Tonnes,England,M
2021,22,Benzene,8290,Port Sunlight,334588.0,384588.0,Lever Faberge,10,Chemical industry,0.0902053016255418,Tonnes,England,M
2021,22,Benzene,8291,Lincoln County Hospital,498800.0,371800.0,United Lincolnshire Hospitals NHS Trust,24,Public administration,0.0428962083993308,Tonnes,England,M
2021,22,Benzene,8292,Blackburn Paper Mill CHP,364610.0,424750.0,ScottishPower Generation Ltd,8,"Paper, printing & publishing industries",0.189802497107448,Tonnes,England,M
2021,22,Benzene,8295,Burton Latimer,488913.0,274853.0,Weetabix Ltd,5,"Food, drink & tobacco industry",0.146551598067257,Tonnes,England,M
2021,22,Benzene,8297,North Hampshire Hospital,462200.0,153900.0,ScottishPower Generation Ltd,24,Public administration,0.0200363728854394,Tonnes,England,M
2021,22,Benzene,8300,Runcorn,350300.0,380700.0,Ineos Chlor Ltd,10,Chemical industry,0.0947680492586379,Tonnes,England,M
2021,22,Benzene,8312,Summerfield,383400.0,273600.0,Roxel (UK Rocket Motors) Ltd,17,Vehicles,0.0226772477148724,Tonnes,England,M
2021,22,Benzene,8321,Grimethorpe,441100.0,408900.0,Carlton Main Brickworks Ltd,4,Other mineral industries,0.0451816483989678,Tonnes,England,M
2021,22,Benzene,8322,Shap,357060.0,513490.0,Corus UK Ltd,12,Lime,0.158210473869284,Tonnes,England,M
2021,22,Benzene,8323,Worthing,515400.0,104700.0,SmithKline Beecham Plc,10,Chemical industry,0.0511736015954391,Tonnes,England,M
2021,22,Benzene,8325,Morriston Hospital,266200.0,200200.0,Swansea NHS Trust,24,Public administration,0.022660484637658,Tonnes,Wales,M
2021,22,Benzene,8328,Stoke Bardolph,463760.0,341580.0,Chettles Ltd,5,"Food, drink & tobacco industry",0.145568772439863,Tonnes,England,M
2021,22,Benzene,8343,Aldermaston,459800.0,163000.0,AWE Plc,24,Public administration,0.125909000287518,Tonnes,England,M
2021,22,Benzene,8344,Burghfield,467700.0,168400.0,AWE Plc,24,Public administration,0.00364497438026458,Tonnes,England,M
2021,22,Benzene,8348,Radcliffe Pulp Mill,376800.0,406750.0,Ahlstrom Chirnside Ltd,8,"Paper, printing & publishing industries",0.0169494447098772,Tonnes,England,M
2021,22,Benzene,8355,Bacton,633030.0,334350.0,Interconnector (UK) Ltd,19,Processing & distribution of natural gas,0.13304920121899,Tonnes,England,M
2021,22,Benzene,8356,Oxford,451630.0,206920.0,University of Oxford,24,Public administration,0.0367663468539032,Tonnes,England,M
2021,22,Benzene,8357,Trostre,252900.0,199400.0,Corus UK Ltd,13,Iron & steel industries,0.192318552402438,Tonnes,Wales,M
2021,22,Benzene,8360,Widnes,352580.0,387790.0,Rockwood Additives Ltd,10,Chemical industry,0.0301100302330931,Tonnes,England,M
2021,22,Benzene,8362,Rotherham,442601.0,393358.0,Beatson Clark Plc,4,Other mineral industries,0.172710534733484,Tonnes,England,M
2021,22,Benzene,8364,Chirk,328600.0,338600.0,Kronospan Ltd,7,Other industries,17.0463749244679,Tonnes,Wales,M
2021,22,Benzene,8365,Plymouth,245167.0,54723.0,Devonport Royal Dockyard Ltd,24,Public administration,0.0177968668314448,Tonnes,England,M
2021,22,Benzene,8366,RAF Brize Norton,428750.0,207100.0,Ministry of Defence,24,Public administration,0.0588490741177481,Tonnes,England,M
2021,22,Benzene,8367,Duxford,548300.0,245600.0,Hexcel Composites Ltd,7,Other industries,0.0171566114999835,Tonnes,England,M
2021,22,Benzene,8368,Crewe,368500.0,356600.0,Bentley Motors Ltd,17,Vehicles,0.0675216921611518,Tonnes,England,M
2021,22,Benzene,8369,Stretford,378800.0,395500.0,Kellogg Co of Great Britain Ltd,5,"Food, drink & tobacco industry",0.0464603289326698,Tonnes,England,M
2021,22,Benzene,8375,RAF Stafford,393500.0,325500.0,Ministry of Defence,24,Public administration,0.0253722286573115,Tonnes,England,M
2021,22,Benzene,8376,Basildon Hospital,570200.0,187200.0,Basildon & Thurrock University Hospitals NHS Trust,24,Public administration,0.0261529824242205,Tonnes,England,M
2021,22,Benzene,8389,Waterhouse Mills,349700.0,479800.0,Billerud Beetham Ltd,8,"Paper, printing & publishing industries",0.0889226930117397,Tonnes,England,M
2021,22,Benzene,8390,Nottingham,457840.0,339450.0,Enviroenergy Ltd,26,Minor power producers,0.00617499883387573,Tonnes,England,M
2021,22,Benzene,8392,Jealott's Hill,487030.0,173370.0,Syngenta,10,Chemical industry,0.0227020339404524,Tonnes,England,M
2021,22,Benzene,8396,London,529900.0,182000.0,Bloomsbury Heat & Power,26,Minor power producers,0.0259433543082517,Tonnes,England,M
2021,22,Benzene,8412,RAF Coningsby,522700.0,357500.0,Ministry of Defence,24,Public administration,0.0106484939511585,Tonnes,England,M
2021,22,Benzene,8414,Southampton,441600.0,111800.0,Southampton Geothermal Heating Co,4,Other mineral industries,0.0682538238320917,Tonnes,England,M
2021,22,Benzene,8420,River Don,438200.0,390100.0,Sheffield Forgemasters Engineering Ltd,13,Iron & steel industries,0.00712364322462598,Tonnes,England,M
2021,22,Benzene,8421,Barrow Mill,319660.0,472720.0,Kimberly-Clark Ltd,8,"Paper, printing & publishing industries",0.158176130027454,Tonnes,England,M
2021,22,Benzene,8423,Winchcombe,400830.0,227200.0,Hollingsworth & Vose Co Ltd,8,"Paper, printing & publishing industries",0.0277693564154454,Tonnes,England,M
2021,22,Benzene,8424,Pilgrim Hospital,533700.0,345600.0,United Lincolnshire Hospitals NHS Trust,24,Public administration,0.195880264657191,Tonnes,England,M
2021,22,Benzene,8425,Askam Brickworks,321800.0,476100.0,Furness Brick & Tile Co Ltd,4,Other mineral industries,0.00315473430720772,Tonnes,England,M
2021,22,Benzene,8426,Bristol,358400.0,173200.0,University of Bristol,24,Public administration,0.0341953023568243,Tonnes,England,M
2021,22,Benzene,8429,Salisbury District Hospital,414680.0,127470.0,Salisbury District Hospital,24,Public administration,0.0293359766422523,Tonnes,England,M
2021,22,Benzene,8432,Northcot Brickworks,418300.0,236900.0,Northcot Brick Ltd,4,Other mineral industries,0.0237047471190859,Tonnes,England,M
2021,22,Benzene,8435,Cedar Maltings,606300.0,257600.0,Muntons Plc,5,"Food, drink & tobacco industry",0.0722223017110243,Tonnes,England,M
2021,22,Benzene,8437,Longreach STW,555100.0,176500.0,Thames Water Utilities Ltd,20,Water & sewerage,4.21346379355368e-07,Tonnes,England,M
2021,22,Benzene,8438,Mogden STW,515249.0,175117.0,Thames Water Utilities Ltd,20,Water & sewerage,0.000114764888283208,Tonnes,England,M
2021,22,Benzene,8440,Crossness STW,548200.0,180700.0,Thames Water Utilities Ltd,20,Water & sewerage,0.00933789592360207,Tonnes,England,M
2021,22,Benzene,8443,Radway Green,377730.0,354450.0,BAE Land Systems Division,15,Mechanical engineering,0.0101742773679202,Tonnes,England,M
2021,22,Benzene,8444,Glascoed,334150.0,202000.0,BAE Land Systems Division,15,Mechanical engineering,0.0406144980460972,Tonnes,Wales,M
2021,22,Benzene,8447,Aldridge Brickworks,404580.0,302270.0,Ibstock Brick Ltd,4,Other mineral industries,0.0389253266914851,Tonnes,England,M
2021,22,Benzene,8448,Ashdown Brickworks,572160.0,109300.0,Ibstock Brick Ltd,4,Other mineral industries,0.0400003515569075,Tonnes,England,M
2021,22,Benzene,8449,Atlas Brickworks,404850.0,301250.0,Ibstock Brick Ltd,4,Other mineral industries,0.00234202947761077,Tonnes,England,M
2021,22,Benzene,8450,Birtley Brickworks,426550.0,555670.0,Ibstock Brick Ltd,4,Other mineral industries,0.0312191380693564,Tonnes,England,M
2021,22,Benzene,8451,Cattybrook Brickworks,358932.0,182603.0,Ibstock Brick Ltd,4,Other mineral industries,0.0700121014055171,Tonnes,England,M
2021,22,Benzene,8452,Chailey Brickworks,539000.0,117610.0,Ibstock Brick Ltd,4,Other mineral industries,0.0136285322841389,Tonnes,England,M
2021,22,Benzene,8453,Chesterton Brickworks,382890.0,349530.0,Ibstock Brick Ltd,4,Other mineral industries,0.0576392720896923,Tonnes,England,M
2021,22,Benzene,8454,Dorket Head Brickworks,459200.0,347620.0,Ibstock Brick Ltd,4,Other mineral industries,0.0683581342396226,Tonnes,England,M
2021,22,Benzene,8455,Ellistown Brickworks,443560.0,310330.0,Ibstock Brick Ltd,4,Other mineral industries,0.0432409898579011,Tonnes,England,M
2021,22,Benzene,8458,Laybrook Brickworks,511360.0,118850.0,Ibstock Brick Ltd,4,Other mineral industries,0.0494028940088398,Tonnes,England,M
2021,22,Benzene,8459,Leicester Brickworks,441590.0,311340.0,Ibstock Brick Ltd,4,Other mineral industries,0.136147811542423,Tonnes,England,M
2021,22,Benzene,8460,Lodge Lane Brickworks,397470.0,308000.0,Ibstock Brick Ltd,4,Other mineral industries,0.0533822369009089,Tonnes,England,M
2021,22,Benzene,8462,Parkhouse Brickworks,383870.0,350430.0,Ibstock Brick Ltd,4,Other mineral industries,0.0745625614622017,Tonnes,England,M
2021,22,Benzene,8464,Ravenhead Brickworks,350850.0,404770.0,Ibstock Brick Ltd,4,Other mineral industries,0.057716587390695,Tonnes,England,M
2021,22,Benzene,8466,South Holmwood Brickworks,518290.0,142380.0,Ibstock Brick Ltd,4,Other mineral industries,0.0545381577202722,Tonnes,England,M
2021,22,Benzene,8469,Throckley Brickworks,415620.0,567410.0,Ibstock Brick Ltd,4,Other mineral industries,0.0580347332587633,Tonnes,England,M
2021,22,Benzene,8482,Royston,534850.0,241400.0,Johnson Matthey Plc,10,Chemical industry,0.0722901939013921,Tonnes,England,M
2021,22,Benzene,8483,Michelmersh Brickworks,434400.0,125820.0,Michelmersh Brick & Tile Co Ltd,4,Other mineral industries,0.020351649131294,Tonnes,England,M
2021,22,Benzene,8485,Blockleys Brickworks,368370.0,312200.0,Blockleys Brick Ltd,4,Other mineral industries,0.0377035996265853,Tonnes,England,M
2021,22,Benzene,8486,Charnwood Forest Brickworks,447800.0,318400.0,Charnwood Forest Brick Ltd,4,Other mineral industries,0.0110570131435099,Tonnes,England,M
2021,22,Benzene,8487,Burnaston,442910.0,333070.0,Toyota Motor Manufacturing (UK) Ltd,17,Vehicles,0.0966456058164576,Tonnes,England,M
2021,22,Benzene,8488,Pool Paper Mills,423700.0,445400.0,Whiteley Ltd,8,"Paper, printing & publishing industries",0.0204389167284187,Tonnes,England,M
2021,22,Benzene,8489,Avonmouth STW,353303.0,179304.0,Wessex Water Services Ltd,20,Water & sewerage,0.0426254077989409,Tonnes,England,M
2021,22,Benzene,8491,Bromley Princess Royal Hospital,543300.0,164940.0,SSE Generation Ltd,24,Public administration,0.0114776471780669,Tonnes,England,M
2021,22,Benzene,8499,Hornsea Storage Installation,517800.0,451400.0,SSE Hornsea Ltd,19,Processing & distribution of natural gas,0.00869237838876117,Tonnes,England,M
2021,22,Benzene,8517,Burneside Mills,350600.0,495880.0,James Cropper Plc,8,"Paper, printing & publishing industries",0.116892609519379,Tonnes,England,M
2021,22,Benzene,8518,Gaydon,435700.0,255300.0,Land Rover,17,Vehicles,0.017511760016068,Tonnes,England,M
2021,22,Benzene,8534,Llanwern Steelworks,335100.0,186500.0,Corus UK Ltd,13,Iron & steel industries,0.16094225960522,Tonnes,Wales,M
2021,22,Benzene,8540,Trafford Park,378200.0,397800.0,Cargill Plc,5,"Food, drink & tobacco industry",0.674234810621994,Tonnes,England,M
2021,22,Benzene,8541,Knottingley,449370.0,423360.0,Rockware Glass Ltd,4,Other mineral industries,0.230446938230249,Tonnes,England,M
2021,22,Benzene,8543,Wheatley,460610.0,406530.0,Rockware Glass Ltd,4,Other mineral industries,0.397136717421642,Tonnes,England,M
2021,22,Benzene,8544,University Hospital Aintree,338000.0,397300.0,Aintree Hospitals NHS Trust,24,Public administration,0.0117480496385269,Tonnes,England,M
2021,22,Benzene,8561,Castle Vale,413690.0,290830.0,Jaguar Cars Ltd,17,Vehicles,0.0505057906590668,Tonnes,England,M
2021,22,Benzene,8562,Hull,508700.0,427800.0,Smith & Nephew Medical Ltd,10,Chemical industry,0.0216505976183398,Tonnes,England,M
2021,22,Benzene,8563,Melksham,390270.0,164310.0,Cooper Avon Tyres Ltd,7,Other industries,0.059028500489475,Tonnes,England,M
2021,22,Benzene,8566,Lee Moor Site,256600.0,60900.0,Imerys Minerals Ltd,4,Other mineral industries,0.0383517324232545,Tonnes,England,M
2021,22,Benzene,8567,Par Harbour,207600.0,53300.0,Imerys Minerals Ltd,4,Other mineral industries,0.117915144901092,Tonnes,England,M
2021,22,Benzene,8569,St Dennis,194750.0,57250.0,Imerys Minerals Ltd,4,Other mineral industries,0.0367745880200227,Tonnes,England,M
2021,22,Benzene,8572,"Sinfin, Derby",436030.0,331790.0,Rolls-Royce Plc,17,Vehicles,0.058894243473799,Tonnes,England,M
2021,22,Benzene,8578,Wilton,456800.0,522000.0,SembCorp Utilities (UK) Ltd,10,Chemical industry,1.57552039825009,Tonnes,England,M
2021,22,Benzene,8581,Ellesmere Port,337912.0,378873.0,Vauxhall Motors Ltd,17,Vehicles,0.0508981769889224,Tonnes,England,M
2021,22,Benzene,8583,"Wilmore Road, Derby",435840.0,331980.0,Rolls-Royce Plc,17,Vehicles,0.00818210308731442,Tonnes,England,M
2021,22,Benzene,8588,Knottingley,450730.0,423880.0,Allied Glass Containers Ltd,4,Other mineral industries,0.182030439338135,Tonnes,England,M
2021,22,Benzene,8597,Filton,359830.0,179160.0,Airbus UK Ltd,17,Vehicles,0.018326630493688,Tonnes,England,M
2021,22,Benzene,8598,Ellesmere Port,341600.0,376500.0,The Associated Octel Co Ltd,10,Chemical industry,0.0425565980631059,Tonnes,England,M
2021,22,Benzene,8600,Macclesfield,392500.0,375150.0,AstraZeneca UK Ltd,10,Chemical industry,0.23032976214198,Tonnes,England,M
2021,22,Benzene,8603,Barrow-In-Furness,319200.0,468200.0,BAE Systems Plc,17,Vehicles,0.0389679532636171,Tonnes,England,M
2021,22,Benzene,8608,City Hospital,404800.0,287900.0,Sandwell & West Birmingham Hospital NHS Trust,24,Public administration,0.032862481969137,Tonnes,England,M
2021,22,Benzene,8613,Leicester,458300.0,303800.0,De Montfort University Higher Education Corporation,24,Public administration,0.0102539639322426,Tonnes,England,M
2021,22,Benzene,8617,Gloucestershire Royal Hospital,384100.0,218600.0,Gloucestershire Hospitals NHS Trust,24,Public administration,0.0235308407869123,Tonnes,England,M
2021,22,Benzene,8619,Freeman Hospital,426100.0,567600.0,Dalkia Utilities Services,24,Public administration,0.0857367617612054,Tonnes,England,M
2021,22,Benzene,8620,Gatwick Airport,527500.0,140700.0,Gatwick Airport Ltd,23,Commercial,0.0360796855025255,Tonnes,England,M
2021,22,Benzene,8626,Goole,472200.0,423000.0,Guardian Industries UK Ltd,4,Other mineral industries,0.196642620975378,Tonnes,England,M
2021,22,Benzene,8627,Heathrow Airport,507400.0,176700.0,Heathrow Airport Ltd,23,Commercial,0.332088104652209,Tonnes,England,M
2021,22,Benzene,8628,Luton,510600.0,220800.0,IBC Vehicles Ltd,17,Vehicles,0.0913737642444288,Tonnes,England,M
2021,22,Benzene,8629,Gloucester,388700.0,216300.0,Invista Textiles (UK) Ltd,10,Chemical industry,0.00212288763108876,Tonnes,England,M
2021,22,Benzene,8632,Broughton,334680.0,364290.0,Airbus UK Ltd,17,Vehicles,0.112749183045064,Tonnes,Wales,M
2021,22,Benzene,8635,Royal Liverpool University Hospital,335960.0,390730.0,Dalkia Utilities Services,24,Public administration,0.129498048263528,Tonnes,England,M
2021,22,Benzene,8637,Colchester Garrison,599800.0,224500.0,Ministry of Defence,24,Public administration,0.0339347504703714,Tonnes,England,M
2021,22,Benzene,8639,Royal Military Academy Sandhurst,486100.0,161400.0,Ministry of Defence,24,Public administration,0.0212139692749345,Tonnes,England,M
2021,22,Benzene,8642,York,452300.0,466300.0,York Handmade Brick Co Ltd,4,Other mineral industries,0.0102505548325079,Tonnes,England,M
2021,22,Benzene,8644,Wattisham Airfield,603200.0,251300.0,Ministry of Defence,24,Public administration,0.0179055906855724,Tonnes,England,M
2021,22,Benzene,8645,RNAS Culdrose,167100.0,25300.0,Ministry of Defence,24,Public administration,0.010611099405054,Tonnes,England,M
2021,22,Benzene,8646,RNAS Yeovilton,354750.0,123750.0,Ministry of Defence,24,Public administration,0.0355303795518546,Tonnes,England,M
2021,22,Benzene,8647,RAF High Wycombe,483200.0,198700.0,Ministry of Defence,24,Public administration,0.00665140049750506,Tonnes,England,M
2021,22,Benzene,8648,DCAE Cosford,379819.0,305422.0,Ministry of Defence,24,Public administration,0.028742562903334,Tonnes,England,M
2021,22,Benzene,8654,New Cross Hospital,393500.0,299900.0,The Royal Wolverhampton Hospitals NHS Trust,24,Public administration,0.0475614303752054,Tonnes,England,M
2021,22,Benzene,8656,Poole Hospital,401990.0,91390.0,Poole Hospital NHS Trust,24,Public administration,0.00778921513170174,Tonnes,England,M
2021,22,Benzene,8658,Queen Elizabeth Medical Centre,404090.0,283950.0,University Hospital Birmingham NHS Trust,24,Public administration,0.0608971120613818,Tonnes,England,M
2021,22,Benzene,8659,Oldbury,399190.0,288430.0,Rhodia Consumer Specialties Ltd,10,Chemical industry,0.0328258800365418,Tonnes,England,M
2021,22,Benzene,8663,Southampton,442500.0,115300.0,University of Southampton,24,Public administration,0.0413694693483218,Tonnes,England,M
2021,22,Benzene,8665,Guildford,498190.0,150250.0,University of Surrey,24,Public administration,0.0446787590405866,Tonnes,England,M
2021,22,Benzene,8667,Sonoco Board CHP,406900.0,419000.0,Total Solutions For Industry (Power Resources 1) Ltd,7,Other industries,0.0123053516180052,Tonnes,England,M
2021,22,Benzene,8670,Castle Hill Hospital,502550.0,432170.0,Hull & East Yorkshire Hospitals NHS Trust,24,Public administration,0.0227478240063569,Tonnes,England,M
2021,22,Benzene,8671,London,526580.0,178990.0,The Natural History Museum,25,Miscellaneous,0.0456504039656344,Tonnes,England,M
2021,22,Benzene,8672,Swanwick,450400.0,109800.0,NATS (EnRoute) Plc,23,Commercial,0.00414438300785333,Tonnes,England,M
2021,22,Benzene,8674,Princess of Wales Hospital,291100.0,181100.0,Bro Morgannwg NHS Trust,24,Public administration,0.0118847630007102,Tonnes,Wales,M
2021,22,Benzene,8678,The Royal Victoria Infirmary,424500.0,564900.0,Dalkia Utilities Services,24,Public administration,0.121400940344611,Tonnes,England,M
2021,22,Benzene,8681,Ware,535120.0,214480.0,GlaxoSmithKline Plc,10,Chemical industry,0.0468740149202722,Tonnes,England,M
2021,22,Benzene,8687,Whittelsey,523800.0,297400.0,McCain Foods (GB) Ltd,5,"Food, drink & tobacco industry",0.143994821538614,Tonnes,England,M
2021,22,Benzene,8688,Scarborough,504900.0,483600.0,McCain Foods (GB) Ltd,5,"Food, drink & tobacco industry",0.229453488377201,Tonnes,England,M
2021,22,Benzene,8692,Carrington,374500.0,392610.0,Basell Polyolefins UK Ltd,10,Chemical industry,0.0364671895966763,Tonnes,England,M
2021,22,Benzene,8694,Bulmer Sudbury,583200.0,238000.0,Bulmer Brick & Tile Co Ltd,4,Other mineral industries,0.000212086652400062,Tonnes,England,M
2021,22,Benzene,8699,Barnard Castle,405400.0,517600.0,Glaxo Operations UK Ltd,10,Chemical industry,0.0583476236562407,Tonnes,England,M
2021,22,Benzene,8700,Reading,473352.0,173710.0,The University of Reading,24,Public administration,0.0317040808324366,Tonnes,England,M
2021,22,Benzene,8702,St James Hospital,431700.0,434570.0,The Leeds Teaching Hospitals NHS Trust,24,Public administration,0.0193794298686208,Tonnes,England,M
2021,22,Benzene,8705,Manchester,384200.0,397200.0,Manchester Metropolitan University,24,Public administration,0.0115320536434789,Tonnes,England,M
2021,22,Benzene,8706,Colchester,603720.0,223830.0,University of Essex,24,Public administration,0.0179586966926577,Tonnes,England,M
2021,22,Benzene,8707,Romiley,394750.0,390350.0,Preston Board & Packaging,8,"Paper, printing & publishing industries",0.0885668996209748,Tonnes,England,M
2021,22,Benzene,8708,Shotton,331400.0,369500.0,Corus UK Ltd,13,Iron & steel industries,0.198743317050442,Tonnes,Wales,M
2021,22,Benzene,8711,Eastbourne District General Hospital,560250.0,100750.0,East Sussex Hospitals NHS Trust,24,Public administration,0.0322938747433232,Tonnes,England,M
2021,22,Benzene,8714,Sheffield,440400.0,389180.0,Outokumpu Stainless Ltd,13,Iron & steel industries,0.0593916575882659,Tonnes,England,M
2021,22,Benzene,8715,Wigan,354700.0,406300.0,H J Heinz,5,"Food, drink & tobacco industry",0.16054344851024,Tonnes,England,M
2021,22,Benzene,8723,RAF Honington,589250.0,274400.0,Ministry of Defence,24,Public administration,0.012379920563821,Tonnes,England,M
2021,22,Benzene,8724,RAF Wyton,528250.0,273750.0,Ministry of Defence,24,Public administration,0.0135033653124952,Tonnes,England,M
2021,22,Benzene,8730,Knottingley,450200.0,423600.0,Stolzle Flaconnage Ltd,4,Other mineral industries,0.105946579809016,Tonnes,England,M
2021,22,Benzene,8731,North Middlesex Hospital,533400.0,192300.0,North Middlesex University Hospitals NHS Trust,24,Public administration,0.0187499388923366,Tonnes,England,M
2021,22,Benzene,8733,Edgbaston,404796.0,283448.0,The University of Birmingham,24,Public administration,0.168496456567484,Tonnes,England,M
2021,22,Benzene,8735,RAF Waddington,498200.0,364900.0,Ministry of Defence,24,Public administration,0.023821434337573,Tonnes,England,M
2021,22,Benzene,8736,Wombourne,385800.0,291700.0,McCain Foods (GB) Ltd,5,"Food, drink & tobacco industry",0.0820657291620617,Tonnes,England,M
2021,22,Benzene,8739,Prudhoe Mill,409500.0,563800.0,SCA Hygiene Products UK Ltd,8,"Paper, printing & publishing industries",0.203475699510187,Tonnes,England,M
2021,22,Benzene,8740,Dagenham,549236.0,183219.0,Ford Motor Co Ltd,17,Vehicles,0.0491685973407307,Tonnes,England,M
2021,22,Benzene,8741,Oakenholt Paper Mill,326270.0,371650.0,SCA Hygiene Products UK Ltd,8,"Paper, printing & publishing industries",0.0978257352877731,Tonnes,Wales,M
2021,22,Benzene,8744,University Hospital of Wales,317500.0,179400.0,Cardiff & Vale NHS Trust,24,Public administration,0.0784055362582448,Tonnes,Wales,M
2021,22,Benzene,8747,HMS Sultan,459286.0,100635.0,Ministry of Defence,24,Public administration,0.0197556580158654,Tonnes,England,M
2021,22,Benzene,8751,St. Thomas' Hospital,530600.0,179300.0,Guys & St Thomas'  Hospital NHS Trust,24,Public administration,0.093803219426368,Tonnes,England,M
2021,22,Benzene,8752,Guys Hospital,532800.0,179800.0,Guys & St Thomas' NHS Trust,24,Public administration,0.0759470324870018,Tonnes,England,M
2021,22,Benzene,8762,Northern General Hospital,436500.0,390300.0,Sheffield Teaching Hospitals NHS Trust,24,Public administration,0.0270258470823811,Tonnes,England,M
2021,22,Benzene,8763,Royal Hallamshire Hospital,433800.0,386900.0,Sheffield teaching Hospitals NHS Trust,24,Public administration,0.0434077247656567,Tonnes,England,M
2021,22,Benzene,8766,Royal Bolton Hospital,371890.0,406460.0,Bolton Hospitals NHS Trust,24,Public administration,0.0381454688544311,Tonnes,England,M
2021,22,Benzene,8769,Erith,550500.0,179300.0,Archer Daniels Midland Erith Ltd,5,"Food, drink & tobacco industry",0.298253608454997,Tonnes,England,M
2021,22,Benzene,8770,Bristol,358400.0,173550.0,United Bristol Healthcare NHS Trust,24,Public administration,0.078482770006449,Tonnes,England,M
2021,22,Benzene,8771,Nottingham,454700.0,338100.0,University of Nottingham,24,Public administration,0.0494695321461707,Tonnes,England,M
2021,22,Benzene,8773,Royal Lancaster Infirmary,347780.0,461100.0,Morecambe Bay Hospitals NHS Trust,24,Public administration,0.0151204196216992,Tonnes,England,M
2021,22,Benzene,8775,Torbay Hospital,290000.0,65830.0,South Devon Healthcare NHS Trust,24,Public administration,0.0154405818576462,Tonnes,England,M
2021,22,Benzene,8780,Milton Keynes,488910.0,237030.0,The Open University,24,Public administration,0.0106202422392671,Tonnes,England,M
2021,22,Benzene,8781,Frenchay,362350.0,178100.0,The University of the West of England Bristol,24,Public administration,0.00642149849352113,Tonnes,England,M
2021,22,Benzene,8782,RAF Marham,572123.0,307972.0,Ministry of Defence,24,Public administration,0.0119305426643514,Tonnes,England,M
2021,22,Benzene,8784,Bath,377400.0,163900.0,University of Bath,24,Public administration,0.0279171818575303,Tonnes,England,M
2021,22,Benzene,8786,Russells Hall Hospital,392000.0,289300.0,Interserve (Facilities Management) Ltd,24,Public administration,0.0371015499418255,Tonnes,England,M
2021,22,Benzene,8787,Great Ormond Street Hospital,530500.0,182000.0,Great Ormond Street Hospital for Children NHS Trust,24,Public administration,0.0523455954260181,Tonnes,England,M
2021,22,Benzene,8788,Heathrow Airport,507550.0,176750.0,British Airways Plc,23,Commercial,0.0584344544026687,Tonnes,England,M
2021,22,Benzene,8790,Royal Bournemouth Hospital,412680.0,94120.0,Estates Department - Royal Bournemouth Hospital,24,Public administration,0.0151430274919545,Tonnes,England,M
2021,22,Benzene,8791,Royal Devon & Exeter Hospital,293700.0,91800.0,Royal Devon & Exeter  NHS Foundation Trust,24,Public administration,0.0524776857628308,Tonnes,England,M
2021,22,Benzene,8793,Southampton General Hospital,439600.0,114900.0,Southampton University Hospitals NHS Trust,24,Public administration,0.0950929094690908,Tonnes,England,M
2021,22,Benzene,8794,Pimlico District Heating Scheme,529100.0,177400.0,Dalkia Utilities Services,26,Minor power producers,0.0188344305311766,Tonnes,England,M
2021,22,Benzene,8795,Brompton Barracks,576400.0,169000.0,Ministry of Defence,24,Public administration,0.0119525967819024,Tonnes,England,M
2021,22,Benzene,8799,Barnsley Hospital,433200.0,406900.0,Barnsley Hospital NHS Foundation Trust,24,Public administration,0.0185971959729543,Tonnes,England,M
2021,22,Benzene,8800,Ealing Hospital,514300.0,179900.0,Dalkia Utilities Services,24,Public administration,0.0212911136814089,Tonnes,England,M
2021,22,Benzene,8803,Westgate Brewery,585680.0,263770.0,Greene King Brewing & Retailing Ltd,5,"Food, drink & tobacco industry",0.0146278161553664,Tonnes,England,M
2021,22,Benzene,8805,Newcastle Under Lyme,381610.0,345272.0,Keele University,24,Public administration,0.0236271464605342,Tonnes,England,M
2021,22,Benzene,8807,Hern Hill Nursery,607612.0,162701.0,S&A Produce (UK) Ltd,1,"Agriculture, forestry & fishing",0.0518222137854607,Tonnes,England,M
2021,22,Benzene,8808,St. Mary's Hospital,449439.0,90487.0,Isle of Wight Healthcare NHS Trust,24,Public administration,0.0089712728008091,Tonnes,England,M
2021,22,Benzene,8811,Medway Maritime Hospital,577200.0,167500.0,Medway NHS Trust,24,Public administration,0.0356288603979425,Tonnes,England,M
2021,22,Benzene,8814,Royal Cornwall Hospital,179550.0,45250.0,Royal Cornwall Hospitals NHS Trust,24,Public administration,0.0200888818826384,Tonnes,England,M
2021,22,Benzene,8815,Four Ashes,391500.0,309200.0,Schenectady Europe Ltd,10,Chemical industry,0.0653624551795445,Tonnes,England,M
2021,22,Benzene,8816,Victoria Hospital,333300.0,436500.0,"Blackpool, Fylde & Wyre Hospitals NHS Trust",24,Public administration,0.0301403148273751,Tonnes,England,M
2021,22,Benzene,8825,Addenbrookes Hospital,546500.0,255000.0,Addenbrookes NHS Trust,24,Public administration,0.0475828105784594,Tonnes,England,M
2021,22,Benzene,8826,Loughborough,452400.0,319350.0,Loughborough University,24,Public administration,0.0830978438100798,Tonnes,England,M
2021,22,Benzene,8830,Mostyn,316006.0,380579.0,Warwick International Ltd,10,Chemical industry,0.0760117507059526,Tonnes,Wales,M
2021,22,Benzene,8835,HMP Garth & HMP Wymott,350300.0,420600.0,Her Majestys Prison Service (HMPS),24,Public administration,0.0172612112975795,Tonnes,England,M
2021,22,Benzene,8836,Bicester Garrison,461112.0,217882.0,Ministry of Defence,24,Public administration,0.0166017109538655,Tonnes,England,M
2021,22,Benzene,8841,Newport,329300.0,185700.0,International Rectifier Newport Ltd,16,Electrical engineering,0.0473886441885787,Tonnes,Wales,M
2021,22,Benzene,8845,Newcastle upon Tyne,424668.0,565139.0,University of Newcastle,24,Public administration,0.0161958895766953,Tonnes,England,M
2021,22,Benzene,8849,York Hospital,460208.0,453108.0,York Hospitals NHS Trust,24,Public administration,0.0278591675419459,Tonnes,England,M
2021,22,Benzene,8850,Bridgend,292000.0,178900.0,Sony UK Technology Centre,16,Electrical engineering,0.0520808425712158,Tonnes,Wales,M
2021,22,Benzene,8851,Derriford Hospital,249942.0,59462.0,Plymouth Hospitals NHS Trust,24,Public administration,0.0274353799476578,Tonnes,England,M
2021,22,Benzene,8854,Leicester Royal Infirmary,458600.0,303600.0,University Hospitals of Leicester NHS Trust,24,Public administration,0.0542785699087846,Tonnes,England,M
2021,22,Benzene,8855,"University of York, Heslington",462200.0,450600.0,Bardmilne Ltd,24,Public administration,0.137402261135628,Tonnes,England,M
2021,22,Benzene,8857,Queens Hospital,423160.0,324550.0,Burton Hospital NHS Trust,24,Public administration,0.00236794660696864,Tonnes,England,M
2021,22,Benzene,8858,Hope Hospital,378700.0,399000.0,Salford Royal Hospitals NHS Trust,24,Public administration,0.0642154962276357,Tonnes,England,M
2021,22,Benzene,8860,Wythenshawe Hospital,380770.0,387940.0,South Manchester University Hospitals NHS Trust,24,Public administration,0.0303554942011314,Tonnes,England,M
2021,22,Benzene,8861,Stepping Hill Hospital,391300.0,387400.0,Stockport NHS Foundation Trust,24,Public administration,0.0312359776324767,Tonnes,England,M
2021,22,Benzene,8863,Doncaster Royal Infirmary,459340.0,404320.0,Doncaster & Bassetlaw Hospitals NHS Trust,24,Public administration,0.0354087533400225,Tonnes,England,M
2021,22,Benzene,8864,Tangmere Nursery,491200.0,106520.0,Tangmere Produce Ltd,1,"Agriculture, forestry & fishing",0.0107144467664042,Tonnes,England,M
2021,22,Benzene,8866,Leighton Hospital,368300.0,358000.0,Mid Cheshire Hospitals NHS Trust,24,Public administration,0.0240054902772992,Tonnes,England,M
2021,22,Benzene,8868,Brighton,534700.0,109200.0,The University of Sussex,24,Public administration,0.0259170582201001,Tonnes,England,M
2021,22,Benzene,8869,Goodmayes & King George Hospitals,546620.0,188740.0,"Barking, Havering & Redbridge Hospitals NHS Trust",24,Public administration,0.00481582425653852,Tonnes,England,M
2021,22,Benzene,8870,Uxbridge,506000.0,182692.0,Brunel University,24,Public administration,0.0271633921427095,Tonnes,England,M
2021,22,Benzene,8872,Churchill Hospital,454308.0,206029.0,Oxford Radcliffe Hospitals NHS Trust,24,Public administration,0.00236932294662538,Tonnes,England,M
2021,22,Benzene,8873,John Radcliffe Hospital,453900.0,207600.0,Oxford Radcliffe Hospitals NHS Trust,24,Public administration,0.0822630190239099,Tonnes,England,M
2021,22,Benzene,8874,Southmead Hospital,359150.0,177490.0,North Bristol NHS Trust,24,Public administration,0.0361976974019303,Tonnes,England,M
2021,22,Benzene,8878,Middlesbrough,456500.0,523700.0,Northumbrian Water,20,Water & sewerage,0.0660496402862787,Tonnes,England,M
2021,22,Benzene,8879,Stansted Airport,555700.0,223700.0,Stansted Airport Ltd,23,Commercial,0.00963481962253447,Tonnes,England,M
2021,22,Benzene,8882,Mansfield,456670.0,361800.0,Toray Textiles Europe Limted,6,"Textiles, clothing, leather & footwear",0.0152758764319074,Tonnes,England,M
2021,22,Benzene,8885,Royal Preston Hospital,353600.0,432900.0,Lancashire Hospitals NHS Trust,24,Public administration,0.0301390352760426,Tonnes,England,M
2021,22,Benzene,8886,Burnley General Hospital,385184.0,434505.0,East Lancashire Hospitals NHS Trust,24,Public administration,0.0231607828597015,Tonnes,England,M
2021,22,Benzene,8887,Queens Park Hospital,369232.0,426715.0,East Lancashire Hospitals NHS Trust,24,Public administration,0.0285283654581019,Tonnes,England,M
2021,22,Benzene,8888,Carlisle,339100.0,553600.0,Pirelli Tyres Ltd,7,Other industries,0.0679594259574182,Tonnes,England,M
2021,22,Benzene,8890,Chelsea and Westminster Hospital,526300.0,177700.0,Chelsea & Westminster Healthcare Trust,24,Public administration,0.0441780865064643,Tonnes,England,M
2021,22,Benzene,8891,Manchester,384979.0,396212.0,Central Manchester & Manchester Children's University Hospital NHS,24,Public administration,0.0658722320328913,Tonnes,England,M
2021,22,Benzene,8893,Manchester Airport,382242.0,385056.0,Manchester Airport Plc,23,Commercial,0.0349597951946648,Tonnes,England,M
2021,22,Benzene,8894,The Royal Oldham Hospital,392030.0,406230.0,The Pennine Acute Hospitals NHS Trust,24,Public administration,0.0194496187036733,Tonnes,England,M
2021,22,Benzene,8895,Exeter,296020.0,93010.0,Met Office,23,Commercial,0.00345492302709909,Tonnes,England,M
2021,22,Benzene,8896,Baynard House,531850.0,180950.0,BT Plc,23,Commercial,0.000425812610534785,Tonnes,England,M
2021,22,Benzene,8898,Cardiff IDC,317650.0,173150.0,BT Plc,23,Commercial,4.38374308864608e-05,Tonnes,Wales,M
2021,22,Benzene,8899,Harmondsworth Computer Centre,505450.0,177350.0,BT Plc,23,Commercial,0.000189599672964653,Tonnes,England,M
2021,22,Benzene,8902,Adastral Park,624850.0,245250.0,BT Plc,23,Commercial,0.0141900964489309,Tonnes,England,M
2021,22,Benzene,8903,Ashton - U - Lyne,395250.0,399650.0,Tameside & Glossop Acute Services NHS Trust,24,Public administration,0.0246226120958099,Tonnes,England,M
2021,22,Benzene,8906,Worcestershire Royal and Newtown Hospital,387700.0,254700.0,Lend Lease Facilities & Estate Management,24,Public administration,0.0105819093942801,Tonnes,England,M
2021,22,Benzene,8907,Royal Free Hospital,527297.0,185410.0,Royal Free Hampstead NHS Trust,24,Public administration,0.0842872479569823,Tonnes,England,M
2021,22,Benzene,8908,Canterbury,614180.0,159950.0,University of Kent,24,Public administration,0.0334012612916265,Tonnes,England,M
2021,22,Benzene,8913,Tremorfa 2,321200.0,176300.0,Celsa Manufacturing (UK) Ltd,13,Iron & steel industries,0.0412451936504039,Tonnes,Wales,M
2021,22,Benzene,8915,Stallingborough,521800.0,414850.0,Millennium Inorganic Chemicals Ltd,10,Chemical industry,0.621218009726254,Tonnes,England,M
2021,22,Benzene,8917,Todhills Brickworks,421300.0,533800.0,Wienerberger Ltd,4,Other mineral industries,0.0337189150205768,Tonnes,England,M
2021,22,Benzene,8919,Denton Brickworks,391400.0,394800.0,Wienerberger Ltd,4,Other mineral industries,0.0563970470622045,Tonnes,England,M
2021,22,Benzene,8921,Sandown Brickworks,404500.0,301600.0,Wienerberger Ltd,4,Other mineral industries,0.0655702106403452,Tonnes,England,M
2021,22,Benzene,8923,Warnham Brickworks,517000.0,134000.0,Wienerberger Ltd,4,Other mineral industries,0.134787417722435,Tonnes,England,M
2021,22,Benzene,8925,Smeed Dean Brickworks,592200.0,165300.0,Wienerberger Ltd,4,Other mineral industries,0.0140367086914009,Tonnes,England,M
2021,22,Benzene,8926,Ewhurst Brickworks,511500.0,137200.0,Wienerberger Ltd,4,Other mineral industries,0.0445860434877215,Tonnes,England,M
2021,22,Benzene,8929,Liverpool,335770.0,390460.0,University of Liverpool Energy Co Ltd,24,Public administration,0.151061500235349,Tonnes,England,M
2021,22,Benzene,8934,Runcorn,356200.0,379900.0,Diageo Great Britain Ltd,5,"Food, drink & tobacco industry",0.0462781494108002,Tonnes,England,M
2021,22,Benzene,8935,St Georges Hospital,526925.0,171325.0,St Georges Healthcare NHS Trust,24,Public administration,0.10400132883368,Tonnes,England,M
2021,22,Benzene,8939,Isle of Grain LNG Installation,586277.0,175524.0,National Grid Grain LNG Ltd,19,Processing & distribution of natural gas,0.32881058971856,Tonnes,England,M
2021,22,Benzene,8940,Springfield,346390.0,431550.0,Springfields Fuels Ltd,19,Processing & distribution of natural gas,0.162118717702699,Tonnes,England,M
2021,22,Benzene,8942,Manchester,384600.0,396800.0,The University of Manchester,24,Public administration,0.126018495278194,Tonnes,England,M
2021,22,Benzene,8944,Kingston Hospital,519600.0,169800.0,Kingston Hospital NHS Trust,24,Public administration,0.0365736294042065,Tonnes,England,M
2021,22,Benzene,8946,Birmingham,419070.0,283700.0,The National Exhibition Centre Ltd,23,Commercial,0.0222965215414383,Tonnes,England,M
2021,22,Benzene,8947,Stoke Mandeville Hospital,482500.0,211900.0,Buckinghamshire Hospitals NHS Trust,24,Public administration,0.0181807204901988,Tonnes,England,M
2021,22,Benzene,8949,Exeter,292000.0,94000.0,University of Exeter,24,Public administration,0.0164403661341905,Tonnes,England,M
2021,22,Benzene,8951,Oldbury,399800.0,288810.0,BIP (Oldbury) Ltd,10,Chemical industry,0.00275839371519302,Tonnes,England,M
2021,22,Benzene,8954,Darlington Memorial Hospital,428000.0,515000.0,County Durham & Darlington Acute Hospitals NHS Trust,24,Public administration,0.0217726620920788,Tonnes,England,M
2021,22,Benzene,8955,IBM Warwick,426700.0,265700.0,Johnson Controls Ltd,23,Commercial,0.00188598467815967,Tonnes,England,M
2021,22,Benzene,8957,Richmond,518385.0,177440.0,Royal Botanic Gardens Kew,25,Miscellaneous,0.0060005166576243,Tonnes,England,M
2021,22,Benzene,8958,Donnington,370000.0,313800.0,Ministry of Defence,24,Public administration,0.0261329350022141,Tonnes,England,M
2021,22,Benzene,8963,Birmingham International Airport,418400.0,283700.0,Birmingham International Airport Ltd,23,Commercial,0.013289495336852,Tonnes,England,M
2021,22,Benzene,8964,University Hospital of North Durham,426200.0,543800.0,Haden Building Management Ltd,24,Public administration,0.0154703343600622,Tonnes,England,M
2021,22,Benzene,8965,Norfolk & Norwich University Hospital,618143.0,307129.0,Serco Services,24,Public administration,0.0391575555749261,Tonnes,England,M
2021,22,Benzene,8968,Queen Elizabeth Hospital,426960.0,560570.0,Gateshead Health NHS Foundation Trust,24,Public administration,0.0158749748966287,Tonnes,England,M
2021,22,Benzene,8970,"1 Churchill Place, Canary Wharf",537910.0,180300.0,Barclays Head Office,23,Commercial,0.00480498253009058,Tonnes,England,M
2021,22,Benzene,8971,Gloucester,386350.0,218360.0,Barclays Facilities Managerment,23,Commercial,0.00164777932234191,Tonnes,England,M
2021,22,Benzene,8972,London,537900.0,180340.0,Barclays Facilities Management,23,Commercial,0.0050910939049946,Tonnes,England,M
2021,22,Benzene,8974,Lydney,363200.0,202300.0,Glatfelter UK Ltd,8,"Paper, printing & publishing industries",0.111108074884718,Tonnes,England,M
2021,22,Benzene,8977,St Marys Hospital,466610.0,100510.0,Carillion Services Ltd,24,Public administration,0.0233141062525647,Tonnes,England,M
2021,22,Benzene,8984,Queens Island,149734.0,532484.0,Bombardier Aerospace,17,Vehicles,0.0462996232415489,Tonnes,Northern Ireland,M
2021,22,Benzene,8985,Londonderry,60988.0,579477.0,Altnagelvin Hospital,24,Public administration,0.060479262933602,Tonnes,Northern Ireland,M
2021,22,Benzene,8987,Belfast,145230.0,528418.0,Belfast City Hospital,24,Public administration,0.0381786567491773,Tonnes,Northern Ireland,M
2021,22,Benzene,8989,Dunmanbridge,95449.0,539996.0,Dalefarm Dairies Ltd,5,"Food, drink & tobacco industry",0.0528317960997787,Tonnes,Northern Ireland,M
2021,22,Benzene,8991,Magheralin,124092.0,516204.0,Glanbia Cheese Ltd,5,"Food, drink & tobacco industry",0.0375606504009557,Tonnes,Northern Ireland,M
2021,22,Benzene,8995,Dungannon,93213.0,521509.0,Moy Park Ltd,5,"Food, drink & tobacco industry",0.0798444190907023,Tonnes,Northern Ireland,M
2021,22,Benzene,8996,Newtownards,159412.0,528943.0,Pritchitts,5,"Food, drink & tobacco industry",0.0240314817295053,Tonnes,Northern Ireland,M
2021,22,Benzene,8997,Belfast,144579.0,529209.0,Royal Hospitals,24,Public administration,0.0670907318691347,Tonnes,Northern Ireland,M
2021,22,Benzene,8998,Jordanstown,149819.0,539357.0,University of Ulster,24,Public administration,0.0151626271213017,Tonnes,Northern Ireland,M
2021,22,Benzene,8999,Coleraine,101977.0,593953.0,University of Ulster,24,Public administration,0.00745877498042014,Tonnes,Northern Ireland,M
2021,22,Benzene,9007,Bathgate 2 Compressor Station,291480.0,671040.0,National Grid Gas Plc,19,Processing & distribution of natural gas,0.111397524213967,Tonnes,Scotland,M
2021,22,Benzene,9008,Kirriemuir Compressor Station,343090.0,754880.0,National Grid Gas Plc,19,Processing & distribution of natural gas,0.0141385435168057,Tonnes,Scotland,M
2021,22,Benzene,9015,Montrose,372000.0,757170.0,GlaxoSmithKline,10,Chemical industry,0.0374230428979542,Tonnes,Scotland,M
2021,22,Benzene,9018,Grangemouth,291600.0,681400.0,Kemfine Ltd,10,Chemical industry,0.0936455667326294,Tonnes,Scotland,M
2021,22,Benzene,9020,Livingston,367600.0,604700.0,St John's Hospital,24,Public administration,0.00899122350323986,Tonnes,Scotland,M
2021,22,Benzene,9027,Stirling,279600.0,692200.0,Stirling Royal Infirmary,24,Public administration,0.0154330468808061,Tonnes,Scotland,M
2021,22,Benzene,9028,Falkirk,228800.0,667980.0,Falkirk & District Royal Infirmary,24,Public administration,0.014609187398445,Tonnes,Scotland,M
2021,22,Benzene,9029,St Andrews,350170.0,716830.0,University of St Andrews,24,Public administration,0.0225878479468721,Tonnes,Scotland,M
2021,22,Benzene,9032,Cowdenbeath,318632.0,689985.0,Shell UK Ltd,19,Processing & distribution of natural gas,0.585312835700001,Tonnes,Scotland,O
2021,22,Benzene,9033,Edinburgh,329100.0,670400.0,Royal Infirmary of Edinburgh,24,Public administration,0.0378808651508419,Tonnes,Scotland,M
2021,22,Benzene,9034,Leven,336500.0,701500.0,Diageo Plc,5,"Food, drink & tobacco industry",0.0271503787300122,Tonnes,Scotland,M
2021,22,Benzene,9035,Riccarton,317500.0,669200.0,Heriot Watt University,24,Public administration,0.0144549890996074,Tonnes,Scotland,M
2021,22,Benzene,9036,Aberdeen Compressor Station,376790.0,805350.0,National Grid Gas Plc,19,Processing & distribution of natural gas,0.165152539321019,Tonnes,Scotland,M
2021,22,Benzene,9037,St Fergus North Sea Gas Terminal,409200.0,853610.0,National Grid Gas Plc,19,Processing & distribution of natural gas,0.205529232827086,Tonnes,Scotland,M
2021,22,Benzene,9038,Aberdeen,389530.0,806490.0,Woodend Hospital,24,Public administration,0.00145827534043586,Tonnes,Scotland,M
2021,22,Benzene,9039,Aberdeen,391700.0,807070.0,Aberdeen Royal Infirmary,24,Public administration,0.366854274540768,Tonnes,Scotland,M
2021,22,Benzene,9042,Forres,306080.0,861080.0,RAF Kinloss,24,Public administration,0.015837525884775,Tonnes,Scotland,M
2021,22,Benzene,9047,Flotta Oil Terminal,335000.0,995000.0,Talisman Energy (UK) Ltd,3,Oil & gas exploration and production,5.41711802550001,Tonnes,Scotland,O
2021,22,Benzene,9049,Aberdeen,394180.0,808420.0,University of Aberdeen,24,Public administration,0.0247291332877225,Tonnes,Scotland,M
2021,22,Benzene,9053,Lossiemouth,322290.0,869720.0,RAF Lossiemouth,24,Public administration,0.0221296587160402,Tonnes,Scotland,M
2021,22,Benzene,9055,Inverness,268600.0,844600.0,Raigmore Hospital,24,Public administration,0.000264339940864507,Tonnes,Scotland,M
2021,22,Benzene,9058,Stranraer,206300.0,559900.0,Caledonian Cheese Co Ltd,5,"Food, drink & tobacco industry",0.0460217281039983,Tonnes,Scotland,M
2021,22,Benzene,9064,Irvine,233590.0,635210.0,UPM-Kymmene (UK) Ltd,8,"Paper, printing & publishing industries",30.8322608290279,Tonnes,Scotland,M
2021,22,Benzene,9065,Girvan Distillery,220250.0,599750.0,William Grant & Sons Distillers Ltd,5,"Food, drink & tobacco industry",0.299279693482564,Tonnes,Scotland,M
2021,22,Benzene,9068,Gartnavel General Hospital,255400.0,668000.0,North Glasgow University Hospitals NHS Trust,24,Public administration,0.023781271630362,Tonnes,Scotland,M
2021,22,Benzene,9069,Stobhill General Hospital,260800.0,669100.0,North Glasgow University Hospitals NHS Trust,24,Public administration,0.0160248147266647,Tonnes,Scotland,M
2021,22,Benzene,9070,Glasgow Royal Infirmary,260100.0,665600.0,North Glasgow University Hospitals NHS Trust,24,Public administration,0.0500512323150184,Tonnes,Scotland,M
2021,22,Benzene,9071,Glasgow,268950.0,656130.0,Raeburn Brick Ltd,4,Other mineral industries,0.0167286979472423,Tonnes,Scotland,M
2021,22,Benzene,9074,Glasgow,256870.0,666730.0,University of Glasgow,24,Public administration,0.0579215821580474,Tonnes,Scotland,M
2021,22,Benzene,9075,Dalry,229300.0,650500.0,DSM Nutritional,10,Chemical industry,0.46253681484784,Tonnes,Scotland,M
2021,22,Benzene,9076,Faslane,224900.0,689700.0,Babcock Naval Services Ltd,24,Public administration,0.0504405458010309,Tonnes,Scotland,M
2021,22,Benzene,9078,Brighouse Bay,264500.0,545900.0,BGE (UK) Ltd,19,Processing & distribution of natural gas,0.206183963260616,Tonnes,Scotland,M
2021,22,Benzene,9079,Beattock,308830.0,599590.0,BGE (UK) Ltd,19,Processing & distribution of natural gas,0.180949059925229,Tonnes,Scotland,M
2021,22,Benzene,9080,Crosshouse,240100.0,638500.0,Crosshouse Hospital,24,Public administration,0.0204290717631452,Tonnes,Scotland,M
2021,22,Benzene,9084,Airdrie,275100.0,665300.0,Monklands Hospital,24,Public administration,0.0138734412297055,Tonnes,Scotland,M
2021,22,Benzene,9085,East Kilbride,260700.0,654100.0,Hairmyres Hospital,24,Public administration,0.00377695007470577,Tonnes,Scotland,M
2021,22,Benzene,9087,Wishaw,278200.0,655000.0,Wishaw General Hospital,24,Public administration,0.0076732010612058,Tonnes,Scotland,M
2021,22,Benzene,9089,Golden Jubilee National Hospital,248400.0,670800.0,NHS Scotland,24,Public administration,0.0225481969557423,Tonnes,Scotland,M
2021,22,Benzene,9093,Gatwick,527500.0,140500.0,Gatwick Airport Ltd,23,Commercial,0.0440566568107511,Tonnes,England,M
2021,22,Benzene,9120,Hendon Dock,441300.0,556800.0,Solvent Resource Management Ltd,10,Chemical industry,0.02,Tonnes,England,M
2021,22,Benzene,9122,Huddersfield,416500.0,418500.0,Syngenta Ltd,10,Chemical industry,0.128,Tonnes,England,M
2021,22,Benzene,9123,Leek,397490.0,357000.0,Tessenderlo Fine Chemicals Ltd,10,Chemical industry,0.2,Tonnes,England,M
2021,22,Benzene,9141,Barry,313900.0,168400.0,Dow Corning Ltd,10,Chemical industry,0.03504,Tonnes,Wales,O
2021,22,Benzene,9150,Huddersfield,414540.0,416860.0,NPIL Pharmaceuticals (UK) Ltd,10,Chemical industry,0.02,Tonnes,England,M
2021,22,Benzene,9220,Dudley,425980.0,574280.0,Shasun Pharma Solutions  Ltd,10,Chemical industry,0.131535,Tonnes,England,M
2021,22,Benzene,9241,West Thurrock,559000.0,177300.0,Industrial Chemicals Ltd,10,Chemical industry,0.00178471384398162,Tonnes,England,M
2021,22,Benzene,9246,Sheffield,436700.0,387700.0,Veolia ES Sheffield Ltd,21,"Waste collection, treatment & disposal",0.171531350879584,Tonnes,England,M
2021,22,Benzene,9254,Oakthorpe Dairy,532041.0,192376.0,Arla Foods Ltd,5,"Food, drink & tobacco industry",0.2,Tonnes,England,O
2021,22,Benzene,9258,Chirk,328600.0,337993.0,Cadbury Ltd,5,"Food, drink & tobacco industry",0.02,Tonnes,Wales,M
2021,22,Benzene,9264,Hanworth,511080.0,170820.0,Dairy Crest Ltd,5,"Food, drink & tobacco industry",0.0172569924727712,Tonnes,England,M
2021,22,Benzene,9298,White House Farm,366320.0,134730.0,Wyke Farmhouse Cheese Co Ltd,5,"Food, drink & tobacco industry",0.0440566568107511,Tonnes,England,M
2021,22,Benzene,9299,Allington Quarry,573800.0,157800.0,Kent Enviropower Ltd,21,"Waste collection, treatment & disposal",0.354830448069451,Tonnes,England,M
2021,22,Benzene,9301,Chapel-En-Le-Frith,405760.0,381430.0,Federal Mogul Friction Products Ltd,17,Vehicles,0.0504580890453531,Tonnes,England,M
2021,22,Benzene,9320,Middlesbrough,450450.0,520370.0,Haltermann Ltd,10,Chemical industry,0.02,Tonnes,England,M
2021,22,Benzene,9324,Barry,314280.0,168880.0,Cabot Carbon Ltd,10,Chemical industry,0.058551296901488,Tonnes,Wales,M
2021,22,Benzene,9329,Ribbleton,357530.0,431850.0,Veolia ES Cleanaway (UK) Ltd,21,"Waste collection, treatment & disposal",0.2,Tonnes,England,M
2021,22,Benzene,9348,Barnoldswick,388100.0,447110.0,Rolls Royce Plc,17,Vehicles,0.0133420871089081,Tonnes,England,M
2021,22,Benzene,9436,Titan Works,561240.0,178510.0,Industrial Chemicals Ltd,10,Chemical industry,0.00697416877314188,Tonnes,England,M
2021,22,Benzene,9447,Great Ryburgh Maltings,595640.0,327360.0,Crisp Malting Group Ltd,5,"Food, drink & tobacco industry",0.0892147300417708,Tonnes,England,M
2021,22,Benzene,9459,Longbenton,426400.0,569400.0,Greggs Plc,5,"Food, drink & tobacco industry",0.0228037255652447,Tonnes,England,M
2021,22,Benzene,9465,North Western Mills,370900.0,353800.0,Morning Foods Ltd,5,"Food, drink & tobacco industry",0.0217111204763381,Tonnes,England,M
2021,22,Benzene,9468,Gillingham,380770.0,125890.0,Sigma Aldrich Co Ltd,10,Chemical industry,0.2,Tonnes,England,M
2021,22,Benzene,9482,Rhymney,310600.0,208300.0,Convatec Ltd,10,Chemical industry,0.00525812101767229,Tonnes,Wales,M
2021,22,Benzene,9503,King's Lynn,561220.0,321790.0,Pil Membranes Ltd,10,Chemical industry,0.00423813409803988,Tonnes,England,M
2021,22,Benzene,9519,Wakefield,431600.0,424800.0,Coca-Cola Enterprises Ltd,5,"Food, drink & tobacco industry",0.0512173262235042,Tonnes,England,M
2021,22,Benzene,9542,Harlesden,520660.0,183320.0,United Biscuits UK Ltd,5,"Food, drink & tobacco industry",9.20035164178914e-05,Tonnes,England,M
2021,22,Benzene,9543,Levenshulme,387930.0,393140.0,United Biscuits UK Ltd,5,"Food, drink & tobacco industry",0.086531679641996,Tonnes,England,M
2021,22,Benzene,9552,Wollaston,490970.0,263110.0,Scott Bader Co Ltd,10,Chemical industry,0.2,Tonnes,England,M
2021,22,Benzene,9564,Normanton,436300.0,421800.0,Welbeck Waste Management Ltd,21,"Waste collection, treatment & disposal",0.005023477,Tonnes,England,O
2021,22,Benzene,9583,Liskeard,226800.0,65000.0,Peake (GB) Ltd,21,"Waste collection, treatment & disposal",0.112420369828072,Tonnes,England,M
2021,22,Benzene,9587,Gateshead,424910.0,558960.0,Armstrong World Industries Ltd,4,Other mineral industries,0.119657879898,Tonnes,England,M
2021,22,Benzene,9590,Speke,341020.0,383610.0,Prinovis Liverpool Ltd,8,"Paper, printing & publishing industries",0.100038734818842,Tonnes,England,M
2021,22,Benzene,9594,Portbury,350700.0,176800.0,Lafarge Plasterboard Ltd,4,Other mineral industries,0.317760508397711,Tonnes,England,M
2021,22,Benzene,9595,Sittingbourne,591950.0,167830.0,Knauf (UK) GmbH,4,Other mineral industries,0.23888860346095,Tonnes,England,M
2021,22,Benzene,9597,Immingham,519800.0,414900.0,Knauf UK GmbH,4,Other mineral industries,0.23248765618965,Tonnes,England,M
2021,22,Benzene,9605,Greenford,465000.0,105000.0,IBM,16,Electrical engineering,0.000669661183523416,Tonnes,England,M
2021,22,Benzene,9606,Felinfach,251850.0,257600.0,Volac International Ltd,5,"Food, drink & tobacco industry",5.18202372687587,Tonnes,Wales,M
2021,22,Benzene,9607,Cramlington,426000.0,574300.0,Shasun Pharma Solutions Ltd,10,Chemical industry,0.0694045624299219,Tonnes,England,M
2021,22,Benzene,9611,Queens Hospital,551300.0,187700.0,Barking Havering & Redbridge Hospitals NHS Trust,24,Public administration,0.0142991174705631,Tonnes,England,M
2021,22,Benzene,9612,Shawbury,355700.0,321800.0,RAF,24,Public administration,0.00655563053343975,Tonnes,England,M
2021,22,Benzene,9615,Burton-On-Trent,423200.0,323400.0,Marston's Plc,5,"Food, drink & tobacco industry",0.0206567457716623,Tonnes,England,M
2021,22,Benzene,9616,Harverfordwest Creamery,194920.0,214490.0,The First Milk Cheese Co Ltd,5,"Food, drink & tobacco industry",0.0338137331766517,Tonnes,Wales,M
2021,22,Benzene,9617,Royal London Hospital,534817.0,181808.0,Skanska Rashleigh Weatherfoil Ltd,21,"Waste collection, treatment & disposal",0.0478374034858393,Tonnes,England,M
2021,22,Benzene,9621,Wisbech,545590.0,308611.0,Lamb Weston/Meijer UK Ltd,5,"Food, drink & tobacco industry",0.206189103977888,Tonnes,England,M
2021,22,Benzene,9623,Barnsley,437380.0,408450.0,Rockware Glass Ltd,4,Other mineral industries,0.502648833565475,Tonnes,England,M
2021,22,Benzene,9625,Speke,343740.0,383880.0,Novartis Vaccines & Diagnostics Ltd,10,Chemical industry,0.0209754751774443,Tonnes,England,M
2021,22,Benzene,9626,Whiston Hospital,347900.0,391900.0,St Helens & Knowsley Hospitals  (NHS) Trust,24,Public administration,0.0196890921902528,Tonnes,England,M
2021,22,Benzene,9628,Sheffield District Heating Scheme - Bernard Road,436770.0,387900.0,Veolia ES Sheffield Ltd,21,"Waste collection, treatment & disposal",0.00397170395478669,Tonnes,England,M
2021,22,Benzene,9630,GCHQ Benhall,391850.0,222234.0,GCHQ,24,Public administration,0.0164093076175075,Tonnes,England,M
2021,22,Benzene,9631,Rotherham General Hospital,443715.0,390953.0,The Rotherham NHS Foundation Trust,24,Public administration,0.0151995465997091,Tonnes,England,M
2021,22,Benzene,9632,Park Brewery,390800.0,298640.0,Marston's PLC,5,"Food, drink & tobacco industry",0.0166215177190895,Tonnes,England,M
2021,22,Benzene,9633,BT Tower,529200.0,181800.0,BT Plc,23,Commercial,0.000962009394992191,Tonnes,England,M
2021,22,Benzene,9634,Southend University Hospital,586260.0,187500.0,Southend University hospital NHS Foundation Trust,24,Public administration,0.0286409942902126,Tonnes,England,M
2021,22,Benzene,9635,City Campus,445670.0,334410.0,Nottingham University Hospitals NHS Trust,24,Public administration,0.0504778484553678,Tonnes,England,M
2021,22,Benzene,9638,Reigate Computer Centre,523500.0,150700.0,BT Plc,23,Commercial,0.000269152910337797,Tonnes,England,M
2021,22,Benzene,9645,Kellogg Trafford Park,379000.0,395600.0,Elyo Industrial Ltd,5,"Food, drink & tobacco industry",0.106262760441957,Tonnes,England,M
2021,22,Benzene,9647,Grangemouth,291649.0,681450.0,Dalkia Plc,10,Chemical industry,0.101443448159417,Tonnes,Scotland,M
2021,22,Benzene,9650,Porthleven,392000.0,797100.0,McIntosh Donald Ltd,5,"Food, drink & tobacco industry",0.00651973316947035,Tonnes,Scotland,M
2021,22,Benzene,9653,Greenock,223406.0,675994.0,National Semiconductor (UK) Ltd,16,Electrical engineering,0.0641757062855846,Tonnes,Scotland,M
2021,22,Benzene,9657,Leven,337000.0,701500.0,Silberline Ltd,10,Chemical industry,0.0288527045453607,Tonnes,Scotland,M
2021,22,Benzene,9663,Bredisholm Refinery,270392.0,662423.0,OSS Group Ltd,21,"Waste collection, treatment & disposal",0.2,Tonnes,Scotland,M
2021,22,Benzene,9670,Livingston,307029.0,665639.0,Valneva Scotland Limited,10,Chemical industry,0.00429836569341252,Tonnes,Scotland,M
2021,22,Benzene,9691,Baltic Works,338969.0,730109.0,Halley Stevensons Ltd,6,"Textiles, clothing, leather & footwear",0.00787922026833945,Tonnes,Scotland,M
2021,22,Benzene,9698,Locher Works,239430.0,664579.0,N C T Leather Ltd,6,"Textiles, clothing, leather & footwear",0.00101959149663768,Tonnes,Scotland,M
2021,22,Benzene,9705,Bridge of Weir,239505.0,664821.0,Bridge of Weir Leather Co Ltd,6,"Textiles, clothing, leather & footwear",0.0152279042880642,Tonnes,Scotland,M
2021,22,Benzene,9714,Dailuaine Distillery,323266.0,841034.0,Diageo Distilling Ltd,5,"Food, drink & tobacco industry",0.0440566568107511,Tonnes,Scotland,M
2021,22,Benzene,9730,Shotts,288002.0,659821.0,Davidson Brothers (Shotts) Ltd,5,"Food, drink & tobacco industry",0.0020706628701053,Tonnes,Scotland,M
2021,22,Benzene,9751,East Kilbride,261059.0,654957.0,Coca-Cola Enterprises Ltd,5,"Food, drink & tobacco industry",0.652759887012321,Tonnes,Scotland,M
2021,22,Benzene,9753,Dundee,335200.0,731900.0,Rockwell Solutions Ltd,7,Other industries,0.000132610537000361,Tonnes,Scotland,M
2021,22,Benzene,9757,South Shian,190700.0,741700.0,Scottish Sea Farms Ltd,1,"Agriculture, forestry & fishing",0.004151238487993,Tonnes,Scotland,M
2021,22,Benzene,9764,Stowmarket,606080.0,257350.0,PPG Industries (UK) Ltd,10,Chemical industry,0.2,Tonnes,England,M
2021,22,Benzene,9770,Apsley Farm Renewable Energy,442200.0,148270.0,Renewable Power Systems,21,"Waste collection, treatment & disposal",0.000598033,Tonnes,England,O
2021,22,Benzene,9772,Bears Pit Landfill Site,588201.0,245800.0,Landfill Systems,21,"Waste collection, treatment & disposal",7.84918e-05,Tonnes,England,O
2021,22,Benzene,9773,Blackborough End (2),565400.0,208500.0,Adrian Robinson,21,"Waste collection, treatment & disposal",0.000783423,Tonnes,England,O
2021,22,Benzene,9774,Bletchley Power Station 2 *,481566.0,227590.0,Infinis Ltd,21,"Waste collection, treatment & disposal",0.00485528,Tonnes,England,O
2021,22,Benzene,9775,Brittons Hall Farm,565400.0,208500.0,Novera Energy Generation No2 Ltd,21,"Waste collection, treatment & disposal",0.000938164,Tonnes,England,O
2021,22,Benzene,9776,Brogborough Phase V,496703.0,237836.0,Infinis Ltd,21,"Waste collection, treatment & disposal",0.008222953,Tonnes,England,O
2021,22,Benzene,9777,Burnhills Power NFFO 5,415591.0,560800.0,Viridis Energy (Norgen) Ltd,21,"Waste collection, treatment & disposal",0.001698414,Tonnes,England,O
2021,22,Benzene,9778,Capel,517500.0,138600.0,Sita UK Ltd,21,"Waste collection, treatment & disposal",0.000769967,Tonnes,England,O
2021,22,Benzene,9779,Cilgwyn RO Generation,249571.0,353963.0,Cilgwyn Energy Ltd,21,"Waste collection, treatment & disposal",0.000119607,Tonnes,Wales,O
2021,22,Benzene,9780,Colnbrook Gas to Energy,501856.0,177803.0,Biffa Waste Services Ltd,21,"Waste collection, treatment & disposal",0.002062466,Tonnes,England,O
2021,22,Benzene,9781,Cotesbach RO Generation,454450.0,280700.0,CLP Envirogas,21,"Waste collection, treatment & disposal",0.001592263,Tonnes,England,O
2021,22,Benzene,9782,Cranford Generation Scheme,493440.0,276320.0,Sita UK Ltd,21,"Waste collection, treatment & disposal",0.001046558,Tonnes,England,O
2021,22,Benzene,9783,Erin Power Plant,444800.0,371700.0,Viridor Waste Exeter Ltd,21,"Waste collection, treatment & disposal",0.001922676,Tonnes,England,O
2021,22,Benzene,9784,Himley Power,389845.0,290482.0,Viridis Energy (Norgen) Ltd,21,"Waste collection, treatment & disposal",0.00163861,Tonnes,England,O
2021,22,Benzene,9785,Houghton Le Spring,433850.0,550578.0,Biffa Waste Services Ltd,21,"Waste collection, treatment & disposal",0.001457705,Tonnes,England,O
2021,22,Benzene,9786,Kendal Generation,350400.0,492300.0,Infinis Ltd,21,"Waste collection, treatment & disposal",0.000246689,Tonnes,England,O
2021,22,Benzene,9787,Kenwick Generation,532857.0,386470.0,Infinis Ltd,21,"Waste collection, treatment & disposal",0.000441049,Tonnes,England,O
2021,22,Benzene,9788,"Lochead Melville - A, C",329627.0,711431.0,Ener-G Natural Power Ltd,21,"Waste collection, treatment & disposal",0.001034597,Tonnes,Scotland,O
2021,22,Benzene,9790,North Herts Landfill Generation,516600.0,232200.0,Biffa Waste Services Ltd,21,"Waste collection, treatment & disposal",0.00117663,Tonnes,England,O
2021,22,Benzene,9791,Poplars Landfill Phase 4,398975.0,309847.0,Infinis (Re-Gen) Ltd,21,"Waste collection, treatment & disposal",0.002915411,Tonnes,England,O
2021,22,Benzene,9792,Redhill 3,529657.0,151206.0,Biffa Waste Services Ltd,21,"Waste collection, treatment & disposal",0.002253837,Tonnes,England,O
2021,22,Benzene,9793,Rotherham Generation,439865.0,392275.0,Infinis Ltd,21,"Waste collection, treatment & disposal",0.000229495,Tonnes,England,O
2021,22,Benzene,9794,Rushton Landfill Generating Station,484800.0,283500.0,Aurora Energy Ltd,21,"Waste collection, treatment & disposal",0.000624944,Tonnes,England,O
2021,22,Benzene,9795,Sandy Lane Landfill,395354.0,276016.0,Infinis (Re-Gen) Ltd,21,"Waste collection, treatment & disposal",0.001399397,Tonnes,England,O
2021,22,Benzene,9796,Skelton Grange,436700.0,430600.0,Biffa Waste Services Ltd,21,"Waste collection, treatment & disposal",0.003891699,Tonnes,England,O
2021,22,Benzene,9797,Springfield Farm Landfill Generation,493290.0,189360.0,Veolia Environmental Services Plc,21,"Waste collection, treatment & disposal",0.002173626,Tonnes,England,O
2021,22,Benzene,9798,Star Works Landfill,481600.0,179700.0,Grundon Waste Management Ltd,21,"Waste collection, treatment & disposal",0.000790151,Tonnes,England,O
2021,22,Benzene,9799,Studley Grange,410701.0,182501.0,Biffa Waste Services Ltd,21,"Waste collection, treatment & disposal",0.001525732,Tonnes,England,O
2021,22,Benzene,9800,Trecatti 2,308141.0,207675.0,Biffa Waste Services Ltd,21,"Waste collection, treatment & disposal",0.00313444,Tonnes,Wales,O
2021,22,Benzene,9801,Ugley Gas To Energy,551490.0,227922.0,Biffa Waste Services Ltd,21,"Waste collection, treatment & disposal",0.001759712,Tonnes,England,O
2021,22,Benzene,9802,Vigo Utopia Power Plant,405121.0,301571.0,Vigo Utopia Power Ltd,21,"Waste collection, treatment & disposal",0.001566846,Tonnes,England,O
2021,22,Benzene,9803,Walney Island Power,320892.0,463094.0,Ener-G Natural Power Ltd,21,"Waste collection, treatment & disposal",0.000123344,Tonnes,England,O
2021,22,Benzene,9804,Wingmoor Farm,390292.0,231908.0,Grundon Waste Management Ltd,21,"Waste collection, treatment & disposal",0.000875371,Tonnes,England,O
2021,22,Benzene,9805,Withyhedges Landfill A,196276.0,220327.0,EnerG Natural Power Ltd,21,"Waste collection, treatment & disposal",0.001662532,Tonnes,Wales,O
2021,22,Benzene,9806,Drummond Moor Generation,327016.0,659455.0,Infinis Ltd,21,"Waste collection, treatment & disposal",0.000859672,Tonnes,Scotland,O
2021,22,Benzene,9808,Greengairs Phase 6 (SRO),277706.0,670094.0,WRG WtE Ltd,21,"Waste collection, treatment & disposal",0.000825285,Tonnes,Scotland,O
2021,22,Benzene,9809,Greenoakhill Landfill Site,266650.0,662470.0,Paterson of Greenoakhill Ltd,21,"Waste collection, treatment & disposal",0.000735581,Tonnes,Scotland,O
2021,22,Benzene,9810,Lochhead Fife Power,308935.0,690565.0,Ener-G Natural Power Ltd,21,"Waste collection, treatment & disposal",0.001630387,Tonnes,Scotland,O
2021,22,Benzene,9811,Oatslie Generation,326146.0,662381.0,Infinis Ltd,21,"Waste collection, treatment & disposal",0.001966033,Tonnes,Scotland,O
2021,22,Benzene,9812,Patersons Quarries Generating Station,267478.0,662545.0,Patersons of Greenoakhill Ltd,21,"Waste collection, treatment & disposal",0.003178545,Tonnes,Scotland,O
2021,22,Benzene,9813,SRO Tarbothill,395750.0,813450.0,Infinis Ltd,21,"Waste collection, treatment & disposal",0.000239213,Tonnes,Scotland,O
2021,22,Benzene,9814,Straid Farm,213607.0,590174.0,Straid Farms Ltd,21,"Waste collection, treatment & disposal",0.000467213,Tonnes,Scotland,O
2021,22,Benzene,9815,Aberystwyth WWTW CHP,266100.0,282600.0,Kelda Water Services (Wales) Ltd,20,Water & sewerage,8.85841e-05,Tonnes,Wales,O
2021,22,Benzene,9816,Aldwarke WWTW,445157.0,394145.0,Yorkshire Water,20,Water & sewerage,0.000379301,Tonnes,England,O
2021,22,Benzene,9817,Barston STW,419114.0,279567.0,Severn Trent Water Ltd,20,Water & sewerage,0.000193274,Tonnes,England,O
2021,22,Benzene,9818,Blackburn CHP WTWW,359871.0,429849.0,United Utilities Water Plc,20,Water & sewerage,0.000926912,Tonnes,England,O
2021,22,Benzene,9819,Bromborough CHP WWTW,334899.0,384399.0,United Utilities Water Plc,20,Water & sewerage,0.000428425,Tonnes,England,O
2021,22,Benzene,9820,Chester WWTW CHP,339400.0,366755.0,United Utilities Operational Services,20,Water & sewerage,0.000161062,Tonnes,England,O
2021,22,Benzene,9821,Colburn WWTW,419990.0,498643.0,Yorkshire Water,20,Water & sewerage,9.26106e-05,Tonnes,England,O
2021,22,Benzene,9822,Crediton WWTW,284675.0,100330.0,South West Water Ltd,20,Water & sewerage,2.41593e-05,Tonnes,England,O
2021,22,Benzene,9823,Four Ashes STW,393174.0,308851.0,Severn Trent Water Ltd,20,Water & sewerage,8.0531e-05,Tonnes,England,O
2021,22,Benzene,9824,Gainsborough STW,482578.0,387018.0,Severn Trent Water Ltd,20,Water & sewerage,8.0531e-05,Tonnes,England,O
2021,22,Benzene,9825,Kinmel Bay CHP,298840.0,378560.0,United Utilities Operational Services,20,Water & sewerage,0.000153009,Tonnes,Wales,O
2021,22,Benzene,9826,Leyland WWTW CHP,352200.0,420800.0,United Utilities Water PLC,20,Water & sewerage,6.84513e-05,Tonnes,England,O
2021,22,Benzene,9827,Macclesfield WWTW CHP,390077.0,378214.0,United Utilities Water PLC,20,Water & sewerage,0.000306018,Tonnes,England,O
2021,22,Benzene,9828,Salisbury STW CHP,415861.0,128712.0,Wessex Water Services Ltd,20,Water & sewerage,6.84513e-05,Tonnes,England,O
2021,22,Benzene,9829,Fullerton WTW,436973.0,141461.0,Southern Water Services Ltd,20,Water & sewerage,0.000425204,Tonnes,England,O
2021,22,Benzene,9830,Gravesend WTW,566505.0,173945.0,Southern Water Services Ltd,20,Water & sewerage,0.000425204,Tonnes,England,O
2021,22,Benzene,9831,Motney Hill WTW,582900.0,168450.0,Southern Water Services Ltd,20,Water & sewerage,0.000610425,Tonnes,England,O
2021,22,Benzene,9832,St Helens CHP,353500.0,396070.0,United Utilities Water PLC,20,Water & sewerage,0.000428425,Tonnes,England,O
2021,22,Benzene,9834,Yaddlethorpe STW,487612.0,406531.0,Severn Trent Water Ltd,20,Water & sewerage,0.000653106,Tonnes,England,O
2021,22,Benzene,9835,Newbridge STW,312717.0,672737.0,Thames Water Utilities Ltd,20,Water & sewerage,0.000277027,Tonnes,Scotland,O
2021,22,Benzene,9836,Seafield STW,328730.0,675758.0,Thames Water Utilities Ltd,20,Water & sewerage,0.002916027,Tonnes,Scotland,O
2021,22,Benzene,9842,Thornton-Cleveleys,334570.0,442780.0,Asahi Glass Fluropolymers UK Ltd,4,Other mineral industries,0.0802364195446422,Tonnes,England,M
2021,22,Benzene,9846,Stallingborough,523100.0,413700.0,Synthomer Ltd,10,Chemical industry,0.0440566568063454,Tonnes,England,M
2021,22,Benzene,9855,"Deeside Industrial Estate, Deeside",331070.0,371480.0,Parc Adfer Energy Recovery Facility,21,"Waste collection, treatment & disposal",0.147418320364733,Tonnes,Wales,M
2021,22,Benzene,9982,Milford Haven,188600.0,208700.0,Murco Petroleum Ltd,9,Processing & distribution of petroleum products,8.924,Tonnes,Wales,O
2021,22,Benzene,9983,Easington Gas Terminal,539770.0,420260.0,Centrica Storage Ltd,3,Oil & gas exploration and production,0.00966184000000002,Tonnes,England,O
2021,22,Benzene,10044,Stalybridge,395760.0,398270.0,Stepan UK Ltd,10,Chemical industry,0.2,Tonnes,England,M
2021,22,Benzene,10048,Sandbach,373080.0,360210.0,United Phosphorus Ltd,10,Chemical industry,0.02,Tonnes,England,M
2021,22,Benzene,10062,Colnbrook,503880.0,177320.0,S Grundon (Waste) Ltd,21,"Waste collection, treatment & disposal",0.139816662843697,Tonnes,England,M
2021,22,Benzene,10107,Barrow Terminal,322670.0,468040.0,Hydrocarbon Resources Ltd,19,Processing & distribution of natural gas,0.22522520751,Tonnes,England,O
2021,22,Benzene,10163,Immingham Briquetting Works,518800.0,416000.0,Coal Products Ltd,2,Other fuel production,0.2,Tonnes,England,M
2021,22,Benzene,10175,Church,374170.0,428620.0,William Blythe Ltd,10,Chemical industry,0.0210894061524219,Tonnes,England,M
2021,22,Benzene,10200,Haverhill,567150.0,244710.0,Cornelius Specialties Ltd,10,Chemical industry,0.2,Tonnes,England,M
2021,22,Benzene,10229,Waunarlwydd Works,260300.0,196000.0,Aleris Recycling (Swansea) Ltd,14,Non-ferrous metal industries,0.000129420835047262,Tonnes,Wales,M
2021,22,Benzene,10254,Ann Watson Street Site,510200.0,431620.0,Waste Oil Services Ltd,21,"Waste collection, treatment & disposal",0.2,Tonnes,England,M
2021,22,Benzene,10326,Port Clarence,451110.0,524440.0,Sabic UK Petrochemicals,10,Chemical industry,0.2,Tonnes,England,M
2021,22,Benzene,10369,Rawcliffe Bridge,470200.0,421300.0,Croda Chemicals Europe Ltd,10,Chemical industry,0.0538372346227377,Tonnes,England,M
2021,22,Benzene,10393,Chester-Le-Street Works,426500.0,556200.0,Rockwood Pigments UK Ltd,10,Chemical industry,0.0001,Tonnes,England,M
2021,22,Benzene,10401,Hamble Terminal,447860.0,106650.0,BP Oil UK Ltd,3,Oil & gas exploration and production,0.02,Tonnes,England,M
2021,22,Benzene,10469,Kingsnorth Oil Treatment Plant,580840.0,173450.0,Eco-Oil Ltd,21,"Waste collection, treatment & disposal",0.2,Tonnes,England,M
2021,22,Benzene,10529,Harwich,623200.0,232200.0,Petrochem Carless Ltd,9,Processing & distribution of petroleum products,4.878270612,Tonnes,England,M
2021,22,Benzene,10535,Lowestoft,655360.0,293850.0,Birds Eye Ltd,5,"Food, drink & tobacco industry",0.0440566568107511,Tonnes,England,M
2021,22,Benzene,10546,Lag Farm,351520.0,158640.0,Yeo Valley Farms (Production) Ltd,5,"Food, drink & tobacco industry",0.0173495114520738,Tonnes,England,M
2021,22,Benzene,10553,Bacton Gas Plant,633360.0,334630.0,Shell UK Ltd,19,Processing & distribution of natural gas,0.142675646610001,Tonnes,England,O
2021,22,Benzene,10578,Singleton Well Site,488460.0,115420.0,Star Energy UK Onshore Ltd,3,Oil & gas exploration and production,0.0842224235412665,Tonnes,England,M
2021,22,Benzene,10588,Palmers Wood Oilfield,536400.0,152550.0,Star Energy UK Onshore Ltd,3,Oil & gas exploration and production,0.0046,Tonnes,England,M
2021,22,Benzene,10604,Pembroke Plant,190803.0,203001.0,Chevron Ltd,9,Processing & distribution of petroleum products,7.95005704283,Tonnes,Wales,M
2021,22,Benzene,10611,Walsall,400630.0,298160.0,Central Waste Oil Collections Ltd,21,"Waste collection, treatment & disposal",0.2,Tonnes,England,M
2021,22,Benzene,10768,Standen Heath Landfill Site,453200.0,88300.0,Island Waste Services Ltd,21,"Waste collection, treatment & disposal",0.0007296,Tonnes,England,O
2021,22,Benzene,10783,South Killingholme Refinery,516210.0,416450.0,Conocophillips Ltd,9,Processing & distribution of petroleum products,172.285048564,Tonnes,England,M
2021,22,Benzene,10816,Llantrisant,305600.0,181730.0,Maxibrite Ltd,2,Other fuel production,0.028,Tonnes,Wales,M
2021,22,Benzene,10817,Queenborough,590590.0,172660.0,Aesica Queenborough Ltd,10,Chemical industry,0.0668760533288233,Tonnes,England,M
2021,22,Benzene,10829,Great Coates,524000.0,412500.0,Bluestar Fibres Co Ltd,10,Chemical industry,0.02,Tonnes,England,M
2021,22,Benzene,10876,Stockbridge Oilfield,445200.0,135500.0,Star Energy Oil UK Ltd,3,Oil & gas exploration and production,0.058,Tonnes,England,M
2021,22,Benzene,10891,Addenbrookes Hospital Incinerator,546540.0,255140.0,Cambridge University Hospital NHS Trust,24,Public administration,0.0841321044817053,Tonnes,England,M
2021,22,Benzene,11037,Belfast,148005.0,532272.0,Belfast Sewage Sludge Incinerator,21,"Waste collection, treatment & disposal",4.818,Tonnes,Northern Ireland,M
2021,22,Benzene,11041,Craigavon,113040.0,514454.0,Moy Park Ltd,5,"Food, drink & tobacco industry",0.0752707981611681,Tonnes,Northern Ireland,M
2021,22,Benzene,11042,Cookstown,92434.0,535183.0,Lafarge Cement (Ireland) Ltd,11,Cement,0.673,Tonnes,Northern Ireland,M
2021,22,Benzene,11055,Calderdale Royal Hospital,409500.0,423200.0,Vita Lend Lease Ltd,24,Public administration,0.0165692725749604,Tonnes,England,M
2021,22,Benzene,11059,Ferrybridge,447940.0,425500.0,Lafarge Plasterboard Ltd,4,Other mineral industries,0.110069388193302,Tonnes,England,M
2021,22,Benzene,11065,South Hook LNG Terminal,193600.0,205600.0,South Hook LNG Terminal,19,Processing & distribution of natural gas,0.816324825385956,Tonnes,Wales,M
2021,22,Benzene,11075,Burton Plant,423460.0,322670.0,Unilever UK Ltd,5,"Food, drink & tobacco industry",0.0243992786207004,Tonnes,England,M
2021,22,Benzene,11077,Dragon LNG Terminal,193850.0,205850.0,Dragon LNG Ltd,19,Processing & distribution of natural gas,0.29841546218136,Tonnes,Wales,M
2021,22,Benzene,11083,"5 North Colonnade, Canary Wharf",537380.0,180390.0,Barclays Capital Services Ltd,23,Commercial,4.17376906228603e-05,Tonnes,England,M
2021,22,Benzene,11084,Northolt Data Centre,513590.0,184190.0,Barclays Capital Services Ltd,23,Commercial,3.13649032300234e-05,Tonnes,England,M
2021,22,Benzene,11085,Aspatria Creamery,314400.0,541200.0,The First Milk Cheese Co Ltd,5,"Food, drink & tobacco industry",0.0397915522278548,Tonnes,England,M
2021,22,Benzene,11088,Felindre Compressor Station,264660.0,200950.0,National Grid Gas Plc,19,Processing & distribution of natural gas,0.030482514096898,Tonnes,Wales,M
2021,22,Benzene,11093,London,533400.0,181800.0,Allen & Overy LLP,23,Commercial,0.00717731036099375,Tonnes,England,M
2021,22,Benzene,11094,Aldbrough Gas Storage,525530.0,436690.0,SSE Hornsea Ltd,19,Processing & distribution of natural gas,0.0129478505266377,Tonnes,England,M
2021,22,Benzene,11096,Derby City General Hospital,432700.0,334800.0,Skanska Rashleigh Weatherfoil Ltd,24,Public administration,0.0292384714132587,Tonnes,England,M
2021,22,Benzene,11099,Waresley Factory,385450.0,270100.0,Wienerberger Ltd,4,Other mineral industries,0.107449097997461,Tonnes,England,M
2021,22,Benzene,11100,Kingsbury Factory,421810.0,299060.0,Wienerberger Ltd,4,Other mineral industries,0.0714063502314921,Tonnes,England,M
2021,22,Benzene,11101,Hartlebury Factory,385120.0,270810.0,Wienerberger Ltd,4,Other mineral industries,0.0620853480242113,Tonnes,England,M
2021,22,Benzene,11104,Halewood,344800.0,383700.0,Jaguar Cars Ltd,17,Vehicles,0.111357100431096,Tonnes,England,M
2021,22,Benzene,11106,Royal United Hospital Bath,372850.0,165950.0,Royal United Hospital Bath NHS Trust,24,Public administration,0.0403729683187977,Tonnes,England,M
2021,22,Benzene,11108,Ambrosia Creamery,239560.0,84980.0,Premier Foods Group Ltd,5,"Food, drink & tobacco industry",0.047569795798461,Tonnes,England,M
2021,22,Benzene,11111,Worksop,457377.0,380518.0,Premier Foods Group Ltd,5,"Food, drink & tobacco industry",0.0456640773020343,Tonnes,England,M
2021,22,Benzene,11113,Nechells,409350.0,288650.0,Smurfit Kappa UK Ltd,8,"Paper, printing & publishing industries",0.591155255588342,Tonnes,England,M
2021,22,Benzene,11114,Bristol Energy,360000.0,180000.0,Rolls-Royce Power Development Ltd,17,Vehicles,0.0105688062969255,Tonnes,England,M
2021,22,Benzene,11115,Exeter Power,292200.0,91000.0,Rolls Royce Power Development Ltd,26,Minor power producers,0.0238233131169423,Tonnes,England,M
2021,22,Benzene,11116,Croydon Energy,531700.0,166400.0,Rolls Royce Power Development Ltd,26,Minor power producers,0.0304249428931503,Tonnes,England,M
2021,22,Benzene,11117,Heartlands Power,412300.0,290500.0,Rolls Royce Power Development Ltd,26,Minor power producers,0.0917450560155822,Tonnes,England,M
2021,22,Benzene,11121,Middlewich Site,371500.0,364700.0,British Salt Ltd,4,Other mineral industries,0.245830868089737,Tonnes,England,M
2021,22,Benzene,11122,Tissue and Towel Plant,378750.0,397810.0,SCA Hygiene Products Manchester Ltd,8,"Paper, printing & publishing industries",0.122200949126903,Tonnes,England,M
2021,22,Benzene,11126,Southbank Works,359700.0,388100.0,PQ Silicas UK Ltd,10,Chemical industry,0.179052548023657,Tonnes,England,M
2021,22,Benzene,11130,King's Buildings,326600.0,670600.0,University of Edinburgh,24,Public administration,0.0409750047333127,Tonnes,Scotland,M
2021,22,Benzene,11131,George Square,325700.0,673000.0,University of Edinburgh,24,Public administration,0.0429002405129824,Tonnes,Scotland,M
2021,22,Benzene,11135,St Fergus,409600.0,854400.0,Shell UK Exploration & Production,3,Oil & gas exploration and production,0.920554562320005,Tonnes,Scotland,O
2021,22,Benzene,11249,Ipswich,617330.0,242778.0,Vopak Ipswich Ltd,9,Processing & distribution of petroleum products,0.035715263,Tonnes,England,O
2021,22,Benzene,11250,Nantwich,360174.0,357824.0,NWF Fuels Ltd,9,Processing & distribution of petroleum products,0.002934742,Tonnes,England,O
2021,22,Benzene,11251,Harpenden,514505.0,215505.0,Tesco Stores Ltd,23,Commercial,0.012287532,Tonnes,England,M
2021,22,Benzene,11252,Sutton Coldfield,413417.0,297075.0,Tesco Stores Ltd,23,Commercial,0.012287532,Tonnes,England,M
2021,22,Benzene,11253,Yeovil Abbey Manor Park,353416.0,116952.0,Tesco Stores Ltd,23,Commercial,0.012287532,Tonnes,England,M
2021,22,Benzene,11254,Christchurch,414125.0,93761.0,Tesco Stores Ltd,23,Commercial,0.012287532,Tonnes,England,M
2021,22,Benzene,11255,Worthing,512300.0,104450.0,Tesco Stores Ltd,23,Commercial,0.012287532,Tonnes,England,M
2021,22,Benzene,11256,Polegate,558260.0,104237.0,Tesco Stores Ltd,23,Commercial,0.012287532,Tonnes,England,M
2021,22,Benzene,11257,Hove,529912.0,105835.0,Tesco Stores Ltd,23,Commercial,0.012287532,Tonnes,England,M
2021,22,Benzene,11258,Bristol Henleaze Road,357708.0,176589.0,Tesco Stores Ltd,23,Commercial,0.012287532,Tonnes,England,M
2021,22,Benzene,11259,Ely,554200.0,279400.0,Tesco Stores Ltd,23,Commercial,0.012287532,Tonnes,England,M
2021,22,Benzene,11260,Chester Road,335008.0,363965.0,Tesco Stores Ltd,23,Commercial,0.012287532,Tonnes,Wales,M
2021,22,Benzene,11261,Ongar,555229.0,203268.0,Tesco Stores Ltd,23,Commercial,0.012287532,Tonnes,England,M
2021,22,Benzene,11262,Dartford,552800.0,174300.0,Tesco Stores Ltd,23,Commercial,0.012287532,Tonnes,England,M
2021,22,Benzene,11263,Dundee Kingsway,336200.0,732200.0,Tesco Stores Ltd,23,Commercial,0.012287532,Tonnes,Scotland,M
2021,22,Benzene,11264,Broughton Ferry,347702.0,731358.0,Tesco Stores Ltd,23,Commercial,0.012287532,Tonnes,Scotland,M
2021,22,Benzene,11265,Newton Aycliffe,427900.0,525200.0,Tesco Stores Ltd,23,Commercial,0.012287532,Tonnes,England,M
2021,22,Benzene,11266,Dudley,393364.0,291006.0,Tesco Stores Ltd,23,Commercial,0.012287532,Tonnes,England,M
2021,22,Benzene,11267,Leyton,538200.0,188600.0,Tesco Stores Ltd,23,Commercial,0.012287532,Tonnes,England,M
2021,22,Benzene,11268,Forrest Gate,541561.0,185256.0,Tesco Stores Ltd,23,Commercial,0.012287532,Tonnes,England,M
2021,22,Benzene,11269,Barnet,526900.0,195700.0,Tesco Stores Ltd,23,Commercial,0.012287532,Tonnes,England,M
2021,22,Benzene,11270,Cheshunt,535900.0,203400.0,Tesco Stores Ltd,23,Commercial,0.012287532,Tonnes,England,M
2021,22,Benzene,11271,Waltham Cross,536040.0,199848.0,Tesco Stores Ltd,23,Commercial,0.012287532,Tonnes,England,M
2021,22,Benzene,11272,Heavitree,294022.0,92447.0,Tesco Stores Ltd,23,Commercial,0.012287532,Tonnes,England,M
2021,22,Benzene,11273,Cumbernauld,275924.0,674592.0,Tesco Stores Ltd,23,Commercial,0.012287532,Tonnes,Scotland,M
2021,22,Benzene,11274,Gloucester Express,384567.0,216734.0,Tesco Stores Ltd,23,Commercial,0.012287532,Tonnes,England,M
2021,22,Benzene,11275,Yateley,482244.0,160938.0,Tesco Stores Ltd,23,Commercial,0.012287532,Tonnes,England,M
2021,22,Benzene,11276,Fleet,481872.0,152360.0,Tesco Stores Ltd,23,Commercial,0.012287532,Tonnes,England,M
2021,22,Benzene,11277,South Harrow,513200.0,186400.0,Tesco Stores Ltd,23,Commercial,0.012287532,Tonnes,England,M
2021,22,Benzene,11278,Huddersfield Wakefield Road Express,416000.0,416500.0,Tesco Stores Ltd,23,Commercial,0.012287532,Tonnes,England,M
2021,22,Benzene,11279,High Wycombe,485500.0,191700.0,Tesco Stores Ltd,23,Commercial,0.012287532,Tonnes,England,M
2021,22,Benzene,11280,Terriers,487800.0,194630.0,Tesco Stores Ltd,23,Commercial,0.012287532,Tonnes,England,M
2021,22,Benzene,11281,Hereford,352144.0,239854.0,Tesco Stores Ltd,23,Commercial,0.012287532,Tonnes,England,M
2021,22,Benzene,11282,Willerby,503342.0,429873.0,Tesco Stores Ltd,23,Commercial,0.012287532,Tonnes,England,M
2021,22,Benzene,11283,Ilford,545013.0,186577.0,Tesco Stores Ltd,23,Commercial,0.012287532,Tonnes,England,M
2021,22,Benzene,11284,Barking Express,546300.0,183600.0,Tesco Stores Ltd,23,Commercial,0.012287532,Tonnes,England,M
2021,22,Benzene,11285,West Byfleet,504100.0,160600.0,Tesco Stores Ltd,23,Commercial,0.012287532,Tonnes,England,M
2021,22,Benzene,11286,Ewell,522026.0,162103.0,Tesco Stores Ltd,23,Commercial,0.012287532,Tonnes,England,M
2021,22,Benzene,11287,Surbiton,519500.0,166100.0,Tesco Stores Ltd,23,Commercial,0.012287532,Tonnes,England,M
2021,22,Benzene,11289,Melton Mowbray Nottingham Road,474600.0,320100.0,Tesco Stores Ltd,23,Commercial,0.012287532,Tonnes,England,M
2021,22,Benzene,11290,Sale Express,376703.0,390906.0,Tesco Stores Ltd,23,Commercial,0.012287532,Tonnes,England,M
2021,22,Benzene,11291,Manchester,372000.0,393700.0,Tesco Stores Ltd,23,Commercial,0.012287532,Tonnes,England,M
2021,22,Benzene,11292,Rochester,572647.0,169929.0,Tesco Stores Ltd,23,Commercial,0.012287532,Tonnes,England,M
2021,22,Benzene,11293,Islington Green,531675.0,183550.0,Tesco Stores Ltd,23,Commercial,0.012287532,Tonnes,England,M
2021,22,Benzene,11294,Oakwood,529500.0,196100.0,Tesco Stores Ltd,23,Commercial,0.012287532,Tonnes,England,M
2021,22,Benzene,11295,Northampton,477165.0,261335.0,Tesco Stores Ltd,23,Commercial,0.012287532,Tonnes,England,M
2021,22,Benzene,11296,Wellingborough,489450.0,266378.0,Tesco Stores Ltd,23,Commercial,0.012287532,Tonnes,England,M
2021,22,Benzene,11297,Lowestoft,651880.0,292136.0,Tesco Stores Ltd,23,Commercial,0.012287532,Tonnes,England,M
2021,22,Benzene,11298,Camden Town,529540.0,184538.0,Tesco Stores Ltd,23,Commercial,0.012287532,Tonnes,England,M
2021,22,Benzene,11299,Heywood Express,385812.0,410766.0,Tesco Stores Ltd,23,Commercial,0.012287532,Tonnes,England,M
2021,22,Benzene,11300,Witney,435019.0,208935.0,Tesco Stores Ltd,23,Commercial,0.012287532,Tonnes,England,M
2021,22,Benzene,11301,Broadbridge Heath,518623.0,131545.0,Tesco Stores Ltd,23,Commercial,0.012287532,Tonnes,England,M
2021,22,Benzene,11302,Pulborough,508130.0,115209.0,Tesco Stores Ltd,23,Commercial,0.012287532,Tonnes,England,M
2021,22,Benzene,11303,Sheffield Chapel Town,434500.0,396200.0,Tesco Stores Ltd,23,Commercial,0.012287532,Tonnes,England,M
2021,22,Benzene,11304,Chesterfield Newbold Road,437000.0,372600.0,Tesco Stores Ltd,23,Commercial,0.012287532,Tonnes,England,M
2021,22,Benzene,11305,Clowne,449142.0,375537.0,Tesco Stores Ltd,23,Commercial,0.012287532,Tonnes,England,M
2021,22,Benzene,11306,Gowerton,258400.0,196400.0,Tesco Stores Ltd,23,Commercial,0.012287532,Tonnes,Wales,M
2021,22,Benzene,11307,Sutton Malden Road,523449.0,164961.0,Tesco Stores Ltd,23,Commercial,0.012287532,Tonnes,England,M
2021,22,Benzene,11308,Sutton London Road,523838.0,165686.0,Tesco Stores Ltd,23,Commercial,0.012287532,Tonnes,England,M
2021,22,Benzene,11309,Chippenham,390500.0,173400.0,Tesco Stores Ltd,23,Commercial,0.012287532,Tonnes,England,M
2021,22,Benzene,11310,Bitterne,445539.0,113725.0,Tesco Stores Ltd,23,Commercial,0.012287532,Tonnes,England,M
2021,22,Benzene,11311,Dibden Purlieu,441300.0,106100.0,Tesco Stores Ltd,23,Commercial,0.012287532,Tonnes,England,M
2021,22,Benzene,11312,Eastleigh,449040.0,120088.0,Tesco Stores Ltd,23,Commercial,0.012287532,Tonnes,England,M
2021,22,Benzene,11313,Leigh-On-Sea,582440.0,186553.0,Tesco Stores Ltd,23,Commercial,0.012287532,Tonnes,England,M
2021,22,Benzene,11314,Barnes,522600.0,177600.0,Tesco Stores Ltd,23,Commercial,0.012287532,Tonnes,England,M
2021,22,Benzene,11315,Tooting,528300.0,172700.0,Tesco Stores Ltd,23,Commercial,0.012287532,Tonnes,England,M
2021,22,Benzene,11316,Wimbledon,525830.0,170139.0,Tesco Stores Ltd,23,Commercial,0.012287532,Tonnes,England,M
2021,22,Benzene,11317,Colliers Wood,526732.0,170319.0,Tesco Stores Ltd,23,Commercial,0.012287532,Tonnes,England,M
2021,22,Benzene,11318,Stockwell,531169.0,176047.0,Tesco Stores Ltd,23,Commercial,0.012287532,Tonnes,England,M
2021,22,Benzene,11319,Torquay,291176.0,65861.0,Tesco Stores Ltd,23,Commercial,0.012287532,Tonnes,England,M
2021,22,Benzene,11320,Isleworth,516650.0,176949.0,Tesco Stores Ltd,23,Commercial,0.012287532,Tonnes,England,M
2021,22,Benzene,11321,Uxbridge,505460.0,181375.0,Tesco Stores Ltd,23,Commercial,0.012287532,Tonnes,England,M
2021,22,Benzene,11322,Acton,519350.0,180226.0,Tesco Stores Ltd,23,Commercial,0.012287532,Tonnes,England,M
2021,22,Benzene,11323,Windle,348700.0,397200.0,Tesco Stores Ltd,23,Commercial,0.012287532,Tonnes,England,M
2021,22,Benzene,11324,Warrington Express 2,360517.0,390229.0,Tesco Stores Ltd,23,Commercial,0.012287532,Tonnes,England,M
2021,22,Benzene,11325,Warrington Express,361638.0,390112.0,Tesco Stores Ltd,23,Commercial,0.012287532,Tonnes,England,M
2021,22,Benzene,11326,Bushey Heath,515000.0,193900.0,Tesco Stores Ltd,23,Commercial,0.012287532,Tonnes,England,M
2021,22,Benzene,11327,Great Wyrely,399024.0,307766.0,Tesco Stores Ltd,23,Commercial,0.012287532,Tonnes,England,M
2021,22,Benzene,11328,Wolverhampton,392545.0,301061.0,Tesco Stores Ltd,23,Commercial,0.012287532,Tonnes,England,M
2021,22,Benzene,11329,Willenhall,397000.0,301300.0,Tesco Stores Ltd,23,Commercial,0.012287532,Tonnes,England,M
2021,22,Benzene,11330,Pentwyn,321600.0,182500.0,Asda Stores Ltd,23,Commercial,0.009175054,Tonnes,Wales,M
2021,22,Benzene,11331,Caerphilly,315200.0,188100.0,Asda Stores Ltd,23,Commercial,0.009175054,Tonnes,Wales,M
2021,22,Benzene,11332,Frome,378880.0,147605.0,Asda Stores Ltd,23,Commercial,0.009175054,Tonnes,England,M
2021,22,Benzene,11333,Abbey Park,434993.0,277093.0,Asda Stores Ltd,23,Commercial,0.009175054,Tonnes,England,M
2021,22,Benzene,11334,Wheatley,461039.0,205108.0,Asda Stores Ltd,23,Commercial,0.009175054,Tonnes,England,M
2021,22,Benzene,11335,Shrewsbury,350000.0,312000.0,Asda Stores Ltd,23,Commercial,0.009175054,Tonnes,England,M
2021,22,Benzene,11336,Stafford,392736.0,323126.0,Asda Stores Ltd,23,Commercial,0.009175054,Tonnes,England,M
2021,22,Benzene,11337,Milton Keynes,487400.0,234800.0,Asda Stores Ltd,23,Commercial,0.009175054,Tonnes,England,M
2021,22,Benzene,11338,Lower Earley,474234.0,170004.0,Asda Stores Ltd,23,Commercial,0.009175054,Tonnes,England,M
2021,22,Benzene,11339,High Wycombe,484400.0,190900.0,Asda Stores Ltd,23,Commercial,0.009175054,Tonnes,England,M
2021,22,Benzene,11340,Thurmaston,461800.0,309930.0,Asda Stores Ltd,23,Commercial,0.009175054,Tonnes,England,M
2021,22,Benzene,11341,Sinfin,434167.0,331102.0,Asda Stores Ltd,23,Commercial,0.009175054,Tonnes,England,M
2021,22,Benzene,11342,Canford Heath,402419.0,94603.0,Asda Stores Ltd,23,Commercial,0.009175054,Tonnes,England,M
2021,22,Benzene,11343,Wolstanton,385903.0,347940.0,Asda Stores Ltd,23,Commercial,0.009175054,Tonnes,England,M
2021,22,Benzene,11344,Wrexham,334100.0,350400.0,Asda Stores Ltd,23,Commercial,0.009175054,Tonnes,Wales,M
2021,22,Benzene,11345,Long Eaton,449128.0,334014.0,Asda Stores Ltd,23,Commercial,0.009175054,Tonnes,England,M
2021,22,Benzene,11346,Luton,512100.0,222300.0,Asda Stores Ltd,23,Commercial,0.009175054,Tonnes,England,M
2021,22,Benzene,11347,Hatfield,522316.0,208606.0,Asda Stores Ltd,23,Commercial,0.009175054,Tonnes,England,M
2021,22,Benzene,11348,Leyton,538100.0,186000.0,Asda Stores Ltd,23,Commercial,0.009175054,Tonnes,England,M
2021,22,Benzene,11349,Pembroke Dock,196824.0,203627.0,Asda Stores Ltd,23,Commercial,0.009175054,Tonnes,Wales,M
2021,22,Benzene,11350,Eastlands,387404.0,398472.0,Asda Stores Ltd,23,Commercial,0.009175054,Tonnes,England,M
2021,22,Benzene,11351,Radcliffe,378345.0,406776.0,Asda Stores Ltd,23,Commercial,0.009175054,Tonnes,England,M
2021,22,Benzene,11352,Skelmersdale,348530.0,406336.0,Asda Stores Ltd,23,Commercial,0.009175054,Tonnes,England,M
2021,22,Benzene,11353,Horwich,364635.0,409784.0,Asda Stores Ltd,23,Commercial,0.009175054,Tonnes,England,M
2021,22,Benzene,11354,Rotherham,445347.0,394327.0,Asda Stores Ltd,23,Commercial,0.009175054,Tonnes,England,M
2021,22,Benzene,11355,Lincoln,494266.0,366601.0,Asda Stores Ltd,23,Commercial,0.009175054,Tonnes,England,M
2021,22,Benzene,11356,Eastgate,570600.0,188400.0,Asda Stores Ltd,23,Commercial,0.009175054,Tonnes,England,M
2021,22,Benzene,11357,Clayton Green,357606.0,423494.0,Asda Stores Ltd,23,Commercial,0.009175054,Tonnes,England,M
2021,22,Benzene,11358,Morley,425800.0,426600.0,Asda Stores Ltd,23,Commercial,0.009175054,Tonnes,England,M
2021,22,Benzene,11359,Barrow,319204.0,470290.0,Asda Stores Ltd,23,Commercial,0.009175054,Tonnes,England,M
2021,22,Benzene,11360,York,462800.0,454900.0,Asda Stores Ltd,23,Commercial,0.009175054,Tonnes,England,M
2021,22,Benzene,11361,Downpatrick,158475.0,498951.0,Asda Stores Ltd,23,Commercial,0.009175054,Tonnes,Northern Ireland,M
2021,22,Benzene,11362,Newtownards,160420.0,528335.0,Asda Stores Ltd,23,Commercial,0.009175054,Tonnes,Northern Ireland,M
2021,22,Benzene,11363,Bangor,163500.0,535500.0,Asda Stores Ltd,23,Commercial,0.009175054,Tonnes,Northern Ireland,M
2021,22,Benzene,11364,Cookstown,93836.0,536968.0,Asda Stores Ltd,23,Commercial,0.009175054,Tonnes,Northern Ireland,M
2021,22,Benzene,11365,Ayr,236289.0,623740.0,Asda Stores Ltd,23,Commercial,0.009175054,Tonnes,Scotland,M
2021,22,Benzene,11366,Omagh,57134.0,535208.0,Asda Stores Ltd,23,Commercial,0.009175054,Tonnes,Northern Ireland,M
2021,22,Benzene,11367,Edinburgh,331132.0,672309.0,Asda Stores Ltd,23,Commercial,0.009175054,Tonnes,Scotland,M
2021,22,Benzene,11368,Coleraine,102803.0,592237.0,Asda Stores Ltd,23,Commercial,0.009175054,Tonnes,Northern Ireland,M
2021,22,Benzene,11369,Grangemouth,293025.0,682183.0,Asda Stores Ltd,23,Commercial,0.009175054,Tonnes,Scotland,M
2021,22,Benzene,11370,Alloa,289200.0,693300.0,Asda Stores Ltd,23,Commercial,0.009175054,Tonnes,Scotland,M
2021,22,Benzene,11371,Peterhead,409602.0,846334.0,Asda Stores Ltd,23,Commercial,0.009175054,Tonnes,Scotland,M
2021,22,Benzene,11374,Goodworth Clatford,436974.0,141977.0,Star Energy Oil UK Ltd,3,Oil & gas exploration and production,0.00224,Tonnes,England,M
2021,22,Benzene,11380,Duns,385400.0,656150.0,Ahlstrom Chirnside Ltd,8,"Paper, printing & publishing industries",0.0742089521588854,Tonnes,Scotland,M
2021,22,Benzene,11386,North British Distillery,322824.0,672552.0,North British Distillery Co Ltd,5,"Food, drink & tobacco industry",0.132537991027838,Tonnes,Scotland,M
2021,22,Benzene,11387,Irvine,232000.0,639000.0,Rockware Glass Ltd,4,Other mineral industries,0.211342632525154,Tonnes,Scotland,M
2021,22,Benzene,11416,Middlesbrough,452320.0,524640.0,Laporte Industries Ltd,10,Chemical industry,0.0966093266738852,Tonnes,England,M
2021,22,Benzene,11433,Glenochil,285080.0,696020.0,Kerry Ingredients (UK) Ltd,5,"Food, drink & tobacco industry",0.129081394153036,Tonnes,Scotland,M
2021,22,Benzene,11440,Lurgan,122225.0,515425.0,Huhtamaki (Lurgan) Ltd,8,"Paper, printing & publishing industries",0.0545960081788836,Tonnes,Northern Ireland,M
2021,22,Benzene,11446,Invergordon Distillery,271500.0,869110.0,Whyte & Mackay Ltd,5,"Food, drink & tobacco industry",0.0350319342939747,Tonnes,Scotland,M
2021,22,Benzene,11470,Alloa,288120.0,692374.0,O-I Manufacturing UK Ltd,4,Other mineral industries,0.404656587166721,Tonnes,Scotland,M
2021,22,Benzene,11476,Grangemouth,295570.0,680280.0,Polimeri Europa UK Ltd,10,Chemical industry,0.248618367548891,Tonnes,Scotland,M
2021,22,Benzene,11478,Derrylin,36251.0,486902.0,Quinn Glass Ltd,4,Other mineral industries,0.329954328340489,Tonnes,Northern Ireland,M
2021,22,Benzene,11487,Stirling,280558.0,692780.0,Superglass Insulation Ltd,4,Other mineral industries,0.0867028206211332,Tonnes,Scotland,M
2021,22,Benzene,11490,Caledonian Brewery,260500.0,665200.0,InBev UK Ltd,5,"Food, drink & tobacco industry",0.0443401618859711,Tonnes,Scotland,M
2021,22,Benzene,11554,Fawley Refinery,445500.0,104300.0,Esso Petroleum Co Ltd,9,Processing & distribution of petroleum products,42.14735725,Tonnes,England,M
2021,22,Benzene,11556,Beech Hill Plant,357430.0,407540.0,Milliken Industries Ltd,6,"Textiles, clothing, leather & footwear",0.2,Tonnes,England,M
2021,22,Benzene,11557,Billingham,446670.0,522120.0,Haltermann Ltd,10,Chemical industry,0.02,Tonnes,England,M
2021,22,Benzene,11588,Ipswich Waste To Energy Facility,619230.0,245000.0,SRCL Ltd,21,"Waste collection, treatment & disposal",0.25838527052295,Tonnes,England,M
2021,22,Benzene,11595,Garston,340030.0,383650.0,Veolia Environmental Services (UK) Plc,21,"Waste collection, treatment & disposal",0.2,Tonnes,England,M
2021,22,Benzene,11611,Ashford,604090.0,142060.0,SRCL Ltd,21,"Waste collection, treatment & disposal",0.261507173680545,Tonnes,England,M
2021,22,Benzene,11614,Ringstead,497000.0,278280.0,Dodson & Horrell Ltd,5,"Food, drink & tobacco industry",0.019835690275224,Tonnes,England,M
2021,22,Benzene,11617,Sidcup,546400.0,171100.0,SRCL Ltd,21,"Waste collection, treatment & disposal",0.21407335937791,Tonnes,England,M
2021,22,Benzene,11618,Arlington Works,516970.0,174380.0,Sharpes Recycle Oil Ltd,21,"Waste collection, treatment & disposal",1.524767,Tonnes,England,M
2021,22,Benzene,11666,Bournemouth,412760.0,94220.0,SRCL Ltd,21,"Waste collection, treatment & disposal",0.197444446640519,Tonnes,England,M
2021,22,Benzene,11685,Rhymney,310610.0,208342.0,Convatec Ltd,10,Chemical industry,0.0003119119664355,Tonnes,Wales,M
2021,22,Benzene,11687,Thornton-Cleveleys,334960.0,443450.0,Vinnolit Hillhouse Ltd,10,Chemical industry,0.02,Tonnes,England,M
2021,22,Benzene,11703,Newcastle Upon Tyne,426450.0,572170.0,Entek International Ltd,16,Electrical engineering,0.0895451549678513,Tonnes,England,M
2021,22,Benzene,11722,Hythe,445500.0,104300.0,Exxonmobil Chemical Ltd,10,Chemical industry,5.342,Tonnes,England,O
2021,22,Benzene,11726,Charing Cross Hospital,523600.0,177900.0,Imperial College Healthcare NHS Trust,24,Public administration,0.0457425940389142,Tonnes,England,M
2021,22,Benzene,11727,Hammersmith Hospital,522400.0,181200.0,Imperial College Healthcare NHS Trust,24,Public administration,0.0452518794880347,Tonnes,England,M
2021,22,Benzene,11728,Seal Sands Power Station,453278.0,524210.0,Rolls-Royce Power Development Ltd,26,Minor power producers,0.0331010860829814,Tonnes,England,M
2021,22,Benzene,11736,Melton Mowbray,475500.0,319100.0,Mars Petcare UK Ltd,5,"Food, drink & tobacco industry",0.0466836035128868,Tonnes,England,M
2021,22,Benzene,11737,Kings Mill Hospital,451500.0,359800.0,Skanska Rashleigh Weatherfoil Ltd,24,Public administration,0.0187123287220607,Tonnes,England,M
2021,22,Benzene,11739,Beckton STW,544400.0,182300.0,Thames Water Utilities Ltd,20,Water & sewerage,3.77860029784356,Tonnes,England,M
2021,22,Benzene,11741,Bridgwater,330723.0,139413.0,Gerber Juice Co Ltd,5,"Food, drink & tobacco industry",0.0440449564136662,Tonnes,England,M
2021,22,Benzene,11744,City General Hospital,385795.0,344997.0,University Hospital of North Staffordshire (NHS) Trust,24,Public administration,0.0531413427628449,Tonnes,England,M
2021,22,Benzene,11745,Saddlebow Paper Mill,561410.0,317180.0,Palm Paper Ltd,8,"Paper, printing & publishing industries",0.796337360796098,Tonnes,England,M
2021,22,Benzene,11746,Barrow Works,459400.0,316600.0,BPB United Kingdom Ltd,4,Other mineral industries,0.109819234904634,Tonnes,England,M
2021,22,Benzene,11747,Robertsbridge Gypsum Works,572400.0,119700.0,BPB United Kingdom Ltd,4,Other mineral industries,0.164271366446297,Tonnes,England,M
2021,22,Benzene,11748,Sherburn Gypsum Works,451000.0,434400.0,BPB United Kingdom Ltd,4,Other mineral industries,0.168966398648394,Tonnes,England,M
2021,22,Benzene,11749,Kirkby Thore Gypsum Works,364500.0,526700.0,BPB United Kingdom Ltd,4,Other mineral industries,0.162727304667572,Tonnes,England,M
2021,22,Benzene,11750,East Leake Gypsum Works,455503.0,328085.0,BPB United Kingdom Ltd,4,Other mineral industries,0.354139520720494,Tonnes,England,M
2021,22,Benzene,11751,Aston University Energy Centre,407500.0,287600.0,Birmingham District Energy Co,24,Public administration,0.0350535887043329,Tonnes,England,M
2021,22,Benzene,11755,Kings College Hospital,532587.0,176187.0,Dalkia Utility Services,24,Public administration,0.0866214227273733,Tonnes,England,M
2021,22,Benzene,11805,Brookhill Landfill Site,327819.0,364981.0,Ad Waste Ltd,21,"Waste collection, treatment & disposal",0.000747541,Tonnes,Wales,O
2021,22,Benzene,11806,Swansea Bay WWTW,268800.0,192900.0,Kelda Water Services (Wales) Ltd,20,Water & sewerage,0.000450974,Tonnes,Wales,O
2021,22,Benzene,11807,Porthmadog STW,257031.0,338840.0,United Utilities,20,Water & sewerage,8.45575e-05,Tonnes,Wales,O
2021,22,Benzene,11808,Penhesgyn Landfill,253858.0,374234.0,Isle of Anglesey County Council,21,"Waste collection, treatment & disposal",0.000747541,Tonnes,Wales,O
2021,22,Benzene,11809,Gowerton WWTW,268800.0,192900.0,Kelda Water Services (Wales) Ltd,20,Water & sewerage,0.000169115,Tonnes,Wales,O
2021,22,Benzene,11810,Ruthin WWTW,312104.0,359230.0,United Utilities,20,Water & sewerage,7.65044e-05,Tonnes,Wales,O
2021,22,Benzene,11811,Pound Bottom Landfill,421121.0,118121.0,Aurora Energy Ltd,21,"Waste collection, treatment & disposal",0.000437312,Tonnes,England,O
2021,22,Benzene,11812,Colsterworth Landfill,490560.0,324150.0,CLP Envirogas Ltd,21,"Waste collection, treatment & disposal",0.000796131,Tonnes,England,O
2021,22,Benzene,11813,Lean Power Plant - A,226300.0,60800.0,Viridor Waste Disposal Ltd,21,"Waste collection, treatment & disposal",0.000746794,Tonnes,England,O
2021,22,Benzene,11814,Todhills Landfill,420500.0,534500.0,CLP Envirogas Ltd,21,"Waste collection, treatment & disposal",0.000456,Tonnes,England,O
2021,22,Benzene,11815,Pyewipe WWTW,526154.0,410859.0,Anglian Water Services Ltd,20,Water & sewerage,0.001860266,Tonnes,England,O
2021,22,Benzene,11816,Masons Landfill,612273.0,250018.0,Viridor Waste Disposal Ltd,21,"Waste collection, treatment & disposal",0.001431915,Tonnes,England,O
2021,22,Benzene,11817,Lisbane Landfill,114519.0,502865.0,Quinn Environmental Ltd,21,"Waste collection, treatment & disposal",0.000388721,Tonnes,Northern Ireland,O
2021,22,Benzene,11818,Horton Landfill,520900.0,110700.0,Viridor Waste Disposal Ltd,21,"Waste collection, treatment & disposal",0.00072661,Tonnes,England,O
2021,22,Benzene,11819,Kings Lynn WWTW,560212.0,320761.0,Anglian Water Services Ltd,20,Water & sewerage,0.001676655,Tonnes,England,O
2021,22,Benzene,11820,Lundwood STW,437915.0,407038.0,Yorkshire Water Services Ltd,20,Water & sewerage,7.40885e-05,Tonnes,England,O
2021,22,Benzene,11821,Danes Moss Landfill,389639.0,371329.0,Gengas Ltd,21,"Waste collection, treatment & disposal",0.000719882,Tonnes,England,O
2021,22,Benzene,11822,Kingsbridge STW,273100.0,42900.0,South West Water Ltd,20,Water & sewerage,4.83186e-05,Tonnes,England,O
2021,22,Benzene,11823,Paulsgrove Landfill,463800.0,104700.0,Veolia Environmental Services Plc,21,"Waste collection, treatment & disposal",0.000718387,Tonnes,England,O
2021,22,Benzene,11824,Millbrook WTW,439028.0,112416.0,Southern Water,20,Water & sewerage,0.001563106,Tonnes,England,O
2021,22,Benzene,11825,Budds Farm WWTW,470996.0,105495.0,Southern Water,20,Water & sewerage,0.002154204,Tonnes,England,O
2021,22,Benzene,11826,Southport WWTW,337057.0,420623.0,United Utilities Water Plc,20,Water & sewerage,0.000485763,Tonnes,England,O
2021,22,Benzene,11827,Cowpen Bewley,448044.0,524738.0,ENER-G Natural Power Ltd,18,Major power producers,0.001376971,Tonnes,England,O
2021,22,Benzene,11828,Manywells Quarry,406500.0,435500.0,ENER-G Natural Power Ltd,21,"Waste collection, treatment & disposal",0.000769967,Tonnes,England,O
2021,22,Benzene,11829,Waterbeach Landfill,548200.0,267593.0,Andigestion,21,"Waste collection, treatment & disposal",0.001487308,Tonnes,England,O
2021,22,Benzene,11830,Lidsey Landfill Phase 2,493711.0,103589.0,Infinis (Re-Gen) Ltd,21,"Waste collection, treatment & disposal",0.000752026,Tonnes,England,O
2021,22,Benzene,11831,Hatton WWTW,358995.0,737293.0,United Utilities,20,Water & sewerage,0.00040346,Tonnes,Scotland,O
2021,22,Benzene,11832,Nether Dallachy Landfill,335600.0,863000.0,Renewable Power Systems,21,"Waste collection, treatment & disposal",0.000776695,Tonnes,Scotland,O
2021,22,Benzene,11833,Locharmoss Landfill,299153.0,581076.0,ENER-G Natural Power Ltd,21,"Waste collection, treatment & disposal",0.000284066,Tonnes,Scotland,O
2021,22,Benzene,11834,Levenseat Renewable Energy,293797.0,653315.0,Renewable Power Systems,21,"Waste collection, treatment & disposal",0.000680262,Tonnes,Scotland,O
2021,22,Benzene,11835,Newtown STW,311038.0,291871.0,Severn Trent Water Ltd,20,Water & sewerage,8.85841e-05,Tonnes,Wales,O
2021,22,Benzene,11837,Cardiff East WWTW,321100.0,176099.0,Kelda Water Services (Wales) Ltd,20,Water & sewerage,0.003249425,Tonnes,Wales,O
2021,22,Benzene,11838,Hafod Quarry Landfill,331326.0,346068.0,Cory Environmental (Central) Ltd,21,"Waste collection, treatment & disposal",0.001262597,Tonnes,Wales,O
2021,22,Benzene,11839,Afan WWTW,276477.0,189348.0,Kelda Water Services (Wales) Ltd,20,Water & sewerage,0.002385328,Tonnes,Wales,O
2021,22,Benzene,11840,Wyrley Landfill - A,401800.0,306700.0,Aurora Energy Ltd,21,"Waste collection, treatment & disposal",0.000624944,Tonnes,England,O
2021,22,Benzene,11841,Croft Farm Landfill,454570.0,409762.0,Veolia Environmental Services Plc,21,"Waste collection, treatment & disposal",0.001166164,Tonnes,England,O
2021,22,Benzene,11842,New Albion Landfill Site,430036.0,317578.0,Veolia Environmental Services Plc,22,Construction,0.002019109,Tonnes,England,O
2021,22,Benzene,11843,Walleys Landfill Site,383031.0,345757.0,Infinis Ltd,21,"Waste collection, treatment & disposal",0.001495082,Tonnes,England,O
2021,22,Benzene,11850,Water Hall Quarry,529804.0,209554.0,Water Hall (England) Ltd,21,"Waste collection, treatment & disposal",0.000231738,Tonnes,England,O
2021,22,Benzene,11853,Hazel Lane Landfill,449500.0,411500.0,Renewable Power Systems,21,"Waste collection, treatment & disposal",0.00154741,Tonnes,England,O
2021,22,Benzene,11856,Rigmuir,264651.0,652250.0,Viridor Waste Disposal Ltd,21,"Waste collection, treatment & disposal",0.00148985,Tonnes,Scotland,O
2021,22,Benzene,11859,Basildon STW,573500.0,187500.0,Anglian Water Services Ltd,20,Water & sewerage,0.000885841,Tonnes,England,O
2021,22,Benzene,11864,Finmere Landfill,462400.0,233200.0,Renewable Power Systems,21,"Waste collection, treatment & disposal",0.000590558,Tonnes,England,O
2021,22,Benzene,11866,New Crosby Landfill,490212.0,411501.0,Sita Holding UK Ltd,21,"Waste collection, treatment & disposal",0.001569837,Tonnes,England,O
2021,22,Benzene,11867,Bran Sands (RSTC Advanced Digestion) Facility,454540.0,523178.0,Northumbrian Water Ltd,20,Water & sewerage,0.003697177,Tonnes,England,O
2021,22,Benzene,11868,Corby Landfill,492247.0,288947.0,Sita Holding UK Ltd,21,"Waste collection, treatment & disposal",0.000287803,Tonnes,England,O
2021,22,Benzene,11869,Tullyvar Landfill,75679.0,516377.0,Renewable Power Systems,21,"Waste collection, treatment & disposal",0.000590558,Tonnes,Northern Ireland,O
2021,22,Benzene,11874,Aughnagun Landfill,123671.0,483523.0,Renewable Power Systems,21,"Waste collection, treatment & disposal",0.000541967,Tonnes,Northern Ireland,O
2021,22,Benzene,11877,Wood Lane Quarry,342251.0,332542.0,Renewable Power Systems,21,"Waste collection, treatment & disposal",0.000489639,Tonnes,England,O
2021,22,Benzene,11879,Path Head Landfill,417316.0,563440.0,Sita Holding UK Ltd,22,Construction,0.002291214,Tonnes,England,O
2021,22,Benzene,11883,Cliff Quay WWTW,617100.0,241900.0,Anglian Water Services Ltd,20,Water & sewerage,0.001872345,Tonnes,England,O
2021,22,Benzene,11884,Eye Landfill,523140.0,301811.0,Biffa Waste Services Ltd,21,"Waste collection, treatment & disposal",0.001163174,Tonnes,England,O
2021,22,Benzene,11885,Harmondsworth Landfill,506053.0,177805.0,Sita Holding UK Ltd,21,"Waste collection, treatment & disposal",0.000239213,Tonnes,England,O
2021,22,Benzene,11888,Trigon Landfill,390018.0,90219.0,Viridor Waste Disposal Ltd,21,"Waste collection, treatment & disposal",0.002419791,Tonnes,England,O
2021,22,Benzene,11891,Chertsey STW,501426.0,167237.0,Thames Water Utilities Ltd,20,Water & sewerage,0.000966372,Tonnes,England,O
2021,22,Benzene,11895,Low Lane Generation,402233.0,171090.0,Novera Energy Generation No2 Ltd,21,"Waste collection, treatment & disposal",0.000759502,Tonnes,England,O
2021,22,Benzene,11897,Blue Haze Landfill,412100.0,107190.0,Veolia Environmental Services Plc,21,"Waste collection, treatment & disposal",0.002919148,Tonnes,England,O
2021,22,Benzene,11899,Staple Quarry Landfill,481700.0,350300.0,Infinis Ltd,21,"Waste collection, treatment & disposal",0.000979279,Tonnes,England,O
2021,22,Benzene,11901,North Foreshore Landfill,147854.0,534212.0,Belfast City Council,21,"Waste collection, treatment & disposal",0.001644591,Tonnes,Northern Ireland,O
2021,22,Benzene,11904,Greatness Landfill,553338.0,157604.0,Cory Environmental (Central) Ltd,21,"Waste collection, treatment & disposal",0.00254762,Tonnes,England,O
2021,22,Benzene,11905,Rigby Landfill,358177.0,411554.0,Infinis Ltd,21,"Waste collection, treatment & disposal",0.000437312,Tonnes,England,O
2021,22,Benzene,11906,Aylesford WTW,572056.0,159382.0,Southern Water,20,Water & sewerage,0.000265752,Tonnes,England,O
2021,22,Benzene,11908,Ham Hill WTW,570634.0,160894.0,Southern Water,20,Water & sewerage,0.000265752,Tonnes,England,O
2021,22,Benzene,11909,Ashford WWTW,601723.0,143813.0,Southern Water,20,Water & sewerage,0.00152123,Tonnes,England,O
2021,22,Benzene,11910,Aycliffe Quarry,428450.0,521884.0,ENER-G Natural Power Ltd,21,"Waste collection, treatment & disposal",0.000343869,Tonnes,England,O
2021,22,Benzene,11912,Skibeden Landfill,401345.0,452758.0,ENER-G Natural Power Ltd,21,"Waste collection, treatment & disposal",0.000340281,Tonnes,England,O
2021,22,Benzene,11913,Bran Sands,454540.0,523178.0,ENER-G Natural Power Ltd,21,"Waste collection, treatment & disposal",0.000208115,Tonnes,England,O
2021,22,Benzene,11914,Cauklands Landfill,480600.0,482900.0,ENER-G Natural Power Ltd,21,"Waste collection, treatment & disposal",0.000194361,Tonnes,England,O
2021,22,Benzene,11915,Clayton Hall Landfill,357198.0,421010.0,ENER-G Natural Power Ltd,21,"Waste collection, treatment & disposal",0.000819305,Tonnes,England,O
2021,22,Benzene,11917,Lower Polmaise Landfill,282421.0,692145.0,Stirling Council Waste Services,21,"Waste collection, treatment & disposal",0.000429836,Tonnes,Scotland,O
2021,22,Benzene,11918,Hill of Tramaud Generating Station,395290.0,813494.0,Sita Holding UK Ltd,22,Construction,0.001012918,Tonnes,Scotland,O
2021,22,Benzene,11919,Easter Langlee,352000.0,636200.0,ENER-G Natural Power Ltd,21,"Waste collection, treatment & disposal",0.000568131,Tonnes,Scotland,O
2021,22,Benzene,11953,Peel Media City Energy Centre,380435.0,397583.0,Utilities Services (Mediacity UK) Ltd,23,Commercial,0.0306503130678845,Tonnes,England,M
2021,22,Benzene,11954,Partington Papermill,372814.0,392395.0,SAICA Containerboard UK Ltd,8,"Paper, printing & publishing industries",1.80071708839969,Tonnes,England,M
2021,22,Benzene,11957,Kings Yard CHP Energy Centre,537571.0,184555.0,Cofely East London Energy,24,Public administration,0.359801514792598,Tonnes,England,M
2021,22,Benzene,11958,Stratford CHP Energy Centre,538747.0,184829.0,Cofely East London Energy,24,Public administration,0.0912440469382215,Tonnes,England,M
2021,22,Benzene,11959,Warton Aerodrome,341505.0,428245.0,BAE Systems (Operations) Ltd,17,Vehicles,0.0245176382974788,Tonnes,England,M
2021,22,Benzene,11960,Samlesbury Aerodrome,362014.0,431449.0,BAE Systems (Operations) Ltd,17,Vehicles,0.0176628410784446,Tonnes,England,M
2021,22,Benzene,11966,Disley Mill,398000.0,385300.0,Disley Tissue Ltd,8,"Paper, printing & publishing industries",0.0503836627960159,Tonnes,England,M
2021,22,Benzene,11968,Coventry,429919.0,275840.0,The University of Warwick,24,Public administration,0.134462400144714,Tonnes,England,M
2021,22,Benzene,11970,Ellesmere Port Boiler House,339367.0,378256.0,Saica Pack UK Ltd,8,"Paper, printing & publishing industries",0.00909985206344524,Tonnes,England,M
2021,22,Benzene,11972,Nestle Halifax Boiler House,409720.0,424860.0,Cofely Ltd,5,"Food, drink & tobacco industry",0.00447373777370897,Tonnes,England,M
2021,22,Benzene,11979,Ince,346822.0,376222.0,GrowHow UK Ltd,10,Chemical industry,0.750793098798349,Tonnes,England,M
2021,22,Benzene,11982,Runcorn,351280.0,381110.0,Mexichem UK Ltd,10,Chemical industry,0.00395628778160544,Tonnes,England,M
2021,22,Benzene,11986,Staverton,385783.0,160943.0,Cereal Partners UK,5,"Food, drink & tobacco industry",0.0822453549794155,Tonnes,England,M
2021,22,Benzene,11987,Weybridge (Veterinary Laboratories Agency),504972.0,162634.0,DEFRA,24,Public administration,0.029488706490342,Tonnes,England,M
2021,22,Benzene,11989,Invergordon,271500.0,870000.0,Balcas Timber Ltd,7,Other industries,0.00254762,Tonnes,Scotland,O
2021,22,Benzene,12006,Horndean B Well Site,470500.0,112550.0,Star Energy Weald Basin Ltd,3,Oil & gas exploration and production,0.16,Tonnes,England,M
2021,22,Benzene,12008,Stalybridge,395360.0,398530.0,Total Petrochemicals UK Ltd,10,Chemical industry,8e-06,Tonnes,England,M
2021,22,Benzene,12011,Llanybydder,252680.0,244410.0,Dunbia (Wales) Ltd,5,"Food, drink & tobacco industry",0.00907015562105395,Tonnes,Wales,M
2021,22,Benzene,12015,Allensmore,346260.0,233720.0,Cargill Meats Europe Sun Valley Foods Ltd,5,"Food, drink & tobacco industry",0.0295223657288842,Tonnes,England,M
2021,22,Benzene,12077,Peterborough,521310.0,298610.0,Meadow Foods Ltd,5,"Food, drink & tobacco industry",0.00638067273791289,Tonnes,England,M
2021,22,Benzene,12099,Avonmouth,352490.0,180620.0,Augean Treatment Ltd,21,"Waste collection, treatment & disposal",0.02,Tonnes,England,M
2021,22,Benzene,12105,Teeside Polyethylene Plant,458000.0,522000.0,Sabic UK Petrochemicals Ltd,10,Chemical industry,0.048286095864583,Tonnes,England,M
2021,22,Benzene,12113,Leeds,432500.0,431500.0,SRCL Ltd,21,"Waste collection, treatment & disposal",0.33847164336165,Tonnes,England,M
2021,22,Benzene,12135,Wembley,520080.0,185720.0,Brent Oil Contractors Ltd,21,"Waste collection, treatment & disposal",0.4275,Tonnes,England,M
2021,22,Benzene,12138,Royal Oldham Hospital,391900.0,406000.0,SRCL Ltd,21,"Waste collection, treatment & disposal",0.195596789669697,Tonnes,England,M
2021,22,Benzene,12142,Farnworth,371760.0,406370.0,SRCL Ltd,21,"Waste collection, treatment & disposal",0.152941398567462,Tonnes,England,M
2021,22,Benzene,12144,Margam,279070.0,186190.0,Western Bioenergy Ltd,26,Minor power producers,0.00415454273725385,Tonnes,Wales,M
2021,22,Benzene,12159,Girvan,220123.0,600327.0,Nestle UK Ltd,5,"Food, drink & tobacco industry",0.0303990931994182,Tonnes,Scotland,M
2021,22,Benzene,12169,Newhaven EfW Plant,544500.0,102300.0,Veolia ES South Downs Ltd,21,"Waste collection, treatment & disposal",0.171010109116798,Tonnes,England,M
2021,22,Benzene,12170,Cramlington,423800.0,578300.0,Aesica Pharmaceuticals Ltd,10,Chemical industry,0.006,Tonnes,England,M
2021,22,Benzene,12184,New Haw,504990.0,162680.0,DEFRA,21,"Waste collection, treatment & disposal",0.0338630924134997,Tonnes,England,M
2021,22,Benzene,12186,Bishops Stortford,550000.0,219030.0,Thames Water Utilities Ltd,20,Water & sewerage,0.000269779,Tonnes,England,O
2021,22,Benzene,12187,Cottonmount Landfill,141222.0,539234.0,Biffa Waste Services Ltd,21,"Waste collection, treatment & disposal",0.002325601,Tonnes,Northern Ireland,O
2021,22,Benzene,12188,Esholt STW CHP,418750.0,439550.0,Yorkshire Water Services Ltd,20,Water & sewerage,0.003354921,Tonnes,England,O
2021,22,Benzene,12189,Goole WWTW CHP,473735.0,424815.0,Yorkshire Water Services Ltd,20,Water & sewerage,7.40885e-05,Tonnes,England,O
2021,22,Benzene,12190,Nanstallon STW,204900.0,66900.0,South West Water Ltd,20,Water & sewerage,8.45575e-05,Tonnes,England,O
2021,22,Benzene,12191,Bridlington CHP,516187.0,465224.0,Yorkshire Water Services Ltd,20,Water & sewerage,0.000144956,Tonnes,England,O
2021,22,Benzene,12192,Hull WWTW CHPs,516389.0,428922.0,Yorkshire Water Services Ltd,20,Water & sewerage,0.001130655,Tonnes,England,O
2021,22,Benzene,12193,Rawcliffe York WWTW Microturbine CHP,458508.0,454299.0,Yorkshire Water Services Ltd,20,Water & sewerage,7.40885e-05,Tonnes,England,O
2021,22,Benzene,12194,Elsenham Landfill,554443.0,227021.0,Viridor Waste Disposal Ltd,21,"Waste collection, treatment & disposal",0.000346112,Tonnes,England,O
2021,22,Benzene,12195,Malton Microturbine CHP,477400.0,470600.0,Yorkshire Water Services Ltd,20,Water & sewerage,7.40885e-05,Tonnes,England,O
2021,22,Benzene,12196,Allan Fearn CHP,271300.0,847300.0,United Utililities Operational Services (Highland),20,Water & sewerage,0.000275416,Tonnes,Scotland,O
2021,22,Benzene,12197,Harewood Whin extension,453892.0,451595.0,ENER-G Natural Power Ltd,21,"Waste collection, treatment & disposal",0.002733011,Tonnes,England,O
2021,22,Benzene,12198,Judkins/Tuttle Hill Landfill,435263.0,292524.0,Infinis Ltd,21,"Waste collection, treatment & disposal",0.000859672,Tonnes,England,O
2021,22,Benzene,12199,Warmwell Landfill,375607.0,88219.0,Viridor Waste Disposal Ltd,21,"Waste collection, treatment & disposal",0.000336394,Tonnes,England,O
2021,22,Benzene,12202,Candles Coalmoor Landfill,366300.0,307300.0,Infinis (Re-Gen) Ltd,21,"Waste collection, treatment & disposal",0.000716144,Tonnes,England,O
2021,22,Benzene,12212,Prescot,343030.0,396680.0,Contract Chemicals (Knowsley) Ltd,10,Chemical industry,0.00685,Tonnes,England,M
2021,22,Benzene,12233,Belvedere,549690.0,180670.0,Riverside Resource Recovery Ltd,21,"Waste collection, treatment & disposal",0.587087215382466,Tonnes,England,M
2021,22,Benzene,12239,Acton,588310.0,245880.0,Prosynth Ltd,10,Chemical industry,0.2,Tonnes,England,M
2021,22,Benzene,12250,Margate,636080.0,168940.0,Thor Group Ltd,10,Chemical industry,0.2,Tonnes,England,M
2021,22,Benzene,12267,Teesport,455700.0,523200.0,Kemira Teesport Ltd,10,Chemical industry,0.2,Tonnes,England,M
2021,22,Benzene,12277,Ebbw Vale,315300.0,210450.0,Continental Teves UK Ltd,17,Vehicles,0.000465238295921531,Tonnes,Wales,M
2021,22,Benzene,12282,Kiveton,446710.0,383330.0,Hazlewood Convenience Group 1,5,"Food, drink & tobacco industry",0.0440566568107511,Tonnes,England,M
2021,22,Benzene,12330,Dalton Airfield,441760.0,475290.0,Wagg Foods Ltd,5,"Food, drink & tobacco industry",0.0516564301106055,Tonnes,England,M
2021,22,Benzene,12362,Halesowen,396150.0,284840.0,Midland Oil Refinery Ltd,9,Processing & distribution of petroleum products,0.2,Tonnes,England,M
2021,22,Benzene,12367,Bracknell,485540.0,169230.0,Daler-Rowney  Ltd,10,Chemical industry,0.00198555862614396,Tonnes,England,M
2021,22,Benzene,12387,Hull,510730.0,432310.0,Greencore Grocery,5,"Food, drink & tobacco industry",0.0440566568107511,Tonnes,England,M
2021,22,Benzene,12421,Bramley,423200.0,434510.0,Britvic Soft Drinks Ltd,5,"Food, drink & tobacco industry",0.0175169267479547,Tonnes,England,M
2021,22,Benzene,12431,North Shields,434400.0,567000.0,Solvent Resource Management Ltd,21,"Waste collection, treatment & disposal",0.017,Tonnes,England,M
2021,22,Benzene,12446,Stewartby,501330.0,242860.0,Veolia ES (UK) Ltd,21,"Waste collection, treatment & disposal",0.199975913552192,Tonnes,England,O
2021,22,Benzene,12475,Redhill,528710.0,151840.0,Enlightened Lamp Recycling Ltd,21,"Waste collection, treatment & disposal",0.0631287835441251,Tonnes,England,M
2021,22,Benzene,12476,Ilkeston,447510.0,339460.0,Castle Waste Sevices,21,"Waste collection, treatment & disposal",0.199975913552192,Tonnes,England,O
2021,22,Benzene,12484,Hartlepool,451440.0,528060.0,Veolia ES (UK) Ltd,21,"Waste collection, treatment & disposal",0.2,Tonnes,England,M
2021,22,Benzene,12485,Leeds,432560.0,431600.0,Waste Recycling Group (Yorkshire) Ltd,21,"Waste collection, treatment & disposal",0.199975913552192,Tonnes,England,O
2021,22,Benzene,12493,Newton Aycliffe,427200.0,524100.0,Lucite International UK Ltd,10,Chemical industry,0.0185302298546017,Tonnes,England,M
2021,22,Benzene,12510,Llansantffraid,322100.0,320250.0,Wynnstay Group Plc,5,"Food, drink & tobacco industry",0.019335092106546,Tonnes,Wales,M
2021,22,Benzene,12518,Ecclesfield,436270.0,394130.0,Waste Recycling Group (Yorkshire) Ltd,21,"Waste collection, treatment & disposal",0.199975913552192,Tonnes,England,O
2021,22,Benzene,12521,Bacup,388040.0,421570.0,Lancashire Sock Manufacturing Co,7,Other industries,0.02,Tonnes,England,M
2021,22,Benzene,12537,Stoke-On-Trent,389390.0,343920.0,Prince Minerals Ltd,4,Other mineral industries,0.000538989139422727,Tonnes,England,M
2021,22,Benzene,12543,Trafford Park,377400.0,397600.0,Collier Industrial Waste Ltd,21,"Waste collection, treatment & disposal",0.199975913552192,Tonnes,England,O
2021,22,Benzene,12556,Corby,488410.0,290890.0,Ball & Young Ltd,6,"Textiles, clothing, leather & footwear",0.02,Tonnes,England,M
2021,22,Benzene,12588,Kingston,490280.0,238590.0,Goldschmidt UK Ltd,10,Chemical industry,0.00163273970140643,Tonnes,England,M
2021,22,Benzene,12589,Cottenham,546050.0,269060.0,Malary Ltd,21,"Waste collection, treatment & disposal",0.2,Tonnes,England,M
2021,22,Benzene,12594,Blackburn,370654.0,429266.0,Electricity North West Ltd,21,"Waste collection, treatment & disposal",0.2,Tonnes,England,M
2021,22,Benzene,12620,Bootle,333440.0,395410.0,Oil Salvage Ltd,21,"Waste collection, treatment & disposal",0.2,Tonnes,England,M
2021,22,Benzene,12627,Billingham,447200.0,521800.0,Rapier Energy Ltd,21,"Waste collection, treatment & disposal",0.2,Tonnes,England,M
2021,22,Benzene,12629,Sheffield,434810.0,388900.0,Frogson Waste Management Ltd,21,"Waste collection, treatment & disposal",0.199975913552192,Tonnes,England,O
2021,22,Benzene,12639,Middlesbrough,452600.0,519900.0,Recyc-Oil Ltd,21,"Waste collection, treatment & disposal",0.2,Tonnes,England,M
2021,22,Benzene,12646,Saltash,241360.0,60340.0,Cleansing Services Group Ltd,21,"Waste collection, treatment & disposal",0.2,Tonnes,England,M
2021,22,Benzene,12647,Canvey Island,577850.0,182090.0,Oikos Storage Ltd,21,"Waste collection, treatment & disposal",0.2,Tonnes,England,M
2021,22,Benzene,12655,Port Sunlight,333700.0,385470.0,Unilever UK Ltd,10,Chemical industry,0.2,Tonnes,England,M
2021,22,Benzene,12676,Easton,360000.0,173800.0,Cleansing Service Group Ltd,21,"Waste collection, treatment & disposal",0.2,Tonnes,England,M
2021,22,Benzene,12681,Oldham,339280.0,404020.0,Park Cakes Ltd,5,"Food, drink & tobacco industry",0.0352981934367736,Tonnes,England,M
2021,22,Benzene,12700,Rainham,551200.0,181420.0,Adler & Allan,21,"Waste collection, treatment & disposal",0.2,Tonnes,England,M
2021,22,Benzene,12730,Southampton,439720.0,111210.0,Veolia ES (UK) Ltd,21,"Waste collection, treatment & disposal",1.033,Tonnes,England,M
2021,22,Benzene,12733,Coventry,435790.0,286010.0,Cleansing Service Group Ltd,21,"Waste collection, treatment & disposal",0.2,Tonnes,England,M
2021,22,Benzene,12735,Southampton,450000.0,113300.0,Cleansing Service Group Ltd,21,"Waste collection, treatment & disposal",0.2,Tonnes,England,M
2021,22,Benzene,12739,Cradley Heath,396170.0,285940.0,MTB (Midlands) Ltd,21,"Waste collection, treatment & disposal",0.2,Tonnes,England,M
2021,22,Benzene,12740,Birmingham,409890.0,287170.0,Akzo Nobel Packaging Coatings Ltd,10,Chemical industry,0.02,Tonnes,England,M
2021,22,Benzene,12741,Aylesford,572000.0,157300.0,Cleansing Service Group Ltd,21,"Waste collection, treatment & disposal",0.2,Tonnes,England,M
2021,22,Benzene,12760,Liverpool,343780.0,398870.0,Future Industrial Services Ltd,21,"Waste collection, treatment & disposal",0.2,Tonnes,England,M
2021,22,Benzene,12764,Materley Farm,453940.0,128380.0,Star Energy Oil UK Ltd,3,Oil & gas exploration and production,0.2,Tonnes,England,M
2021,22,Benzene,12809,Holybourne Oil Terminal,474190.0,141310.0,Star Energy Weald Basin Ltd,3,Oil & gas exploration and production,0.02,Tonnes,England,M
2021,22,Benzene,12819,Port Clarence,451900.0,521950.0,Augean North Ltd,21,"Waste collection, treatment & disposal",0.000747541,Tonnes,England,O
2021,22,Benzene,12870,Kilnhurst,445780.0,397050.0,Rotherham Waste Oils Ltd,21,"Waste collection, treatment & disposal",0.2,Tonnes,England,M
2021,22,Benzene,12898,Alba Northern,581669.0,913041.0,ChevronTex,3,Oil & gas exploration and production,0.446233800000001,Tonnes,Offshore,O
2021,22,Benzene,12903,Andrew,601124.0,911605.0,BP,3,Oil & gas exploration and production,0.485858100000001,Tonnes,Offshore,O
2021,22,Benzene,12905,Arbroath,604961.0,837268.0,Talisman Energy UK Ltd,3,Oil & gas exploration and production,0.142819200000001,Tonnes,Offshore,O
2021,22,Benzene,12907,Armada,628260.0,898770.0,BG Plc,3,Oil & gas exploration and production,0.0813905,Tonnes,Offshore,O
2021,22,Benzene,12909,Auk,648564.0,731728.0,Shell UK Exploration & Production,3,Oil & gas exploration and production,2.927750847216,Tonnes,Offshore,O
2021,22,Benzene,12917,Triton FPSO,569340.0,814189.0,Amerada Hess Ltd,3,Oil & gas exploration and production,2.1776247,Tonnes,Offshore,O
2021,22,Benzene,12919,Bleo Holm FPSO,437031.0,912129.0,Talisman Energy (UK) Ltd,3,Oil & gas exploration and production,0.302768100000001,Tonnes,Offshore,O
2021,22,Benzene,12926,Brent C,599054.0,1251845.0,Shell UK Exploration & Production,3,Oil & gas exploration and production,0.0977184000000004,Tonnes,Offshore,O
2021,22,Benzene,12929,Britannia,567631.0,913885.0,Britannia Operator Ltd,3,Oil & gas exploration and production,0.445996800000002,Tonnes,Offshore,O
2021,22,Benzene,12932,Buzzard,460822.0,879896.0,NEXEN,3,Oil & gas exploration and production,0.752803500000002,Tonnes,Offshore,O
2021,22,Benzene,12937,Hummingbird FPSO,591286.0,900647.0,Venture,3,Oil & gas exploration and production,0.6633615,Tonnes,Offshore,O
2021,22,Benzene,12939,Clair,369869.0,1200255.0,BP Exploration Operating Co Ltd,3,Oil & gas exploration and production,0.1235673,Tonnes,Offshore,O
2021,22,Benzene,12940,Claymore,501003.0,951255.0,Talisman Energy (UK) Ltd,3,Oil & gas exploration and production,0.919068600000001,Tonnes,Offshore,O
2021,22,Benzene,12942,Clyde,664594.0,738180.0,Talisman Energy (UK) Ltd,3,Oil & gas exploration and production,3.5770623,Tonnes,Offshore,O
2021,22,Benzene,12945,Cormorant North,569913.0,1263273.0,TAQA Bratani Ltd,3,Oil & gas exploration and production,0.397461300000001,Tonnes,Offshore,O
2021,22,Benzene,12953,Dunbar,601414.0,1191331.0,TotalFinaElf,3,Oil & gas exploration and production,0.1148616,Tonnes,Offshore,O
2021,22,Benzene,12957,Elgin PUQ,633227.0,797779.0,Total,3,Oil & gas exploration and production,7.7555467,Tonnes,Offshore,O
2021,22,Benzene,12960,Marnock ETAP,622972.0,828506.0,BP Exploration Operating Co Ltd,3,Oil & gas exploration and production,0.396252900000001,Tonnes,Offshore,O
2021,22,Benzene,12965,Foinaven FPSO,270753.0,1159708.0,BP Exploration Operating Co Ltd,3,Oil & gas exploration and production,0.2497041,Tonnes,Offshore,O
2021,22,Benzene,12966,Forties Alpha,577220.0,875092.0,Apache,3,Oil & gas exploration and production,0.348654900000001,Tonnes,Offshore,O
2021,22,Benzene,12968,Forties Charlie,577220.0,875092.0,Apache,3,Oil & gas exploration and production,0.613665900000001,Tonnes,Offshore,O
2021,22,Benzene,12969,Forties Delta,577220.0,875092.0,Apache,3,Oil & gas exploration and production,0.4749537,Tonnes,Offshore,O
2021,22,Benzene,12975,Gannet,581743.0,813582.0,Shell UK Exploration & Production,3,Oil & gas exploration and production,7.0580646,Tonnes,Offshore,O
2021,22,Benzene,12978,Gryphon,601322.0,1057469.0,Maersk Oil North Sea (UK) Ltd,3,Oil & gas exploration and production,0.0363312000000001,Tonnes,Offshore,O
2021,22,Benzene,12980,Pierce FPSO,657858.0,814198.0,Shell UK Exploration & Production,3,Oil & gas exploration and production,1.3847319,Tonnes,Offshore,O
2021,22,Benzene,12981,Halley,663629.0,745793.0,Shell UK Exploration & Production,3,Oil & gas exploration and production,0.572221500000001,Tonnes,Offshore,O
2021,22,Benzene,12982,Harding,600787.0,1049951.0,BP Exploration Operating Co Ltd,3,Oil & gas exploration and production,0.219548400000001,Tonnes,Offshore,O
2021,22,Benzene,12983,Heather,559290.0,1233704.0,Lundin,3,Oil & gas exploration and production,8.68190400000004e-06,Tonnes,Offshore,O
2021,22,Benzene,12989,Inde,700843.0,398028.0,Perenco UK Ltd,3,Oil & gas exploration and production,1.1203458,Tonnes,Offshore,O
2021,22,Benzene,12991,Jade,659563.0,781213.0,ConocoPhillips,3,Oil & gas exploration and production,0.0101283,Tonnes,Offshore,O
2021,22,Benzene,12993,Judy,666531.0,764404.0,ConocoPhillips,3,Oil & gas exploration and production,0.2377779,Tonnes,Offshore,O
2021,22,Benzene,13000,Leman,676609.0,362507.0,Shell UK Exploration & Production,3,Oil & gas exploration and production,1.3453421,Tonnes,Offshore,O
2021,22,Benzene,13006,Mallard,566831.0,839843.0,Shell UK Exploration & Production,3,Oil & gas exploration and production,0.7870497,Tonnes,Offshore,O
2021,22,Benzene,13013,Montrose,604461.0,845774.0,Talisman Energy UK Ltd,3,Oil & gas exploration and production,0.410721000000001,Tonnes,Offshore,O
2021,22,Benzene,13014,South Morecambe,292622.0,441679.0,Hydrocarbon Resources Ltd,3,Oil & gas exploration and production,0.2035982,Tonnes,Offshore,O
2021,22,Benzene,13017,Nelson,586815.0,868247.0,Shell UK Exploration & Production,3,Oil & gas exploration and production,1.8755577,Tonnes,Offshore,O
2021,22,Benzene,13020,Ninian Central,587999.0,1224785.0,CNR International UK Ltd,3,Oil & gas exploration and production,0.710503200000001,Tonnes,Offshore,O
2021,22,Benzene,13022,Ninian Southern,587999.0,1224785.0,CNR International UK Ltd,3,Oil & gas exploration and production,1.7784078,Tonnes,Offshore,O
2021,22,Benzene,13025,Otter,557640.0,1296760.0,Shell UK Exploration & Production,3,Oil & gas exploration and production,1.2415248e-06,Tonnes,Offshore,O
2021,22,Benzene,13026,Pelican,568921.0,1243023.0,Shell UK Exploration & Production,3,Oil & gas exploration and production,1.9918068,Tonnes,Offshore,O
2021,22,Benzene,13029,Piper Bravo,532587.0,954529.0,Talisman Energy UK Ltd,3,Oil & gas exploration and production,1.5473418,Tonnes,Offshore,O
2021,22,Benzene,13030,Ravenspurn North,591795.0,464270.0,BP Exploration Operating Co Ltd,3,Oil & gas exploration and production,0.10114,Tonnes,Offshore,O
2021,22,Benzene,13032,Rough,561600.0,439689.0,Centrica Storage Ltd,3,Oil & gas exploration and production,0.262573906,Tonnes,Offshore,O
2021,22,Benzene,13037,Scott,530928.0,932806.0,Nexen,3,Oil & gas exploration and production,11.2523388,Tonnes,Offshore,O
2021,22,Benzene,13039,Shearwater,639012.0,799944.0,Shell UK Exploration & Production,3,Oil & gas exploration and production,34.5627097,Tonnes,Offshore,O
2021,22,Benzene,13042,Tartan,523753.0,941730.0,Talisman Energy UK Ltd,3,Oil & gas exploration and production,0.4170411,Tonnes,Offshore,O
2021,22,Benzene,13043,Tern,555679.0,1269732.0,Taqa Bratani Ltd,3,Oil & gas exploration and production,0.864672900000001,Tonnes,Offshore,O
2021,22,Benzene,13045,Thistle,591695.0,1280757.0,Lundin,3,Oil & gas exploration and production,8.68190400000004e-06,Tonnes,Offshore,O
2021,22,Benzene,13046,Tiffany,590824.0,959968.0,CNR International (UK) Ltd,3,Oil & gas exploration and production,0.402655500000001,Tonnes,Offshore,O
2021,22,Benzene,13050,Silvertown,542250.0,180250.0,T&L Sugars Ltd,5,"Food, drink & tobacco industry",0.379207975956986,Tonnes,England,M
2021,22,Benzene,13051,London,529500.0,182200.0,University College London,24,Public administration,0.00660044188078168,Tonnes,England,M
2021,22,Benzene,13052,Pindersfields Hospital,434076.0,422118.0,Balfour Beatty Workplace,24,Public administration,0.0139722776194008,Tonnes,England,M
2021,22,Benzene,13053,Runcton,488960.0,102180.0,Vitacress Herbs Ltd,1,"Agriculture, forestry & fishing",0.0369708083336363,Tonnes,England,M
2021,22,Benzene,13055,Allesley,430440.0,281950.0,Lawrence Automotive Interiors (VMC) Ltd,17,Vehicles,0.0348030186425493,Tonnes,England,M
2021,22,Benzene,13059,"40 Bank Street, Canary Wharf",537568.0,180041.0,Canary Wharf Group plc,22,Construction,0.000117754720437089,Tonnes,England,M
2021,22,Benzene,13063,Portsmouth Naval Base,463600.0,100800.0,BAE Systems Surface Ships Ltd,23,Commercial,0.184509369414635,Tonnes,England,M
2021,22,Benzene,13064,Bacton,633080.0,334420.0,Perenco UK Ltd,3,Oil & gas exploration and production,1.14189267636,Tonnes,England,O
2021,22,Benzene,13067,Bournville,404820.0,281020.0,Kraft Foods UK Ltd,5,"Food, drink & tobacco industry",0.041468837459118,Tonnes,England,M
2021,22,Benzene,13069,Marlbrook,351250.0,253650.0,Kraft Foods UK Ltd,5,"Food, drink & tobacco industry",0.0489731356452821,Tonnes,England,M
2021,22,Benzene,13070,Sheffield,433900.0,390100.0,Kraft Foods UK Ltd,5,"Food, drink & tobacco industry",0.0489735596006947,Tonnes,England,M
2021,22,Benzene,13073,Larbert,284971.0,682968.0,Serco Ltd,7,Other industries,0.0183410499179843,Tonnes,Scotland,M
2021,22,Benzene,13087,Colnbrook,503800.0,177300.0,Lakeside Energy From Waste Ltd,21,"Waste collection, treatment & disposal",0.295562105151591,Tonnes,England,M
2021,22,Benzene,13135,Wilton Teraphalic Acid/Melinar Plant,457300.0,521270.0,Lotte Chemical UK Ltd,10,Chemical industry,0.105909339290353,Tonnes,England,M
2021,22,Benzene,13178,Wilton Bioethanol Plant,456950.0,520550.0,Ensus Ltd,10,Chemical industry,0.488,Tonnes,England,M
2021,22,Benzene,13183,Lancing,517400.0,103900.0,Enviropower Ltd,21,"Waste collection, treatment & disposal",0.0502314828460375,Tonnes,England,M
2021,22,Benzene,13206,Cookstown,94628.0,538005.0,Vion Food Group Ltd,5,"Food, drink & tobacco industry",0.0362718514265122,Tonnes,Northern Ireland,M
2021,22,Benzene,13229,Cambuslang,264100.0,661850.0,Norit (UK) Ltd,10,Chemical industry,0.0590118211351308,Tonnes,Scotland,M
2021,22,Benzene,13257,Leslie,324821.0,701355.0,Fourstones Paper Mill Co Ltd,8,"Paper, printing & publishing industries",0.0813476126840774,Tonnes,Scotland,M
2021,22,Benzene,13258,Wisbech,546464.0,310185.0,Princes Ltd,5,"Food, drink & tobacco industry",0.0541656665147423,Tonnes,England,M
2021,22,Benzene,13259,Cullompton,303100.0,108200.0,Higher Kings Mill Ltd,8,"Paper, printing & publishing industries",0.0268429815971785,Tonnes,England,M
2021,22,Benzene,13260,Humbly Grove,469200.0,144300.0,Star Energy Ltd,3,Oil & gas exploration and production,0.0103411894545477,Tonnes,England,M
2021,22,Benzene,13262,Knockmore Hill,134583.0,519964.0,Contourglobal Solutions (NI) Ltd,5,"Food, drink & tobacco industry",0.073948159091058,Tonnes,Northern Ireland,M
2021,22,Benzene,13263,Long Sutton,545090.0,322320.0,Princes Ltd,5,"Food, drink & tobacco industry",0.066242815741472,Tonnes,England,M
2021,22,Benzene,13265,Ditton,349146.0,384143.0,Croda Europe Ltd,10,Chemical industry,0.0125069759962751,Tonnes,England,M
2021,22,Benzene,13266,Hull,509400.0,431700.0,Croda Europe Ltd,10,Chemical industry,0.0758528483671653,Tonnes,England,M
2021,22,Benzene,13286,Ipswich Terminal,617060.0,243010.0,Ecooil Ltd,21,"Waste collection, treatment & disposal",0.2,Tonnes,England,M
2021,22,Benzene,13293,Stanlow Manufacturing Complex,344190.0,375060.0,Essar Oil UK Ltd,9,Processing & distribution of petroleum products,39.24935092,Tonnes,England,M
2021,22,Benzene,13360,Hythe,443600.0,106050.0,Geo Specialty Chemicals UK Ltd,10,Chemical industry,0.03425,Tonnes,England,M
2021,22,Benzene,13395,Tranmere Oil Terminal,333160.0,387100.0,Essar Oil UK Ltd,9,Processing & distribution of petroleum products,0.028,Tonnes,England,M
2021,22,Benzene,13414,Grangemouth,294889.0,680630.0,INEOS Chemicals Grangemouth Ltd,10,Chemical industry,23.338,Tonnes,Scotland,O
2021,22,Benzene,13426,Wingate Platform,700509.0,501067.0,Wintershall,3,Oil & gas exploration and production,0.0050884,Tonnes,Offshore,O
2021,22,Benzene,13427,Five Fords WWTW CHP,336500.0,348500.0,Dwr Cymru Welsh Water,20,Water & sewerage,0.000942213,Tonnes,Wales,O
2021,22,Benzene,13428,Highfields South Landfill Gas,404500.0,302500.0,Cory Environmental (Central) Ltd,21,"Waste collection, treatment & disposal",0.000465905,Tonnes,England,O
2021,22,Benzene,13433,Great Coates,522237.0,408540.0,Cofely Industrial Energy Services Ltd,10,Chemical industry,0.388651184412702,Tonnes,England,M
2021,22,Benzene,13435,Lancaster,348387.0,463261.0,Lancaster Tissue Ltd,8,"Paper, printing & publishing industries",0.0194005702846823,Tonnes,England,M
2021,22,Benzene,13437,Histon,543771.0,262981.0,Histon Sweet Spreads Ltd,5,"Food, drink & tobacco industry",0.0442682103951946,Tonnes,England,M
2021,22,Benzene,13441,Riverside STW,551749.0,182195.0,Thames Water Utilities Ltd,20,Water & sewerage,0.0217778784792383,Tonnes,England,M
2021,22,Benzene,13442,Selby,462515.0,431817.0,Sedalcol UK Ltd,10,Chemical industry,0.291872628314294,Tonnes,England,M
2021,22,Benzene,13443,East Grinstead,537293.0,139207.0,Goldman Sachs International,23,Commercial,0.000172555209804338,Tonnes,England,M
2021,22,Benzene,13444,University Hospital,437942.0,280527.0,Warwickshire NHS Trust,24,Public administration,0.0501959157078381,Tonnes,England,M
2021,22,Benzene,13445,Heald Green,383793.0,384885.0,UK Power Reserve Ltd,26,Minor power producers,0.0251083957175067,Tonnes,England,M
2021,22,Benzene,13446,Simpson Clough Paper Mill,385260.0,412110.0,Union Papertech Ltd,8,"Paper, printing & publishing industries",0.0203256734599267,Tonnes,England,M
2021,22,Benzene,13450,Walsall Manor Hospital,400152.0,298264.0,Skanska Rashleigh Weatherfoil Ltd,24,Public administration,0.0232907283815156,Tonnes,England,M
2021,22,Benzene,13451,Norwich,620521.0,310256.0,Briar Chemicals Ltd,10,Chemical industry,0.0606278401919975,Tonnes,England,M
2021,22,Benzene,13456,West Smithfield,531869.0,181492.0,Skanska Rashleigh Weatherfoil Ltd,24,Public administration,0.0362170625044345,Tonnes,England,M
2021,22,Benzene,13457,The University of Leicester,459412.0,303044.0,Leicester District Energy Company Ltd,24,Public administration,0.0838165359914335,Tonnes,England,M
2021,22,Benzene,13462,Lister Hospital,523056.0,226590.0,East & North Herts NHS Trust,24,Public administration,0.0385519528094402,Tonnes,England,M
2021,22,Benzene,13463,Isleworth,516226.0,177804.0,British Sky Broadcasting Group plc,23,Commercial,0.0097249815160002,Tonnes,England,M
2021,22,Benzene,13464,Glasgow,259802.0,663949.0,Chivas Brothers Ltd,5,"Food, drink & tobacco industry",0.0859956114002594,Tonnes,Scotland,M
2021,22,Benzene,13531,Yatton,341850.0,166070.0,Smart Systems Ltd,7,Other industries,0.0334522195164032,Tonnes,England,M
2021,22,Benzene,13554,Dimlington Terminal,539770.0,420260.0,Perenco UK Ltd,3,Oil & gas exploration and production,0.0274627300000001,Tonnes,England,O
2021,22,Benzene,13579,Deeside Industrial Park,331790.0,371520.0,Farmers Boy (Deeside) Ltd,5,"Food, drink & tobacco industry",0.00939144739070577,Tonnes,Wales,M
2021,22,Benzene,13592,Pilkington Sullivan Site,352900.0,385400.0,Saffil Ltd,10,Chemical industry,0.0440566568107511,Tonnes,England,M
2021,22,Benzene,13605,Kimmeridge Wellsite,390450.0,79300.0,Perenco UK Ltd,3,Oil & gas exploration and production,0.1144,Tonnes,England,M
2021,22,Benzene,13613,Wenlock Platform,683601.0,419061.0,ATP Oil & Gas (UK) Ltd,3,Oil & gas exploration and production,0.0008904,Tonnes,Offshore,O
2021,22,Benzene,13614,York NUI,681790.0,562426.0,Centrica Resources Ltd,3,Oil & gas exploration and production,0.0005565,Tonnes,Offshore,O
2021,22,Benzene,13620,Belfast WWTW,147725.0,532762.0,Veolia Water Outsourcing Ltd,20,Water & sewerage,0.00885418204994024,Tonnes,Northern Ireland,M
2021,22,Benzene,13621,Lisahally,63657.0,582917.0,Foyle Food Group Ltd,5,"Food, drink & tobacco industry",0.0434409727000526,Tonnes,Northern Ireland,M
2021,22,Benzene,13622,Livingston,305550.0,669656.0,Wyman Gordon Ltd,13,Iron & steel industries,0.0376802115682148,Tonnes,Scotland,M
2021,22,Benzene,13623,Newbridge,312900.0,672100.0,Lafarge Tarmac Trading Ltd,4,Other mineral industries,0.0190950084347706,Tonnes,Scotland,M
2021,22,Benzene,13624,Rothes,327800.0,849700.0,The Combination Of Rothes Distillers Ltd,5,"Food, drink & tobacco industry",0.0267584713638618,Tonnes,Scotland,M
2021,22,Benzene,13626,Dumfries,300400.0,575500.0,Dundas Chemical Company (Mosspark) Ltd,5,"Food, drink & tobacco industry",0.0660932733893996,Tonnes,Scotland,M
2021,22,Benzene,13629,Morayhill,275045.0,849103.0,Norbord Europe Ltd,7,Other industries,13.6352481049146,Tonnes,Scotland,M
2021,22,Benzene,13630,Glenlossie Distillery,321260.0,857240.0,Diageo Scotland Ltd,5,"Food, drink & tobacco industry",0.0325771311954722,Tonnes,Scotland,M
2021,22,Benzene,13633,Motherwell,279900.0,659900.0,Dundas Chemical Company (Mosspark) Ltd,5,"Food, drink & tobacco industry",0.0371664615914694,Tonnes,Scotland,M
2021,22,Benzene,13634,South Glasgow Hospitals,253350.0,665670.0,Greater Glasgow & Clyde NHS Health Board,24,Public administration,0.0847575196246445,Tonnes,Scotland,M
2021,22,Benzene,13635,Caldercruix,285300.0,666500.0,Lafarge Tarmac Trading Ltd,4,Other mineral industries,0.0213589359481599,Tonnes,Scotland,M
2021,22,Benzene,13639,"RDC1/RDC2, Bournemouth",410270.0,91988.0,J P Morgan Chase Bank,23,Commercial,5.90316906873526e-05,Tonnes,England,M
2021,22,Benzene,13641,Dudley Site,393010.0,288320.0,Acenta Steel Ltd,13,Iron & steel industries,0.0118536454938235,Tonnes,England,M
2021,22,Benzene,13642,Bridgnorth,372600.0,292300.0,Bridgnorth Aluminium Ltd,14,Non-ferrous metal industries,0.130191160642565,Tonnes,England,M
2021,22,Benzene,13645,Corby Tubeworks,490860.0,289140.0,Tata Steel UK Ltd,13,Iron & steel industries,0.0818342558671041,Tonnes,England,M
2021,22,Benzene,13647,Kitts Green,414700.0,287500.0,Alcoa Manufacturing (GB) Ltd,14,Non-ferrous metal industries,0.117069536533661,Tonnes,England,M
2021,22,Benzene,13650,Dove Holes Roadstone Coating Plant,408300.0,377960.0,CEMEX UK Operations Ltd,4,Other mineral industries,0.0156973209866491,Tonnes,England,M
2021,22,Benzene,13652,Salford Coating Plant,382080.0,398300.0,CEMEX UK Operations Ltd,4,Other mineral industries,0.0143454281228615,Tonnes,England,M
2021,22,Benzene,13654,Bayston Hill Asphalt,349100.0,309000.0,Lafarge Tarmac Trading Ltd,4,Other mineral industries,0.0138600791162525,Tonnes,England,M
2021,22,Benzene,13656,Bredbury Asphalt,392200.0,392000.0,Lafarge Tarmac Trading Ltd,4,Other mineral industries,0.0240068557433915,Tonnes,England,M
2021,22,Benzene,13657,Caldon Low Asphalt,407400.0,349000.0,Lafarge Tarmac Trading Ltd,4,Other mineral industries,0.010680510608474,Tonnes,England,M
2021,22,Benzene,13659,Cross Green Asphalt,432250.0,431780.0,Lafarge Tarmac Trading Ltd,4,Other mineral industries,0.0398873119569352,Tonnes,England,M
2021,22,Benzene,13660,Halecombe Asphalt,370230.0,147430.0,Lafarge Tarmac Trading Ltd,4,Other mineral industries,0.036770705871007,Tonnes,England,M
2021,22,Benzene,13661,Harlow Asphalt,547050.0,212220.0,Lafarge Tarmac Trading Ltd,4,Other mineral industries,0.00742979815610181,Tonnes,England,M
2021,22,Benzene,13662,Hayes Asphalt,510522.0,179515.0,Lafarge Tarmac Trading Ltd,4,Other mineral industries,0.0376915373679198,Tonnes,England,M
2021,22,Benzene,13663,Hothfield Asphalt,598000.0,146400.0,Lafarge Tarmac Trading Ltd,4,Other mineral industries,0.0131482743213659,Tonnes,England,M
2021,22,Benzene,13664,Mancetter Asphalt,431000.0,295700.0,Lafarge Tarmac Trading Ltd,4,Other mineral industries,0.00468685631157647,Tonnes,England,M
2021,22,Benzene,13665,Parkstone Asphalt,403800.0,93800.0,Lafarge Tarmac Trading Ltd,4,Other mineral industries,0.0109268601961343,Tonnes,England,M
2021,22,Benzene,13666,Santon Asphalt,492800.0,411900.0,Lafarge Tarmac Trading Ltd,4,Other mineral industries,0.0171980224300101,Tonnes,England,M
2021,22,Benzene,13668,Stowfield Asphalt,355900.0,210400.0,Lafarge Tarmac Trading Ltd,4,Other mineral industries,8.51852462609766e-07,Tonnes,England,M
2021,22,Benzene,13670,Ipswich Asphalt,616800.0,242400.0,Lafarge Tarmac Trading Ltd,4,Other mineral industries,0.0153606254404642,Tonnes,England,M
2021,22,Benzene,13671,Broadstreet Energy Scheme,406200.0,286800.0,Birmingham District Energy Company Ltd,24,Public administration,0.0387961067488687,Tonnes,England,M
2021,22,Benzene,13672,Scunthorpe,491300.0,410300.0,Caparo Merchant Bar plc,13,Iron & steel industries,0.470445394300142,Tonnes,England,M
2021,22,Benzene,13673,Wednesbury Asphalt Plant,398400.0,294200.0,Midland Quarry Products Ltd,4,Other mineral industries,7.67583186738692e-06,Tonnes,England,M
2021,22,Benzene,13674,Cliffe Hill Asphalt,445200.0,310800.0,Midland Quarry Products Ltd,4,Other mineral industries,8.51852462609766e-06,Tonnes,England,M
2021,22,Benzene,13675,Sunderland,434200.0,558500.0,Nissan Motor Manufacturing (UK) Ltd,17,Vehicles,0.175950105481734,Tonnes,England,M
2021,22,Benzene,13676,Allington,574400.0,157900.0,Hanson Quarry Products Europe Ltd,4,Other mineral industries,0.022340210853851,Tonnes,England,M
2021,22,Benzene,13678,Dagenham,549100.0,182000.0,Hanson Quarry Products Europe Ltd,4,Other mineral industries,3.40740985043906e-06,Tonnes,England,M
2021,22,Benzene,13681,Purfleet,557340.0,177883.0,Civil and Marine Ltd,4,Other mineral industries,0.0530327321372599,Tonnes,England,M
2021,22,Benzene,13683,West Drayton,507618.0,179910.0,Hanson Quarry Products Europe Ltd,4,Other mineral industries,0.0344791661942494,Tonnes,England,M
2021,22,Benzene,13684,Wigan,359465.0,399335.0,Hanson Quarry Products Europe Ltd,4,Other mineral industries,7.67583186738692e-06,Tonnes,England,M
2021,22,Benzene,13686,Hartlepool Pipe Mill,450869.0,528850.0,Tata Steel UK Ltd,13,Iron & steel industries,0.0474189666285206,Tonnes,England,M
2021,22,Benzene,13687,Renishaw,445039.0,377861.0,Lafarge Aggregates Ltd,4,Other mineral industries,3.55230167611358e-05,Tonnes,England,M
2021,22,Benzene,13689,Mountsorrel Asphalt,456900.0,315430.0,Lafarge Aggregates Ltd,4,Other mineral industries,0.034264258339765,Tonnes,England,M
2021,22,Benzene,13690,Harper Lane Asphalt,516200.0,201730.0,Lafarge Aggregates Ltd,4,Other mineral industries,0.0405874852422441,Tonnes,England,M
2021,22,Benzene,13691,Sheffield,436800.0,388600.0,ATI Allvac Ltd,14,Non-ferrous metal industries,0.0329763229119818,Tonnes,England,M
2021,22,Benzene,13693,Cloud Hill Quarry,440600.0,323000.0,Breedon Aggregates England Ltd,4,Other mineral industries,2.5555573878293e-06,Tonnes,England,M
2021,22,Benzene,13694,Leaton Quarry,361534.0,311357.0,Breedon Aggregates England Ltd,4,Other mineral industries,1.70370492521953e-06,Tonnes,England,M
2021,22,Benzene,13695,Leinthall Quarry,344246.0,267827.0,Breedon Aggregates England Ltd,4,Other mineral industries,2.5555573878293e-06,Tonnes,England,M
2021,22,Benzene,13696,Widnes,353598.0,386814.0,Innospec Widnes Ltd,10,Chemical industry,0.0440917785189206,Tonnes,England,M
2021,22,Benzene,13698,Dagenham,548894.0,181891.0,Eurovia Infrastructure Ltd,4,Other mineral industries,6.04540457335963e-06,Tonnes,England,M
2021,22,Benzene,13699,Sheffield,438634.0,389821.0,Sheffield Forgemasters Engineering Ltd,13,Iron & steel industries,0.0704934642766145,Tonnes,England,M
2021,22,Benzene,13700,Leicester,456277.0,308055.0,Walkers Snack Foods Ltd,5,"Food, drink & tobacco industry",0.141104208444631,Tonnes,England,M
2021,22,Benzene,13701,Peterlee,442500.0,542200.0,Walkers Snack Foods Ltd,5,"Food, drink & tobacco industry",1.00008610960405e-05,Tonnes,England,M
2021,22,Benzene,13702,Haughmond Hill Asphalt,353700.0,314800.0,Aggregate Industries UK Ltd,4,Other mineral industries,0.00688487690768363,Tonnes,England,M
2021,22,Benzene,13703,Moorcroft Asphalt,252064.0,53872.0,Aggregate Industries UK Ltd,4,Other mineral industries,2.00289932626468e-05,Tonnes,England,M
2021,22,Benzene,13704,Westleigh Asphalt,306200.0,117300.0,Aggregate Industries UK Ltd,4,Other mineral industries,4.25926231304883e-06,Tonnes,England,M
2021,22,Benzene,13705,Erlings Works,408462.0,433332.0,Omega Proteins Ltd,5,"Food, drink & tobacco industry",0.06785245034749,Tonnes,England,M
2021,22,Benzene,13706,Alba Proteins,350086.0,529648.0,Omega Proteins Ltd,5,"Food, drink & tobacco industry",0.393486797101892,Tonnes,England,M
2021,22,Benzene,13707,Lostock Soda Ash Manufacture,368657.0,374637.0,Tata Chemicals Europe Ltd,10,Chemical industry,2.43648123714191e-06,Tonnes,England,M
2021,22,Benzene,13709,Latchford Locks Works,363730.0,387391.0,Novelis UK Ltd,14,Non-ferrous metal industries,0.195454163565835,Tonnes,England,M
2021,22,Benzene,13710,Jerusalem Farm,491586.0,370915.0,A Hughes and Son (Skellingthorpe) Ltd,5,"Food, drink & tobacco industry",1.08273038715722,Tonnes,England,M
2021,22,Benzene,13713,Benninghoven Plant,463200.0,170400.0,United Asphalt Ltd,4,Other mineral industries,0.01612720180325,Tonnes,England,M
2021,22,Benzene,13714,Gateshead,423600.0,562000.0,Spartan UK Ltd,13,Iron & steel industries,0.0971145725646848,Tonnes,England,M
2021,22,Benzene,13716,Devon Valley Mill,299349.0,102406.0,Devon Valley Ltd,8,"Paper, printing & publishing industries",0.0296201493535585,Tonnes,England,M
2021,22,Benzene,13717,Mersey Valley Sludge Processing Centre,353496.0,386111.0,United Utilities Water plc,20,Water & sewerage,0.00240968765559539,Tonnes,England,M
2021,22,Benzene,13718,"25 Bank Street, Canary Wharf",537500.0,180100.0,J P Morgan Chase Bank,23,Commercial,0.000459279148464652,Tonnes,England,M
2021,22,Benzene,13721,1AL Backup Generators,532700.0,180700.0,Nomura International plc,23,Commercial,0.0016509282278308,Tonnes,England,M
2021,22,Benzene,13722,"20 Canada Square, Canary Wharf",537800.0,180200.0,Brookfield Office Property Management Ltd,23,Commercial,0.000152913871064968,Tonnes,England,M
2021,22,Benzene,13724,Whipps Cross Hospital,538892.0,188592.0,Barts Health NHS Trust,24,Public administration,0.0168220453312398,Tonnes,England,M
2021,22,Benzene,13725,Shirebrook Energy Park,452800.0,366700.0,Alkane Energy UK Ltd,26,Minor power producers,0.0101183966598164,Tonnes,England,M
2021,22,Benzene,13729,Winnington Sodium Carbonate Manufacturing Site,364343.0,374639.0,Winnington CHP Ltd,10,Chemical industry,1.59380999310797,Tonnes,England,M
2021,22,Benzene,13733,Bristol,359267.0,179332.0,Rolls-Royce plc,17,Vehicles,0.00854480014659863,Tonnes,England,M
2021,22,Benzene,13734,Exhall,435796.0,285104.0,Monier Redland Ltd,4,Other mineral industries,0.0263891192003359,Tonnes,England,M
2021,22,Benzene,13735,Winnington,365310.0,374000.0,Tata Chemicals Europe Ltd,10,Chemical industry,6.92913846421561e-05,Tonnes,England,M
2021,22,Benzene,13737,Coopers Bank,391390.0,290300.0,GDC Group Ltd,4,Other mineral industries,0.00655890119611663,Tonnes,England,M
2021,22,Benzene,13738,Royal Victoria Dock,540699.0,180693.0,EXCEL District Energy Company Ltd,23,Commercial,0.0320384293092841,Tonnes,England,M
2021,22,Benzene,13739,South Molton,269802.0,125918.0,Norbord Europe Ltd,7,Other industries,2.25604028679417,Tonnes,England,M
2021,22,Benzene,13741,Bulmers Cider Mills,350222.0,240345.0,Heineken UK Ltd,5,"Food, drink & tobacco industry",0.0320091045452921,Tonnes,England,M
2021,22,Benzene,13743,Saltend,516200.0,428100.0,INEOS Manufacturing (Hull) Ltd,10,Chemical industry,0.000407757151814234,Tonnes,England,M
2021,22,Benzene,13744,Broomfleet Works,485970.0,427430.0,Wienerberger Ltd,4,Other mineral industries,0.0769291347959436,Tonnes,England,M
2021,22,Benzene,13745,Stainland,406935.0,418965.0,Sonoco Cores and Paper Ltd,8,"Paper, printing & publishing industries",0.0599634896438433,Tonnes,England,M
2021,22,Benzene,13746,Bury St Edmunds Maltings,585993.0,265121.0,Pauls Malt Ltd,5,"Food, drink & tobacco industry",0.125846692200954,Tonnes,England,M
2021,22,Benzene,13748,Kemsley Paper Mill,591700.0,166100.0,DS Smith Paper Ltd,8,"Paper, printing & publishing industries",0.000739933136964817,Tonnes,England,M
2021,22,Benzene,13749,Hexham,394655.0,564653.0,Egger (UK) Ltd,7,Other industries,9.6946073374314,Tonnes,England,M
2021,22,Benzene,13750,Norwich District Heating and CHP,619391.0,307593.0,University of East Anglia,24,Public administration,0.0735121877888416,Tonnes,England,M
2021,22,Benzene,13753,HMS Collingwood,457200.0,104100.0,Ministry of Defence,24,Public administration,0.00835599259701406,Tonnes,England,M
2021,22,Benzene,13757,Maltby Energy Park,454943.0,392249.0,Regent Park Energy Ltd,2,Other fuel production,0.0567643146822995,Tonnes,England,M
2021,22,Benzene,13758,Greenwich Generating Station,538900.0,178000.0,London Underground Ltd,23,Commercial,0.0126659550322458,Tonnes,England,M
2021,22,Benzene,13759,Tunstall,385500.0,350700.0,Norcros Group (Holdings) Ltd,4,Other mineral industries,0.0659164959455828,Tonnes,England,M
2021,22,Benzene,13760,Whitehall District Heating Scheme,530153.0,180174.0,Cofely Ltd,24,Public administration,0.0294584127095598,Tonnes,England,M
2021,22,Benzene,13761,Tweed Valley Maltings,398724.0,651978.0,Simpsons Malt Ltd,5,"Food, drink & tobacco industry",0.133559603168844,Tonnes,England,M
2021,22,Benzene,13763,Teesside Hydrogen Plant,450894.0,523490.0,BOC Ltd,10,Chemical industry,0.955158782136397,Tonnes,England,M
2021,22,Benzene,13764,Cassel Works,446683.0,522000.0,Lucite International UK Ltd,10,Chemical industry,0.804927564797688,Tonnes,England,M
2021,22,Benzene,13765,Warrington,360006.0,386215.0,Perstorp UK Ltd,10,Chemical industry,0.000142963221426833,Tonnes,England,M
2021,22,Benzene,13781,Magheraglass Landfill Gas,86555.0,537242.0,Renewable Power Systems,21,"Waste collection, treatment & disposal",0.000209312,Tonnes,Northern Ireland,O
2021,22,Benzene,13782,Howdon AAD,433528.0,566564.0,Northumbrian Water Ltd,20,Water & sewerage,0.004670797,Tonnes,England,O
2021,22,Benzene,13783,Albury,505620.0,148480.0,Gasrec Ltd,21,"Waste collection, treatment & disposal",0.001151213,Tonnes,England,O
2021,22,Benzene,13784,Bexhill WTW,576852.0,108208.0,Southern Water,20,Water & sewerage,0.000605593,Tonnes,England,O
2021,22,Benzene,13785,Ford WTW,499490.0,103030.0,Southern Water,20,Water & sewerage,0.000605593,Tonnes,England,O
2021,22,Benzene,13786,Sandown WTW,460149.0,85190.0,Southern Water,20,Water & sewerage,0.000281858,Tonnes,England,O
2021,22,Benzene,13787,West Carron Landfill Site,288010.0,682203.0,ENER-G Natural Power Limited,21,"Waste collection, treatment & disposal",0.00035882,Tonnes,Scotland,O
2021,22,Benzene,13788,A R Eyers Generation 1,452300.0,466300.0,The Walled Gardens Power Company Ltd,21,"Waste collection, treatment & disposal",0.000328171,Tonnes,England,O
2021,22,Benzene,13789,Thorney Park A,504569.0,179561.0,Grundon Waste Management Ltd,21,"Waste collection, treatment & disposal",0.000239213,Tonnes,England,O
2021,22,Benzene,13790,Blackburn Meadows STW CHP,439535.0,391549.0,Yorkshire Water Services Ltd,20,Water & sewerage,0.001565522,Tonnes,England,O
2021,22,Benzene,13792,Blaydon Landfill Gas Project,416200.0,562600.0,ENER-G Natural Power Limited,21,"Waste collection, treatment & disposal",0.002479594,Tonnes,England,O
2021,22,Benzene,13795,Bellhouse 2,594860.0,222350.0,EDL (UK) LFG Generation Ltd,21,"Waste collection, treatment & disposal",0.001476394,Tonnes,England,O
2021,22,Benzene,13796,Aughrim Landfill Gas (Phase 1),135903.0,527195.0,Renewable Power Systems,21,"Waste collection, treatment & disposal",0.002093115,Tonnes,Northern Ireland,O
2021,22,Benzene,13798,Peacehaven,541489.0,101332.0,Southern Water,20,Water & sewerage,0.000986505,Tonnes,England,O
2021,22,Benzene,13800,Worksop sewage gas CHP,460785.0,379125.0,Severn Trent Water Ltd,20,Water & sewerage,0.000647469,Tonnes,England,O
2021,22,Benzene,13802,Galashiels WWTW CHP,351032.0,634886.0,Scottish Water,20,Water & sewerage,8.39938e-05,Tonnes,Scotland,O
2021,22,Benzene,13816,"Llysonnen Mill, CARMARTHEN",238288.0,219581.0,Llysonnen Mill EPR/EP3034GS,5,"Food, drink & tobacco industry",0.0141886049298669,Tonnes,Wales,M
2021,22,Benzene,13819,"Aber-Arad, Newcastle Emlyn",231530.0,240162.0,The Creamery,5,"Food, drink & tobacco industry",0.0114046868143239,Tonnes,Wales,M
2021,22,Benzene,13839,"Vauxhall Industrial Estate, Ruabon, Wrexham",330500.0,345601.0,Morgan Technical Ceramics,4,Other mineral industries,0.00331261121426899,Tonnes,Wales,M
2021,22,Benzene,13845,"Marlborough Road, Wrexham",338600.0,349697.0,Wrexham Clinical Waste Treatment Facility (Incinerator),21,"Waste collection, treatment & disposal",0.0499157209416918,Tonnes,Wales,M
2021,22,Benzene,13847,"Felnex Industrial Estate, Newport, Newport",332159.0,185814.0,"Hydrodec (UK) Limited, Newport Oil Treatment Plant ZP3334AQ",21,"Waste collection, treatment & disposal",0.002324899,Tonnes,Wales,O
2021,22,Benzene,13880,"Bridge Road North, Wrexham Inudstrial Estate, Wrexham",338324.0,349656.0,Lloyds Animal Feeds Mill,5,"Food, drink & tobacco industry",0.0128819902248364,Tonnes,Wales,M
2021,22,Benzene,13901,Duncrue Street Waste Treatment Facility,147738.0,532347.0,Irish Waste Services Ltd,20,Water & sewerage,2.59334248455731,Tonnes,Northern Ireland,M
2021,22,Benzene,13910,"Westfield Industrial Park, Swansea",260723.0,196409.0,Viridis 178 Swansea Power Plant,26,Minor power producers,0.092510167971215,Tonnes,Wales,M
2021,22,Benzene,13939,Wm Nicol (Aberdeen) Limited,390363.0,797885.0,William Nicol (Aberdeen) Limited,21,"Waste collection, treatment & disposal",0.000751210055280114,Tonnes,Scotland,M
2021,22,Benzene,13940,"Thermal Plant, Kilbarchan Rd, Bridge of Weir",239326.0,664533.0,SLG Technology Ltd,6,"Textiles, clothing, leather & footwear",0.00341160932632896,Tonnes,Scotland,M
2021,22,Benzene,13944,East Coast Viners Grain,379605.0,781270.0,East Coast Viners Grain LLP,1,"Agriculture, forestry & fishing",0.00576080879358267,Tonnes,Scotland,M
2021,22,Benzene,13948,"Harbro Ltd, Tore Mill, Harbour Road, Invernes",267365.0,845860.0,HARBRO LIMITED,1,"Agriculture, forestry & fishing",0.00110793680547677,Tonnes,Scotland,M
2021,22,Benzene,14013,Tremorfa Sections Mill,320354.0,175955.0,Celsa Manufacturing (UK) Ltd,13,Iron & steel industries,0.215259040685969,Tonnes,Wales,M
2021,22,Benzene,14014,Castle Works,319700.0,175200.0,Celsa Manufacturing (UK) Ltd,13,Iron & steel industries,0.0974914961824511,Tonnes,Wales,M
2021,22,Benzene,14016,Dolyhir Asphalt,323797.0,258194.0,Lafarge Tarmac Trading Ltd,4,Other mineral industries,0.0299016352013226,Tonnes,Wales,M
2021,22,Benzene,14017,Pant Asphalt,320130.0,370340.0,Lafarge Tarmac Trading Ltd,4,Other mineral industries,2.75707087360795e-06,Tonnes,Wales,M
2021,22,Benzene,14019,Criggion Quarry,329135.0,314791.0,Hanson Quarry Products Europe Ltd,4,Other mineral industries,5.65520118726096e-05,Tonnes,Wales,M
2021,22,Benzene,14020,Penderyn Plant,295220.0,209064.0,Hanson Quarry Products Europe Ltd,4,Other mineral industries,1.02222295513172e-05,Tonnes,Wales,M
2021,22,Benzene,14021,Mold,323287.0,364785.0,Synthite Ltd,10,Chemical industry,0.00504778894488688,Tonnes,Wales,M
2021,22,Benzene,14023,Bridgend Paper Mill,287800.0,187330.0,Northwood & Wepa Ltd,8,"Paper, printing & publishing industries",0.167300178160249,Tonnes,Wales,M
2021,22,Benzene,14026,Breagh,556400.0,523800.0,RWE,3,Oil & gas exploration and production,0.0023373,Tonnes,Offshore,O
2021,22,Benzene,14063,Lincolnshire EfW Facility,493950.0,367850.0,FCC Environment (Lincolnshire) Ltd,21,"Waste collection, treatment & disposal",0.128675363870091,Tonnes,England,M
2021,22,Benzene,14070,Four Ashes Energy Recovery Facility,392350.0,308340.0,Veolia ES Staffordshire Ltd,21,"Waste collection, treatment & disposal",0.254574026303552,Tonnes,England,M
2021,22,Benzene,14133,Redditch Clinical Waste Treatment Facility,406090.0,264620.0,SITA Healthcare Ltd,21,"Waste collection, treatment & disposal",0.243858863993735,Tonnes,England,M
2021,22,Benzene,14175,"Swiney Hill Farm Wellsite, Lybster Field",323670.0,934450.0,IGAS Energy (Caithness) Ltd,3,Oil & gas exploration and production,0.0440566568107511,Tonnes,Scotland,M
2021,22,Benzene,14181,Newport,333270.0,185120.0,Mir Steel UK Ltd,13,Iron & steel industries,0.0858246316975241,Tonnes,Wales,M
2021,22,Benzene,14188,Bardon Hill,444800.0,312876.0,Aggregate Industries UK Ltd,4,Other mineral industries,0.0636858248023159,Tonnes,England,M
2021,22,Benzene,14189,Crawley,528680.0,139074.0,Aggregate Industries UK Ltd,4,Other mineral industries,0.0143206047247961,Tonnes,England,M
2021,22,Benzene,14190,Greenwich,540265.0,178577.0,Aggregate Industries UK Ltd,4,Other mineral industries,0.0147816351662417,Tonnes,England,M
2021,22,Benzene,14191,Melbur Asphalt,191559.0,56192.0,Aggregate Industries UK Ltd,4,Other mineral industries,0.00459276936820479,Tonnes,England,M
2021,22,Benzene,14192,Purfleet,556659.0,177111.0,Aggregate Industries UK Ltd,4,Other mineral industries,0.0224690202186077,Tonnes,England,M
2021,22,Benzene,14193,West Drayton,505244.0,179158.0,Aggregate Industries UK Ltd,4,Other mineral industries,0.018880184303627,Tonnes,England,M
2021,22,Benzene,14194,Northfleet,561646.0,174938.0,North Kent Roadstone Ltd,4,Other mineral industries,1.03321459981055e-05,Tonnes,England,M
2021,22,Benzene,14195,Europa Nursery Energy Centre,629750.0,158900.0,P3P Energy Management Ltd,1,"Agriculture, forestry & fishing",0.0980780193150446,Tonnes,England,M
2021,22,Benzene,14196,Solihull,415786.0,282016.0,Jaguar Land Rover Ltd,17,Vehicles,0.268390369565453,Tonnes,England,M
2021,22,Benzene,14200,Billingham,447560.0,524035.0,KP Snacks Ltd,5,"Food, drink & tobacco industry",0.0562163468940341,Tonnes,England,M
2021,22,Benzene,14207,Purfleet,556870.0,177550.0,Pura Foods Ltd,5,"Food, drink & tobacco industry",0.168754523729568,Tonnes,England,M
2021,22,Benzene,14210,10 Upper Bank Street,537737.0,180048.0,Clifford Chance LLP,23,Commercial,0.00244985010045399,Tonnes,England,M
2021,22,Benzene,14211,Ardingly,534039.0,127690.0,Hanson Quarry Products Europe Ltd,4,Other mineral industries,0.0102999852653834,Tonnes,England,M
2021,22,Benzene,14214,Lancaster,348400.0,463750.0,Sofidel UK Ltd,8,"Paper, printing & publishing industries",0.0460496186319257,Tonnes,England,M
2021,22,Benzene,14215,Royal Forest Factory,357337.0,209938.0,Lucozade Ribena Suntory Ltd,5,"Food, drink & tobacco industry",0.122401467089379,Tonnes,England,M
2021,22,Benzene,14216,MediaCity Salford,380090.0,397400.0,Interserve (Facilities Management) Ltd,23,Commercial,0.0039732102078264,Tonnes,England,M
2021,22,Benzene,14217,"TVC Primary Energy Plant, Shepherd's Bush",523192.0,180513.0,Interserve (Facilities Management) Ltd,23,Commercial,0.00392101218923361,Tonnes,England,M
2021,22,Benzene,14218,"Media Village Primary Plant, Shepherd's Bush",523200.0,180900.0,Interserve (Facilities Management) Ltd,23,Commercial,0.00749080374112547,Tonnes,England,M
2021,22,Benzene,14219,Broadcasting House,528900.0,181600.0,Interserve (Facilities Management) Ltd,23,Commercial,0.00738016606519956,Tonnes,England,M
2021,22,Benzene,14220,Newton Aycliffe,426630.0,523721.0,INEOS ChlorVinyls Ltd,10,Chemical industry,0.262316447632826,Tonnes,England,M
2021,22,Benzene,14221,Wheldale Power Station,443452.0,426142.0,Alkane Energy UK Ltd,18,Major power producers,0.0304253594133991,Tonnes,England,M
2021,22,Benzene,14223,"LGW13 Backup Generators, Crowdon",529734.0,166697.0,Digital Realty (UK) Ltd,23,Commercial,3.91567194969161e-05,Tonnes,England,M
2021,22,Benzene,14224,"LGW14 Backup Generators, Woking",498690.0,159329.0,Digital Realty (UK) Ltd,23,Commercial,0.000106913742952324,Tonnes,England,M
2021,22,Benzene,14233,Accrington,376520.0,430300.0,Hanson Building Products Ltd,4,Other mineral industries,0.0676831617486537,Tonnes,England,M
2021,22,Benzene,14234,Greengate Power Station,350800.0,394200.0,UK Power Reserve Ltd,26,Minor power producers,0.0306127078335342,Tonnes,England,M
2021,22,Benzene,14235,Watson Street Power Station,351100.0,394500.0,UK Power Reserve Ltd,26,Minor power producers,0.00893530908406165,Tonnes,England,M
2021,22,Benzene,14236,Wilnecote Works,421950.0,300310.0,Hanson Building Products Ltd,4,Other mineral industries,0.0505270357498859,Tonnes,England,M
2021,22,Benzene,14238,Desford,445500.0,306500.0,Hanson Building Products Ltd,4,Other mineral industries,0.0841340936142878,Tonnes,England,M
2021,22,Benzene,14239,Howley Park,426100.0,425700.0,Hanson Building Products Ltd,4,Other mineral industries,0.0606277773551958,Tonnes,England,M
2021,22,Benzene,14240,Kirton,468500.0,367500.0,Hanson Building Products Ltd,4,Other mineral industries,0.0725303229027846,Tonnes,England,M
2021,22,Benzene,14241,Measham,433500.0,310500.0,Hanson Building Products Ltd,4,Other mineral industries,0.123289507756477,Tonnes,England,M
2021,22,Benzene,14242,Whittlesey,524700.0,297200.0,Hanson Building Products Ltd,4,Other mineral industries,0.0642554401312139,Tonnes,England,M
2021,22,Benzene,14243,Ledbury,369690.0,237160.0,Heineken UK Ltd,5,"Food, drink & tobacco industry",0.0120567094116584,Tonnes,England,M
2021,22,Benzene,14244,Northwick Park & St Marks Hospitals,516300.0,187600.0,London North West Healthcare NHS Trust,24,Public administration,0.0307188380625032,Tonnes,England,M
2021,22,Benzene,14246,University College Hospital,529300.0,182300.0,University College London Hospitals NHS Foundation Trust,24,Public administration,0.0137477750579427,Tonnes,England,M
2021,22,Benzene,14247,Duntilland,284530.0,663481.0,Aggregate Industries UK Ltd,4,Other mineral industries,4.25926231304883e-06,Tonnes,Scotland,M
2021,22,Benzene,14248,Levenmouth WWTW,336000.0,699570.0,Caledonian Environmental Levenmouth Treatment Services Ltd,20,Water & sewerage,0.00978347233433919,Tonnes,Scotland,M
2021,22,Benzene,14249,Irvine,234400.0,636700.0,Smithkline Beecham Ltd,10,Chemical industry,0.129978170747154,Tonnes,Scotland,M
2021,22,Benzene,14263,Hope Works,416490.0,382450.0,Hope Construction Materials Ltd,11,Cement,7.76528,Tonnes,England,M
2021,22,Benzene,14287,Newton Aycliffe,426810.0,523880.0,Ineos Compounds Aycliffe Ltd,10,Chemical industry,0.100140780930837,Tonnes,England,M
2021,22,Benzene,14289,Stourport On Severn,381780.0,270020.0,Hydrodec (UK) Ltd,21,"Waste collection, treatment & disposal",0.2,Tonnes,England,M
2021,22,Benzene,14296,Exeter EfW,292610.0,90490.0,Cyclerval (UK) Ltd,21,"Waste collection, treatment & disposal",0.0448297958749146,Tonnes,England,M
2021,22,Benzene,14355,Forest Gate,540520.0,184790.0,Hovis Ltd,5,"Food, drink & tobacco industry",0.0440566568107511,Tonnes,England,M
2021,22,Benzene,14360,Ipswich,612300.0,249600.0,SITA Suffolk Ltd,21,"Waste collection, treatment & disposal",0.219018428248358,Tonnes,England,M
2021,22,Benzene,14363,Battlefield EfW,350980.0,316180.0,Veolia ES Shropshire Ltd,21,"Waste collection, treatment & disposal",0.0744602119897325,Tonnes,England,M
2021,22,Benzene,14378,Cardiff EfW Facility,320220.0,175490.0,Viridor Waste Management Ltd,21,"Waste collection, treatment & disposal",0.284408072197515,Tonnes,Wales,M
2021,22,Benzene,14395,Smurfitt Kappa Townsend Hook,570760.0,161780.0,Smurfitt Kappa UK Ltd,8,"Paper, printing & publishing industries",0.343267164715284,Tonnes,England,M
2021,22,Benzene,14396,Cowley Hill Power Station,351300.0,396700.0,UK Power Reserve Ltd,26,Minor power producers,0.0287180363811816,Tonnes,England,M
2021,22,Benzene,14397,Bradon Farm Power Station,336005.0,119775.0,UK Power Reserve Ltd,26,Minor power producers,0.0201542344350945,Tonnes,England,M
2021,22,Benzene,14398,Royal Berkshire Hospital,472458.0,173005.0,Royal Berkshire NHS Foundation Trust,24,Public administration,0.0170129650733254,Tonnes,England,M
2021,22,Benzene,14400,Northampton Brewery,475270.0,259920.0,Carlsberg Supply Chain UK Ltd (CSC),5,"Food, drink & tobacco industry",0.0523633989037161,Tonnes,England,M
2021,22,Benzene,14401,D200 Energy Centre,454490.0,336560.0,D200 Energy Ltd,10,Chemical industry,0.221048521993096,Tonnes,England,M
2021,22,Benzene,14402,Nestle York,460500.0,453800.0,NestlÃ© UK Ltd,5,"Food, drink & tobacco industry",0.139005822584057,Tonnes,England,M
2021,22,Benzene,14403,Colnbrook,503100.0,175900.0,Aggregate Industries UK Ltd,4,Other mineral industries,6.81481970087813e-06,Tonnes,England,M
2021,22,Benzene,14404,Peterborough City Hospital,516732.0,299949.0,Brookfield Multiplex Services Europe Ltd,24,Public administration,0.0265587999001327,Tonnes,England,M
2021,22,Benzene,14405,Stubbins Mill,379100.0,417900.0,SCA Hygiene Products UK Ltd,8,"Paper, printing & publishing industries",0.0862250361100063,Tonnes,England,M
2021,22,Benzene,14406,Electrical Engineering Building,526500.0,179500.0,"Imperial College of Science, Technology and Medicine",24,Public administration,0.16643918843875,Tonnes,England,M
2021,22,Benzene,14407,Hartshill,433200.0,295100.0,Sarval (Hartshill) Ltd,5,"Food, drink & tobacco industry",0.0419973381812985,Tonnes,England,M
2021,22,Benzene,14408,Widnes,350400.0,384050.0,Secanim Ltd,5,"Food, drink & tobacco industry",4.14325486839559,Tonnes,England,M
2021,22,Benzene,14410,Queens Medical Centre (NUH) CHP Plant,454810.0,338760.0,E.On Connecting Energies Ltd,24,Public administration,0.106593506850153,Tonnes,England,M
2021,22,Benzene,14412,Sandwell General Hospital,400919.0,292165.0,Sandwell & West Birmingham Hospital NHS Trust,24,Public administration,0.017185532568254,Tonnes,England,M
2021,22,Benzene,14413,Seal Sands Biodiesel Processing Plant,453600.0,524500.0,Greenergy Biofuels Teesside Ltd,10,Chemical industry,0.102362088565606,Tonnes,England,M
2021,22,Benzene,14416,Shobnall Maltings,425080.0,324290.0,Soufflet Malt UK Ltd,5,"Food, drink & tobacco industry",0.0787362644118352,Tonnes,England,M
2021,22,Benzene,14418,Baston,513700.0,314900.0,Midland Quarry Products Ltd,4,Other mineral industries,3.40740985043906e-06,Tonnes,England,M
2021,22,Benzene,14422,Kendal,351850.0,494250.0,Kendal Nutricare Ltd,5,"Food, drink & tobacco industry",0.018221719606,Tonnes,England,M
2021,22,Benzene,14423,Davidstow Creamery,213825.0,86588.0,Dairy Crest Ltd,5,"Food, drink & tobacco industry",1.31752237377557,Tonnes,England,M
2021,22,Benzene,14424,"LD6 Generator System, Slough",495625.0,181206.0,Equinix (UK) Ltd,23,Commercial,0.00065791056824548,Tonnes,England,M
2021,22,Benzene,14425,Banbury,445282.0,241541.0,Jacobs Douwe Egberts OPS GB Ltd,5,"Food, drink & tobacco industry",1.84183894941097,Tonnes,England,M
2021,22,Benzene,14426,5 Broadgate Circle,533068.0,181805.0,UBS AG,23,Commercial,0.00470789333349375,Tonnes,England,M
2021,22,Benzene,14435,Croft,451002.0,296026.0,Aggregate Industries UK Ltd,4,Other mineral industries,0.0102510123286584,Tonnes,England,M
2021,22,Benzene,14436,Burstwick CHP,485400.0,430100.0,Growth Power Ltd,1,"Agriculture, forestry & fishing",0.0584924284407143,Tonnes,England,M
2021,22,Benzene,14437,Bury St Edmunds,584864.0,266369.0,Mizkan Euro Ltd,5,"Food, drink & tobacco industry",0.0217148255971192,Tonnes,England,M
2021,22,Benzene,14438,Chryston Asphalt Plant,268892.0,671094.0,Aggregate Industries UK Ltd,4,Other mineral industries,0.00895575780459343,Tonnes,Scotland,M
2021,22,Benzene,14440,Grangemouth CHP,294400.0,681200.0,Grangemouth CHP Ltd,10,Chemical industry,2.20648701435042,Tonnes,Scotland,M
2021,22,Benzene,14441,Ninewells Hospital,339000.0,730380.0,NHS Tayside,24,Public administration,0.0920308258947793,Tonnes,Scotland,M
2021,22,Benzene,14442,Western General Hospital,323000.0,675050.0,NHS Lothian,24,Public administration,0.0427923509079934,Tonnes,Scotland,M
2021,22,Benzene,14443,Hillhouse Quarry,234623.0,634184.0,Hillhouse Quarry Group Ltd,4,Other mineral industries,0.0380854659089428,Tonnes,Scotland,M
2021,22,Benzene,14446,Cameronbridge Distillery,334600.0,700000.0,Diageo Scotland Ltd,5,"Food, drink & tobacco industry",0.754376488980645,Tonnes,Scotland,M
2021,22,Benzene,14447,Cowie,283860.0,688550.0,Norbord Europe Ltd,7,Other industries,14.4442346622516,Tonnes,Scotland,M
2021,22,Benzene,14448,RF Brookes Rogerstone Park,325300.0,189500.0,Solway Foods Ltd,5,"Food, drink & tobacco industry",0.100778277926482,Tonnes,Wales,M
2021,22,Benzene,14450,Dafen Power Station,252800.0,202230.0,Dafen Reserve Power Ltd,26,Minor power producers,0.0219269587585196,Tonnes,Wales,M
2021,22,Benzene,14453,Cynon Power Station,302075.0,200896.0,Cynon Power Ltd,26,Minor power producers,0.0198776874057718,Tonnes,Wales,M
2021,22,Benzene,14456,Golden Eagle,464125.0,897368.0,Nexen Petroleum (UK) Ltd,3,Oil & gas exploration and production,0.346153200000001,Tonnes,Offshore,O
2021,22,Benzene,14493,Jacobs Bakery,336990.0,396030.0,United Biscuits (UK) Ltd,5,"Food, drink & tobacco industry",0.0779758768893482,Tonnes,England,M
2021,22,Benzene,14556,Peterborough EfW Facility,521680.0,298990.0,Viridor Peterborough Ltd,21,"Waste collection, treatment & disposal",0.0608696216473425,Tonnes,England,M
2021,22,Benzene,14563,Choats Road Organic Waste Treatment Facility,548220.0,182566.0,East London Biogas Op Co Ltd,21,"Waste collection, treatment & disposal",0.000497399655393374,Tonnes,England,M
2021,22,Benzene,14581,Ferrybridge MF1,447500.0,424720.0,Ferrybridge MFE Ltd,18,Major power producers,0.493012090025402,Tonnes,England,M
2021,22,Benzene,14585,Seal Sands CATS Terminal,452150.0,524260.0,Wood Group PSN Ltd,3,Oil & gas exploration and production,0.575061606360001,Tonnes,England,O
2021,22,Benzene,14587,Cauldon Cement Plant,408500.0,349600.0,Lafarge Cauldon Ltd,11,Cement,12.55448,Tonnes,England,O
2021,22,Benzene,14590,Lindsey Oil Refinery,515330.0,417340.0,Total Lindsey Oil Refinery Ltd,9,Processing & distribution of petroleum products,67.461427035,Tonnes,England,M
2021,22,Benzene,14631,Eye,614260.0,273810.0,1Stop Halal Ltd,5,"Food, drink & tobacco industry",0.0163886357670312,Tonnes,England,M
2021,22,Benzene,14646,Minerva Platform,568500.0,452300.0,Perenco UK Ltd,3,Oil & gas exploration and production,0.1368732,Tonnes,Offshore,O
2021,22,Benzene,14650,Bradford,416912.0,431517.0,Kemira Chemicals (UK) Ltd,10,Chemical industry,0.0958310753573051,Tonnes,England,M
2021,22,Benzene,14656,Thurrock Data Centre,557679.0,177926.0,Fujitsu Services Ltd,23,Commercial,0.000405464603020171,Tonnes,England,M
2021,22,Benzene,14657,Stevenage Data Centre,522734.0,224290.0,Fujitsu Services Ltd,23,Commercial,0.000884099647144715,Tonnes,England,M
2021,22,Benzene,14658,Newport,454717.0,84542.0,Glasshouse Generation Ltd,1,"Agriculture, forestry & fishing",0.103205990772439,Tonnes,England,M
2021,22,Benzene,14659,Arreton Valley Nurseries,454717.0,84542.0,Harvest Generation Services Ltd,1,"Agriculture, forestry & fishing",0.0947684146307758,Tonnes,England,M
2021,22,Benzene,14661,Eggborough,456928.0,423529.0,Saint-Gobain Glass (United Kingdom) Ltd,4,Other mineral industries,0.231792906247772,Tonnes,England,M
2021,22,Benzene,14662,London,533089.0,180904.0,20 Fenchurch Street Ltd Partnership,23,Commercial,0.0100142296559866,Tonnes,England,M
2021,22,Benzene,14664,Elstow Asphalt,504278.0,245708.0,Tarmac Trading Ltd,4,Other mineral industries,0.0237190557494359,Tonnes,England,M
2021,22,Benzene,14667,Derby,435988.0,332278.0,Rolls-Royce Power Development Ltd,26,Minor power producers,0.0327204824412359,Tonnes,England,M
2021,22,Benzene,14670,Stonehouse,380059.0,205975.0,Muller UK & Ireland Group LLP,5,"Food, drink & tobacco industry",0.0880644813423694,Tonnes,England,M
2021,22,Benzene,14671,London,538466.0,181020.0,Global Switch Ltd,23,Commercial,0.000296050644793838,Tonnes,England,M
2021,22,Benzene,14674,Dalston,337290.0,550765.0,NestlÃ© UK Ltd,5,"Food, drink & tobacco industry",0.0563102563173918,Tonnes,England,M
2021,22,Benzene,14678,Agecroft Asphalt,380581.0,400989.0,Tarmac Trading Ltd,4,Other mineral industries,8.51852462609766e-07,Tonnes,England,M
2021,22,Benzene,14679,Gloucester,381828.0,215977.0,UK Power Reserve Ltd,26,Minor power producers,0.0597647346673244,Tonnes,England,M
2021,22,Benzene,14682,Hazel Grove,390633.0,386651.0,Nexperia UK Ltd,16,Electrical engineering,0.0723196351538307,Tonnes,England,M
2021,22,Benzene,14687,Hindlow Quarry,409681.0,367937.0,Tarmac Cement & Lime Ltd,12,Lime,0.171472996918787,Tonnes,England,M
2021,22,Benzene,14689,Selby Power Station,463150.0,431296.0,Selby Power Ltd,26,Minor power producers,0.020787124174749,Tonnes,England,M
2021,22,Benzene,14690,Tillingham Power Station,486483.0,153718.0,Tillingham Power Ltd,26,Minor power producers,0.0362969574872302,Tonnes,England,M
2021,22,Benzene,14691,Harbourne Power Station,486483.0,153718.0,Harbourne Power Ltd,26,Minor power producers,0.015510201768287,Tonnes,England,M
2021,22,Benzene,14692,Redlake Power Station,464699.0,105473.0,Redlake Power Ltd,26,Minor power producers,0.0262940595330975,Tonnes,England,M
2021,22,Benzene,14693,Hindley Green,363843.0,402343.0,Electric Glass Fiber UK Ltd,4,Other mineral industries,0.119571068967329,Tonnes,England,M
2021,22,Benzene,14694,Hemel Hempstead Power Station,507407.0,209131.0,UK Power Reserve Ltd,26,Minor power producers,0.0654088655858208,Tonnes,England,M
2021,22,Benzene,14695,Ansty,440692.0,280840.0,RWG (Repair & Overhauls) Ltd,23,Commercial,0.0133402453644268,Tonnes,England,M
2021,22,Benzene,14696,St Fergus Gas Terminal,409778.0,853406.0,PX Ltd,3,Oil & gas exploration and production,0.10828091429,Tonnes,Scotland,O
2021,22,Benzene,14697,Auchinleck,254723.0,621869.0,Egger (UK) Ltd,7,Other industries,2.54812430836928,Tonnes,Scotland,M
2021,22,Benzene,14698,Dalzell Works,275802.0,656788.0,Liberty Steel Dalzell Ltd,13,Iron & steel industries,0.0395240297569537,Tonnes,Scotland,M
2021,22,Benzene,14699,Clydebridge Works,263681.0,661076.0,Liberty Steel Clydebridge Ltd,13,Iron & steel industries,0.00308859482320396,Tonnes,Scotland,M
2021,22,Benzene,14700,Cadoxton Power Station,314616.0,168928.0,Cadoxton Reserve Power Ltd,26,Minor power producers,0.0178283098526749,Tonnes,Wales,M
2021,22,Benzene,14701,Larigan Power Station,302833.0,182419.0,Larigan Power Ltd,26,Minor power producers,0.0483921006210283,Tonnes,Wales,M
2021,22,Benzene,14702,Point of Ayr Gas Terminal,312190.0,384438.0,Eni UK Ltd,3,Oil & gas exploration and production,0.00892670000000002,Tonnes,Wales,O
2021,22,Benzene,14703,Artigarvan Site,53104.0,564621.0,LacPatrick Dairies (NI) Ltd,5,"Food, drink & tobacco industry",0.0866032284558747,Tonnes,Northern Ireland,M
2021,22,Benzene,14704,Banbridge,123118.0,502597.0,Lakeland Dairies (NI) Ltd,5,"Food, drink & tobacco industry",1.08267700086532e-06,Tonnes,Northern Ireland,M
2021,22,Benzene,14705,Solan,294100.0,1137800.0,Premier Oil UK Ltd,3,Oil & gas exploration and production,0.3204096,Tonnes,Offshore,O
2021,22,Benzene,14708,Clair Ridge,374900.0,1205300.0,BP Exploration Operating Company Ltd,3,Oil & gas exploration and production,0.435235200000001,Tonnes,Offshore,O
2021,22,Benzene,14709,Glen Lyon FPSO,287608.0,1164816.0,BP Exploration Operating Company Ltd,3,Oil & gas exploration and production,0.461357700000002,Tonnes,Offshore,O
2021,22,Benzene,14712,Douglas,296321.0,404747.0,Eni UK Ltd,3,Oil & gas exploration and production,0.565243200000001,Tonnes,Offshore,O
2021,22,Benzene,14749,Leeds RERF,432810.0,432440.0,Veolia ES Leeds Ltd,21,"Waste collection, treatment & disposal",0.150366231462698,Tonnes,England,M
2021,22,Benzene,14762,Slyfield Industrial Estate,499790.0,152280.0,Anglo Beef Processors Ltd,5,"Food, drink & tobacco industry",0.00177662874255035,Tonnes,England,M
2021,22,Benzene,14820,Greatmoor EfW,470300.0,222400.0,Fcc Recycling (UK) Ltd,21,"Waste collection, treatment & disposal",0.227751105447085,Tonnes,England,M
2021,22,Benzene,14828,Slough Chocolate Factory,495100.0,181550.0,MARS Chocolate UK Ltd,5,"Food, drink & tobacco industry",0.0578270759541702,Tonnes,England,M
2021,22,Benzene,14839,Devonport EfW CHP Facility,244700.0,57400.0,Mvv Environment Devonport Ltd,21,"Waste collection, treatment & disposal",0.182533758059782,Tonnes,England,M
2021,22,Benzene,14841,Wilton 11 EfW Plant,456800.0,522000.0,Suez Recycling & Recovery UK Ltd,21,"Waste collection, treatment & disposal",0.344635439873397,Tonnes,England,M
2021,22,Benzene,14842,Tunstead Quarry,409620.0,375550.0,Tarmac Cement & Lime Ltd,11,Cement,5.45798666666667,Tonnes,England,M
2021,22,Benzene,14856,Severnside Energy Recovery Centre,354770.0,181320.0,Suez Recycling & Recovery UK Ltd,21,"Waste collection, treatment & disposal",0.301637500856459,Tonnes,England,M
2021,22,Benzene,14860,"Spectrum Business Park, Wrexham",338067.0,349310.0,Cott Beverages,5,"Food, drink & tobacco industry",0.00942697908442365,Tonnes,Wales,M
2021,22,Benzene,14864,"Stormy Down, Porthcawl",284263.0,180020.0,Parc Stormy Down Anaerobic Digestion Facility,21,"Waste collection, treatment & disposal",2e-06,Tonnes,Wales,O
2021,22,Benzene,14874,"Derriford Hospital,Derriford Road,PLYMOUTH,Devon",249930.0,59563.0,Plymouth Hospitals NHS Trust,24,Public administration,0.118791600761938,Tonnes,England,M
2021,22,Benzene,14875,"Avonmouth Clinical Waste Incinerator, Holesmouth Road, Bristol, Avon",352100.0,180500.0,SRCL Limited,21,"Waste collection, treatment & disposal",0.132362322651074,Tonnes,England,M
2021,22,Benzene,14885,Stella FPF-1,648153.0,776066.0,Ithaca Energy (UK) Ltd,3,Oil & gas exploration and production,3.0156954,Tonnes,Offshore,O
2021,22,Benzene,14887,Trowbridge STW New CHP,377827.0,162908.0,Wessex Water Services Ltd,20,Water & sewerage,0.000934159,Tonnes,England,O
2021,22,Benzene,14888,Riverside STW CHP,551422.0,182137.0,Thames Water Utilities Ltd,20,Water & sewerage,0.00736778,Tonnes,England,O
2021,22,Benzene,14889,Crossness STW Biogas Generators,548652.0,180823.0,Thames Water Utilities Ltd,20,Water & sewerage,0.004590266,Tonnes,England,O
2021,22,Benzene,14890,Beckton STW Biogas CHP Generating Station,544848.0,182409.0,Thames Water Utilities Ltd,20,Water & sewerage,0.004686903,Tonnes,England,O
2021,22,Benzene,14891,Sugden End Energy,515456.0,180132.0,AlphaGen Renewables Ltd,21,"Waste collection, treatment & disposal",0.000110636,Tonnes,England,O
2021,22,Benzene,14892,Longhill landfill site,379731.0,398037.0,Ylem Energy Limited,21,"Waste collection, treatment & disposal",0.000251921,Tonnes,England,O
2021,22,Benzene,14893,Minworth STW CHP April 2016,459788.0,311363.0,Severn Trent Water Ltd,20,Water & sewerage,0.008037556,Tonnes,England,O
2021,22,Benzene,14894,Camberley STW CHP 2015,486156.0,159708.0,Thames Water Utilities Ltd,20,Water & sewerage,0.000463858,Tonnes,England,O
2021,22,Benzene,14895,Gilberdyke Landfill Site,379731.0,398037.0,Ylem Energy Limited,21,"Waste collection, treatment & disposal",0.000463476,Tonnes,England,O
2021,22,Benzene,14896,Rye Meads STW  CHP 2015,539147.0,210279.0,Thames Water Utilities Ltd,20,Water & sewerage,0.001874761,Tonnes,England,O
2021,22,Benzene,14897,Deephams STW 2016,536071.0,193707.0,Thames Water Utilities Ltd,20,Water & sewerage,0.002412708,Tonnes,England,O
2021,22,Benzene,14898,Basingstoke STW 2016,467437.0,155185.0,Thames Water Utilities Ltd,20,Water & sewerage,0.001888452,Tonnes,England,O
2021,22,Benzene,14899,Bracknell STW CHP 2015,485883.0,171856.0,Thames Water Utilities Ltd,20,Water & sewerage,0.00046869,Tonnes,England,O
2021,22,Benzene,14900,Slough STW CHP 2015,494599.0,179496.0,Thames Water Utilities Ltd,20,Water & sewerage,0.000934965,Tonnes,England,O
2021,22,Benzene,14901,Wargrave STW CHP 2015,477799.0,177302.0,Thames Water Utilities Ltd,20,Water & sewerage,0.00046869,Tonnes,England,O
2021,22,Benzene,14902,Swindon STW CHP 2015,413097.0,185729.0,Thames Water Utilities Ltd,20,Water & sewerage,0.000937381,Tonnes,England,O
2021,22,Benzene,14905,Mariner PDQ,575953.0,1082319.0,Statoil UK Ltd,3,Oil & gas exploration and production,0.490922100000001,Tonnes,Offshore,O
2021,22,Benzene,14909,Lomond,650888.0,830306.0,Chrysaor Ltd,3,Oil & gas exploration and production,0.0446335,Tonnes,Offshore,O
2021,22,Benzene,14910,North Everest,626623.0,885718.0,Chrysaor Ltd,3,Oil & gas exploration and production,0.0399076,Tonnes,Offshore,O
2021,22,Benzene,14912,Balmoral FPV,582214.0,930270.0,Premier Oil E&P UK Ltd,3,Oil & gas exploration and production,0.36729,Tonnes,Offshore,O
2021,22,Benzene,14914,Maydown Works,65311.0,583384.0,A & AT UK Ltd,10,Chemical industry,0.08658037101168,Tonnes,Northern Ireland,M
2021,22,Benzene,14915,Tonypandy Power Station,299390.0,193202.0,UK Power Reserve Ltd,26,Minor power producers,0.0421943068906131,Tonnes,Wales,M
2021,22,Benzene,14916,Traston Road Power Station,332953.0,185707.0,UK Power Reserve Ltd,26,Minor power producers,0.0642342462685738,Tonnes,Wales,M
2021,22,Benzene,14917,Ogmore Power Station,314751.0,211843.0,Ogmore Power Ltd,26,Minor power producers,0.0423817696535164,Tonnes,Wales,M
2021,22,Benzene,14918,Clyne Power Station,315509.0,210573.0,Clyne Power Ltd,26,Minor power producers,0.0411894349802759,Tonnes,Wales,M
2021,22,Benzene,14919,Docks Way Power Station,330953.0,186161.0,UK Power Reserve Ltd,26,Minor power producers,0.0273489924264994,Tonnes,Wales,M
2021,22,Benzene,14920,Culvery Power Station,332302.0,367994.0,Culvery Power Ltd,26,Minor power producers,0.0218196408700623,Tonnes,Wales,M
2021,22,Benzene,14921,Nevern Power Station,315509.0,210493.0,Nevern Power Ltd,26,Minor power producers,0.0418102772323087,Tonnes,Wales,M
2021,22,Benzene,14924,SAGE Terminal,409469.0,854455.0,Ancala Midstream Acquisitions Ltd,3,Oil & gas exploration and production,0.259777779560002,Tonnes,Scotland,O
2021,22,Benzene,14925,Macallan Distillery,327638.0,844371.0,The Macallan Distillers Ltd,5,"Food, drink & tobacco industry",0.0214627517077471,Tonnes,Scotland,M
2021,22,Benzene,14927,Lochaber Smelter,212630.0,775039.0,Liberty Aluminium Lochaber Ltd,14,Non-ferrous metal industries,0.00211053884998344,Tonnes,Scotland,M
2021,22,Benzene,14928,Forties Pipeline System - Kinneil,295842.0,680481.0,Ineos FPS Ltd,3,Oil & gas exploration and production,0.12102048,Tonnes,Scotland,O
2021,22,Benzene,14930,Gateshead District Energy Scheme,425956.0,563447.0,Gateshead Energy Company Ltd,26,Minor power producers,0.0288237284821764,Tonnes,England,M
2021,22,Benzene,14931,Sovereign House,538147.0,179752.0,Digital London Ltd,23,Commercial,0.000106519171533927,Tonnes,England,M
2021,22,Benzene,14932,Carrington Peel Power Station,372352.0,392485.0,UK Power Reserve Ltd,26,Minor power producers,0.0677569062424413,Tonnes,England,M
2021,22,Benzene,14933,Immingham Kings Road Power Station,519621.0,414736.0,UK Power Reserve Ltd,26,Minor power producers,0.0419559500073472,Tonnes,England,M
2021,22,Benzene,14938,Winnersh - LO6,477839.0,171730.0,Cyxtera Technology UK Ltd,23,Commercial,0.000334849844520733,Tonnes,England,M
2021,22,Benzene,14939,Mansfield Power Station,452400.0,359772.0,UK Power Reserve Ltd,26,Minor power producers,0.0543586726087853,Tonnes,England,M
2021,22,Benzene,14940,Tottenham Power Station,535231.0,191387.0,UK Power Reserve Ltd,26,Minor power producers,0.0522067972336729,Tonnes,England,M
2021,22,Benzene,14941,Immingham Queens Road Power Station,520287.0,414714.0,UK Power Reserve Ltd,26,Minor power producers,0.0408042998918889,Tonnes,England,M
2021,22,Benzene,14942,Basildon,572235.0,190417.0,Imperium Centre Ltd,23,Commercial,0.000388204573446246,Tonnes,England,M
2021,22,Benzene,14943,NOVA Victoria,528977.0,179228.0,Victoria Circle Ltd Partnership,23,Commercial,0.00034219845082011,Tonnes,England,M
2021,22,Benzene,14944,Bracknell Power Station,485837.0,169248.0,UK Power Reserve Ltd,26,Minor power producers,0.0680765543204905,Tonnes,England,M
2021,22,Benzene,14945,Stanlow Power Station,341830.0,376362.0,UK Power Reserve Ltd,26,Minor power producers,0.0711798525322844,Tonnes,England,M
2021,22,Benzene,14946,Leeds Generation Station Complex,429512.0,434722.0,Engie Services Ltd,26,Minor power producers,0.211206822060957,Tonnes,England,M
2021,22,Benzene,14947,Citigroup Centre,537628.0,180209.0,CIB Properties Ltd,23,Commercial,5.59541569824944e-05,Tonnes,England,M
2021,22,Benzene,14948,Riverdale Data Centre,538208.0,175601.0,CIB Properties Ltd,23,Commercial,0.0465728765567757,Tonnes,England,M
2021,22,Benzene,14953,Discovery Park,633292.0,159603.0,Discovery Park Management Ltd,23,Commercial,0.00529511676262595,Tonnes,England,M
2021,22,Benzene,14954,London,529884.0,183059.0,The Francis Crick Institute Ltd,23,Commercial,0.0582899484870582,Tonnes,England,M
2021,22,Benzene,14956,Sheffield,440568.0,389690.0,Aggregate Industries UK Ltd,4,Other mineral industries,0.00515844972320723,Tonnes,England,M
2021,22,Benzene,14958,Claughton,356173.0,466379.0,Forterra Building Products Ltd,4,Other mineral industries,0.0437694708043279,Tonnes,England,M
2021,22,Benzene,14959,Bury Power Station,380355.0,411436.0,Bury Power Ltd,26,Minor power producers,0.0562114800132106,Tonnes,England,M
2021,22,Benzene,14960,Wolverhampton Power Station,392914.0,298062.0,Wolverhampton Power Ltd,26,Minor power producers,0.0300612250831345,Tonnes,England,M
2021,22,Benzene,14962,Liberty Speciality Steels - Rotherham,445073.0,395125.0,Speciality Steel UK Ltd,13,Iron & steel industries,0.102033069370209,Tonnes,England,M
2021,22,Benzene,14963,Liberty Speciality Steels - Stocksbridge,427168.0,398653.0,Speciality Steel UK Ltd,13,Iron & steel industries,0.0859789277856769,Tonnes,England,M
2021,22,Benzene,14964,Liberty Speciality Steels - Brinsworth,440928.0,391280.0,Speciality Steel UK Ltd,13,Iron & steel industries,0.0211075933613157,Tonnes,England,M
2021,22,Benzene,14965,Cadishead Power Station,371532.0,392258.0,UK Power Reserve Ltd,23,Commercial,0.0306303030528867,Tonnes,England,M
2021,22,Benzene,14966,Globe Industrial Power Station,393989.0,396987.0,UK Power Reserve Ltd,23,Commercial,0.0608782375612722,Tonnes,England,M
2021,22,Benzene,14967,Chadderton Power Station,390665.0,405112.0,UK Power Reserve Ltd,23,Commercial,0.0328223682300817,Tonnes,England,M
2021,22,Benzene,14968,Newton Aycliffe,427935.0,521580.0,II-VI Compound Semiconductors Ltd,16,Electrical engineering,0.0126316346553911,Tonnes,England,M
2021,22,Benzene,14969,Hull Royal Infirmary,508373.0,428788.0,Hull & East Yorkshire Hospitals NHS Trust,24,Public administration,0.0436805343195796,Tonnes,England,M
2021,22,Benzene,14970,Grantham,493952.0,326812.0,McCain Foods (G.B.) Ltd,5,"Food, drink & tobacco industry",0.0180294690287471,Tonnes,England,M
2021,22,Benzene,14971,Somercotes,442493.0,354953.0,Reserve Power Trading Ltd,26,Minor power producers,0.0227243221124887,Tonnes,England,M
2021,22,Benzene,14972,Darent Power,633428.0,159463.0,Kent Renewable Energy Ltd,26,Minor power producers,0.00329368888016879,Tonnes,England,M
2021,22,Benzene,14973,20 Canada Square Generators,537757.0,180191.0,BNP Paribas Real Estate Advisory & Property Management UK Ltd,23,Commercial,4.02630702627476e-05,Tonnes,England,M
2021,22,Benzene,14975,Arla Foods Westbury,385590.0,152136.0,Arla Foods Ltd,5,"Food, drink & tobacco industry",0.0975267669644212,Tonnes,England,M
2021,22,Benzene,14978,20 Bank Street - Standby Generators,537375.0,180081.0,Morgan Stanley UK Group,23,Commercial,0.00101672511935174,Tonnes,England,M
2021,22,Benzene,14979,Croydon Data Centre - Standby Generators,529947.0,166410.0,Morgan Stanley UK Group,23,Commercial,0.000180812176253837,Tonnes,England,M
2021,22,Benzene,14980,Heathrow Data Centre - Standby Generators,511337.0,175616.0,Morgan Stanley UK Group,23,Commercial,2.87913336224235e-05,Tonnes,England,M
2021,22,Benzene,14981,Thamesteel Power Station,591172.0,174391.0,UK Power Reserve Ltd,26,Minor power producers,0.0383438988336884,Tonnes,England,M
2021,22,Benzene,14983,Ashford Power,580741.0,172834.0,Ashford Power Ltd,26,Minor power producers,0.0810091700288412,Tonnes,England,M
2021,22,Benzene,14984,Marden Power Station,489357.0,412628.0,Marden Power Ltd,26,Minor power producers,0.0226373251905203,Tonnes,England,M
2021,22,Benzene,14986,Tees Valley Nursery Energy Centre,447954.0,523452.0,APS Growers Ltd,1,"Agriculture, forestry & fishing",0.00289089648961082,Tonnes,England,M
2021,22,Benzene,14987,Armada Kraken FPSO,584270.0,1120048.0,BUMI ARMADA UK LIMITED,3,Oil & gas exploration and production,0.557670900000001,Tonnes,Offshore,O
2021,22,Benzene,14988,BW Catcher,565995.0,767426.0,BW OFFSHORE,3,Oil & gas exploration and production,0.287654100000001,Tonnes,Offshore,O
2021,22,Benzene,14991,Teesside Gas Processing Plant,451740.0,524210.0,px (TGPP) Ltd,19,Processing & distribution of natural gas,0.605562940520002,Tonnes,England,O
2021,22,Benzene,14993,Mogden STW 2016,515418.0,175045.0,Thames Water Utilities Ltd,20,Water & sewerage,0.004715894,Tonnes,England,O
2021,22,Benzene,14994,Chelmsford WRC,515520.0,298125.0,Anglian Water Services Ltd,20,Water & sewerage,0.000550832,Tonnes,England,O
2021,22,Benzene,40103,Enfield,536640.0,197160.0,Warburtons Ltd,5,"Food, drink & tobacco industry",0.0535728946818731,Tonnes,England,M
2021,22,Benzene,40104,Southall Ready Meals Factory,514190.0,179980.0,Noon Products Ltd,5,"Food, drink & tobacco industry",0.0234866037458114,Tonnes,England,M
2021,22,Benzene,40124,Wakefield Bakery,439070.0,424790.0,Warburtons Ltd,5,"Food, drink & tobacco industry",0.000146708667179801,Tonnes,England,M
2021,22,Benzene,40138,Cornwall Energy Recovery Centre,194520.0,56970.0,Suez Recycling & Recovery UK Ltd,21,"Waste collection, treatment & disposal",0.185683740701173,Tonnes,England,M
2021,22,Benzene,40164,Argent Biodiesel Stanlow Site,343260.0,376390.0,Argent Energy (UK) Ltd,21,"Waste collection, treatment & disposal",0.019825495564838,Tonnes,England,M
2021,22,Benzene,40166,North Tees Site,452570.0,522980.0,Sabic UK Petrochemicals Ltd,10,Chemical industry,0.2,Tonnes,England,M
2021,22,Benzene,40169,Waterbeach (Composting/Waste Transfer),548280.0,268340.0,Ameycespa (East) Ltd,21,"Waste collection, treatment & disposal",0.0440566568107511,Tonnes,England,M
2021,22,Benzene,40171,Burton Latimer,489470.0,275700.0,Alpro (UK) Ltd,5,"Food, drink & tobacco industry",0.0512608586060987,Tonnes,England,M
2021,22,Benzene,40193,Hams Hall,420622.0,292362.0,Forterra Building Products Ltd,4,Other mineral industries,0.0440566568107511,Tonnes,England,M
2021,22,Benzene,40222,Holbrook Community Renewable Energy Centre,444520.0,381670.0,Equitix ESI CHP (SHEFF) Ltd,26,Minor power producers,3.144304192204,Tonnes,England,M
2021,22,Benzene,40232,Mercia Envirecover Site,385960.0,269840.0,Severn Waste Services Ltd,21,"Waste collection, treatment & disposal",0.162409620030823,Tonnes,England,M
2021,22,Benzene,40244,Tollcross Road Site,263364.0,663431.0,United Biscuits Ltd,5,"Food, drink & tobacco industry",0.0443121854202532,Tonnes,Scotland,M
2021,22,Benzene,40252,Beaufort Road Power Station,330445.0,389969.0,UK Power Reserve Ltd,26,Minor power producers,0.0685015433600406,Tonnes,England,M
2021,22,Benzene,40253,Saltend Chemicals Park,516042.0,427832.0,Saltend Chemicals Park Ltd,10,Chemical industry,0.00967939965263634,Tonnes,England,M
2021,22,Benzene,40254,Taylor Lane 3 & 4,442552.0,347596.0,Powertree (Taylor Lane) Ltd,26,Minor power producers,0.0605459382682094,Tonnes,England,M
2021,22,Benzene,40255,Sunderland Royal Hospital,437866.0,556587.0,City Hospitals Independent Commercial Enterprises Ltd,24,Public administration,0.0445480111710334,Tonnes,England,M
2021,22,Benzene,40256,Zenium - London One,495567.0,181087.0,Zenium UK Ltd,23,Commercial,3.1552628644694e-05,Tonnes,England,M
2021,22,Benzene,40257,Linford Blocks,566856.0,179801.0,Tarmac Building Products Ltd,4,Other mineral industries,0.0463313034071317,Tonnes,England,M
2021,22,Benzene,40258,Tawd Mill,349125.0,404110.0,Essity UK Ltd,8,"Paper, printing & publishing industries",0.110914049597231,Tonnes,England,M
2021,22,Benzene,40259,Runcorn,356853.0,379617.0,Saint-Gobain Isover UK Ltd,4,Other mineral industries,0.0429868540480994,Tonnes,England,M
2021,22,Benzene,40260,Staveley Energy Park,443370.0,375664.0,Alkane Energy CM Ltd,26,Minor power producers,0.0162395483231268,Tonnes,England,M
2021,22,Benzene,40261,Loddon Power Station,467439.0,155217.0,Loddon Power Ltd,26,Minor power producers,0.0184595671473538,Tonnes,England,M
2021,22,Benzene,40262,Wharf Power Station,335351.0,382545.0,Wharf Power Ltd,26,Minor power producers,0.0359976946239525,Tonnes,England,M
2021,22,Benzene,40263,Kiln Power Station,441315.0,292567.0,Kiln Power Ltd,26,Minor power producers,0.045462855675271,Tonnes,England,M
2021,22,Benzene,40264,Irwell Power Station,380322.0,411500.0,Irwell Power Ltd,26,Minor power producers,0.0202498470922081,Tonnes,England,M
2021,22,Benzene,40265,Northwich Power Station,368241.0,374334.0,Northwich Power Ltd,26,Minor power producers,0.0570802408709926,Tonnes,England,M
2021,22,Benzene,40266,Creyke Beck Peaking Plant,503552.0,434185.0,Creyke Beck Power Ltd,26,Minor power producers,0.120400051147922,Tonnes,England,M
2021,22,Benzene,40267,Nottingham Road Power Station,449511.0,333963.0,UK Power Reserve Ltd,26,Minor power producers,0.0593469191022979,Tonnes,England,M
2021,22,Benzene,40269,Appleford,451339.0,193674.0,Hanson Quarry Products Europe Ltd,4,Other mineral industries,0.00134650078248095,Tonnes,England,M
2021,22,Benzene,40270,Low Marnham,480542.0,369449.0,J G Pears (Newark) Ltd,5,"Food, drink & tobacco industry",0.0252722056874179,Tonnes,England,M
2021,22,Benzene,40272,Overton Mill,451736.0,150947.0,Portals De La Rue Ltd,8,"Paper, printing & publishing industries",0.124997558508985,Tonnes,England,M
2021,22,Benzene,40273,Grimsby Power Station,525651.0,411242.0,RWE Generation UK plc,10,Chemical industry,0.0105482142517446,Tonnes,England,M
2021,22,Benzene,40276,Seal Sands Power Station,452694.0,524742.0,RWE Generation UK plc,9,Processing & distribution of petroleum products,0.0796472003832888,Tonnes,England,M
2021,22,Benzene,40277,Cheshire Power Station,339061.0,378393.0,RWE Generation UK plc,8,"Paper, printing & publishing industries",0.00742618743103212,Tonnes,England,M
2021,22,Benzene,40278,Hythe Power Station,443892.0,105893.0,RWE Generation UK plc,10,Chemical industry,0.0226373570390321,Tonnes,England,M
2021,22,Benzene,40279,Britvic Energy Centre,449920.0,277390.0,E.on Connecting Energies Ltd,26,Minor power producers,0.108272455304304,Tonnes,England,M
2021,22,Benzene,40280,Hazlehead,418074.0,404654.0,Wavin Ltd,7,Other industries,0.0476450183982991,Tonnes,England,M
2021,22,Benzene,40281,Birmingham Heartlands Hospital,411787.0,286799.0,University Hospitals Birmingham NHS Foundation Trust,24,Public administration,0.0270428522059519,Tonnes,England,M
2021,22,Benzene,40282,Lavant Power,386742.0,289801.0,Lavant Power Ltd,26,Minor power producers,0.0548949100574755,Tonnes,England,M
2021,22,Benzene,40283,St James Hospital CHP Plant,431610.0,434622.0,Vital Energi Solutions Ltd,24,Public administration,0.0265160319870979,Tonnes,England,M
2021,22,Benzene,40284,Thelwall Lane Power Station,363929.0,387483.0,UK Power Reserve Ltd,26,Minor power producers,0.063279816839329,Tonnes,England,M
2021,22,Benzene,40285,Alders Way Power Station,287022.0,59300.0,UK Power Reserve Ltd,26,Minor power producers,0.0675449654805601,Tonnes,England,M
2021,22,Benzene,40286,Lodge Lane Power Station,358018.0,396837.0,UK Power Reserve Ltd,26,Minor power producers,0.0608108836280363,Tonnes,England,M
2021,22,Benzene,40287,Lyon Road Power Station,486710.0,234880.0,UK Power Reserve Ltd,26,Minor power producers,0.0653138793419613,Tonnes,England,M
2021,22,Benzene,40288,Mollison Avenue Power Station,536838.0,198106.0,UK Power Reserve Ltd,26,Minor power producers,0.0589079301797442,Tonnes,England,M
2021,22,Benzene,40289,Banbury Power,446555.0,241943.0,Banbury Power Ltd,26,Minor power producers,0.0372766233349024,Tonnes,England,M
2021,22,Benzene,40291,Iron Mountain Slough Data Centre,494903.0,181762.0,Iron Mountain (UK) Data Centre Ltd,23,Commercial,0.000987418146617999,Tonnes,England,M
2021,22,Benzene,40292,Glenavy,125471.0,529575.0,Linergy Ltd,5,"Food, drink & tobacco industry",0.0228867829368067,Tonnes,Northern Ireland,M
2021,22,Benzene,40293,The Glenlivet Distillery,319493.0,828695.0,Chivas Brothers Ltd,5,"Food, drink & tobacco industry",0.0788135721430123,Tonnes,Scotland,M
2021,22,Benzene,40294,John Anderson Campus DEN,259731.0,665773.0,University of Strathclyde,24,Public administration,0.0873098593330318,Tonnes,Scotland,M
2021,22,Benzene,40295,East Tullos,395569.0,804018.0,Pelagia (UK) Ltd,5,"Food, drink & tobacco industry",0.024762354212729,Tonnes,Scotland,M
2021,22,Benzene,40296,Sullom Voe Terminal,440084.0,1175128.0,EnQuest Heather Ltd,3,Oil & gas exploration and production,10.75143756033,Tonnes,Scotland,O
2021,22,Benzene,40297,St Asaph Power Station,302068.0,373971.0,St Asaph Power Ltd,26,Minor power producers,0.0232122031019805,Tonnes,Wales,M
2021,22,Benzene,40298,Bartley Power,328855.0,344417.0,Bartley Power Ltd,26,Minor power producers,0.0633617585879009,Tonnes,Wales,M
2021,22,Benzene,40301,"Sean PP, PD",722687.0,380114.0,Oranje Nassau Energie Resources Limited,3,Oil & gas exploration and production,0.50899821,Tonnes,Offshore,O
2021,22,Benzene,40302,BRUCE,600127.0,1098697.0,SERICA ENERGY (UK) LIMITED,3,Oil & gas exploration and production,0.623458200000001,Tonnes,Offshore,O
2021,22,Benzene,40303,Magnus,574210.0,1308249.0,EnQuest Heather Limited,3,Oil & gas exploration and production,0.697737600000001,Tonnes,Offshore,O
2021,22,Benzene,40307,Kirkdale Palm Oil Refinery,333800.0,393400.0,New Britain Oils,5,"Food, drink & tobacco industry",0.0440566568107511,Tonnes,England,M
2021,22,Benzene,40336,Ellesmere Port Transformer Oil Regeneration Plant,342440.0,375900.0,Haltermann Carless UK Ltd,21,"Waste collection, treatment & disposal",0.2,Tonnes,England,M
2021,22,Benzene,40361,Station Road Site,605150.0,294939.0,Banham Poultry (2018) Ltd,5,"Food, drink & tobacco industry",0.0469423678318552,Tonnes,England,M
2021,22,Benzene,40397,Orchard Mill,368810.0,422770.0,Perspex International Ltd,10,Chemical industry,0.0394307078456222,Tonnes,England,M
2021,22,Benzene,40406,Widmerpool Biomass Power Plant,465190.0,327780.0,Equitix ESI CHP (Nottingham) Ltd,26,Minor power producers,0.199975913552192,Tonnes,England,O
2021,22,Benzene,40413,Hinckley Hazardous Waste Transfer Station,440410.0,292740.0,Greenway Environmental Ltd,21,"Waste collection, treatment & disposal",0.2,Tonnes,England,M
2021,22,Benzene,40419,Beddington Energy Recovery Facility,529310.0,167260.0,VIRIDOR WASTE MANAGEMENT LTD,21,"Waste collection, treatment & disposal",0.240440413202524,Tonnes,England,M
2021,22,Benzene,40421,Caw House,428230.0,490060.0,Cawingredients Ltd,5,"Food, drink & tobacco industry",0.075737798723362,Tonnes,England,M
2021,22,Benzene,40464,Millerhill Recycling & Energy Recovery Centre,332240.0,670755.0,FCC Waste Services (UK) Limited,23,Commercial,0.119781747644087,Tonnes,Scotland,M
2021,22,Benzene,40489,Culzean,636384.0,818137.0,Total E & P North Sea UK Ltd,3,Oil & gas exploration and production,0.4752554,Tonnes,Offshore,O
2021,22,Benzene,40491,Cygnus B,670715.0,530829.0,Neptune E & P UK Ltd,3,Oil & gas exploration and production,0.0147,Tonnes,Offshore,O
2021,22,Benzene,40492,Warrington Power Station,360245.0,387416.0,Warrington Power Ltd,26,Minor power producers,0.0427105674828609,Tonnes,England,M
2021,22,Benzene,40493,Immingham Power Station,519820.0,414959.0,Immingham Power Ltd,26,Minor power producers,0.0309334369512724,Tonnes,England,M
2021,22,Benzene,40494,Hull Reserve Power Station,516675.0,429188.0,Hull Reserve Power Ltd,26,Minor power producers,0.0474600418998263,Tonnes,England,M
2021,22,Benzene,40496,Wilton Energy Centre,457000.0,522300.0,ENGIE FM Ltd,10,Chemical industry,0.00630900101521224,Tonnes,England,M
2021,22,Benzene,40497,Hamble Power,400114.0,292731.0,Hamble Power Ltd,26,Minor power producers,0.0307388817585926,Tonnes,England,M
2021,22,Benzene,40498,Ripley,439678.0,351798.0,Mercia Power Response (Asher Lane 2) Ltd,26,Minor power producers,0.021242064075739,Tonnes,England,M
2021,22,Benzene,40499,Colwick,462579.0,340329.0,Mercia Power Response (Private Road No.5) Ltd,26,Minor power producers,0.0230527695815944,Tonnes,England,M
2021,22,Benzene,40500,Queen Alexandra Hospital,465474.0,105965.0,Engie Services Ltd,26,Minor power producers,0.064474573662403,Tonnes,England,M
2021,22,Benzene,40501,25 Cabot Square,537261.0,180281.0,25 CABOT SQUARE S.A.R.L,23,Commercial,0.00301046647647847,Tonnes,England,M
2021,22,Benzene,40503,Rownhams Generation Station,437244.0,116800.0,Keekle Power Ltd,26,Minor power producers,0.051483134621804,Tonnes,England,M
2021,22,Benzene,40504,The 100 Bishopsgate Partnership,533209.0,181388.0,Brookfield Properties (UK PM) Ltd,23,Commercial,0.0098500704474372,Tonnes,England,M
2021,22,Benzene,40505,Spondon Power Station,439557.0,335002.0,UK Power Reserve Ltd,26,Minor power producers,0.117843038896354,Tonnes,England,M
2021,22,Benzene,40506,Carrhill-1 Electricity Generating Plant,457950.0,401047.0,Walker & Son (Hauliers) Ltd,26,Minor power producers,0.0212368507929146,Tonnes,England,M
2021,22,Benzene,40507,Keele Works,378700.0,345550.0,Marley Ltd,4,Other mineral industries,0.0659067363826713,Tonnes,England,M
2021,22,Benzene,40508,Grimsby,525749.0,410969.0,Pelagia (UK) Ltd,5,"Food, drink & tobacco industry",0.0132146419185931,Tonnes,England,M
2021,22,Benzene,40509,William Harvey Hospital Steam Boilers and Generators,604090.0,142068.0,2gether Support Solutions Ltd,23,Commercial,0.00631801760748614,Tonnes,England,M
2021,22,Benzene,40510,Knitting Wife Beck Power Station,455206.0,520986.0,KWB Power Ltd,26,Minor power producers,0.00756861453087951,Tonnes,England,M
2021,22,Benzene,40511,Alderley Park Energy Centre,384740.0,375620.0,Alderley Park Ltd,26,Minor power producers,0.0607515846047289,Tonnes,England,M
2021,22,Benzene,40512,Spalding Energy Expansion,525941.0,324961.0,Spalding Energy Expansion Ltd,26,Minor power producers,0.250465669918332,Tonnes,England,M
2021,22,Benzene,40513,Avonmouth,352669.0,180485.0,Enersyst Ltd,26,Minor power producers,0.0419557635186146,Tonnes,England,M
2021,22,Benzene,40515,"PDHU Pump House, Pimlico",529700.0,177900.0,Westminster City Council,24,Public administration,0.0753151137830076,Tonnes,England,M
2021,22,Benzene,40516,Speke,343664.0,384539.0,Elanco UK AH Ltd,10,Chemical industry,0.179632320390011,Tonnes,England,M
2021,22,Benzene,40517,Ford Dunton Technical Centre,566713.0,189665.0,Ford Technologies Ltd,17,Vehicles,0.063836966140855,Tonnes,England,M
2021,22,Benzene,40522,Skelmersdale,349494.0,403721.0,Pimbo Generation Ltd,26,Minor power producers,0.0847831148383579,Tonnes,England,M
2021,22,Benzene,40523,Chadderton,389165.0,403560.0,Chadderton Generation Ltd,26,Minor power producers,0.0813744511768643,Tonnes,England,M
2021,22,Benzene,40524,King Edward Buildings,532008.0,181428.0,Bank of America Merrill Lynch International Designated Activity Co,23,Commercial,0.00543479526054851,Tonnes,England,M
2021,22,Benzene,40528,Chesterfield Paper Mill,437275.0,370675.0,Northwood Tissue (Chesterfield) Ltd,8,"Paper, printing & publishing industries",0.0467341375770788,Tonnes,England,M
2021,22,Benzene,40529,Glenfiddich Distillery,332640.0,840886.0,William Grant & Sons Distillers Ltd,5,"Food, drink & tobacco industry",0.181802778358921,Tonnes,Scotland,M
2021,22,Benzene,40532,Burghead Maltings,311310.0,868949.0,Diageo Scotland Ltd,5,"Food, drink & tobacco industry",3.6638815596119e-06,Tonnes,Scotland,M
2021,22,Benzene,40533,Roseisle Complex,312265.0,865505.0,Diageo Scotland Ltd,5,"Food, drink & tobacco industry",2.1624640772626,Tonnes,Scotland,M
2021,22,Benzene,40534,Glen Ord Distillery and Maltings,251700.0,850800.0,Diageo Scotland Ltd,5,"Food, drink & tobacco industry",0.0102150821841171,Tonnes,Scotland,M
2021,22,Benzene,40535,Afan Way Power Station,275603.0,189619.0,UK Power Reserve Ltd,26,Minor power producers,0.0522737031526714,Tonnes,Wales,M
2021,22,Benzene,40536,Baglan,273810.0,193160.0,Sofidel UK Ltd,8,"Paper, printing & publishing industries",0.0926192314911215,Tonnes,Wales,M
2021,22,Benzene,40537,Port Talbot Sinter,276520.0,188020.0,Tata Steel Ltd,13,Iron & steel industries,2.95795354,Tonnes,Wales,M
2021,22,Benzene,40538,Port Talbot Blast Furnaces,277090.0,188030.0,Tata Steel Ltd,13,Iron & steel industries,13.03449734,Tonnes,Wales,M
2021,22,Benzene,40540,Port Talbot Morfa Coke Ovens,277070.0,185800.0,Tata Steel Ltd,13,Iron & steel industries,61.44731815,Tonnes,Wales,M
2021,22,Benzene,40546,Scunthorpe Sinter,492050.0,409660.0,British Steel Ltd,13,Iron & steel industries,2.2006718,Tonnes,England,M
2021,22,Benzene,40547,Scunthorpe Blast Furnaces,491624.0,410272.0,British Steel Ltd,13,Iron & steel industries,9.178353991,Tonnes,England,M
2021,22,Benzene,40549,Scunthorpe Appleby Coke Ovens,491655.0,410975.0,British Steel Ltd,13,Iron & steel industries,19.885791301,Tonnes,England,M
2021,22,Benzene,40556,Aoka Mizu,481521.0,890951.0,Hurricane Energy Plc,3,Oil & gas exploration and production,11.1132438,Tonnes,Offshore,O
2021,22,Benzene,40597,"Crude Oil terminals Ltd,Tetney Oil Terminal Tetney Lock Road Tetney Grimsby Lincolnshire",532849.0,402182.0,Phillips 66 Limited,9,Processing & distribution of petroleum products,0.37,Tonnes,England,M
2021,22,Benzene,40599,Grimsby Chemical Works Moody Lane South Humberside,524040.0,412080.0,Solenis UK Industries Limited,10,Chemical industry,0.2,Tonnes,England,M
2021,22,Benzene,40602,Allerton Waste Recovery Park Allerton Park Quarry North Yorkshire,440581.0,459869.0,AmeyCespa (AWRP) ODC Limited,21,"Waste collection, treatment & disposal",0.215745270320083,Tonnes,England,M
2021,22,Benzene,40609,Low Moor Chemical Works CLECKHEATON ROAD LOW MOOR WEST YORKSHIRE,416188.0,428368.0,Solenis UK Industries Limited,10,Chemical industry,0.23,Tonnes,England,M
2021,22,Benzene,40618,Teesside Crude Oil Stabilisation Terminal Seal Sands Cleveland,453653.0,524835.0,Conocophillips (U.K.) Teeside Operator Limited,3,Oil & gas exploration and production,3.72648207681,Tonnes,England,O
2021,22,Benzene,40622,"Bolton Thermal Recovery Facility, Raikes Lane, Bolton",372800.0,407500.0,Suez Recycling And Recovery Uk Ltd,21,"Waste collection, treatment & disposal",0.0611279893222683,Tonnes,England,M
2021,22,Benzene,40644,Stranglands Lane West Yorkshire,447192.0,424951.0,Ferrybridge MFE 2 Limited,21,"Waste collection, treatment & disposal",0.502420729164342,Tonnes,England,M
2021,22,Benzene,40650,BKP Hazardous Waste Transfer and Treatment Station Unit 8 Casbrook Park Bunny Lane Timsbury Hampshire,436000.0,124880.0,BKP Waste & Recycling Limited,21,"Waste collection, treatment & disposal",0.2,Tonnes,England,M
2021,22,Benzene,40652,Austerfield Works,466000.0,394600.0,Bawtry Carbon Ltd,4,Other mineral industries,0.2,Tonnes,England,M
2021,22,Benzene,40654,Glasgow Recycling & Renewable Energy Centre,259560.0,662340.0,Viridor Waste Management Ltd,21,"Waste collection, treatment & disposal",0.0743373521517548,Tonnes,Scotland,M
2021,22,Benzene,40655,Dunbar ERF,371200.0,675900.0,Viridor Waste Management Ltd,21,"Waste collection, treatment & disposal",0.240622577434724,Tonnes,Scotland,M
2021,22,Benzene,40661,Hull Energy Production Facility,513853.0,429166.0,Biomass UK No.1 LLP,18,Major power producers,0.199975913552192,Tonnes,England,O
2021,22,Benzene,40687,Global Producer III,566078.0,946229.0,NEO Energy Production UK Ltd,3,Oil & gas exploration and production,0.1295871,Tonnes,Offshore,O
2021,22,Benzene,40688,Captain FPSO,414105.0,934448.0,Ithaca Energy (UK) Ltd,3,Oil & gas exploration and production,6.12619200000003e-07,Tonnes,Offshore,O
2021,22,Benzene,40689,Brae Alpha,593727.0,994331.0,TAQA Bratani Ltd,3,Oil & gas exploration and production,3.6091689,Tonnes,Offshore,O
2021,22,Benzene,40690,Captain WPP & BLP Complex (WPP/BLP),414105.0,934448.0,Ithaca Energy (UK) Ltd,3,Oil & gas exploration and production,0.1147554,Tonnes,Offshore,O
2021,22,Benzene,40691,East Brae,603240.0,1004686.0,TAQA Bratani Ltd,3,Oil & gas exploration and production,0.0866536,Tonnes,Offshore,O
2021,22,Benzene,40692,Skelmersdale,347131.0,407551.0,SWB Skelmersdale Ltd,26,Minor power producers,0.0290055589210621,Tonnes,England,M
2021,22,Benzene,40693,Bradford Refinery,417197.0,432724.0,P Waddington & Co (1947) Ltd,5,"Food, drink & tobacco industry",0.0535101107638279,Tonnes,England,M
2021,22,Benzene,40694,King George Dock,514215.0,429174.0,AAK International,5,"Food, drink & tobacco industry",0.0968771471747586,Tonnes,England,M
2021,22,Benzene,40695,Market Drayton Dairy,365397.0,333408.0,Muller UK & Ireland Group LLP,5,"Food, drink & tobacco industry",0.106763479478008,Tonnes,England,M
2021,22,Benzene,40696,St Helens,349824.0,394658.0,SWB St Helens Ltd,26,Minor power producers,0.0204964779204572,Tonnes,England,M
2021,22,Benzene,40697,Burnley,385516.0,433698.0,Bancroft Generation Ltd,26,Minor power producers,0.0879246699675861,Tonnes,England,M
2021,22,Benzene,40699,Chartham Paper Mill,610765.0,154929.0,Arjowiggins Chartham Mill Ltd,8,"Paper, printing & publishing industries",0.0695702681112292,Tonnes,England,M
2021,22,Benzene,40700,Bispham Power Generation Plant,332274.0,439663.0,Conrad (Bispham) Ltd,26,Minor power producers,0.022255710390385,Tonnes,England,M
2021,22,Benzene,40701,Middlewich Power Generation Plant,371717.0,365666.0,Conrad (Middlewich) Ltd,26,Minor power producers,0.0201790702338927,Tonnes,England,M
2021,22,Benzene,40702,Margate,636126.0,168700.0,Westwood Power Ltd,26,Minor power producers,0.0417911334144755,Tonnes,England,M
2021,22,Benzene,40703,Bridgwater Generating Plant,330636.0,135041.0,UK Power Reserve Ltd,18,Major power producers,0.0351616946006202,Tonnes,England,M
2021,22,Benzene,40704,Sevington Generating Plant,602413.0,140620.0,UK Power Reserve Ltd,18,Major power producers,0.0269205902923145,Tonnes,England,M
2021,22,Benzene,40705,Taunton,318907.0,124748.0,Hele Manor Ltd,26,Minor power producers,0.0353005732073987,Tonnes,England,M
2021,22,Benzene,40706,Trafford Park,380166.0,396804.0,Biogas Technology Ltd,7,Other industries,0.0554257374874062,Tonnes,England,M
2021,22,Benzene,40707,Chatterley,388200.0,353291.0,Conrad (Chatterley) Ltd,26,Minor power producers,0.0242408466980479,Tonnes,England,M
2021,22,Benzene,40709,Skinningrove,470810.0,519698.0,British Steel Ltd,13,Iron & steel industries,0.160464115197829,Tonnes,England,M
2021,22,Benzene,40710,Teesside Beam Mill,454200.0,522000.0,British Steel Ltd,13,Iron & steel industries,0.323535447993022,Tonnes,England,M
2021,22,Benzene,40711,Thetford,585765.0,282380.0,Baxter Healthcare Ltd,7,Other industries,0.0675313505819496,Tonnes,England,M
2021,22,Benzene,40712,North Manchester General Hospital,384893.0,402134.0,Manchester University NHS Foundation Trust,24,Public administration,0.0281554387823794,Tonnes,England,M
2021,22,Benzene,40713,Bones Lane Factory,397358.0,350549.0,Advanced Proteins Unlimited,21,"Waste collection, treatment & disposal",0.192912768425158,Tonnes,England,M
2021,22,Benzene,40715,1-5 Bank Street,537218.0,180125.0,Canary Wharf Group Plc,23,Commercial,0.00486097634263654,Tonnes,England,M
2021,22,Benzene,40718,Thomson Reuters DTC,538655.0,180578.0,Telehouse International Corporation of Europe Ltd,23,Commercial,0.00130786357908114,Tonnes,England,M
2021,22,Benzene,40720,Wickwar Asphalt,371659.0,189893.0,Breedon Southern Ltd,4,Other mineral industries,0.00889045304790312,Tonnes,England,M
2021,22,Benzene,40721,Stone Data Centre,390967.0,331968.0,NatWest Group plc,23,Commercial,0.000268229967434268,Tonnes,England,M
2021,22,Benzene,40723,Nestle Fawdon,422343.0,568662.0,Nestlé UK Ltd,5,"Food, drink & tobacco industry",0.0358340339421554,Tonnes,England,M
2021,22,Benzene,40724,Stoneywood Mill,389789.0,810831.0,Arjowiggins Scotland Ltd,8,"Paper, printing & publishing industries",0.190424930173461,Tonnes,Scotland,M
2021,22,Benzene,40725,Drungans,297316.0,576211.0,Penspen Ltd,26,Minor power producers,0.0785789555184957,Tonnes,Scotland,M
2021,22,Benzene,40728,Aberdare Generating Plant,302150.0,200800.0,UK Power Reserve Ltd,18,Major power producers,0.0272701977799182,Tonnes,Wales,M
2021,22,Benzene,40729,Solutia Generating Plant,333080.0,185700.0,UK Power Reserve Ltd,26,Minor power producers,0.0224203501655033,Tonnes,Wales,M
2021,22,Benzene,40730,Forest Wood Asphalt,301917.0,179826.0,Breedon Southern Ltd,4,Other mineral industries,2.5555573878293e-06,Tonnes,Wales,M
2021,22,Benzene,40733,Camelot CB Platform,677692.0,348076.0,ExxonMobil,3,Oil & gas exploration and production,0.176967,Tonnes,Offshore,O
2021,22,Benzene,40739,Western Isles FPSO,605638.0,1159836.0,Dana Petroleum,3,Oil & gas exploration and production,2.424852,Tonnes,Offshore,O
2021,22,Benzene,40742,Beryl B Platform,599706.0,1079065.0,Apache Corporation,3,Oil & gas exploration and production,3.2001972,Tonnes,Offshore,O
2021,22,Benzene,40743,Calder Platform,290886.0,435484.0,Chrysoar Holdings,3,Oil & gas exploration and production,0.0027825,Tonnes,Offshore,O
2021,22,Benzene,40756,Shetland Gas Plant,440800.0,1176300.0,Total E&P UK Ltd,3,Oil & gas exploration and production,0.02688512,Tonnes,Scotland,O
2021,22,Benzene,40762,Shotton Mill,330500.0,371500.0,Shotton Mill Ltd,8,"Paper, printing & publishing industries",17.5008265652108,Tonnes,Wales,M
2021,22,Benzene,40883,CLIPPER NORTH,647909.0,403321.0,OGA,3,Oil & gas exploration and production,0.247115,Tonnes,Offshore,O
2021,22,Benzene,40884,CLIPPER SOUTH,648000.0,402000.0,OGA,3,Oil & gas exploration and production,0.0007791,Tonnes,Offshore,O
2021,22,Benzene,40892,COOK,569370.0,834715.0,OGA,3,Oil & gas exploration and production,4.132266,Tonnes,Offshore,O
2021,22,Benzene,41010,HEWETT,645319.0,358766.0,OGA,3,Oil & gas exploration and production,0.067514747,Tonnes,Offshore,O
2021,22,Benzene,41112,ALWYN NORTH,601508.0,1219540.0,OGA,3,Oil & gas exploration and production,0.1430501,Tonnes,Offshore,O
2021,22,Benzene,41302,Burton Plant,424260.0,323100.0,Creative Foods Europe Ltd,5,"Food, drink & tobacco industry",0.00202175557537969,Tonnes,England,M
2021,22,Benzene,41304,Javelin Park Energy Recovery Facility,379883.0,210468.0,Urbaser Environmental Ltd,21,"Waste collection, treatment & disposal",0.143630646262888,Tonnes,England,M
2021,22,Benzene,41306,Teesside EfW Plant,448000.0,522500.0,Suez Recycling And Recovery Uk Ltd,21,"Waste collection, treatment & disposal",0.508034217543398,Tonnes,England,M
2021,22,Benzene,41316,Beddington ERF,529240.0,168460.0,Viridor South London Ltd,21,"Waste collection, treatment & disposal",0.202700190501507,Tonnes,England,M
2021,22,Benzene,41330,Kemsley Generating Station,592116.0,166550.0,K3 CHP Operations Ltd,21,"Waste collection, treatment & disposal",0.39562625329894,Tonnes,England,M
2021,22,Benzene,41361,Ardley ERF,454040.0,226340.0,Viridor Oxfordshire Ltd,21,"Waste collection, treatment & disposal",0.250501731148181,Tonnes,England,M
2021,22,Benzene,41362,Hoddesdon,538730.0,208890.0,Hoddesdon Energy Ltd,21,"Waste collection, treatment & disposal",0.027603281363002,Tonnes,England,M
2021,22,Benzene,41370,Woodland Mill,411170.0,416440.0,Wooltex UK Ltd,6,"Textiles, clothing, leather & footwear",0.0055870184994613,Tonnes,England,M
2021,22,Benzene,41372,Gloucester Power Plant,381920.0,218530.0,Conrad (Sudmeadow) Ltd,26,Minor power producers,0.0994050347620975,Tonnes,England,M
2021,22,Benzene,41374,Shepperton,508550.0,168420.0,Sita Surrey Ltd,21,"Waste collection, treatment & disposal",0.0442254961094198,Tonnes,England,M
2021,22,Benzene,41379,Somercotes,441100.0,354470.0,Thorntons Ltd,5,"Food, drink & tobacco industry",0.0182165464581094,Tonnes,England,M
2021,22,Benzene,41381,Runcorn EfW Facility,349840.0,381620.0,Viridor Energy Ltd,21,"Waste collection, treatment & disposal",0.718500976179241,Tonnes,England,M
2021,22,Benzene,41383,Longport Enterprise Centre,385910.0,349470.0,Sharpsmart Ltd,21,"Waste collection, treatment & disposal",0.00184421165409803,Tonnes,England,M
2021,22,Benzene,41400,Douglas OSI,295392.0,405979.0,ENI LIVERPOOL BAY OPERATING COMPANY LIMITED,3,Oil & gas exploration and production,7.75026420347026,Tonnes,Offshore,O
2021,22,Benzene,43075,Sudbury,590844.0,239654.0,Greys Hall Power Ltd,7,Other industries,0.0268522566834114,Tonnes,England,M
2021,22,Benzene,43076,Balby-B,457947.0,401053.0,Walker & Son (Hauliers) Ltd,23,Commercial,0.00819174704057111,Tonnes,England,M
2021,22,Benzene,43077,Watervole-1,457825.0,400753.0,Walker & Son (Hauliers) Ltd,23,Commercial,0.0135400632324581,Tonnes,England,M
2021,22,Benzene,43078,Benfleet Power Generation Plant,577787.0,189244.0,Conrad (Benfleet) Ltd,18,Major power producers,0.00897159953108322,Tonnes,England,M
2021,22,Benzene,43079,Maldon,585599.0,207727.0,Conrad (Heybridge) Ltd,18,Major power producers,0.00746659378905867,Tonnes,England,M
2021,22,Benzene,43080,Hounslow,511611.0,175512.0,Sungard Availability Services (UK) Ltd,23,Commercial,0.000166488998209953,Tonnes,England,M
2021,22,Benzene,43081,Dinnington Site A,451906.0,386502.0,Walker & Son (Hauliers) Ltd,22,Construction,0.00323001686951834,Tonnes,England,M
2021,22,Benzene,43082,Dinnington Site B,451906.0,386502.0,Robin Hood Airport Developments Ltd,22,Construction,0.0015685947872969,Tonnes,England,M
2021,22,Benzene,43084,Saltholme,448086.0,524784.0,Saltholme North Power Ltd,18,Major power producers,0.00714311084063012,Tonnes,England,M
2021,22,Benzene,43085,Saltholme,448086.0,524784.0,Saltholme South Power Ltd,18,Major power producers,0.00911585193513973,Tonnes,England,M
2021,22,Benzene,43086,Lower Mosely Street Energy Centre,383685.0,397748.0,Manchester Heat Network Tradeco Ltd,18,Major power producers,0.0055729051492177,Tonnes,England,M
2021,22,Benzene,43091,Shirebrook,452820.0,366767.0,Thornton Estate Energy Ltd,18,Major power producers,0.0416510272251826,Tonnes,England,M
2021,22,Benzene,43092,Purfleet Power Generation Plant,557327.0,177819.0,Conrad (Purfleet) Ltd,18,Major power producers,0.00928307619465739,Tonnes,England,M
2021,22,Benzene,43093,Bilston Power Generation Plant,393635.0,294882.0,Conrad (Bilston) Ltd,18,Major power producers,0.0103923252397216,Tonnes,England,M
2021,22,Benzene,43094,West Thurrock,559390.0,177385.0,Procter & Gamble Product Supply (UK) Ltd,10,Chemical industry,0.0474202627715375,Tonnes,England,M
2021,22,Benzene,43095,LD8 Data Centre,537912.0,179636.0,Equinix (UK) Ltd,23,Commercial,0.000200537270562725,Tonnes,England,M
2021,22,Benzene,43096,Balby Carr Power Plant,458527.0,400798.0,VP Flexgen Ltd,18,Major power producers,0.0120393865072663,Tonnes,England,M
2021,22,Benzene,43097,Hillhouse,334219.0,443549.0,Hillhouse Generation Ltd,18,Major power producers,0.0593350612302146,Tonnes,England,M
2021,22,Benzene,43098,Basildon Power,573739.0,191027.0,Velox Power Ltd,18,Major power producers,0.0193801763484811,Tonnes,England,M
2021,22,Benzene,43099,Sandwell Power,398576.0,293872.0,Velox Power Ltd,18,Major power producers,0.00299812586206384,Tonnes,England,M
2021,22,Benzene,43100,Lime Kilns Power,565963.0,187371.0,Velox Power Ltd,18,Major power producers,0.0201704271208729,Tonnes,England,M
2021,22,Benzene,43101,Station Road Gas Peaking Plant,373977.0,432153.0,Velox Power Ltd,18,Major power producers,0.00255654822022137,Tonnes,England,M
2021,22,Benzene,43103,LD11 Data Centre,494608.0,181343.0,Equinix (UK) Ltd,23,Commercial,4.60965412749162e-05,Tonnes,England,M
2021,22,Benzene,43104,Washwood Heath Asphalt,411112.0,289732.0,Tarmac Trading Ltd,9,Processing & distribution of petroleum products,0.00686774681770913,Tonnes,England,M
2021,22,Benzene,43106,Battersea Power Station,528795.0,177580.0,ENGIE Urban Energy Ltd,22,Construction,0.00802049205029957,Tonnes,England,M
2021,22,Benzene,43107,Burton-On-Trent,423225.0,323356.0,Marston's Beer Company Ltd,5,"Food, drink & tobacco industry",0.0191875775415329,Tonnes,England,M
2021,22,Benzene,43109,Basildon,571350.0,190416.0,CNH Industrial N.V.,15,Mechanical engineering,0.0259834307867164,Tonnes,England,M
2021,22,Benzene,43111,Trafford Park,378454.0,397132.0,Lanxess Solutions UK Ltd,10,Chemical industry,0.0241799403055939,Tonnes,England,M
2021,22,Benzene,43113,Hillhouse International,334219.0,443549.0,Victrex plc,10,Chemical industry,0.0359210613598652,Tonnes,England,M
2021,22,Benzene,43119,Netherton Power Station,278333.0,654697.0,Velox Power Ltd,18,Major power producers,0.00712814680636816,Tonnes,Scotland,M
2021,22,Benzene,43120,Carbrain Power Station,276762.0,674307.0,Velox Power Ltd,18,Major power producers,0.00597756633631337,Tonnes,Scotland,M
2021,22,Benzene,43121,Carmuirs Power,284218.0,681134.0,Velox Power Ltd,18,Major power producers,0.0106424158331646,Tonnes,Scotland,M
2021,22,Benzene,43122,Earls Gate Energy Centre,291678.0,681406.0,Earls Gate Energy Centre Ltd,21,"Waste collection, treatment & disposal",0.0080598103708014,Tonnes,Scotland,M
2021,22,Benzene,43125,Brecon Power Station,315022.0,212267.0,Velox Power Ltd,18,Major power producers,0.0422989299339461,Tonnes,Wales,M
2021,22,Benzene,43136,Bridgewater Diary,330050.0,133710.0,Muller UK and Ireland Group LLP,5,"Food, drink & tobacco industry",0.0532556162621848,Tonnes,England,M
2021,22,Benzene,43140,Hooton Park Sustainable Energy Facility,337120.0,379840.0,Hooton Bio Power Ltd,26,Minor power producers,0.191643816474152,Tonnes,England,M
2021,22,Benzene,43161,Saltend,516660.0,428360.0,Ineos Acetyls UK Ltd,10,Chemical industry,0.2,Tonnes,England,M
2021,22,Benzene,43166,Redfield Road Combustion Plant,455310.0,337600.0,Conrad (Redfield) Ltd,26,Minor power producers,0.0841878654996641,Tonnes,England,M
2021,22,Benzene,43170,Abingdon,449060.0,191980.0,Aptuit (Oxford) Ltd,10,Chemical industry,0.2,Tonnes,England,M
2021,22,Benzene,43174,Viridis 178 Red Scar,357730.0,431960.0,Conrad (Redscar) Ltd,26,Minor power producers,0.12679065263566,Tonnes,England,M
2021,22,Benzene,43185,Severn Road Resource Recovery Centre EfW Facility,353800.0,181700.0,Viridor Avonmouth Waste Services Ltd,21,"Waste collection, treatment & disposal",0.214218347404024,Tonnes,England,M
2021,22,Benzene,43186,Chichester Food Factory,485410.0,104240.0,Babynov Chichester Ltd,5,"Food, drink & tobacco industry",0.0105471636404938,Tonnes,England,M
2021,22,Benzene,43199,Knowsley Industrial Park,343870.0,398780.0,Surface Transforms PLC,17,Vehicles,0.199975913552192,Tonnes,England,O
2021,22,Benzene,43215,Beryl SPM2 Loading Terminal,599706.0,1079065.0,Apache Corporation,3,Oil & gas exploration and production,1.3344669,Tonnes,Offshore,O
2021,22,Benzene,43224,Milton Keynes Waste Recovery Park,481106.0,241698.0,AmeyCespa Limited,23,Commercial,0.0875813843180859,Tonnes,England,M
2021,22,Benzene,43285,Plot E Humber Gate Moody Lane Lincolnshire,536240.0,424920.0,FBM Zinc Ltd,14,Non-ferrous metal industries,0.2,Tonnes,England,O
2021,22,Benzene,43301,Milton Park,449330.0,192000.0,Aptuit (Oxford) Ltd,23,Commercial,0.2,Tonnes,England,M
2021,22,Benzene,43319,Ajax Avenue Datacentre 628 - 635 Ajax Avenue Berkshire,495990.0,180690.0,Cyxtera Technology UK Limited,23,Commercial,0.2,Tonnes,England,O
2021,22,Benzene,43370,T12 (SEP),401116.0,85907.0,OGA,3,Oil & gas exploration and production,0.21328480035,Tonnes,England,O
