Year,PollutantID,Pollutant_Name,PlantID,Site,Easting,Northing,Operator,SectorID,Sector,Emission,Unit,Country,Datatype
2007,22,Benzene,278,Dagenham,550310.0,185110.0,Aventis Pharma Ltd,10,Chemical industry,9.56,Tonnes,England,M
2007,22,Benzene,427,Coryton,574400.0,182300.0,BP Oil (UK) Ltd,9,Processing & distribution of petroleum products,22.78343175,Tonnes,England,M
2007,22,Benzene,537,South Wirral,341500.0,375900.0,Cabot Carbon Ltd,10,Chemical industry,0.2,Tonnes,England,M
2007,22,Benzene,709,South Killingholme,515660.0,416590.0,Conoco Ltd,9,Processing & distribution of petroleum products,296.999999961,Tonnes,England,O
2007,22,Benzene,785,St Marys,90800.0,10600.0,Council of The Isles of Scilly,21,"Waste collection, treatment & disposal",0.00270178872450008,Tonnes,England,M
2007,22,Benzene,996,Fawley,445550.0,103650.0,Esso Petroleum Co Ltd,9,Processing & distribution of petroleum products,63.728030077,Tonnes,England,M
2007,22,Benzene,1032,Hythe,443400.0,104710.0,Exxonmobil Chemical Ltd,10,Chemical industry,11.2,Tonnes,England,O
2007,22,Benzene,1268,Birmingham,409900.0,287100.0,Holden Surface Coatings Ltd,10,Chemical industry,0.02,Tonnes,England,M
2007,22,Benzene,1452,Lowestoft,653400.0,292600.0,Jeld-Wen UK Ltd,7,Other industries,0.02,Tonnes,England,M
2007,22,Benzene,1562,Wirral,334100.0,383600.0,Lever Faberge Ltd,10,Chemical industry,0.02,Tonnes,England,M
2007,22,Benzene,1573,Killingholme,515260.0,417380.0,Lindsey Oil Refinery Ltd,9,Processing & distribution of petroleum products,123.15904456,Tonnes,England,M
2007,22,Benzene,1629,Tintagel,208000.0,88100.0,Maybridge Chemical Co Ltd,10,Chemical industry,0.02,Tonnes,England,M
2007,22,Benzene,1810,North Tees,452570.0,522980.0,Petroplus Refining Teesside Ltd,9,Processing & distribution of petroleum products,49.000397206,Tonnes,England,M
2007,22,Benzene,1918,Lowestoft,654520.0,292760.0,Recovery Systems Ltd,21,"Waste collection, treatment & disposal",0.2,Tonnes,England,M
2007,22,Benzene,2264,Holybourne,474570.0,141540.0,Star Energy UK Onshore Ltd,3,Oil & gas exploration and production,0.02,Tonnes,England,M
2007,22,Benzene,2266,Storrington,506900.0,114900.0,Star Energy UK Onshore Ltd,3,Oil & gas exploration and production,0.2,Tonnes,England,M
2007,22,Benzene,2267,Herriard X,467020.0,146800.0,Star Energy UK Onshore Ltd,3,Oil & gas exploration and production,0.004,Tonnes,England,M
2007,22,Benzene,2548,Manchester,389100.0,408000.0,Woodbridge Foam (UK) Ltd,7,Other industries,0.02,Tonnes,England,M
2007,22,Benzene,2599,Dundee,344628.0,732731.0,Dundee Waste Recycling Ltd,21,"Waste collection, treatment & disposal",0.131513878500148,Tonnes,Scotland,M
2007,22,Benzene,2600,Lerwick,446000.0,1142000.0,Shetland Island Council,21,"Waste collection, treatment & disposal",0.0435083611474249,Tonnes,Scotland,M
2007,22,Benzene,2693,Grangemouth,293960.0,681510.0,BP Oil (UK) Ltd,9,Processing & distribution of petroleum products,137.562,Tonnes,Scotland,O
2007,22,Benzene,3081,Grangemouth,294351.0,680627.0,BP Oil (UK) Ltd,9,Processing & distribution of petroleum products,1.088799437,Tonnes,Scotland,M
2007,22,Benzene,3122,Dundee,341400.0,730700.0,Nynas UK AB,9,Processing & distribution of petroleum products,0.049171587,Tonnes,Scotland,M
2007,22,Benzene,3222,Aberdeen,395300.0,805500.0,BP Oil (UK) Ltd,9,Processing & distribution of petroleum products,0.070182923,Tonnes,Scotland,O
2007,22,Benzene,3223,Benbecula,81846.0,843449.0,BP Oil (UK) Ltd,9,Processing & distribution of petroleum products,0.001922322,Tonnes,Scotland,O
2007,22,Benzene,3224,Buncefield,508882.0,208454.0,BP Oil (UK) Ltd,9,Processing & distribution of petroleum products,0.070182923,Tonnes,England,O
2007,22,Benzene,3225,Coryton,574100.0,182900.0,BP Oil (UK) Ltd,9,Processing & distribution of petroleum products,0.070182923,Tonnes,England,O
2007,22,Benzene,3226,Dalston,336400.0,550400.0,BP Oil (UK) Ltd,9,Processing & distribution of petroleum products,0.019992152,Tonnes,England,O
2007,22,Benzene,3227,Fort William,211261.0,774313.0,BP Oil (UK) Ltd,9,Processing & distribution of petroleum products,0.001922322,Tonnes,Scotland,O
2007,22,Benzene,3228,Grangemouth,294223.0,681331.0,BP Oil (UK) Ltd,9,Processing & distribution of petroleum products,0.070182923,Tonnes,Scotland,O
2007,22,Benzene,3229,Hamble,447861.0,106608.0,BP Oil (UK) Ltd,9,Processing & distribution of petroleum products,0.070182923,Tonnes,England,O
2007,22,Benzene,3230,Inverness,266466.0,846341.0,BP Oil (UK) Ltd,9,Processing & distribution of petroleum products,0.070182923,Tonnes,Scotland,O
2007,22,Benzene,3231,Kingsbury,422361.0,297379.0,BP Oil (UK) Ltd,9,Processing & distribution of petroleum products,0.070182923,Tonnes,England,O
2007,22,Benzene,3232,Kirkwall,345059.0,1011229.0,BP Oil (UK) Ltd,9,Processing & distribution of petroleum products,0.001922322,Tonnes,Scotland,O
2007,22,Benzene,3233,Lerwick,447500.0,1141800.0,BP Oil (UK) Ltd,9,Processing & distribution of petroleum products,0.001922322,Tonnes,Scotland,O
2007,22,Benzene,3234,Northampton,474381.0,260111.0,BP Oil (UK) Ltd,9,Processing & distribution of petroleum products,0.070182923,Tonnes,England,O
2007,22,Benzene,3235,Portree,139500.0,864200.0,BP Oil (UK) Ltd,9,Processing & distribution of petroleum products,0.001922322,Tonnes,Scotland,O
2007,22,Benzene,3236,Stornoway,142546.0,932675.0,BP Oil (UK) Ltd,9,Processing & distribution of petroleum products,0.001922322,Tonnes,Scotland,O
2007,22,Benzene,3237,Wymondham,613117.0,300797.0,BP Oil (UK) Ltd,9,Processing & distribution of petroleum products,0.070182923,Tonnes,England,O
2007,22,Benzene,3238,Belfast,145967.0,529341.0,BP Oil (UK) Ltd,9,Processing & distribution of petroleum products,0.070182923,Tonnes,Northern Ireland,O
2007,22,Benzene,3299,Immingham,519100.0,416800.0,Conoco Ltd,9,Processing & distribution of petroleum products,0.070182923,Tonnes,England,O
2007,22,Benzene,3315,East Cowes,450300.0,94600.0,Dominion Oils Ltd,9,Processing & distribution of petroleum products,0.005766967,Tonnes,England,O
2007,22,Benzene,3323,Milford Haven,188849.0,208437.0,Elf Oil UK Ltd,9,Processing & distribution of petroleum products,0.070182923,Tonnes,Wales,O
2007,22,Benzene,3326,Avonmouth,352200.0,180900.0,Esso Petroleum Co Ltd,9,Processing & distribution of petroleum products,0.070182923,Tonnes,England,O
2007,22,Benzene,3327,Cattedown,249198.0,53809.0,Esso Petroleum Co Ltd,9,Processing & distribution of petroleum products,0.070182923,Tonnes,England,O
2007,22,Benzene,3328,Erdington,411368.0,290332.0,Esso Petroleum Co Ltd,9,Processing & distribution of petroleum products,0.070182923,Tonnes,England,O
2007,22,Benzene,3329,Hythe,443600.0,105700.0,Esso Petroleum Co Ltd,9,Processing & distribution of petroleum products,0.070182923,Tonnes,England,O
2007,22,Benzene,3330,Inverness,266466.0,846341.0,Esso Petroleum Co Ltd,9,Processing & distribution of petroleum products,0.070182923,Tonnes,Scotland,O
2007,22,Benzene,3331,Purfleet,556200.0,177800.0,Esso Petroleum Co Ltd,9,Processing & distribution of petroleum products,0.11303255,Tonnes,England,O
2007,22,Benzene,3332,Trafford Park,379365.0,397779.0,Esso Petroleum Co Ltd,9,Processing & distribution of petroleum products,0.070182923,Tonnes,England,O
2007,22,Benzene,3333,West London,507103.0,173884.0,Esso Petroleum Co Ltd,9,Processing & distribution of petroleum products,0.153785783,Tonnes,England,O
2007,22,Benzene,3335,Mossmorren,318500.0,689691.0,Exxon Chemical Olefins Ltd,10,Chemical industry,38.404,Tonnes,Scotland,O
2007,22,Benzene,3367,Buncefield,508500.0,208400.0,Hertfordshire Oil Storage Ltd,9,Processing & distribution of petroleum products,0.070182923,Tonnes,England,O
2007,22,Benzene,3407,King's Lynn,561974.0,321240.0,Kings Lynn Storage Ltd,9,Processing & distribution of petroleum products,0.001537858,Tonnes,England,O
2007,22,Benzene,3412,Killingholme,515200.0,417300.0,Lindsey Oil Refinery Ltd,9,Processing & distribution of petroleum products,0.070182923,Tonnes,England,O
2007,22,Benzene,3437,Bedworth,435796.0,285104.0,Murco Petroleum Ltd,9,Processing & distribution of petroleum products,0.001922322,Tonnes,England,O
2007,22,Benzene,3438,Theale,463377.0,170348.0,Murco Petroleum Ltd,9,Processing & distribution of petroleum products,0.070182923,Tonnes,England,O
2007,22,Benzene,3439,Westerleigh,369000.0,178100.0,Murco Petroleum Ltd,9,Processing & distribution of petroleum products,0.035579263,Tonnes,England,O
2007,22,Benzene,3460,North Tees,450894.0,523490.0,Phillips-Imperial Petroleum Ltd,9,Processing & distribution of petroleum products,0.070182923,Tonnes,England,O
2007,22,Benzene,3477,Grangemouth,294033.0,682818.0,Ross Chemicals & Storage,9,Processing & distribution of petroleum products,0.070182923,Tonnes,Scotland,O
2007,22,Benzene,3493,North Tees,452096.0,524300.0,Seal Sands Storage,9,Processing & distribution of petroleum products,0.02737387,Tonnes,England,O
2007,22,Benzene,3496,Buncefield,508721.0,208430.0,Shell UK Ltd,9,Processing & distribution of petroleum products,0.070182923,Tonnes,England,O
2007,22,Benzene,3497,Cattedown,249658.0,53967.0,Shell UK Ltd,9,Processing & distribution of petroleum products,0.070182923,Tonnes,England,O
2007,22,Benzene,3498,Jarrow,433400.0,565600.0,Shell UK Ltd,9,Processing & distribution of petroleum products,0.076892892,Tonnes,England,O
2007,22,Benzene,3499,Londonderry,60852.0,581754.0,Shell UK Ltd,9,Processing & distribution of petroleum products,0.070182923,Tonnes,Northern Ireland,O
2007,22,Benzene,3500,Shellhaven,572022.0,182507.0,Shell UK Ltd,9,Processing & distribution of petroleum products,0.070182923,Tonnes,England,O
2007,22,Benzene,3501,Stanlow,343000.0,375000.0,Shell UK Ltd,9,Processing & distribution of petroleum products,0.070182923,Tonnes,England,O
2007,22,Benzene,3504,West Riverside,519127.0,416788.0,Simon Storage Co Ltd,9,Processing & distribution of petroleum products,0.015296303,Tonnes,England,O
2007,22,Benzene,3510,Cupar,339150.0,715148.0,St Andrews Chemtech International Ltd,10,Chemical industry,0.2,Tonnes,Scotland,M
2007,22,Benzene,3511,Grays,560470.0,177800.0,ST Services Ltd,9,Processing & distribution of petroleum products,0.023067868,Tonnes,England,O
2007,22,Benzene,3523,Sunderland,441119.0,556625.0,Sunderland Oil Storage,9,Processing & distribution of petroleum products,0.070182923,Tonnes,England,O
2007,22,Benzene,3530,Brighton,526235.0,104871.0,Texaco Ltd,9,Processing & distribution of petroleum products,0.005766967,Tonnes,England,O
2007,22,Benzene,3531,Hamworthy,400600.0,90000.0,Texaco Ltd,9,Processing & distribution of petroleum products,0.070182923,Tonnes,England,O
2007,22,Benzene,3532,Kingsbury,422343.0,297327.0,Texaco Ltd,9,Processing & distribution of petroleum products,0.070182923,Tonnes,England,O
2007,22,Benzene,3533,Pembroke,191089.0,202340.0,Texaco Ltd,9,Processing & distribution of petroleum products,0.070182923,Tonnes,Wales,O
2007,22,Benzene,3534,Roath,320439.0,174945.0,Texaco Ltd,9,Processing & distribution of petroleum products,0.107650048,Tonnes,Wales,O
2007,22,Benzene,3554,Colwick,462491.0,340429.0,Total Oil Ltd,9,Processing & distribution of petroleum products,0.070182923,Tonnes,England,O
2007,22,Benzene,3555,Killingholme,515600.0,417100.0,Total Oil Ltd,9,Processing & distribution of petroleum products,0.070182923,Tonnes,England,O
2007,22,Benzene,3556,Langley,501260.0,179940.0,Total Oil Ltd,9,Processing & distribution of petroleum products,0.007689289,Tonnes,England,O
2007,22,Benzene,3557,Leeds,431500.0,432300.0,Total Oil Ltd,9,Processing & distribution of petroleum products,0.070182923,Tonnes,England,O
2007,22,Benzene,3607,West Thurrock,557823.0,176558.0,Van Ommeren Tank Terminal London B V Ltd,9,Processing & distribution of petroleum products,0.123028627,Tonnes,England,O
2007,22,Benzene,3625,Kingsbury,422300.0,296700.0,Warwicks Oil Storage,9,Processing & distribution of petroleum products,0.070182923,Tonnes,England,O
2007,22,Benzene,3955,Allerton Park - NFFO 4,440819.0,459648.0,Waste Recycling Group Plc,21,"Waste collection, treatment & disposal",0.001486302,Tonnes,England,O
2007,22,Benzene,3956,Allerton Park - NFFO 5,440819.0,459648.0,Waste Recycling Group Plc,21,"Waste collection, treatment & disposal",0.002931476,Tonnes,England,O
2007,22,Benzene,3957,Ardley Power Plant,454271.0,225980.0,Viridor Waste Management Ltd,21,"Waste collection, treatment & disposal",0.003012315,Tonnes,England,O
2007,22,Benzene,3958,Arlesey,518645.0,235247.0,Shanks Waste Services Ltd,21,"Waste collection, treatment & disposal",0.001630962,Tonnes,England,O
2007,22,Benzene,3959,Arlesey Phase II,518645.0,235247.0,Shanks Waste Services Ltd,21,"Waste collection, treatment & disposal",0.001630962,Tonnes,England,O
2007,22,Benzene,3960,Arpley Landfill Site,358231.0,386365.0,Novera Energy Europe Ltd,21,"Waste collection, treatment & disposal",0.02325893,Tonnes,England,O
2007,22,Benzene,3961,Attlebridge,614555.0,316062.0,United Utilities Green Energy Ltd,21,"Waste collection, treatment & disposal",0.001701873,Tonnes,England,O
2007,22,Benzene,3962,Aveley,555410.0,180875.0,Aveley Methane Ltd,21,"Waste collection, treatment & disposal",0.005604835,Tonnes,England,O
2007,22,Benzene,3963,Aveley Landfill,555410.0,180875.0,Waste Recycling Group (Central) Ltd,21,"Waste collection, treatment & disposal",0.005445993,Tonnes,England,O
2007,22,Benzene,3964,"Beddingham ""A"" Power Plant",543940.0,106176.0,Viridor Waste Management Ltd,21,"Waste collection, treatment & disposal",0.004478762,Tonnes,England,O
2007,22,Benzene,3965,"Beddingham ""B"" Power Plant",543940.0,106176.0,Viridor Waste Management Ltd,21,"Waste collection, treatment & disposal",0.001686272,Tonnes,England,O
2007,22,Benzene,3966,Beenham Landfill,459995.0,168126.0,Summerleaze RE Generation Ltd,21,"Waste collection, treatment & disposal",0.000490707,Tonnes,England,O
2007,22,Benzene,3967,Beighton Landfill Gas Project,442914.0,384160.0,Beighton Energy,21,"Waste collection, treatment & disposal",0.001422482,Tonnes,England,O
2007,22,Benzene,3968,Bellhouse Farm,594413.0,224024.0,Bellhouse Energy,21,"Waste collection, treatment & disposal",0.004041948,Tonnes,England,O
2007,22,Benzene,3969,Bidston Moss Landfill,329300.0,391000.0,Bidstone Methane,21,"Waste collection, treatment & disposal",0.001422482,Tonnes,England,O
2007,22,Benzene,3970,Billinge Hill Quarry Landfill,352646.0,401319.0,Bidstone Methane,21,"Waste collection, treatment & disposal",0.001389863,Tonnes,England,O
2007,22,Benzene,3971,Billinge Hill Quarry Landfill NFFO 4,352646.0,401319.0,Bidstone Methane,21,"Waste collection, treatment & disposal",0.001453683,Tonnes,England,O
2007,22,Benzene,3972,Blackborough End,567991.0,315098.0,Blackborough End Energy Ltd,21,"Waste collection, treatment & disposal",0.002677613,Tonnes,England,O
2007,22,Benzene,3973,Bolam Landfill Gas Project,419322.0,523093.0,Bolam Energy Ltd,21,"Waste collection, treatment & disposal",0.001460774,Tonnes,England,O
2007,22,Benzene,3974,Bootham Lane,465666.0,410737.0,United Utilities Green Energy Ltd,21,"Waste collection, treatment & disposal",0.001774203,Tonnes,England,O
2007,22,Benzene,3975,Boston Generation Project,534593.0,341619.0,United Utilities Green Energy Ltd,21,"Waste collection, treatment & disposal",0.001886243,Tonnes,England,O
2007,22,Benzene,3976,Bradgate,451273.0,308901.0,Wastenotts Ltd,21,"Waste collection, treatment & disposal",0.00374412,Tonnes,England,O
2007,22,Benzene,3977,Bramford,612933.0,248151.0,United Utilities Green Energy Ltd,21,"Waste collection, treatment & disposal",0.00124804,Tonnes,England,O
2007,22,Benzene,3978,Brazier Methane Conversion Plant,534352.0,215855.0,EDL Operations (Brazier) Ltd,21,"Waste collection, treatment & disposal",0.00567291,Tonnes,England,O
2007,22,Benzene,3979,Bretby,427976.0,321181.0,United Utilities Green Energy Ltd,21,"Waste collection, treatment & disposal",0.001392699,Tonnes,England,O
2007,22,Benzene,3980,Bretby 2,427851.0,321017.0,United Utilities Green Energy Ltd,21,"Waste collection, treatment & disposal",0.001829513,Tonnes,England,O
2007,22,Benzene,3981,Brixworth,475625.0,272213.0,United Utilities Green Energy Ltd,21,"Waste collection, treatment & disposal",0.001318952,Tonnes,England,O
2007,22,Benzene,3982,Brogborough Phase III,496887.0,240383.0,Shanks Waste Services Ltd,21,"Waste collection, treatment & disposal",0.009541834,Tonnes,England,O
2007,22,Benzene,3983,Brogborough Phase IV,496887.0,240383.0,Shanks Waste Services Ltd,21,"Waste collection, treatment & disposal",0.003261923,Tonnes,England,O
2007,22,Benzene,3984,Brogborough Power Station (Phase I & II),496887.0,240383.0,Shanks Waste Services Ltd,21,"Waste collection, treatment & disposal",0.003403746,Tonnes,England,O
2007,22,Benzene,3985,Bromborough Dock Landfill Site,334949.0,384705.0,UK Waste Management Ltd,21,"Waste collection, treatment & disposal",0.005294243,Tonnes,England,O
2007,22,Benzene,3986,Brookhurst Wood Gas to Energy,517278.0,135042.0,UK Waste Management Ltd,21,"Waste collection, treatment & disposal",0.004382323,Tonnes,England,O
2007,22,Benzene,3987,Brookhurst 2,517278.0,135042.0,Biffa Waste Services Ltd,21,"Waste collection, treatment & disposal",0.002972605,Tonnes,England,O
2007,22,Benzene,3988,Burnt Stump,458895.0,350008.0,Wastenotts Ltd,21,"Waste collection, treatment & disposal",0.002722997,Tonnes,England,O
2007,22,Benzene,3989,Burnt Stump NFFO 5,458895.0,350008.0,Wastenotts Ltd,21,"Waste collection, treatment & disposal",0.001422482,Tonnes,England,O
2007,22,Benzene,3990,Butchersfield,462153.0,440376.0,Natural Power Ltd,21,"Waste collection, treatment & disposal",0.004203626,Tonnes,England,O
2007,22,Benzene,3991,Calvert Phase I,469104.0,223689.0,Shanks Waste Services Ltd,21,"Waste collection, treatment & disposal",0.004010747,Tonnes,England,O
2007,22,Benzene,3992,Chadderton Gas to Energy,388083.0,403754.0,UK Waste Management Ltd,21,"Waste collection, treatment & disposal",0.002907366,Tonnes,England,O
2007,22,Benzene,3993,Chapel Farm Landfill,412380.0,190996.0,United Utilities Green Energy Ltd,21,"Waste collection, treatment & disposal",0.004267446,Tonnes,England,O
2007,22,Benzene,3994,Chavey Power,489558.0,169171.0,Natural Power Ltd,21,"Waste collection, treatment & disposal",0.000234008,Tonnes,England,O
2007,22,Benzene,3995,Chelson Meadow 2,251335.0,54858.0,Chelson Meadow Energy Ltd,21,"Waste collection, treatment & disposal",0.001422482,Tonnes,England,O
2007,22,Benzene,3996,Chelson Meadow Gas to Energy,251335.0,54858.0,Chelson Meadow Energy Ltd,21,"Waste collection, treatment & disposal",0.004531237,Tonnes,England,O
2007,22,Benzene,3997,Chester Road Landfill Site,380800.0,396000.0,Natural Power Ltd,21,"Waste collection, treatment & disposal",0.000425468,Tonnes,England,O
2007,22,Benzene,3998,Colsterworth Landfill Gas Project,490484.0,324382.0,Colsterworth Endergy Ltd,21,"Waste collection, treatment & disposal",0.003715756,Tonnes,England,O
2007,22,Benzene,3999,Cormongers Lane,529162.0,150932.0,Biogeneration Ltd c/o BiffaWaste Services Ltd,21,"Waste collection, treatment & disposal",0.002623721,Tonnes,England,O
2007,22,Benzene,4000,Costessey Landfill Gas Project,616220.0,310859.0,Combined Landfill Projects Ltd,21,"Waste collection, treatment & disposal",0.001347316,Tonnes,England,O
2007,22,Benzene,4001,Cotesbach Landfill Gas Project,454030.0,281010.0,Cotesbach Energy Ltd,21,"Waste collection, treatment & disposal",0.005063072,Tonnes,England,O
2007,22,Benzene,4003,Danes Moss,390547.0,371126.0,Gengas Ltd,21,"Waste collection, treatment & disposal",0.002789653,Tonnes,England,O
2007,22,Benzene,4004,Daneshill Landfill Gas Site,467491.0,386927.0,United Utilities Green Energy Ltd,21,"Waste collection, treatment & disposal",0.001486302,Tonnes,England,O
2007,22,Benzene,4005,Darrington - North,450823.0,421546.0,Waste Recycling Group Plc,21,"Waste collection, treatment & disposal",0.00567291,Tonnes,England,O
2007,22,Benzene,4006,Deep Moor Landfill,252485.0,121083.0,Summerleaze RE Generation Ltd,21,"Waste collection, treatment & disposal",0.002844964,Tonnes,England,O
2007,22,Benzene,4007,Dimmer Landfill Gas Generation (1),361429.0,131117.0,Gengas Ltd,21,"Waste collection, treatment & disposal",0.003545569,Tonnes,England,O
2007,22,Benzene,4008,Dimmer Landfill Site (2),361429.0,131117.0,Gengas Ltd,21,"Waste collection, treatment & disposal",0.002844964,Tonnes,England,O
2007,22,Benzene,4009,Distington Landfill,302084.0,524234.0,Summerleaze RE Generation Ltd,21,"Waste collection, treatment & disposal",0.002730088,Tonnes,England,O
2007,22,Benzene,4010,Docksway,330755.0,185277.0,United Utilities Green Energy Ltd,21,"Waste collection, treatment & disposal",0.002836455,Tonnes,Wales,O
2007,22,Benzene,4011,Dogsthorpe,520872.0,301984.0,Shanks Chemical Services Ltd,21,"Waste collection, treatment & disposal",0.002802417,Tonnes,England,O
2007,22,Benzene,4012,Edgefield Hall Farm,608472.0,335574.0,Buyinfo Ltd,21,"Waste collection, treatment & disposal",0.002822273,Tonnes,England,O
2007,22,Benzene,4013,Ellington Road,426017.0,589732.0,Sita Holding UK Ltd,21,"Waste collection, treatment & disposal",0.001857878,Tonnes,England,O
2007,22,Benzene,4014,Elstow,504573.0,246077.0,United Utilities Green Energy Ltd,21,"Waste collection, treatment & disposal",0.002552809,Tonnes,England,O
2007,22,Benzene,4015,Enderby Warren Phase II,453927.0,300110.0,United Utilities Green Energy Ltd,21,"Waste collection, treatment & disposal",0.004254682,Tonnes,England,O
2007,22,Benzene,4016,Ferry Road,317455.0,173755.0,United Utilities Green Energy Ltd,21,"Waste collection, treatment & disposal",0.001418227,Tonnes,Wales,O
2007,22,Benzene,4017,Foxhall,624211.0,243716.0,United Utilities Green Energy Ltd,21,"Waste collection, treatment & disposal",0.001701873,Tonnes,England,O
2007,22,Benzene,4018,Gamblethorpe Landfill,437077.0,430494.0,Power Plant Services Ltd,21,"Waste collection, treatment & disposal",0.002978278,Tonnes,England,O
2007,22,Benzene,4019,Glapwell,446275.0,366961.0,United Utilities Green Energy Ltd,21,"Waste collection, treatment & disposal",0.001774203,Tonnes,England,O
2007,22,Benzene,4020,Gowy,344342.0,372206.0,Gengas Ltd,21,"Waste collection, treatment & disposal",0.006010448,Tonnes,England,O
2007,22,Benzene,4021,Gowy NFFO3,344342.0,372206.0,Gengas Ltd,21,"Waste collection, treatment & disposal",0.002789653,Tonnes,England,O
2007,22,Benzene,4022,Granville,372478.0,311915.0,Natural Power Ltd,21,"Waste collection, treatment & disposal",0.002042248,Tonnes,England,O
2007,22,Benzene,4023,Harewood Whin,453999.0,451835.0,Natural Power Ltd,21,"Waste collection, treatment & disposal",0.004305739,Tonnes,England,O
2007,22,Benzene,4024,Harn Hill Quarry,359900.0,188065.0,Natural Power Ltd,21,"Waste collection, treatment & disposal",0.003806522,Tonnes,England,O
2007,22,Benzene,4025,"Heathfield ""A"" Power Plant",285712.0,76305.0,Viridor Waste Management Ltd,21,"Waste collection, treatment & disposal",0.005163766,Tonnes,England,O
2007,22,Benzene,4026,"Heathfield ""C"" Power Plant",285712.0,76305.0,Viridor Waste Management Ltd,21,"Waste collection, treatment & disposal",0.003372545,Tonnes,England,O
2007,22,Benzene,4027,Hempsted Landfill,381194.0,218126.0,Summerleaze RE Generation Ltd,21,"Waste collection, treatment & disposal",0.006630213,Tonnes,England,O
2007,22,Benzene,4028,High Heavens Landfill,483394.0,189827.0,United Utilities Green Energy Ltd,21,"Waste collection, treatment & disposal",0.002836455,Tonnes,England,O
2007,22,Benzene,4029,Highmoor Landfill,397222.0,406739.0,Summerleaze RE Generation Ltd,21,"Waste collection, treatment & disposal",0.002972605,Tonnes,England,O
2007,22,Benzene,4030,Hill & Moor Landfill,397581.0,248564.0,Summerleaze RE Generation Ltd,21,"Waste collection, treatment & disposal",0.005753749,Tonnes,England,O
2007,22,Benzene,4031,Himley Wood,389931.0,290827.0,Biogeneration Ltd,21,"Waste collection, treatment & disposal",0.002623721,Tonnes,England,O
2007,22,Benzene,4032,Holiday Moss,349620.0,401413.0,UK Waste Management Ltd,21,"Waste collection, treatment & disposal",0.004361049,Tonnes,England,O
2007,22,Benzene,4033,Holiday Moss Gas to Energy II,349620.0,401413.0,UK Waste Management Ltd,21,"Waste collection, treatment & disposal",0.001422482,Tonnes,England,O
2007,22,Benzene,4034,Horton Power Plant,520936.0,112438.0,Viridor Waste Management Ltd,21,"Waste collection, treatment & disposal",0.002802417,Tonnes,England,O
2007,22,Benzene,4035,Howden Clough Road,424224.0,427421.0,Biogeneration Ltd,21,"Waste collection, treatment & disposal",0.002623721,Tonnes,England,O
2007,22,Benzene,4036,Immingham Landfill,520062.0,414239.0,Winterton Power Ltd,21,"Waste collection, treatment & disposal",0.001426737,Tonnes,England,O
2007,22,Benzene,4037,Ince Moss,358692.0,402957.0,Wimpey Mainsprint Joint Venture,21,"Waste collection, treatment & disposal",0.000947376,Tonnes,England,O
2007,22,Benzene,4038,Judkins Landfill Site,434582.0,293064.0,Waste Recycling Group (Central) Ltd,21,"Waste collection, treatment & disposal",0.004084495,Tonnes,England,O
2007,22,Benzene,4040,Kibblesworth Landfill,425317.0,556443.0,Sita Holding UK Ltd,21,"Waste collection, treatment & disposal",0.004254682,Tonnes,England,O
2007,22,Benzene,4041,Kilsby Landfill,456707.0,269459.0,RMC Environmental Services Ltd,21,"Waste collection, treatment & disposal",0.001418227,Tonnes,England,O
2007,22,Benzene,4042,Lackford Landfill,580246.0,269573.0,Gengas Ltd,21,"Waste collection, treatment & disposal",0.001890497,Tonnes,England,O
2007,22,Benzene,4043,Lamby Way,322122.0,177951.0,United Utilities Green Energy Ltd,21,"Waste collection, treatment & disposal",0.00567291,Tonnes,Wales,O
2007,22,Benzene,4044,L'Field Stewartby,501391.0,243408.0,Shanks Waste Services Ltd,21,"Waste collection, treatment & disposal",0.017483908,Tonnes,England,O
2007,22,Benzene,4045,Lincoln Landfill Site,493386.0,367716.0,Natural Power Ltd,21,"Waste collection, treatment & disposal",0.002907366,Tonnes,England,O
2007,22,Benzene,4046,Ling Hall Landfill (Generation Phase 1),444751.0,273363.0,Summerleaze RE Generation Ltd,21,"Waste collection, treatment & disposal",0.001422482,Tonnes,England,O
2007,22,Benzene,4047,Ling Hall Landfill (Generation Phase 2),444751.0,273363.0,Summerleaze RE Generation Ltd,21,"Waste collection, treatment & disposal",0.001486302,Tonnes,England,O
2007,22,Benzene,4048,Llandulas Landfill Site,290265.0,377729.0,3C Waste Ltd,21,"Waste collection, treatment & disposal",0.004084495,Tonnes,Wales,O
2007,22,Benzene,4049,Lune Power,345613.0,462144.0,Natural Power Ltd,21,"Waste collection, treatment & disposal",0.004447561,Tonnes,England,O
2007,22,Benzene,4051,Marchington Landfill,414400.0,330600.0,Summerleaze RE Generation Ltd,21,"Waste collection, treatment & disposal",0.0016962,Tonnes,England,O
2007,22,Benzene,4052,Masons Power Plant,611268.0,250125.0,Viridor Waste Management Ltd,21,"Waste collection, treatment & disposal",0.003148465,Tonnes,England,O
2007,22,Benzene,4053,Maw Green,371758.0,357694.0,Gengas Ltd,21,"Waste collection, treatment & disposal",0.002802417,Tonnes,England,O
2007,22,Benzene,4054,Maw Green 2,371758.0,357694.0,Novera Energy Europe Ltd,21,"Waste collection, treatment & disposal",0.004583711,Tonnes,England,O
2007,22,Benzene,4055,Mayton Wood,624371.0,321155.0,Mayton Wood Energy Ltd,21,"Waste collection, treatment & disposal",0.002677613,Tonnes,England,O
2007,22,Benzene,4056,Meece Landfill,385015.0,334025.0,Summerleaze RE Generation Ltd,21,"Waste collection, treatment & disposal",0.001504739,Tonnes,England,O
2007,22,Benzene,4057,Milton Landfill,546443.0,262773.0,Summerleaze RE Generation Ltd,21,"Waste collection, treatment & disposal",0.003029334,Tonnes,England,O
2007,22,Benzene,4058,Morley Greaseworks,428100.0,428700.0,Summerleaze RE Generation Ltd,21,"Waste collection, treatment & disposal",0.000405613,Tonnes,England,O
2007,22,Benzene,4059,Mountsorrel,457712.0,314865.0,Mountsorrel Ltd,21,"Waste collection, treatment & disposal",0.002243636,Tonnes,England,O
2007,22,Benzene,4060,Mucking 3,568847.0,180039.0,EDL Operations (Mucking) Ltd,21,"Waste collection, treatment & disposal",0.005777859,Tonnes,England,O
2007,22,Benzene,4061,Mucking Gas 2-NFFO,568847.0,180039.0,EDL Operations (Mucking) Ltd,21,"Waste collection, treatment & disposal",0.005777859,Tonnes,England,O
2007,22,Benzene,4062,Mucking Landfill,568847.0,180039.0,EDL Operations (Mucking) Ltd,21,"Waste collection, treatment & disposal",0.004538328,Tonnes,England,O
2007,22,Benzene,4063,Mucking Landfill 2,568847.0,180039.0,EDL Operations (Mucking) Ltd,21,"Waste collection, treatment & disposal",0.011046574,Tonnes,England,O
2007,22,Benzene,4064,Nanty Claws,247020.0,217239.0,United Utilities Green Energy Ltd,21,"Waste collection, treatment & disposal",0.001942972,Tonnes,Wales,O
2007,22,Benzene,4065,Netley Farm Landfill,446142.0,109901.0,Power Plant Services Ltd,21,"Waste collection, treatment & disposal",0.001701873,Tonnes,England,O
2007,22,Benzene,4066,Newton Longville,485990.0,232341.0,Shanks Waste Services Ltd,21,"Waste collection, treatment & disposal",0.001401209,Tonnes,England,O
2007,22,Benzene,4067,Norlands Power Generation,502867.0,169400.0,Thames Water Management Ltd,20,Water & sewerage,0.00567291,Tonnes,England,O
2007,22,Benzene,4068,"Ockendon ""A"" Power Plant",560530.0,183506.0,Viridor Waste Management Ltd,21,"Waste collection, treatment & disposal",0.005695601,Tonnes,England,O
2007,22,Benzene,4069,"Ockendon ""B"" Power Plant",560530.0,183506.0,Viridor Waste Management Ltd,21,"Waste collection, treatment & disposal",0.00674509,Tonnes,England,O
2007,22,Benzene,4070,Offham Landfill,565113.0,157275.0,Waste Recycling Group (Central) Ltd,21,"Waste collection, treatment & disposal",0.003020824,Tonnes,England,O
2007,22,Benzene,4071,Ongar - NFFO 4,556090.0,202561.0,Waste Recycling Group (Central) Ltd,21,"Waste collection, treatment & disposal",0.002722997,Tonnes,England,O
2007,22,Benzene,4072,Ongar - NFFO 5,556090.0,202561.0,Waste Recycling Group (Central) Ltd,21,"Waste collection, treatment & disposal",0.002883256,Tonnes,England,O
2007,22,Benzene,4073,Paulsgrove Generating Station,464148.0,104423.0,Onyx Hampshire Ltd,21,"Waste collection, treatment & disposal",0.003510113,Tonnes,England,O
2007,22,Benzene,4074,Packington Gas Control Plant,420831.0,285122.0,Gastec Packington Partnership,21,"Waste collection, treatment & disposal",0.011700376,Tonnes,England,O
2007,22,Benzene,4075,Pebsham,577156.0,109261.0,Biogeneration Ltd c/o BiffaWaste Services Ltd,21,"Waste collection, treatment & disposal",0.004355376,Tonnes,England,O
2007,22,Benzene,4076,Peckfield Quarry,443700.0,432182.0,Natural Power Ltd,21,"Waste collection, treatment & disposal",0.005814733,Tonnes,England,O
2007,22,Benzene,4077,Pennyhill,375251.0,261641.0,Shanks Waste Services Ltd,21,"Waste collection, treatment & disposal",0.000921848,Tonnes,England,O
2007,22,Benzene,4078,PG1-Coxhoe Waste Disp Site,432804.0,536844.0,Capitol Waste Management,21,"Waste collection, treatment & disposal",0.00567291,Tonnes,England,O
2007,22,Benzene,4079,PG4 St Bedes Power Generation,426611.0,555239.0,Natural Power Ltd,21,"Waste collection, treatment & disposal",0.005148166,Tonnes,England,O
2007,22,Benzene,4080,Pilsworth Power Plant,382701.0,409586.0,Viridor Waste Management Ltd,21,"Waste collection, treatment & disposal",0.004892885,Tonnes,England,O
2007,22,Benzene,4081,Pilsworth Phase II,382701.0,409586.0,Viridor Waste Exeter Ltd,21,"Waste collection, treatment & disposal",0.00584877,Tonnes,England,O
2007,22,Benzene,4082,Pluckney Energy,591524.0,143551.0,Pluckney Energy Ltd,21,"Waste collection, treatment & disposal",0.001701873,Tonnes,England,O
2007,22,Benzene,4085,Poplars Landfill (Generation Phase 3),399529.0,309311.0,Summerleaze RE Generation Ltd,21,"Waste collection, treatment & disposal",0.004892885,Tonnes,England,O
2007,22,Benzene,4086,Portley Ford,466213.0,277779.0,Biogeneration Ltd c/o BiffaWaste Services Ltd,21,"Waste collection, treatment & disposal",0.002623721,Tonnes,England,O
2007,22,Benzene,4087,Queens Park Energy,385735.0,432956.0,Queens Park Road Energy,21,"Waste collection, treatment & disposal",0.002623721,Tonnes,England,O
2007,22,Benzene,4089,Rainham Landfill,552737.0,179296.0,EDL Operations (Rainham) Ltd,21,"Waste collection, treatment & disposal",0.005777859,Tonnes,England,O
2007,22,Benzene,4090,Rainham Phase II,552737.0,179296.0,EDL Operations (Rainham) Ltd,21,"Waste collection, treatment & disposal",0.015407623,Tonnes,England,O
2007,22,Benzene,4091,Ravenhead Landfill Site,351100.0,394200.0,Natural Power Ltd,21,"Waste collection, treatment & disposal",0.001389863,Tonnes,England,O
2007,22,Benzene,4092,Redhill Landfill Site,529162.0,150932.0,Natural Power Ltd,21,"Waste collection, treatment & disposal",0.002036575,Tonnes,England,O
2007,22,Benzene,4093,Red Moss Electricity Project,363800.0,409800.0,Greater Manchester Waste Disp Authority,21,"Waste collection, treatment & disposal",0.00088781,Tonnes,England,O
2007,22,Benzene,4094,Risley 3 Landfill Site,366454.0,393716.0,UK Waste Management Ltd,21,"Waste collection, treatment & disposal",0.001401209,Tonnes,England,O
2007,22,Benzene,4095,Risley 4 Gas to Energy,366454.0,393716.0,UK Waste Management Ltd,21,"Waste collection, treatment & disposal",0.008722099,Tonnes,England,O
2007,22,Benzene,4096,Risley Gas to Energy III,366454.0,393716.0,UK Waste Management Ltd,21,"Waste collection, treatment & disposal",0.001826677,Tonnes,England,O
2007,22,Benzene,4097,Risley Sets 7 and 8,366454.0,393716.0,UK Waste Management Ltd,21,"Waste collection, treatment & disposal",0.004275956,Tonnes,England,O
2007,22,Benzene,4098,Rossendale Power,380511.0,421208.0,Natural Power Ltd,21,"Waste collection, treatment & disposal",0.002036575,Tonnes,England,O
2007,22,Benzene,4099,Rowley 2 Gas Project,385936.0,433168.0,Queens Park Road Energy Ltd,21,"Waste collection, treatment & disposal",0.001418227,Tonnes,England,O
2007,22,Benzene,4100,Roxwell Landfill Gas Project,565597.0,208762.0,United Utilities Green Energy Ltd,21,"Waste collection, treatment & disposal",0.001843696,Tonnes,England,O
2007,22,Benzene,4101,Ryton Landfill Site,437628.0,272599.0,Ryton Energy Ltd,21,"Waste collection, treatment & disposal",0.001276405,Tonnes,England,O
2007,22,Benzene,4102,Seamer Carr,503274.0,482205.0,Natural Power Ltd,21,"Waste collection, treatment & disposal",0.00205643,Tonnes,England,O
2007,22,Benzene,4103,Seghill Village,429883.0,573965.0,Sita Holding UK Ltd,21,"Waste collection, treatment & disposal",0.001422482,Tonnes,England,O
2007,22,Benzene,4104,Shakespeare Farm Landfill Site,581390.0,177135.0,Biogeneration Ltd c/o BiffaWaste Services Ltd,21,"Waste collection, treatment & disposal",0.002147196,Tonnes,England,O
2007,22,Benzene,4105,Shawcross Landfill,426400.0,422500.0,Summerleaze RE Generation Ltd,21,"Waste collection, treatment & disposal",0.000202807,Tonnes,England,O
2007,22,Benzene,4106,Shearman Field,302627.0,524237.0,Gengas Ltd,21,"Waste collection, treatment & disposal",0.002844964,Tonnes,England,O
2007,22,Benzene,4107,Sidegate Lane,492056.0,270231.0,EDL Operations (LFG1) Ltd,21,"Waste collection, treatment & disposal",0.001928789,Tonnes,England,O
2007,22,Benzene,4108,Skelbrooke Landfill Gas Project,450712.0,411355.0,Skelbrooke Energy Ltd,21,"Waste collection, treatment & disposal",0.001422482,Tonnes,England,O
2007,22,Benzene,4109,Somerley Generating Station,412191.0,106957.0,Onyx Hampshire Ltd,21,"Waste collection, treatment & disposal",0.001375681,Tonnes,England,O
2007,22,Benzene,4110,Standard,328995.0,365115.0,AD Waste Ltd,21,"Waste collection, treatment & disposal",0.001304769,Tonnes,Wales,O
2007,22,Benzene,4111,Stangate - NFFO 5,560310.0,155952.0,Waste Recycling Group (Central) Ltd,21,"Waste collection, treatment & disposal",0.001422482,Tonnes,England,O
2007,22,Benzene,4112,Stangate Landfill,560310.0,155952.0,Waste Recycling Group (Central) Ltd,21,"Waste collection, treatment & disposal",0.006559302,Tonnes,England,O
2007,22,Benzene,4113,Station Farm Landfill,520911.0,269285.0,Natural Power Ltd,21,"Waste collection, treatment & disposal",0.002907366,Tonnes,England,O
2007,22,Benzene,4114,"Stone ""A"" Power Plant",556600.0,174700.0,Viridor Waste Management Ltd,21,"Waste collection, treatment & disposal",0.000780025,Tonnes,England,O
2007,22,Benzene,4115,"Stone ""B"" Power Plant",556600.0,174700.0,Viridor Waste Management Ltd,21,"Waste collection, treatment & disposal",0.002203925,Tonnes,England,O
2007,22,Benzene,4116,Sundon,503833.0,228713.0,United Utilities Green Energy Ltd,21,"Waste collection, treatment & disposal",0.002552809,Tonnes,England,O
2007,22,Benzene,4117,Sutton,447686.0,358468.0,United Utilities Green Energy Ltd,21,"Waste collection, treatment & disposal",0.00428021,Tonnes,England,O
2007,22,Benzene,4118,Sutton Courtney,450784.0,192933.0,Waste Recycling Group (Central) Ltd,21,"Waste collection, treatment & disposal",0.00816899,Tonnes,England,O
2007,22,Benzene,4119,Tir John Landfill,269071.0,193819.0,Summerleaze RE Generation Ltd,21,"Waste collection, treatment & disposal",0.002340075,Tonnes,Wales,O
2007,22,Benzene,4120,Todhills Power,337102.0,562514.0,Natural Power Ltd,21,"Waste collection, treatment & disposal",0.001886243,Tonnes,England,O
2007,22,Benzene,4121,Trecatti,308211.0,207680.0,Biffa Waste Services Ltd,21,"Waste collection, treatment & disposal",0.002844964,Tonnes,Wales,O
2007,22,Benzene,4122,Trumps Farm Generation Project,499639.0,166362.0,United Utilities Green Energy Ltd,21,"Waste collection, treatment & disposal",0.001422482,Tonnes,England,O
2007,22,Benzene,4123,Tythegston,285137.0,178793.0,United Utilities Green Energy Ltd,21,"Waste collection, treatment & disposal",0.001418227,Tonnes,Wales,O
2007,22,Benzene,4124,Ufton,438980.0,261288.0,Biogeneration Ltd c/o BiffaWaste Services Ltd,21,"Waste collection, treatment & disposal",0.001422482,Tonnes,England,O
2007,22,Benzene,4125,Ulnes Walton Energy,349883.0,420047.0,United Utilities Green Energy Ltd,21,"Waste collection, treatment & disposal",0.002836455,Tonnes,England,O
2007,22,Benzene,4126,United Mines,174256.0,41052.0,United Mines Energy Ltd,21,"Waste collection, treatment & disposal",0.004275956,Tonnes,England,O
2007,22,Benzene,4127,Walpole Landfill,331238.0,142978.0,Summerleaze RE Generation Ltd,21,"Waste collection, treatment & disposal",0.002467716,Tonnes,England,O
2007,22,Benzene,4128,Wangford Landfill Site,647143.0,277746.0,United Utilities Green Energy Ltd,21,"Waste collection, treatment & disposal",0.001426737,Tonnes,England,O
2007,22,Benzene,4129,Wapseys Wood Landfill (generation Phase 1),497290.0,188897.0,Summerleaze RE Generation Ltd,21,"Waste collection, treatment & disposal",0.008065459,Tonnes,England,O
2007,22,Benzene,4130,Wapseys Wood Landfill (generation Phase 2),497290.0,188897.0,Summerleaze RE Generation Ltd,21,"Waste collection, treatment & disposal",0.002844964,Tonnes,England,O
2007,22,Benzene,4131,Warboys Power,530855.0,281864.0,Natural Power Ltd,21,"Waste collection, treatment & disposal",0.001886243,Tonnes,England,O
2007,22,Benzene,4132,Enderby Warren Phase 1,453927.0,300110.0,United Utilities Green Energy Ltd,21,"Waste collection, treatment & disposal",0.002805254,Tonnes,England,O
2007,22,Benzene,4133,Waverley Wood Farm,436435.0,271428.0,EDL Operations (LFG1) Ltd,21,"Waste collection, treatment & disposal",0.001401209,Tonnes,England,O
2007,22,Benzene,4134,West Quarry,351180.0,410081.0,Wimpey Energy Ltd,21,"Waste collection, treatment & disposal",0.006382024,Tonnes,England,O
2007,22,Benzene,4135,Westbury Phase II,388385.0,152894.0,Viridor Waste Disposal Ltd,21,"Waste collection, treatment & disposal",0.002978278,Tonnes,England,O
2007,22,Benzene,4136,Westbury Power Plant,388385.0,152894.0,Viridor Waste Management Ltd,21,"Waste collection, treatment & disposal",0.001686272,Tonnes,England,O
2007,22,Benzene,4137,Wetherden Landfill Gas Project,599717.0,262491.0,Wetherden Energy Ltd,21,"Waste collection, treatment & disposal",0.000879301,Tonnes,England,O
2007,22,Benzene,4138,Whinney Hill Landfill Gas,375894.0,430385.0,Whinney Hill Energy Ltd,21,"Waste collection, treatment & disposal",0.004041948,Tonnes,England,O
2007,22,Benzene,4139,Whitehead,371023.0,399474.0,Viridor Waste Exeter Ltd,21,"Waste collection, treatment & disposal",0.007516605,Tonnes,England,O
2007,22,Benzene,4140,Whites Pitt,402925.0,96926.0,Canford Renewable Energy Ltd,21,"Waste collection, treatment & disposal",0.009808461,Tonnes,England,O
2007,22,Benzene,4141,Wilnecote Landfill Site,422148.0,299857.0,Biogeneration Ltd c/o BiffaWaste Services Ltd,21,"Waste collection, treatment & disposal",0.002844964,Tonnes,England,O
2007,22,Benzene,4142,Windmill Quarry Gas to Energy,513332.0,113576.0,UK Waste Management Ltd,21,"Waste collection, treatment & disposal",0.002907366,Tonnes,England,O
2007,22,Benzene,4143,Wingmoor Landfill,393250.0,226717.0,Summerleaze RE Generation Ltd,21,"Waste collection, treatment & disposal",0.002615211,Tonnes,England,O
2007,22,Benzene,4144,Winterton,491181.0,419455.0,Winterton Power Ltd,21,"Waste collection, treatment & disposal",0.004203626,Tonnes,England,O
2007,22,Benzene,4145,Withnell Generation Station,363930.0,423916.0,Biffa Waste Services Ltd,21,"Waste collection, treatment & disposal",0.003191012,Tonnes,England,O
2007,22,Benzene,4146,Witton,366100.0,374700.0,Gengas Ltd,21,"Waste collection, treatment & disposal",0.001418227,Tonnes,England,O
2007,22,Benzene,4147,Yanley,355774.0,169496.0,Viridor Waste Management Ltd,21,"Waste collection, treatment & disposal",0.002213853,Tonnes,England,O
2007,22,Benzene,4148,Yanley Phase II,355774.0,169496.0,Viridor Waste Management Ltd,21,"Waste collection, treatment & disposal",0.000822572,Tonnes,England,O
2007,22,Benzene,4149,Auchencarroch Gas Project,242000.0,681300.0,Auchencarroch Energy Ltd,21,"Waste collection, treatment & disposal",0.002802417,Tonnes,Scotland,O
2007,22,Benzene,4150,Auchinlea Landfill Site,228080.0,665890.0,Natural Power Ltd,21,"Waste collection, treatment & disposal",0.003222213,Tonnes,Scotland,O
2007,22,Benzene,4151,Craignaught Landfill Site,244400.0,651600.0,Natural Power Ltd,21,"Waste collection, treatment & disposal",0.000992759,Tonnes,Scotland,O
2007,22,Benzene,4152,Dalmacoulter Landfill Site,276900.0,667700.0,Natural Power Ltd,21,"Waste collection, treatment & disposal",0.000992759,Tonnes,Scotland,O
2007,22,Benzene,4153,Greengairs phase 1 & 2,278900.0,669800.0,Shanks & McEwan Northern,21,"Waste collection, treatment & disposal",0.005604835,Tonnes,Scotland,O
2007,22,Benzene,4154,Greengairs phase 3 & 4,278900.0,669800.0,Shanks & McEwan Northern,21,"Waste collection, treatment & disposal",0.00567291,Tonnes,Scotland,O
2007,22,Benzene,4155,Melville,329800.0,666700.0,Natural Power Ltd,21,"Waste collection, treatment & disposal",0.001630962,Tonnes,Scotland,O
2007,22,Benzene,4156,Summerston Landfill Site,258100.0,672500.0,Summerston Energy Ltd,21,"Waste collection, treatment & disposal",0.004041948,Tonnes,Scotland,O
2007,22,Benzene,4157,Bilsthorpe Power Generation Scheme,465901.0,360567.0,Renewable Power Generation C/o Hyder Industrial Ltd,21,"Waste collection, treatment & disposal",0.001422482,Tonnes,England,O
2007,22,Benzene,4159,Ashford Wastewater Treatment Works,601723.0,143813.0,Southern Water Services Ltd,20,Water & sewerage,0.000589275,Tonnes,England,O
2007,22,Benzene,4160,Aycliffe Sewage Treatment Works,428102.0,523398.0,Northumbrian Water Ltd,20,Water & sewerage,0.000153307,Tonnes,England,O
2007,22,Benzene,4161,Aylesbury Sewage Treatment Works,507697.0,208992.0,Thames Water Utilities Ltd,20,Water & sewerage,0.000325778,Tonnes,England,O
2007,22,Benzene,4162,Basingstoke Sewage Treatment Works,467231.0,155163.0,Thames Water Utilities Ltd,20,Water & sewerage,0.000536576,Tonnes,England,O
2007,22,Benzene,4163,Bolton CHP at Bolton WWTW,376714.0,404860.0,United Utilities Water Plc,20,Water & sewerage,0.001015661,Tonnes,England,O
2007,22,Benzene,4164,Bracknell Sewage Treatment Works,485595.0,172293.0,Thames Water Utilities Ltd,20,Water & sewerage,0.000191634,Tonnes,England,O
2007,22,Benzene,4165,Burnley CHP at Burnley WWTW,382822.0,435354.0,United Utilities Water Plc,20,Water & sewerage,0.000158098,Tonnes,England,O
2007,22,Benzene,4166,Bury CHP at Bury WWTW,380551.0,407914.0,United Utilities Water Plc,20,Water & sewerage,0.001786031,Tonnes,England,O
2007,22,Benzene,4167,Camberley Sewage Treatment Works,486060.0,159736.0,Thames Water Utilities Ltd,20,Water & sewerage,0.000344942,Tonnes,England,O
2007,22,Benzene,4169,Crawley Sewage Treatment Works,528900.0,140300.0,Thames Water Utilities Ltd,20,Water & sewerage,0.000325778,Tonnes,England,O
2007,22,Benzene,4170,Crewe CHP at Crewe WWTW,366500.0,357300.0,United Utilities Water Plc,20,Water & sewerage,0.000509747,Tonnes,England,O
2007,22,Benzene,4171,Davyhulme CHP at Davyhulme WWTW,375400.0,396400.0,United Utilities Water Plc,20,Water & sewerage,0.00543283,Tonnes,England,O
2007,22,Benzene,4172,Dukinfield CHP at Dukinfield WWTW,392922.0,396721.0,United Utilities Water Plc,20,Water & sewerage,0.000603648,Tonnes,England,O
2007,22,Benzene,4173,East Hyde Sewage Treatment Works,512100.0,218000.0,Thames Water Utilities Ltd,20,Water & sewerage,0.000431177,Tonnes,England,O
2007,22,Benzene,4174,Ellesmere Port CHP at Ellesmere Port WWTW,342400.0,374300.0,United Utilities Water Plc,20,Water & sewerage,0.000244334,Tonnes,England,O
2007,22,Benzene,4176,Hayle STW,155766.0,37097.0,South West Water Ltd,20,Water & sewerage,0.000320987,Tonnes,England,O
2007,22,Benzene,4177,Hexham Sewage Treatment Works,394500.0,564892.0,Northumbrian Water Ltd,20,Water & sewerage,7.66537e-05,Tonnes,England,O
2007,22,Benzene,4178,Hillhouse CHP at Hillhouse WWTW,334535.0,406257.0,United Utilities Water Plc,20,Water & sewerage,0.000244334,Tonnes,England,O
2007,22,Benzene,4179,Hogsmill Sewage Treatment Works,519350.0,168249.0,Thames Water Utilities Ltd,20,Water & sewerage,0.000898764,Tonnes,England,O
2007,22,Benzene,4180,Huyton CHP at Huyton WWTW,344900.0,389900.0,United Utilities Water Plc,20,Water & sewerage,0.000162889,Tonnes,England,O
2007,22,Benzene,4181,Kidsgrove CHP at Kidsgrove WWTW,382681.0,355319.0,United Utilities Water Plc,20,Water & sewerage,8.14445e-05,Tonnes,England,O
2007,22,Benzene,4183,Lancaster CHP at Lancaster WWTW,346506.0,458654.0,United Utilities Water Plc,20,Water & sewerage,0.000559572,Tonnes,England,O
2007,22,Benzene,4184,Leigh CHP at Leigh WWTW,366200.0,399730.0,United Utilities Water Plc,20,Water & sewerage,0.000115939,Tonnes,England,O
2007,22,Benzene,4185,Liskeard STW CHP,295492.0,91708.0,South West Water Ltd,20,Water & sewerage,5.74903e-05,Tonnes,England,O
2007,22,Benzene,4186,Minworth Generating Station,416086.0,292301.0,Severn Trent Water Ltd,20,Water & sewerage,0.009102625,Tonnes,England,O
2007,22,Benzene,4187,Mogden Sewage Treatment Works,514844.0,174804.0,Thames Water Utilities Ltd,20,Water & sewerage,0.00795282,Tonnes,England,O
2007,22,Benzene,4188,Oldham CHP at Oldham WWTW,389400.0,404300.0,United Utilities Water Plc,20,Water & sewerage,0.000603648,Tonnes,England,O
2007,22,Benzene,4189,Oxford (Sandford) Sewage Treatment Works,454135.0,201809.0,Thames Water Utilities Ltd,20,Water & sewerage,0.000651556,Tonnes,England,O
2007,22,Benzene,4190,Plympton STW CHP,295492.0,91708.0,South West Water Ltd,20,Water & sewerage,0.000158098,Tonnes,England,O
2007,22,Benzene,4191,Reading Sewage Treatment Works,471400.0,170800.0,Thames Water Utilities Ltd,20,Water & sewerage,0.003278861,Tonnes,England,O
2007,22,Benzene,4192,Runcorn CHP at Runcorn WWTW,354201.0,383601.0,United Utilities Water Plc,20,Water & sewerage,0.000244334,Tonnes,England,O
2007,22,Benzene,4194,Ryemeads Sewage Treatment Works,539257.0,210379.0,Thames Water Utilities Ltd,20,Water & sewerage,0.001418093,Tonnes,England,O
2007,22,Benzene,4195,Sandon Dock CHP at Liverpool WWTW,333700.0,392800.0,United Utilities Water Plc,20,Water & sewerage,0.001856935,Tonnes,England,O
2007,22,Benzene,4196,Slough Sewage Treatment Works,494500.0,179300.0,Thames Water Utilities Ltd,20,Water & sewerage,0.000651556,Tonnes,England,O
2007,22,Benzene,4197,Stockport CHP at Stockport WWTW,393100.0,389300.0,United Utilities Water Plc,20,Water & sewerage,0.000479086,Tonnes,England,O
2007,22,Benzene,4198,Stoke Bardolph STW Generating Station,463551.0,341928.0,Severn Trent Water Ltd,20,Water & sewerage,0.004543647,Tonnes,England,O
2007,22,Benzene,4199,Stressholme Sewage Treatment Works,428814.0,512530.0,Northumbrian Water Ltd,20,Water & sewerage,0.000325778,Tonnes,England,O
2007,22,Benzene,4200,Swindon Sewage Treatment Works,413557.0,185437.0,Thames Water Utilities Ltd,20,Water & sewerage,0.000431177,Tonnes,England,O
2007,22,Benzene,4201,Tunbridge Wells North Wastewater Treatment Works,560181.0,141905.0,Southern Water Services Ltd,20,Water & sewerage,8.62354e-05,Tonnes,England,O
2007,22,Benzene,4202,Wanlip Sewage Treatment Works,459694.0,311495.0,Severn Trent Water Ltd,20,Water & sewerage,0.002040904,Tonnes,England,O
2007,22,Benzene,4203,Wargrave Sewage Treatment Works,527500.0,137300.0,Thames Water Utilities Ltd,20,Water & sewerage,0.000239543,Tonnes,England,O
2007,22,Benzene,4204,Warrington CHP at Warrington WWTW,358200.0,387276.0,United Utilities Water Plc,20,Water & sewerage,0.000776119,Tonnes,England,O
2007,22,Benzene,4205,Whitlingham STW CHP Plant,627800.0,307700.0,Anglian Water Services Ltd,20,Water & sewerage,0.000958171,Tonnes,England,O
2007,22,Benzene,4206,Berryhill STW,410700.0,96700.0,Wessex Water Services Ltd,20,Water & sewerage,0.000862354,Tonnes,England,O
2007,22,Benzene,4207,Holmes Chapel STW,375200.0,367700.0,North West Water Ltd,20,Water & sewerage,0.000103482,Tonnes,England,O
2007,22,Benzene,4311,Huddersfield,414790.0,417780.0,Sita (Kirkless) Ltd,21,"Waste collection, treatment & disposal",0.213478735639266,Tonnes,England,M
2007,22,Benzene,4327,Kemsley,591630.0,166160.0,Powergen CHP Ltd,8,"Paper, printing & publishing industries",0.2,Tonnes,England,O
2007,22,Benzene,4340,Saltend,516260.0,428180.0,BP Chemicals Ltd,10,Chemical industry,0.2,Tonnes,England,M
2007,22,Benzene,4359,Barrington,539690.0,250510.0,Rugby Group Ltd,11,Cement,0.02,Tonnes,England,M
2007,22,Benzene,4370,Barnsley,437600.0,412200.0,Monckton Coke & Chemical Co Ltd,2,Other fuel production,5.335775651,Tonnes,England,M
2007,22,Benzene,4380,Bridgend,288000.0,187100.0,Innogy Cogen Ltd,18,Major power producers,0.199948012980062,Tonnes,Wales,O
2007,22,Benzene,4400,Bristol,353350.0,179850.0,Compact Power Ltd,21,"Waste collection, treatment & disposal",0.0588453951694209,Tonnes,England,M
2007,22,Benzene,4402,South Ferriby,497370.0,421040.0,Rugby Group Ltd,11,Cement,1.067,Tonnes,England,O
2007,22,Benzene,4412,Heysham,340720.0,460660.0,Avocado Research Chemcials Ltd,10,Chemical industry,0.02,Tonnes,England,M
2007,22,Benzene,4426,Ketton,498470.0,305320.0,Castle Cement Ltd,11,Cement,3.87,Tonnes,England,O
2007,22,Benzene,4606,Cottenham,545790.0,269003.0,Malary Environmental Services Ltd,21,"Waste collection, treatment & disposal",12.844,Tonnes,England,O
2007,22,Benzene,4644,Ingham,593579.0,273617.0,Orcol Fuels Ltd,21,"Waste collection, treatment & disposal",0.2273,Tonnes,England,M
2007,22,Benzene,4645,Sturminster Marshall,395150.0,99500.0,Orcol Fuels Ltd,21,"Waste collection, treatment & disposal",0.2,Tonnes,England,M
2007,22,Benzene,4688,Twickenham,516986.0,174406.0,Sharpe Refinery Service (Hydocarbons) Lt,21,"Waste collection, treatment & disposal",0.2,Tonnes,England,M
2007,22,Benzene,4700,Devonport,244950.0,54050.0,Shercon Cleaning Services Ltd,22,Construction,0.4319,Tonnes,England,M
2007,22,Benzene,4724,Newport,332130.0,185819.0,Trico Ltd,25,Miscellaneous,7.314687,Tonnes,Wales,O
2007,22,Benzene,4763,Stoneferry,510400.0,431600.0,Waste Oil Services Ltd,21,"Waste collection, treatment & disposal",0.2,Tonnes,England,M
2007,22,Benzene,5053,Exeter,286800.0,92300.0,Exeter Services,23,Commercial,0.011887567,Tonnes,England,M
2007,22,Benzene,5054,Tiverton,302637.0,107531.0,Cullompton Services,23,Commercial,0.011887567,Tonnes,England,M
2007,22,Benzene,5055,Taunton,319200.0,120400.0,Taunton Deane Services,23,Commercial,0.011887567,Tonnes,England,M
2007,22,Benzene,5056,East Brent,333500.0,152600.0,Sedgemoor Services,23,Commercial,0.011887567,Tonnes,England,M
2007,22,Benzene,5057,Southampton,439000.0,117600.0,Rownhams Services,23,Commercial,0.011887567,Tonnes,England,M
2007,22,Benzene,5058,Fleet,480000.0,155800.0,Fleet Services,23,Commercial,0.011887567,Tonnes,England,M
2007,22,Benzene,5059,Oxted,542739.0,153989.0,Clacket Lane Services,23,Commercial,0.011887567,Tonnes,England,M
2007,22,Benzene,5060,Maidstone,582600.0,154900.0,Maidstone Services,23,Commercial,0.011887567,Tonnes,England,M
2007,22,Benzene,5061,Gillingham,581900.0,163500.0,Medway Services,23,Commercial,0.011887567,Tonnes,England,M
2007,22,Benzene,5062,Penllergaer,262200.0,199700.0,Swansea West Services,23,Commercial,0.011887567,Tonnes,Wales,M
2007,22,Benzene,5063,Bridgend,290900.0,182800.0,Sarn Park Services,23,Commercial,0.011887567,Tonnes,Wales,M
2007,22,Benzene,5064,Radyr,309200.0,179400.0,Cardiff West Services,23,Commercial,0.011887567,Tonnes,Wales,M
2007,22,Benzene,5065,Magor,342700.0,187900.0,Magor Services,23,Commercial,0.011887567,Tonnes,Wales,M
2007,22,Benzene,5066,Easton in Gordano,351100.0,175500.0,Gordano Services,23,Commercial,0.011887567,Tonnes,England,M
2007,22,Benzene,5067,Thornbury,357200.0,189800.0,Severn View Services,23,Commercial,0.011887567,Tonnes,England,M
2007,22,Benzene,5068,Wotton under Edge,370900.0,195700.0,Michael Wood Services,23,Commercial,0.011887567,Tonnes,England,M
2007,22,Benzene,5069,Chippenham,389000.0,179100.0,Leigh Delamere Services,23,Commercial,0.011887567,Tonnes,England,M
2007,22,Benzene,5070,Lambourn,430800.0,175400.0,Membury Services,23,Commercial,0.011887567,Tonnes,England,M
2007,22,Benzene,5071,Chieveley,448200.0,172700.0,Chieveley Services,23,Commercial,0.011887567,Tonnes,England,M
2007,22,Benzene,5072,Reading,467200.0,169900.0,Reading Services,23,Commercial,0.011887567,Tonnes,England,M
2007,22,Benzene,5073,Bicester,454800.0,228300.0,Cherwell Valley Services,23,Commercial,0.011887567,Tonnes,England,M
2007,22,Benzene,5074,Harbury,434300.0,258100.0,Warwick Services,23,Commercial,0.011887567,Tonnes,England,M
2007,22,Benzene,5075,Toddington,503100.0,228600.0,Toddington Services,23,Commercial,0.011887567,Tonnes,England,M
2007,22,Benzene,5076,Potters Bar,523003.0,200173.0,South Mimms Services,23,Commercial,0.011887567,Tonnes,England,M
2007,22,Benzene,5077,Bishops Stortford,551300.0,221500.0,Birchanger Green Services,23,Commercial,0.011887567,Tonnes,England,M
2007,22,Benzene,5078,West Thurrock,557700.0,179500.0,Thurrock Services,23,Commercial,0.011887567,Tonnes,England,M
2007,22,Benzene,5079,Upton Upon Severn,389000.0,240800.0,Strensham North Services,23,Commercial,0.011887567,Tonnes,England,M
2007,22,Benzene,5080,Eckingham,380700.0,240000.0,Strensham South Services,23,Commercial,0.011887567,Tonnes,England,M
2007,22,Benzene,5081,Bartley Green,398800.0,281400.0,Frankley Services,23,Commercial,0.011887567,Tonnes,England,M
2007,22,Benzene,5082,Alvechurch,403700.0,284000.0,Hopwood Park Services,23,Commercial,0.011887567,Tonnes,England,M
2007,22,Benzene,5083,Featherstone,396300.0,305000.0,Hilton Park Services,23,Commercial,0.011887567,Tonnes,England,M
2007,22,Benzene,5084,Coventry,430900.0,286150.0,Corley Services,23,Commercial,0.011887567,Tonnes,England,M
2007,22,Benzene,5085,Tamworth,424200.0,300900.0,Tamworth Services,23,Commercial,0.011887567,Tonnes,England,M
2007,22,Benzene,5086,Daventry,459900.0,268000.0,Watford Gap Services,23,Commercial,0.011887567,Tonnes,England,M
2007,22,Benzene,5087,Leicester,453800.0,302800.0,Leicester Forest East Services,23,Commercial,0.011887567,Tonnes,England,M
2007,22,Benzene,5088,Northampton,472200.0,257400.0,Rothersthorpe Services,23,Commercial,0.011887567,Tonnes,England,M
2007,22,Benzene,5089,Newport Pagnell,485800.0,243500.0,Newport Pagnell Services,23,Commercial,0.011887567,Tonnes,England,M
2007,22,Benzene,5090,Warrington,357900.0,391200.0,Burtonwood Services,23,Commercial,0.011887567,Tonnes,England,M
2007,22,Benzene,5091,Newcastle under Lyme,380700.0,344200.0,Keele Services,23,Commercial,0.011887567,Tonnes,England,M
2007,22,Benzene,5092,Stone,388700.0,333200.0,Stafford Services,23,Commercial,0.011887567,Tonnes,England,M
2007,22,Benzene,5093,Knutsford,373400.0,378300.0,Knutsford Services,23,Commercial,0.011887567,Tonnes,England,M
2007,22,Benzene,5094,Stanton under Bardon,447500.0,311000.0,Leicester Services,23,Commercial,0.011887567,Tonnes,England,M
2007,22,Benzene,5095,Peterborough,514100.0,211000.0,Peterborough Services,23,Commercial,0.011887567,Tonnes,England,M
2007,22,Benzene,5096,Hapsford,346500.0,374900.0,Chester Services,23,Commercial,0.011887567,Tonnes,England,M
2007,22,Benzene,5097,Stotfold,523600.0,236400.0,Baldock Services,23,Commercial,0.011887567,Tonnes,England,M
2007,22,Benzene,5098,Bridgwater,330600.0,134500.0,Bridgwater Services,23,Commercial,0.011887567,Tonnes,England,M
2007,22,Benzene,5099,Kingsworthy,452300.0,135200.0,Winchester Services,23,Commercial,0.011887567,Tonnes,England,M
2007,22,Benzene,5100,St Mellons,321700.0,182300.0,Cardiff Gate Services,23,Commercial,0.011887567,Tonnes,Wales,M
2007,22,Benzene,5101,Heston,511385.0,177729.0,Heston Services,23,Commercial,0.011887567,Tonnes,England,M
2007,22,Benzene,5102,Sandbach,377700.0,360200.0,Sandbach Services,23,Commercial,0.011887567,Tonnes,England,M
2007,22,Benzene,5103,Trowell,449200.0,340800.0,Trowell Services,23,Commercial,0.011887567,Tonnes,England,M
2007,22,Benzene,5104,Killamarsh,448000.0,380400.0,Woodall Services,23,Commercial,0.011887567,Tonnes,England,M
2007,22,Benzene,5105,Chorley,354500.0,415200.0,Charnock Richard Services,23,Commercial,0.011887567,Tonnes,England,M
2007,22,Benzene,5106,Horwich,362300.0,411800.0,Rivington Services,23,Commercial,0.011887567,Tonnes,England,M
2007,22,Benzene,5107,Lancaster,350300.0,452100.0,Lancaster Forton Services,23,Commercial,0.011887567,Tonnes,England,M
2007,22,Benzene,5108,Middleton,384800.0,408000.0,Birch Services,23,Commercial,0.011887567,Tonnes,England,M
2007,22,Benzene,5109,Brighouse,416800.0,424100.0,Hartshead Services,23,Commercial,0.011887567,Tonnes,England,M
2007,22,Benzene,5110,Crigglestone,430200.0,414100.0,Wooley Edge Services,23,Commercial,0.011887567,Tonnes,England,M
2007,22,Benzene,5111,Knottingley,448590.0,422500.0,Ferrybridge Services,23,Commercial,0.011887567,Tonnes,England,M
2007,22,Benzene,5112,Burton in Kendal,352100.0,476100.0,Burton in Kendal Services,23,Commercial,0.011887567,Tonnes,England,M
2007,22,Benzene,5113,Kendal,358600.0,491200.0,Killington Lake Services,23,Commercial,0.011887567,Tonnes,England,M
2007,22,Benzene,5114,Tebay,360800.0,506000.0,Tebay West Services,23,Commercial,0.011887567,Tonnes,England,M
2007,22,Benzene,5115,Tebay,361300.0,506300.0,Tebay East Services,23,Commercial,0.011887567,Tonnes,England,M
2007,22,Benzene,5116,Low Hesket,344200.0,545400.0,Southwaite Services,23,Commercial,0.011887567,Tonnes,England,M
2007,22,Benzene,5117,Gretna,330700.0,568900.0,Gretna Green Services,23,Commercial,0.011887567,Tonnes,Scotland,M
2007,22,Benzene,5118,Johnstonebridge,310400.0,592600.0,Annandale Water Services,23,Commercial,0.011887567,Tonnes,Scotland,M
2007,22,Benzene,5119,Washington,429663.0,557255.0,Washington Birtley Sevices,23,Commercial,0.011887567,Tonnes,England,M
2007,22,Benzene,5120,Abington,292800.0,624800.0,Nether Abington Services,23,Commercial,0.011887567,Tonnes,Scotland,M
2007,22,Benzene,5121,Douglas,285100.0,633700.0,Cairn Lodge Services,23,Commercial,0.011887567,Tonnes,Scotland,M
2007,22,Benzene,5122,Bathgate,290100.0,664800.0,Harthill Services,23,Commercial,0.011887567,Tonnes,Scotland,M
2007,22,Benzene,5123,Hamilton,272400.0,656800.0,Hamilton Services,23,Commercial,0.011887567,Tonnes,Scotland,M
2007,22,Benzene,5124,Bellshill,270900.0,659800.0,Bothwell Services,23,Commercial,0.011887567,Tonnes,Scotland,M
2007,22,Benzene,5125,Stirling,280300.0,688900.0,Stirling Services,23,Commercial,0.011887567,Tonnes,Scotland,M
2007,22,Benzene,5126,Kinross,311000.0,703300.0,Kinross Services,23,Commercial,0.011887567,Tonnes,Scotland,M
2007,22,Benzene,5127,Edgeware,520300.0,193900.0,Scratchwood Services,23,Commercial,0.011887567,Tonnes,England,M
2007,22,Benzene,5128,Crawley,526800.0,132900.0,Pease Pottage Services,23,Commercial,0.011887567,Tonnes,England,M
2007,22,Benzene,5129,Stainforth,467000.0,411400.0,Doncaster Services,23,Commercial,0.011887567,Tonnes,England,M
2007,22,Benzene,5130,Castle Donnington,446600.0,325500.0,Donnington Park Services,23,Commercial,0.011887567,Tonnes,England,M
2007,22,Benzene,5131,Durham,430800.0,537200.0,Durham Services,23,Commercial,0.011887567,Tonnes,England,M
2007,22,Benzene,5132,Pontardulais,257400.0,207300.0,Pont Abraham Services,23,Commercial,0.011887567,Tonnes,Wales,M
2007,22,Benzene,5133,Tibshelf,444800.0,360200.0,Tibshelf Services,23,Commercial,0.011887567,Tonnes,England,M
2007,22,Benzene,5134,Atlas Power,410998.0,419765.0,Natural Power Ltd,21,"Waste collection, treatment & disposal",0.001611106,Tonnes,England,O
2007,22,Benzene,5135,Bletchley Phase II,485406.0,232267.0,Shanks Waste Services Ltd,21,"Waste collection, treatment & disposal",0.003261923,Tonnes,England,O
2007,22,Benzene,5136,Ruabon Power Station,330149.0,344501.0,Shanks Northern Ltd,21,"Waste collection, treatment & disposal",0.002921549,Tonnes,Wales,O
2007,22,Benzene,5137,Bramshill,475745.0,161056.0,Onyx Hampshire Ltd,21,"Waste collection, treatment & disposal",0.001426737,Tonnes,England,O
2007,22,Benzene,5138,Aveley - NFFO 5,555410.0,180875.0,Waste Recycling Group Plc,21,"Waste collection, treatment & disposal",0.002844964,Tonnes,England,O
2007,22,Benzene,5139,March Landfill Gas Project,540759.0,298674.0,March Energy Ltd,21,"Waste collection, treatment & disposal",0.001422482,Tonnes,England,O
2007,22,Benzene,5140,Redhill 2,529162.0,150932.0,Biffa Waste Services Ltd,21,"Waste collection, treatment & disposal",0.001418227,Tonnes,England,O
2007,22,Benzene,5141,Seale Power,489190.0,147754.0,Natural Power Ltd,21,"Waste collection, treatment & disposal",0.00184795,Tonnes,England,O
2007,22,Benzene,5142,Shelford Generation Plant II,615958.0,160346.0,Brett Waste Management Ltd,21,"Waste collection, treatment & disposal",0.011413894,Tonnes,England,O
2007,22,Benzene,5143,Shelford Landfill Site,615958.0,160346.0,Brett Waste Management Ltd,21,"Waste collection, treatment & disposal",0.002836455,Tonnes,England,O
2007,22,Benzene,5144,Compton Basset Landfill,401841.0,171023.0,United Utilities Green Energy Ltd,21,"Waste collection, treatment & disposal",0.003327162,Tonnes,England,O
2007,22,Benzene,5145,Connon Bridge Landfill Gas Project,218674.0,62289.0,Connon Bridge Energy Ltd,21,"Waste collection, treatment & disposal",0.001426737,Tonnes,England,O
2007,22,Benzene,5146,Edwin Richards,396765.0,288319.0,Waste Recycling Group Plc,21,"Waste collection, treatment & disposal",0.002722997,Tonnes,England,O
2007,22,Benzene,5147,Lidsey Landfill,492940.0,103356.0,Summerleaze RE Generation Ltd,21,"Waste collection, treatment & disposal",0.002853474,Tonnes,England,O
2007,22,Benzene,5148,Weldon Phase 1,492583.0,287906.0,Shanks Waste Services Ltd,21,"Waste collection, treatment & disposal",0.006523846,Tonnes,England,O
2007,22,Benzene,5436,Aberdare,302162.0,201462.0,Asda Stores Ltd,23,Commercial,0.010459538,Tonnes,Wales,M
2007,22,Benzene,5437,Aintree,337163.0,399637.0,Asda Stores Ltd,23,Commercial,0.010459538,Tonnes,England,M
2007,22,Benzene,5438,Ashington,427486.0,587927.0,Asda Stores Ltd,23,Commercial,0.010459538,Tonnes,England,M
2007,22,Benzene,5439,Barnsley,434858.0,407213.0,Asda Stores Ltd,23,Commercial,0.010459538,Tonnes,England,M
2007,22,Benzene,5440,Beckton,542900.0,181600.0,Asda Stores Ltd,23,Commercial,0.010459538,Tonnes,England,M
2007,22,Benzene,5441,Benton,429604.0,569670.0,Asda Stores Ltd,23,Commercial,0.010459538,Tonnes,England,M
2007,22,Benzene,5442,Birchwood,364584.0,391416.0,Asda Stores Ltd,23,Commercial,0.010459538,Tonnes,England,M
2007,22,Benzene,5443,Bishopbriggs,261250.0,670750.0,Asda Stores Ltd,23,Commercial,0.010459538,Tonnes,Scotland,M
2007,22,Benzene,5444,Blackburn,368394.0,427294.0,Asda Stores Ltd,23,Commercial,0.010459538,Tonnes,England,M
2007,22,Benzene,5445,Blackpool,333100.0,434100.0,Asda Stores Ltd,23,Commercial,0.010459538,Tonnes,England,M
2007,22,Benzene,5446,Blantyre,269200.0,657300.0,Asda Stores Ltd,23,Commercial,0.010459538,Tonnes,Scotland,M
2007,22,Benzene,5447,Blyth,428500.0,581400.0,Asda Stores Ltd,23,Commercial,0.010459538,Tonnes,England,M
2007,22,Benzene,5448,Bodmin,208275.0,67514.0,Asda Stores Ltd,23,Commercial,0.010459538,Tonnes,England,M
2007,22,Benzene,5449,Boldon,434698.0,561602.0,Asda Stores Ltd,23,Commercial,0.010459538,Tonnes,England,M
2007,22,Benzene,5450,Bolton,371328.0,411592.0,Asda Stores Ltd,23,Commercial,0.010459538,Tonnes,England,M
2007,22,Benzene,5451,Boston,532900.0,344300.0,Asda Stores Ltd,23,Commercial,0.010459538,Tonnes,England,M
2007,22,Benzene,5452,Bradford,418500.0,431200.0,Asda Stores Ltd,23,Commercial,0.010459538,Tonnes,England,M
2007,22,Benzene,5453,Bridge Of Dee,392700.0,803500.0,Asda Stores Ltd,23,Commercial,0.010459538,Tonnes,Scotland,M
2007,22,Benzene,5454,Brighton,532168.0,109240.0,Asda Stores Ltd,23,Commercial,0.010459538,Tonnes,England,M
2007,22,Benzene,5455,Brighton Marina,533541.0,103189.0,Asda Stores Ltd,23,Commercial,0.010459538,Tonnes,England,M
2007,22,Benzene,5456,Bristol Whitchurch,360497.0,168416.0,Asda Stores Ltd,23,Commercial,0.010459538,Tonnes,England,M
2007,22,Benzene,5457,Bromborough,335000.0,383000.0,Asda Stores Ltd,23,Commercial,0.010459538,Tonnes,England,M
2007,22,Benzene,5458,Burnley,383750.0,433250.0,Asda Stores Ltd,23,Commercial,0.010459538,Tonnes,England,M
2007,22,Benzene,5459,Canterbury,616077.0,159111.0,Asda Stores Ltd,23,Commercial,0.010459538,Tonnes,England,M
2007,22,Benzene,5460,Cardiff,313972.0,181325.0,Asda Stores Ltd,23,Commercial,0.010459538,Tonnes,Wales,M
2007,22,Benzene,5461,Cardiff Bay,317685.0,173947.0,Asda Stores Ltd,23,Commercial,0.010459538,Tonnes,Wales,M
2007,22,Benzene,5462,Carlisle,338917.0,559746.0,Asda Stores Ltd,23,Commercial,0.010459538,Tonnes,England,M
2007,22,Benzene,5463,Chadderton,390899.0,405504.0,Asda Stores Ltd,23,Commercial,0.010459538,Tonnes,England,M
2007,22,Benzene,5464,Charlton,540523.0,178548.0,Asda Stores Ltd,23,Commercial,0.010459538,Tonnes,England,M
2007,22,Benzene,5465,Chelmsford,573106.0,207175.0,Asda Stores Ltd,23,Commercial,0.010459538,Tonnes,England,M
2007,22,Benzene,5466,Coatbridge,273393.0,665009.0,Asda Stores Ltd,23,Commercial,0.010459538,Tonnes,Scotland,M
2007,22,Benzene,5467,Colchester,599590.0,226494.0,Asda Stores Ltd,23,Commercial,0.010459538,Tonnes,England,M
2007,22,Benzene,5468,Colne,387152.0,439218.0,Asda Stores Ltd,23,Commercial,0.010459538,Tonnes,England,M
2007,22,Benzene,5469,Corby,489548.0,289402.0,Asda Stores Ltd,23,Commercial,0.010459538,Tonnes,England,M
2007,22,Benzene,5470,Coventry,438500.0,281300.0,Asda Stores Ltd,23,Commercial,0.010459538,Tonnes,England,M
2007,22,Benzene,5471,Cumbernauld,275924.0,674592.0,Asda Stores Ltd,23,Commercial,0.010459538,Tonnes,Scotland,M
2007,22,Benzene,5472,Dagenham,548919.0,183448.0,Asda Stores Ltd,23,Commercial,0.010459538,Tonnes,England,M
2007,22,Benzene,5473,Darlington,430993.0,516701.0,Asda Stores Ltd,23,Commercial,0.010459538,Tonnes,England,M
2007,22,Benzene,5474,Derby,439077.0,335623.0,Asda Stores Ltd,23,Commercial,0.010459538,Tonnes,England,M
2007,22,Benzene,5475,Doncaster,460065.0,402475.0,Asda Stores Ltd,23,Commercial,0.010459538,Tonnes,England,M
2007,22,Benzene,5476,Donnington Wood,370750.0,312463.0,Asda Stores Ltd,23,Commercial,0.010459538,Tonnes,England,M
2007,22,Benzene,5477,Dudley,392609.0,286919.0,Asda Stores Ltd,23,Commercial,0.010459538,Tonnes,England,M
2007,22,Benzene,5478,Dundee (Kirkton),339400.0,733300.0,Asda Stores Ltd,23,Commercial,0.010459538,Tonnes,Scotland,M
2007,22,Benzene,5479,Dunfermline,312250.0,688500.0,Asda Stores Ltd,23,Commercial,0.010459538,Tonnes,Scotland,M
2007,22,Benzene,5480,Dyce,389600.0,812800.0,Asda Stores Ltd,23,Commercial,0.010459538,Tonnes,Scotland,M
2007,22,Benzene,5481,Eastbourne,563763.0,102053.0,Asda Stores Ltd,23,Commercial,0.010459538,Tonnes,England,M
2007,22,Benzene,5482,Eastleigh,442900.0,118800.0,Asda Stores Ltd,23,Commercial,0.010459538,Tonnes,England,M
2007,22,Benzene,5483,Elgin,321980.0,862190.0,Asda Stores Ltd,23,Commercial,0.010459538,Tonnes,Scotland,M
2007,22,Benzene,5484,Falmouth,177003.0,33908.0,Asda Stores Ltd,23,Commercial,0.010459538,Tonnes,England,M
2007,22,Benzene,5485,Fareham,457574.0,104127.0,Asda Stores Ltd,23,Commercial,0.010459538,Tonnes,England,M
2007,22,Benzene,5486,Fulwood,354922.0,432941.0,Asda Stores Ltd,23,Commercial,0.010459538,Tonnes,England,M
2007,22,Benzene,5487,Gateshead Metro,421310.0,562800.0,Asda Stores Ltd,23,Commercial,0.010459538,Tonnes,England,M
2007,22,Benzene,5488,Golbourne,359939.0,398430.0,Asda Stores Ltd,23,Commercial,0.010459538,Tonnes,England,M
2007,22,Benzene,5489,Govan,254800.0,664470.0,Asda Stores Ltd,23,Commercial,0.010459538,Tonnes,Scotland,M
2007,22,Benzene,5490,Grantham,491100.0,336000.0,Asda Stores Ltd,23,Commercial,0.010459538,Tonnes,England,M
2007,22,Benzene,5491,Great Bridge,397900.0,292500.0,Asda Stores Ltd,23,Commercial,0.010459538,Tonnes,England,M
2007,22,Benzene,5492,Great Yarmouth,651800.0,308200.0,Asda Stores Ltd,23,Commercial,0.010459538,Tonnes,England,M
2007,22,Benzene,5493,Greenhithe,558293.0,174997.0,Asda Stores Ltd,23,Commercial,0.010459538,Tonnes,England,M
2007,22,Benzene,5494,Harlow,543750.0,210250.0,Asda Stores Ltd,23,Commercial,0.010459538,Tonnes,England,M
2007,22,Benzene,5495,Harpurhey,386137.0,401743.0,Asda Stores Ltd,23,Commercial,0.010459538,Tonnes,England,M
2007,22,Benzene,5496,Hartlepool,451000.0,533100.0,Asda Stores Ltd,23,Commercial,0.010459538,Tonnes,England,M
2007,22,Benzene,5497,Havant,469562.0,107508.0,Asda Stores Ltd,23,Commercial,0.010459538,Tonnes,England,M
2007,22,Benzene,5498,Haydon,413620.0,188580.0,Asda Stores Ltd,23,Commercial,0.010459538,Tonnes,England,M
2007,22,Benzene,5499,Hessle,507392.0,427495.0,Asda Stores Ltd,23,Commercial,0.010459538,Tonnes,England,M
2007,22,Benzene,5500,Huddersfield,414690.0,419500.0,Asda Stores Ltd,23,Commercial,0.010459538,Tonnes,England,M
2007,22,Benzene,5501,Hull (Kingswood),509117.0,433383.0,Asda Stores Ltd,23,Commercial,0.010459538,Tonnes,England,M
2007,22,Benzene,5502,Hulme,383770.0,396061.0,Asda Stores Ltd,23,Commercial,0.010459538,Tonnes,England,M
2007,22,Benzene,5503,Hunts Cross,342346.0,384869.0,Asda Stores Ltd,23,Commercial,0.010459538,Tonnes,England,M
2007,22,Benzene,5504,Huyton,344300.0,390900.0,Asda Stores Ltd,23,Commercial,0.010459538,Tonnes,England,M
2007,22,Benzene,5505,Hyson Green,455788.0,341279.0,Asda Stores Ltd,23,Commercial,0.010459538,Tonnes,England,M
2007,22,Benzene,5506,Ipswich,613478.0,247457.0,Asda Stores Ltd,23,Commercial,0.010459538,Tonnes,England,M
2007,22,Benzene,5507,Isle Of Dogs,537921.0,179121.0,Asda Stores Ltd,23,Commercial,0.010459538,Tonnes,England,M
2007,22,Benzene,5508,Kendal,352238.0,490912.0,Asda Stores Ltd,23,Commercial,0.010459538,Tonnes,England,M
2007,22,Benzene,5509,Killingbeck,434365.0,435272.0,Asda Stores Ltd,23,Commercial,0.010459538,Tonnes,England,M
2007,22,Benzene,5510,Kilmarnock,243340.0,636611.0,Asda Stores Ltd,23,Commercial,0.010459538,Tonnes,Scotland,M
2007,22,Benzene,5511,Kirkcaldy,328413.0,694706.0,Asda Stores Ltd,23,Commercial,0.010459538,Tonnes,Scotland,M
2007,22,Benzene,5512,Lancaster,345800.0,462500.0,Asda Stores Ltd,23,Commercial,0.010459538,Tonnes,England,M
2007,22,Benzene,5513,Leamington Spa,433100.0,264300.0,Asda Stores Ltd,23,Commercial,0.010459538,Tonnes,England,M
2007,22,Benzene,5514,Leicester,455751.0,300517.0,Asda Stores Ltd,23,Commercial,0.010459538,Tonnes,England,M
2007,22,Benzene,5515,Leigh,365273.0,400925.0,Asda Stores Ltd,23,Commercial,0.010459538,Tonnes,England,M
2007,22,Benzene,5516,Linwood,245600.0,664100.0,Asda Stores Ltd,23,Commercial,0.010459538,Tonnes,Scotland,M
2007,22,Benzene,5517,Llandudno,278814.0,382024.0,Asda Stores Ltd,23,Commercial,0.010459538,Tonnes,Wales,M
2007,22,Benzene,5518,Longwell Green,365511.0,172265.0,Asda Stores Ltd,23,Commercial,0.010459538,Tonnes,England,M
2007,22,Benzene,5519,Mansfield,455660.0,362433.0,Asda Stores Ltd,23,Commercial,0.010459538,Tonnes,England,M
2007,22,Benzene,5520,Merthyr Tydfil,307516.0,208497.0,Asda Stores Ltd,23,Commercial,0.010459538,Tonnes,Wales,M
2007,22,Benzene,5521,Middlesbrough,453325.0,521065.0,Asda Stores Ltd,23,Commercial,0.010459538,Tonnes,England,M
2007,22,Benzene,5522,Middleton Park,392800.0,811200.0,Asda Stores Ltd,23,Commercial,0.010459538,Tonnes,Scotland,M
2007,22,Benzene,5523,Milton (Dundee),343050.0,731740.0,Asda Stores Ltd,23,Commercial,0.010459538,Tonnes,Scotland,M
2007,22,Benzene,5524,Minworth,415049.0,292778.0,Asda Stores Ltd,23,Commercial,0.010459538,Tonnes,England,M
2007,22,Benzene,5525,Newport,329326.0,184701.0,Asda Stores Ltd,23,Commercial,0.010459538,Tonnes,Wales,M
2007,22,Benzene,5526,Norwich,620702.0,311130.0,Asda Stores Ltd,23,Commercial,0.010459538,Tonnes,England,M
2007,22,Benzene,5527,Parkhead Forge,262480.0,664450.0,Asda Stores Ltd,23,Commercial,0.010459538,Tonnes,Scotland,M
2007,22,Benzene,5528,Patchway,358773.0,181405.0,Asda Stores Ltd,23,Commercial,0.010459538,Tonnes,England,M
2007,22,Benzene,5529,Perth,310924.0,724642.0,Asda Stores Ltd,23,Commercial,0.010459538,Tonnes,Scotland,M
2007,22,Benzene,5530,Pilsworth,381805.0,408876.0,Asda Stores Ltd,23,Commercial,0.010459538,Tonnes,England,M
2007,22,Benzene,5531,Plymouth,251040.0,58719.0,Asda Stores Ltd,23,Commercial,0.010459538,Tonnes,England,M
2007,22,Benzene,5532,Portlethen,392000.0,797500.0,Asda Stores Ltd,23,Commercial,0.010459538,Tonnes,Scotland,M
2007,22,Benzene,5533,Pudsey,421700.0,434000.0,Asda Stores Ltd,23,Commercial,0.010459538,Tonnes,England,M
2007,22,Benzene,5534,Queensferry,323425.0,363465.0,Asda Stores Ltd,23,Commercial,0.010459538,Tonnes,Wales,M
2007,22,Benzene,5535,Queslett,405937.0,294763.0,Asda Stores Ltd,23,Commercial,0.010459538,Tonnes,England,M
2007,22,Benzene,5536,Rawtenstall,380857.0,422467.0,Asda Stores Ltd,23,Commercial,0.010459538,Tonnes,England,M
2007,22,Benzene,5537,Rhyl,298700.0,380400.0,Asda Stores Ltd,23,Commercial,0.010459538,Tonnes,Wales,M
2007,22,Benzene,5538,Rochdale,389100.0,413230.0,Asda Stores Ltd,23,Commercial,0.010459538,Tonnes,England,M
2007,22,Benzene,5539,Runcorn,353334.0,381539.0,Asda Stores Ltd,23,Commercial,0.010459538,Tonnes,England,M
2007,22,Benzene,5540,Scunthorpe,487200.0,408400.0,Asda Stores Ltd,23,Commercial,0.010459538,Tonnes,England,M
2007,22,Benzene,5541,Shoeburyness,592910.0,185975.0,Asda Stores Ltd,23,Commercial,0.010459538,Tonnes,England,M
2007,22,Benzene,5542,Sittingbourne,590800.0,164900.0,Asda Stores Ltd,23,Commercial,0.010459538,Tonnes,England,M
2007,22,Benzene,5543,Small Heath,410761.0,285130.0,Asda Stores Ltd,23,Commercial,0.010459538,Tonnes,England,M
2007,22,Benzene,5544,Spennymoor,426218.0,534185.0,Asda Stores Ltd,23,Commercial,0.010459538,Tonnes,England,M
2007,22,Benzene,5545,St Austell,202788.0,52107.0,Asda Stores Ltd,23,Commercial,0.010459538,Tonnes,England,M
2007,22,Benzene,5546,St Helens,350665.0,395533.0,Asda Stores Ltd,23,Commercial,0.010459538,Tonnes,England,M
2007,22,Benzene,5547,Stanley,419292.0,552692.0,Asda Stores Ltd,23,Commercial,0.010459538,Tonnes,England,M
2007,22,Benzene,5548,Stockton,446323.0,519863.0,Asda Stores Ltd,23,Commercial,0.010459538,Tonnes,England,M
2007,22,Benzene,5549,Sunderland,440375.0,554242.0,Asda Stores Ltd,23,Commercial,0.010459538,Tonnes,England,M
2007,22,Benzene,5550,Sutton-In-Ashfield,449351.0,358857.0,Asda Stores Ltd,23,Commercial,0.010459538,Tonnes,England,M
2007,22,Benzene,5551,SW Ferrers,581220.0,197182.0,Asda Stores Ltd,23,Commercial,0.010459538,Tonnes,England,M
2007,22,Benzene,5552,Swansea,267882.0,198150.0,Asda Stores Ltd,23,Commercial,0.010459538,Tonnes,Wales,M
2007,22,Benzene,5553,Swindon,411918.0,184469.0,Asda Stores Ltd,23,Commercial,0.010459538,Tonnes,England,M
2007,22,Benzene,5554,Tamworth,420279.0,303247.0,Asda Stores Ltd,23,Commercial,0.010459538,Tonnes,England,M
2007,22,Benzene,5555,Telford,369900.0,308900.0,Asda Stores Ltd,23,Commercial,0.010459538,Tonnes,England,M
2007,22,Benzene,5556,Thornaby,446028.0,516052.0,Asda Stores Ltd,23,Commercial,0.010459538,Tonnes,England,M
2007,22,Benzene,5557,Tilbury,562900.0,177130.0,Asda Stores Ltd,23,Commercial,0.010459538,Tonnes,England,M
2007,22,Benzene,5558,Tipton,396263.0,294118.0,Asda Stores Ltd,23,Commercial,0.010459538,Tonnes,England,M
2007,22,Benzene,5559,Trafford Park,377281.0,396958.0,Asda Stores Ltd,23,Commercial,0.010459538,Tonnes,England,M
2007,22,Benzene,5560,Trowbridge,385542.0,157988.0,Asda Stores Ltd,23,Commercial,0.010459538,Tonnes,England,M
2007,22,Benzene,5561,Wakefield,433038.0,417165.0,Asda Stores Ltd,23,Commercial,0.010459538,Tonnes,England,M
2007,22,Benzene,5562,Walton,337622.0,394384.0,Asda Stores Ltd,23,Commercial,0.010459538,Tonnes,England,M
2007,22,Benzene,5563,Warrington,360813.0,388431.0,Asda Stores Ltd,23,Commercial,0.010459538,Tonnes,England,M
2007,22,Benzene,5564,Watford,511492.0,199038.0,Asda Stores Ltd,23,Commercial,0.010459538,Tonnes,England,M
2007,22,Benzene,5565,West Bridgford,457980.0,336535.0,Asda Stores Ltd,23,Commercial,0.010459538,Tonnes,England,M
2007,22,Benzene,5566,Westbrook,358275.0,390309.0,Asda Stores Ltd,23,Commercial,0.010459538,Tonnes,England,M
2007,22,Benzene,5567,Weston Super Mare,333406.0,160688.0,Asda Stores Ltd,23,Commercial,0.010459538,Tonnes,England,M
2007,22,Benzene,5568,Widnes,348913.0,384364.0,Asda Stores Ltd,23,Commercial,0.010459538,Tonnes,England,M
2007,22,Benzene,5569,Wigan,356977.0,405321.0,Asda Stores Ltd,23,Commercial,0.010459538,Tonnes,England,M
2007,22,Benzene,5570,Wolverhampton,391250.0,299450.0,Asda Stores Ltd,23,Commercial,0.010459538,Tonnes,England,M
2007,22,Benzene,5571,Yeovil,353100.0,116100.0,Asda Stores Ltd,23,Commercial,0.010459538,Tonnes,England,M
2007,22,Benzene,5572,Aberdeen,392600.0,803400.0,J Sainsburys Supermarkets Ltd,23,Commercial,0.021592597,Tonnes,Scotland,M
2007,22,Benzene,5573,Alperton,517714.0,183510.0,J Sainsburys Supermarkets Ltd,23,Commercial,0.021592597,Tonnes,England,M
2007,22,Benzene,5574,Alton,471700.0,139100.0,J Sainsburys Supermarkets Ltd,23,Commercial,0.021592597,Tonnes,England,M
2007,22,Benzene,5575,Apsley Mills,506031.0,205251.0,J Sainsburys Supermarkets Ltd,23,Commercial,0.021592597,Tonnes,England,M
2007,22,Benzene,5576,Archer Road,434103.0,383505.0,J Sainsburys Supermarkets Ltd,23,Commercial,0.021592597,Tonnes,England,M
2007,22,Benzene,5577,Arnold,458120.0,345040.0,J Sainsburys Supermarkets Ltd,23,Commercial,0.021592597,Tonnes,England,M
2007,22,Benzene,5578,Ashford - Bybrook,600500.0,143690.0,J Sainsburys Supermarkets Ltd,23,Commercial,0.021592597,Tonnes,England,M
2007,22,Benzene,5579,Ashton Moss,393431.0,399212.0,J Sainsburys Supermarkets Ltd,23,Commercial,0.021592597,Tonnes,England,M
2007,22,Benzene,5580,Ballymena,125893.0,559942.0,J Sainsburys Supermarkets Ltd,23,Commercial,0.021592597,Tonnes,Northern Ireland,M
2007,22,Benzene,5581,Banbury,445846.0,239331.0,J Sainsburys Supermarkets Ltd,23,Commercial,0.021592597,Tonnes,England,M
2007,22,Benzene,5582,Barnstaple,254555.0,131707.0,J Sainsburys Supermarkets Ltd,23,Commercial,0.021592597,Tonnes,England,M
2007,22,Benzene,5583,Basildon,570800.0,188400.0,J Sainsburys Supermarkets Ltd,23,Commercial,0.021592597,Tonnes,England,M
2007,22,Benzene,5584,Basildon - East Mayne,573500.0,191041.0,J Sainsburys Supermarkets Ltd,23,Commercial,0.021592597,Tonnes,England,M
2007,22,Benzene,5585,Bath,374435.0,164735.0,J Sainsburys Supermarkets Ltd,23,Commercial,0.021592597,Tonnes,England,M
2007,22,Benzene,5586,Beckton,542900.0,181600.0,J Sainsburys Supermarkets Ltd,23,Commercial,0.021592597,Tonnes,England,M
2007,22,Benzene,5587,Bedford - Fairfield Park,503824.0,250969.0,J Sainsburys Supermarkets Ltd,23,Commercial,0.021592597,Tonnes,England,M
2007,22,Benzene,5588,Beeston,453039.0,336975.0,J Sainsburys Supermarkets Ltd,23,Commercial,0.021592597,Tonnes,England,M
2007,22,Benzene,5589,Biggleswade,518630.0,245300.0,J Sainsburys Supermarkets Ltd,23,Commercial,0.021592597,Tonnes,England,M
2007,22,Benzene,5590,Birkenhead,330563.0,386802.0,J Sainsburys Supermarkets Ltd,23,Commercial,0.021592597,Tonnes,England,M
2007,22,Benzene,5591,Blackheath,398851.0,289335.0,J Sainsburys Supermarkets Ltd,23,Commercial,0.021592597,Tonnes,England,M
2007,22,Benzene,5592,Blackpole,386746.0,257048.0,J Sainsburys Supermarkets Ltd,23,Commercial,0.021592597,Tonnes,England,M
2007,22,Benzene,5593,Bolton,371750.0,408750.0,J Sainsburys Supermarkets Ltd,23,Commercial,0.021592597,Tonnes,England,M
2007,22,Benzene,5594,Bracknell - Bagshot Road,487740.0,166749.0,J Sainsburys Supermarkets Ltd,23,Commercial,0.021592597,Tonnes,England,M
2007,22,Benzene,5595,Bradford,419085.0,437107.0,J Sainsburys Supermarkets Ltd,23,Commercial,0.021592597,Tonnes,England,M
2007,22,Benzene,5596,Braehead,252000.0,667300.0,J Sainsburys Supermarkets Ltd,23,Commercial,0.021592597,Tonnes,Scotland,M
2007,22,Benzene,5597,Braintree,575527.0,222440.0,J Sainsburys Supermarkets Ltd,23,Commercial,0.021592597,Tonnes,England,M
2007,22,Benzene,5598,Bridge Mead,413250.0,184750.0,J Sainsburys Supermarkets Ltd,23,Commercial,0.021592597,Tonnes,England,M
2007,22,Benzene,5599,Bridgend,290835.0,182335.0,J Sainsburys Supermarkets Ltd,23,Commercial,0.021592597,Tonnes,Wales,M
2007,22,Benzene,5600,Bridgwater,330100.0,137500.0,J Sainsburys Supermarkets Ltd,23,Commercial,0.021592597,Tonnes,England,M
2007,22,Benzene,5601,Bristol - Castle Court,361718.0,172093.0,J Sainsburys Supermarkets Ltd,23,Commercial,0.021592597,Tonnes,England,M
2007,22,Benzene,5602,Bristol - East Filton,361752.0,178956.0,J Sainsburys Supermarkets Ltd,23,Commercial,0.021592597,Tonnes,England,M
2007,22,Benzene,5603,Bristol - Emersons Green,367103.0,177207.0,J Sainsburys Supermarkets Ltd,23,Commercial,0.021592597,Tonnes,England,M
2007,22,Benzene,5604,Bristol - Winterstoke Road,357128.0,170850.0,J Sainsburys Supermarkets Ltd,23,Commercial,0.021592597,Tonnes,England,M
2007,22,Benzene,5605,Burpham,501611.0,152392.0,J Sainsburys Supermarkets Ltd,23,Commercial,0.021592597,Tonnes,England,M
2007,22,Benzene,5606,Bury St Edmunds,587400.0,263700.0,J Sainsburys Supermarkets Ltd,23,Commercial,0.021592597,Tonnes,England,M
2007,22,Benzene,5607,Calcot,467519.0,171900.0,J Sainsburys Supermarkets Ltd,23,Commercial,0.021592597,Tonnes,England,M
2007,22,Benzene,5608,Camberley - Watchmoor Park,486354.0,158974.0,J Sainsburys Supermarkets Ltd,23,Commercial,0.021592597,Tonnes,England,M
2007,22,Benzene,5609,Cambridge - Coldhams Lane,547536.0,257783.0,J Sainsburys Supermarkets Ltd,23,Commercial,0.021592597,Tonnes,England,M
2007,22,Benzene,5610,Cannock,398819.0,308503.0,J Sainsburys Supermarkets Ltd,23,Commercial,0.021592597,Tonnes,England,M
2007,22,Benzene,5611,Cardiff - Colchester Avenue,320382.0,178045.0,J Sainsburys Supermarkets Ltd,23,Commercial,0.021592597,Tonnes,Wales,M
2007,22,Benzene,5612,Cardiff - Thornhill,317221.0,182778.0,J Sainsburys Supermarkets Ltd,23,Commercial,0.021592597,Tonnes,Wales,M
2007,22,Benzene,5613,Castle Vale,413800.0,291170.0,J Sainsburys Supermarkets Ltd,23,Commercial,0.021592597,Tonnes,England,M
2007,22,Benzene,5614,Chaddesden,437894.0,335693.0,J Sainsburys Supermarkets Ltd,23,Commercial,0.021592597,Tonnes,England,M
2007,22,Benzene,5615,Cheadle,385764.0,386654.0,J Sainsburys Supermarkets Ltd,23,Commercial,0.021592597,Tonnes,England,M
2007,22,Benzene,5616,Chelmsford - Springfield,573561.0,208907.0,J Sainsburys Supermarkets Ltd,23,Commercial,0.021592597,Tonnes,England,M
2007,22,Benzene,5617,Chertsey,504103.0,166802.0,J Sainsburys Supermarkets Ltd,23,Commercial,0.021592597,Tonnes,England,M
2007,22,Benzene,5618,Chesham,495977.0,201808.0,J Sainsburys Supermarkets Ltd,23,Commercial,0.021592597,Tonnes,England,M
2007,22,Benzene,5619,Chester,342964.0,365400.0,J Sainsburys Supermarkets Ltd,23,Commercial,0.021592597,Tonnes,England,M
2007,22,Benzene,5620,Chesterfield,439063.0,372937.0,J Sainsburys Supermarkets Ltd,23,Commercial,0.021592597,Tonnes,England,M
2007,22,Benzene,5621,Chichester,487566.0,105592.0,J Sainsburys Supermarkets Ltd,23,Commercial,0.021592597,Tonnes,England,M
2007,22,Benzene,5622,Chippenham,389861.0,172040.0,J Sainsburys Supermarkets Ltd,23,Commercial,0.021592597,Tonnes,England,M
2007,22,Benzene,5623,Cobham,510057.0,160827.0,J Sainsburys Supermarkets Ltd,23,Commercial,0.021592597,Tonnes,England,M
2007,22,Benzene,5624,Colchester - Stanway,595053.0,224314.0,J Sainsburys Supermarkets Ltd,23,Commercial,0.021592597,Tonnes,England,M
2007,22,Benzene,5625,Coleraine,101760.0,590619.0,J Sainsburys Supermarkets Ltd,23,Commercial,0.021592597,Tonnes,Northern Ireland,M
2007,22,Benzene,5626,Coventry - Canley,430090.0,278200.0,J Sainsburys Supermarkets Ltd,23,Commercial,0.021592597,Tonnes,England,M
2007,22,Benzene,5627,Coventry - Court House Green,435306.0,281281.0,J Sainsburys Supermarkets Ltd,23,Commercial,0.021592597,Tonnes,England,M
2007,22,Benzene,5628,Craigavon,115488.0,514736.0,J Sainsburys Supermarkets Ltd,23,Commercial,0.021592597,Tonnes,Northern Ireland,M
2007,22,Benzene,5629,Crayford,551500.0,174530.0,J Sainsburys Supermarkets Ltd,23,Commercial,0.021592597,Tonnes,England,M
2007,22,Benzene,5630,Croydon - Purley Way,531140.0,165747.0,J Sainsburys Supermarkets Ltd,23,Commercial,0.021592597,Tonnes,England,M
2007,22,Benzene,5631,Cwmbran,329292.0,195335.0,J Sainsburys Supermarkets Ltd,23,Commercial,0.021592597,Tonnes,Wales,M
2007,22,Benzene,5632,Derby - Kingsway,433057.0,336028.0,J Sainsburys Supermarkets Ltd,23,Commercial,0.021592597,Tonnes,England,M
2007,22,Benzene,5633,Dewsbury,424900.0,421400.0,J Sainsburys Supermarkets Ltd,23,Commercial,0.021592597,Tonnes,England,M
2007,22,Benzene,5634,Doncaster,461200.0,405700.0,J Sainsburys Supermarkets Ltd,23,Commercial,0.021592597,Tonnes,England,M
2007,22,Benzene,5635,Drumchapel,251610.0,670400.0,J Sainsburys Supermarkets Ltd,23,Commercial,0.021592597,Tonnes,Scotland,M
2007,22,Benzene,5636,Dundee,345000.0,732590.0,J Sainsburys Supermarkets Ltd,23,Commercial,0.021592597,Tonnes,Scotland,M
2007,22,Benzene,5637,Dunstable,502496.0,222128.0,J Sainsburys Supermarkets Ltd,23,Commercial,0.021592597,Tonnes,England,M
2007,22,Benzene,5638,Durham,427002.0,545817.0,J Sainsburys Supermarkets Ltd,23,Commercial,0.021592597,Tonnes,England,M
2007,22,Benzene,5639,East Kilbride,264080.0,656637.0,J Sainsburys Supermarkets Ltd,23,Commercial,0.021592597,Tonnes,Scotland,M
2007,22,Benzene,5640,Eastbourne - Hampden Park,560735.0,101611.0,J Sainsburys Supermarkets Ltd,23,Commercial,0.021592597,Tonnes,England,M
2007,22,Benzene,5641,Edinburgh - Blackhall,322612.0,674491.0,J Sainsburys Supermarkets Ltd,23,Commercial,0.021592597,Tonnes,Scotland,M
2007,22,Benzene,5642,Edinburgh - Straiton,327349.0,666380.0,J Sainsburys Supermarkets Ltd,23,Commercial,0.021592597,Tonnes,Scotland,M
2007,22,Benzene,5643,Ellesmere Port,341425.0,374338.0,J Sainsburys Supermarkets Ltd,23,Commercial,0.021592597,Tonnes,England,M
2007,22,Benzene,5644,Eltham,542950.0,174348.0,J Sainsburys Supermarkets Ltd,23,Commercial,0.021592597,Tonnes,England,M
2007,22,Benzene,5645,Enfield,534300.0,196430.0,J Sainsburys Supermarkets Ltd,23,Commercial,0.021592597,Tonnes,England,M
2007,22,Benzene,5646,Epsom - Kiln Lane,521421.0,161617.0,J Sainsburys Supermarkets Ltd,23,Commercial,0.021592597,Tonnes,England,M
2007,22,Benzene,5647,Exeter - Pinhoe Road,295555.0,93635.0,J Sainsburys Supermarkets Ltd,23,Commercial,0.021592597,Tonnes,England,M
2007,22,Benzene,5648,Exeter Alphington,291628.0,90761.0,J Sainsburys Supermarkets Ltd,23,Commercial,0.021592597,Tonnes,England,M
2007,22,Benzene,5649,Fareham - Broadcut,458109.0,106913.0,J Sainsburys Supermarkets Ltd,23,Commercial,0.021592597,Tonnes,England,M
2007,22,Benzene,5650,Farnham - Water Lane,485576.0,147606.0,J Sainsburys Supermarkets Ltd,23,Commercial,0.021592597,Tonnes,England,M
2007,22,Benzene,5651,Ferndown,408865.0,101314.0,J Sainsburys Supermarkets Ltd,23,Commercial,0.021592597,Tonnes,England,M
2007,22,Benzene,5652,Folkestone - West Park Farm,621661.0,137710.0,J Sainsburys Supermarkets Ltd,23,Commercial,0.021592597,Tonnes,England,M
2007,22,Benzene,5653,Forestside,147504.0,525847.0,J Sainsburys Supermarkets Ltd,23,Commercial,0.021592597,Tonnes,Northern Ireland,M
2007,22,Benzene,5654,Frome,376772.0,146337.0,J Sainsburys Supermarkets Ltd,23,Commercial,0.021592597,Tonnes,England,M
2007,22,Benzene,5655,Glasgow - Darnley,253130.0,659470.0,J Sainsburys Supermarkets Ltd,23,Commercial,0.021592597,Tonnes,Scotland,M
2007,22,Benzene,5656,Glen Road,463121.0,299921.0,J Sainsburys Supermarkets Ltd,23,Commercial,0.021592597,Tonnes,England,M
2007,22,Benzene,5657,Gloucester - Barnwood,386220.0,218534.0,J Sainsburys Supermarkets Ltd,23,Commercial,0.021592597,Tonnes,England,M
2007,22,Benzene,5658,Goldaming,497500.0,143800.0,J Sainsburys Supermarkets Ltd,23,Commercial,0.021592597,Tonnes,England,M
2007,22,Benzene,5659,Grimsby,526835.0,409947.0,J Sainsburys Supermarkets Ltd,23,Commercial,0.021592597,Tonnes,England,M
2007,22,Benzene,5660,Halifax,409505.0,425444.0,J Sainsburys Supermarkets Ltd,23,Commercial,0.021592597,Tonnes,England,M
2007,22,Benzene,5661,Hamilton,271328.0,656316.0,J Sainsburys Supermarkets Ltd,23,Commercial,0.021592597,Tonnes,Scotland,M
2007,22,Benzene,5662,Hampton - St Clares,513138.0,171844.0,J Sainsburys Supermarkets Ltd,23,Commercial,0.021592597,Tonnes,England,M
2007,22,Benzene,5663,Hanley,387838.0,347632.0,J Sainsburys Supermarkets Ltd,23,Commercial,0.021592597,Tonnes,England,M
2007,22,Benzene,5664,Harlow,544690.0,210400.0,J Sainsburys Supermarkets Ltd,23,Commercial,0.021592597,Tonnes,England,M
2007,22,Benzene,5665,Harringay,532065.0,188213.0,J Sainsburys Supermarkets Ltd,23,Commercial,0.021592597,Tonnes,England,M
2007,22,Benzene,5666,Harrogate,432825.0,454413.0,J Sainsburys Supermarkets Ltd,23,Commercial,0.021592597,Tonnes,England,M
2007,22,Benzene,5667,Hastings - Seddlescombe Road,579400.0,112700.0,J Sainsburys Supermarkets Ltd,23,Commercial,0.021592597,Tonnes,England,M
2007,22,Benzene,5668,Haverhill,565118.0,246266.0,J Sainsburys Supermarkets Ltd,23,Commercial,0.021592597,Tonnes,England,M
2007,22,Benzene,5669,Hayes,510712.0,180994.0,J Sainsburys Supermarkets Ltd,23,Commercial,0.021592597,Tonnes,England,M
2007,22,Benzene,5670,Heaton Park,384300.0,404500.0,J Sainsburys Supermarkets Ltd,23,Commercial,0.021592597,Tonnes,England,M
2007,22,Benzene,5671,Hempstead,579208.0,163410.0,J Sainsburys Supermarkets Ltd,23,Commercial,0.021592597,Tonnes,England,M
2007,22,Benzene,5672,Hendon,521713.0,188617.0,J Sainsburys Supermarkets Ltd,23,Commercial,0.021592597,Tonnes,England,M
2007,22,Benzene,5673,Hereford,350460.0,239831.0,J Sainsburys Supermarkets Ltd,23,Commercial,0.021592597,Tonnes,England,M
2007,22,Benzene,5674,Heyford Hill,453120.0,202893.0,J Sainsburys Supermarkets Ltd,23,Commercial,0.021592597,Tonnes,England,M
2007,22,Benzene,5675,Hitchin New,518741.0,229528.0,J Sainsburys Supermarkets Ltd,23,Commercial,0.021592597,Tonnes,England,M
2007,22,Benzene,5676,Hoddesdon,537445.0,208804.0,J Sainsburys Supermarkets Ltd,23,Commercial,0.021592597,Tonnes,England,M
2007,22,Benzene,5677,Holywood Exchange,148890.0,530889.0,J Sainsburys Supermarkets Ltd,23,Commercial,0.021592597,Tonnes,Northern Ireland,M
2007,22,Benzene,5678,Horley,528572.0,143751.0,J Sainsburys Supermarkets Ltd,23,Commercial,0.021592597,Tonnes,England,M
2007,22,Benzene,5679,Hornsey Rise,529800.0,187700.0,J Sainsburys Supermarkets Ltd,23,Commercial,0.021592597,Tonnes,England,M
2007,22,Benzene,5680,Horsham,516969.0,130605.0,J Sainsburys Supermarkets Ltd,23,Commercial,0.021592597,Tonnes,England,M
2007,22,Benzene,5681,Huddersfield - Shorehead,414904.0,416779.0,J Sainsburys Supermarkets Ltd,23,Commercial,0.021592597,Tonnes,England,M
2007,22,Benzene,5682,Hull,504300.0,426300.0,J Sainsburys Supermarkets Ltd,23,Commercial,0.021592597,Tonnes,England,M
2007,22,Benzene,5683,Huntingdon,523975.0,271948.0,J Sainsburys Supermarkets Ltd,23,Commercial,0.021592597,Tonnes,England,M
2007,22,Benzene,5684,Ipswich - Hadleigh Road,614821.0,244673.0,J Sainsburys Supermarkets Ltd,23,Commercial,0.021592597,Tonnes,England,M
2007,22,Benzene,5685,Ipswich - Warren Heath,619956.0,242425.0,J Sainsburys Supermarkets Ltd,23,Commercial,0.021592597,Tonnes,England,M
2007,22,Benzene,5686,Isle of Wight,449500.0,89300.0,J Sainsburys Supermarkets Ltd,23,Commercial,0.021592597,Tonnes,England,M
2007,22,Benzene,5687,Keighley,406338.0,441416.0,J Sainsburys Supermarkets Ltd,23,Commercial,0.021592597,Tonnes,England,M
2007,22,Benzene,5688,Kempshott,460167.0,148822.0,J Sainsburys Supermarkets Ltd,23,Commercial,0.021592597,Tonnes,England,M
2007,22,Benzene,5689,Kempston,503100.0,247600.0,J Sainsburys Supermarkets Ltd,23,Commercial,0.021592597,Tonnes,England,M
2007,22,Benzene,5690,Kettering,486600.0,279230.0,J Sainsburys Supermarkets Ltd,23,Commercial,0.021592597,Tonnes,England,M
2007,22,Benzene,5691,Kidderminster,382801.0,277122.0,J Sainsburys Supermarkets Ltd,23,Commercial,0.021592597,Tonnes,England,M
2007,22,Benzene,5692,Kidlington,449903.0,212403.0,J Sainsburys Supermarkets Ltd,23,Commercial,0.021592597,Tonnes,England,M
2007,22,Benzene,5693,Kirkcaldy,325200.0,693300.0,J Sainsburys Supermarkets Ltd,23,Commercial,0.021592597,Tonnes,Scotland,M
2007,22,Benzene,5694,Ladbrook Grove,523821.0,182345.0,J Sainsburys Supermarkets Ltd,23,Commercial,0.021592597,Tonnes,England,M
2007,22,Benzene,5695,Leamington Spa,431250.0,264250.0,J Sainsburys Supermarkets Ltd,23,Commercial,0.021592597,Tonnes,England,M
2007,22,Benzene,5696,Leeds,428429.0,429461.0,J Sainsburys Supermarkets Ltd,23,Commercial,0.021592597,Tonnes,England,M
2007,22,Benzene,5697,Leicester - Belgrave Road,459321.0,305879.0,J Sainsburys Supermarkets Ltd,23,Commercial,0.021592597,Tonnes,England,M
2007,22,Benzene,5698,Leicester - Fosse Park,455387.0,300403.0,J Sainsburys Supermarkets Ltd,23,Commercial,0.021592597,Tonnes,England,M
2007,22,Benzene,5699,Leigh,365000.0,400300.0,J Sainsburys Supermarkets Ltd,23,Commercial,0.021592597,Tonnes,England,M
2007,22,Benzene,5700,Letchworth,523520.0,232880.0,J Sainsburys Supermarkets Ltd,23,Commercial,0.021592597,Tonnes,England,M
2007,22,Benzene,5701,Leven,337800.0,700600.0,J Sainsburys Supermarkets Ltd,23,Commercial,0.021592597,Tonnes,Scotland,M
2007,22,Benzene,5702,Lincoln,494846.0,368439.0,J Sainsburys Supermarkets Ltd,23,Commercial,0.021592597,Tonnes,England,M
2007,22,Benzene,5703,Liphook,484160.0,131373.0,J Sainsburys Supermarkets Ltd,23,Commercial,0.021592597,Tonnes,England,M
2007,22,Benzene,5704,Liverpool - East Prescott Road,340421.0,391221.0,J Sainsburys Supermarkets Ltd,23,Commercial,0.021592597,Tonnes,England,M
2007,22,Benzene,5705,Liverpool - Rice Lane,336204.0,395329.0,J Sainsburys Supermarkets Ltd,23,Commercial,0.021592597,Tonnes,England,M
2007,22,Benzene,5706,London Colney,518495.0,203610.0,J Sainsburys Supermarkets Ltd,23,Commercial,0.021592597,Tonnes,England,M
2007,22,Benzene,5707,Loughborough,453471.0,319757.0,J Sainsburys Supermarkets Ltd,23,Commercial,0.021592597,Tonnes,England,M
2007,22,Benzene,5708,Low Hall,537128.0,191301.0,J Sainsburys Supermarkets Ltd,23,Commercial,0.021592597,Tonnes,England,M
2007,22,Benzene,5709,Luton - Bramingham Park,507553.0,225707.0,J Sainsburys Supermarkets Ltd,23,Commercial,0.021592597,Tonnes,England,M
2007,22,Benzene,5710,Maidstone - Larkfield,572301.0,157473.0,J Sainsburys Supermarkets Ltd,23,Commercial,0.021592597,Tonnes,England,M
2007,22,Benzene,5711,Manchester - Denton,391290.0,395300.0,J Sainsburys Supermarkets Ltd,23,Commercial,0.021592597,Tonnes,England,M
2007,22,Benzene,5712,Market Harborough,473500.0,287170.0,J Sainsburys Supermarkets Ltd,23,Commercial,0.021592597,Tonnes,England,M
2007,22,Benzene,5713,Meadowhall,439307.0,391033.0,J Sainsburys Supermarkets Ltd,23,Commercial,0.021592597,Tonnes,England,M
2007,22,Benzene,5714,Melksham,390400.0,164000.0,J Sainsburys Supermarkets Ltd,23,Commercial,0.021592597,Tonnes,England,M
2007,22,Benzene,5715,Merton,526500.0,170110.0,J Sainsburys Supermarkets Ltd,23,Commercial,0.021592597,Tonnes,England,M
2007,22,Benzene,5716,Middlesbrough,449050.0,520429.0,J Sainsburys Supermarkets Ltd,23,Commercial,0.021592597,Tonnes,England,M
2007,22,Benzene,5717,Monks Cross,462411.0,454953.0,J Sainsburys Supermarkets Ltd,23,Commercial,0.021592597,Tonnes,England,M
2007,22,Benzene,5718,Nantwich,366300.0,353600.0,J Sainsburys Supermarkets Ltd,23,Commercial,0.021592597,Tonnes,England,M
2007,22,Benzene,5719,New Cross Gate,536005.0,176894.0,J Sainsburys Supermarkets Ltd,23,Commercial,0.021592597,Tonnes,England,M
2007,22,Benzene,5720,Newbury,447407.0,166877.0,J Sainsburys Supermarkets Ltd,23,Commercial,0.021592597,Tonnes,England,M
2007,22,Benzene,5721,Newhaven Habour,545200.0,101500.0,J Sainsburys Supermarkets Ltd,23,Commercial,0.021592597,Tonnes,England,M
2007,22,Benzene,5722,Newport,331131.0,188627.0,J Sainsburys Supermarkets Ltd,23,Commercial,0.021592597,Tonnes,Wales,M
2007,22,Benzene,5723,Newton Abbott,287079.0,70421.0,J Sainsburys Supermarkets Ltd,23,Commercial,0.021592597,Tonnes,England,M
2007,22,Benzene,5724,Nine Elms,530049.0,177541.0,J Sainsburys Supermarkets Ltd,23,Commercial,0.021592597,Tonnes,England,M
2007,22,Benzene,5725,North Cheam,523598.0,165107.0,J Sainsburys Supermarkets Ltd,23,Commercial,0.021592597,Tonnes,England,M
2007,22,Benzene,5726,North Walsham,628400.0,330700.0,J Sainsburys Supermarkets Ltd,23,Commercial,0.021592597,Tonnes,England,M
2007,22,Benzene,5727,Northampton - Weedon Road,472798.0,260694.0,J Sainsburys Supermarkets Ltd,23,Commercial,0.021592597,Tonnes,England,M
2007,22,Benzene,5728,Northfleet - Pepper Hill,562200.0,172700.0,J Sainsburys Supermarkets Ltd,23,Commercial,0.021592597,Tonnes,England,M
2007,22,Benzene,5729,Northwich,366100.0,374100.0,J Sainsburys Supermarkets Ltd,23,Commercial,0.021592597,Tonnes,England,M
2007,22,Benzene,5730,Norwich - Longwater Lane,615400.0,310900.0,J Sainsburys Supermarkets Ltd,23,Commercial,0.021592597,Tonnes,England,M
2007,22,Benzene,5731,Norwich - Pound Lane,627591.0,308932.0,J Sainsburys Supermarkets Ltd,23,Commercial,0.021592597,Tonnes,England,M
2007,22,Benzene,5732,Norwich - Queens Road,623058.0,307728.0,J Sainsburys Supermarkets Ltd,23,Commercial,0.021592597,Tonnes,England,M
2007,22,Benzene,5733,Nottingham - Castle Boulevard,456100.0,338900.0,J Sainsburys Supermarkets Ltd,23,Commercial,0.021592597,Tonnes,England,M
2007,22,Benzene,5734,Nottingham - Kimberley,450024.0,344630.0,J Sainsburys Supermarkets Ltd,23,Commercial,0.021592597,Tonnes,England,M
2007,22,Benzene,5735,Oldbury,398920.0,289620.0,J Sainsburys Supermarkets Ltd,23,Commercial,0.021592597,Tonnes,England,M
2007,22,Benzene,5736,Paignton,286520.0,59052.0,J Sainsburys Supermarkets Ltd,23,Commercial,0.021592597,Tonnes,England,M
2007,22,Benzene,5737,Peterborough,521375.0,300405.0,J Sainsburys Supermarkets Ltd,23,Commercial,0.021592597,Tonnes,England,M
2007,22,Benzene,5738,Plymouth - Marsh Mills,251761.0,56427.0,J Sainsburys Supermarkets Ltd,23,Commercial,0.021592597,Tonnes,England,M
2007,22,Benzene,5739,Poole - Talbot Heath,406137.0,93363.0,J Sainsburys Supermarkets Ltd,23,Commercial,0.021592597,Tonnes,England,M
2007,22,Benzene,5740,Portsmouth - Farlington,467797.0,105010.0,J Sainsburys Supermarkets Ltd,23,Commercial,0.021592597,Tonnes,England,M
2007,22,Benzene,5741,Preston,354800.0,431200.0,J Sainsburys Supermarkets Ltd,23,Commercial,0.021592597,Tonnes,England,M
2007,22,Benzene,5742,Preston - Bamber Bridge,355900.0,425300.0,J Sainsburys Supermarkets Ltd,23,Commercial,0.021592597,Tonnes,England,M
2007,22,Benzene,5743,Queenstown Road,528707.0,176953.0,J Sainsburys Supermarkets Ltd,23,Commercial,0.021592597,Tonnes,England,M
2007,22,Benzene,5744,Rayleigh Weir,580500.0,189300.0,J Sainsburys Supermarkets Ltd,23,Commercial,0.021592597,Tonnes,England,M
2007,22,Benzene,5745,Redditch,404090.0,268400.0,J Sainsburys Supermarkets Ltd,23,Commercial,0.021592597,Tonnes,England,M
2007,22,Benzene,5746,Rhyl,302679.0,378421.0,J Sainsburys Supermarkets Ltd,23,Commercial,0.021592597,Tonnes,Wales,M
2007,22,Benzene,5747,Richmond,518906.0,175218.0,J Sainsburys Supermarkets Ltd,23,Commercial,0.021592597,Tonnes,England,M
2007,22,Benzene,5748,Ripley,440416.0,351048.0,J Sainsburys Supermarkets Ltd,23,Commercial,0.021592597,Tonnes,England,M
2007,22,Benzene,5749,Roehampton,522486.0,173703.0,J Sainsburys Supermarkets Ltd,23,Commercial,0.021592597,Tonnes,England,M
2007,22,Benzene,5750,Rugby,449536.0,272964.0,J Sainsburys Supermarkets Ltd,23,Commercial,0.021592597,Tonnes,England,M
2007,22,Benzene,5751,Salford,382321.0,397884.0,J Sainsburys Supermarkets Ltd,23,Commercial,0.021592597,Tonnes,England,M
2007,22,Benzene,5752,Selby Road,437329.0,433322.0,J Sainsburys Supermarkets Ltd,23,Commercial,0.021592597,Tonnes,England,M
2007,22,Benzene,5753,Sevenoaks,552824.0,157089.0,J Sainsburys Supermarkets Ltd,23,Commercial,0.021592597,Tonnes,England,M
2007,22,Benzene,5754,Shrewsbury,349110.0,310300.0,J Sainsburys Supermarkets Ltd,23,Commercial,0.021592597,Tonnes,England,M
2007,22,Benzene,5755,Solihull - Marshall Lake,412269.0,278270.0,J Sainsburys Supermarkets Ltd,23,Commercial,0.021592597,Tonnes,England,M
2007,22,Benzene,5756,South Ruislip,511227.0,185421.0,J Sainsburys Supermarkets Ltd,23,Commercial,0.021592597,Tonnes,England,M
2007,22,Benzene,5757,Southampton - Hedge End,448416.0,113931.0,J Sainsburys Supermarkets Ltd,23,Commercial,0.021592597,Tonnes,England,M
2007,22,Benzene,5758,Southampton - Lords Hill,438800.0,115800.0,J Sainsburys Supermarkets Ltd,23,Commercial,0.021592597,Tonnes,England,M
2007,22,Benzene,5759,St Albans,514407.0,206354.0,J Sainsburys Supermarkets Ltd,23,Commercial,0.021592597,Tonnes,England,M
2007,22,Benzene,5760,Stafford,391800.0,323400.0,J Sainsburys Supermarkets Ltd,23,Commercial,0.021592597,Tonnes,England,M
2007,22,Benzene,5761,Staines,502800.0,171500.0,J Sainsburys Supermarkets Ltd,23,Commercial,0.021592597,Tonnes,England,M
2007,22,Benzene,5762,Stevenage,526950.0,223300.0,J Sainsburys Supermarkets Ltd,23,Commercial,0.021592597,Tonnes,England,M
2007,22,Benzene,5763,Stevenage - Coreys Mill,522810.0,226116.0,J Sainsburys Supermarkets Ltd,23,Commercial,0.021592597,Tonnes,England,M
2007,22,Benzene,5764,Stourbridge - Amblecote,391203.0,285543.0,J Sainsburys Supermarkets Ltd,23,Commercial,0.021592597,Tonnes,England,M
2007,22,Benzene,5765,Stratton,418900.0,186550.0,J Sainsburys Supermarkets Ltd,23,Commercial,0.021592597,Tonnes,England,M
2007,22,Benzene,5766,Street,347348.0,136552.0,J Sainsburys Supermarkets Ltd,23,Commercial,0.021592597,Tonnes,England,M
2007,22,Benzene,5767,Sunderland,438338.0,554865.0,J Sainsburys Supermarkets Ltd,23,Commercial,0.021592597,Tonnes,England,M
2007,22,Benzene,5768,Swadlincote,429800.0,319810.0,J Sainsburys Supermarkets Ltd,23,Commercial,0.021592597,Tonnes,England,M
2007,22,Benzene,5769,Swansea,266036.0,193064.0,J Sainsburys Supermarkets Ltd,23,Commercial,0.021592597,Tonnes,Wales,M
2007,22,Benzene,5770,Sydenham,536510.0,171900.0,J Sainsburys Supermarkets Ltd,23,Commercial,0.021592597,Tonnes,England,M
2007,22,Benzene,5771,Tamworth,419947.0,303328.0,J Sainsburys Supermarkets Ltd,23,Commercial,0.021592597,Tonnes,England,M
2007,22,Benzene,5772,Taunton - Hankridge Farm,325194.0,125495.0,J Sainsburys Supermarkets Ltd,23,Commercial,0.021592597,Tonnes,England,M
2007,22,Benzene,5773,Telford,369423.0,309471.0,J Sainsburys Supermarkets Ltd,23,Commercial,0.021592597,Tonnes,England,M
2007,22,Benzene,5774,Tewkesbury Road,392961.0,224470.0,J Sainsburys Supermarkets Ltd,23,Commercial,0.021592597,Tonnes,England,M
2007,22,Benzene,5775,Thame,471280.0,205446.0,J Sainsburys Supermarkets Ltd,23,Commercial,0.021592597,Tonnes,England,M
2007,22,Benzene,5776,Thanet,636464.0,167564.0,J Sainsburys Supermarkets Ltd,23,Commercial,0.021592597,Tonnes,England,M
2007,22,Benzene,5777,Thetford,585300.0,282000.0,J Sainsburys Supermarkets Ltd,23,Commercial,0.021592597,Tonnes,England,M
2007,22,Benzene,5778,Thorley,547700.0,219900.0,J Sainsburys Supermarkets Ltd,23,Commercial,0.021592597,Tonnes,England,M
2007,22,Benzene,5779,Tonbridge,559086.0,146131.0,J Sainsburys Supermarkets Ltd,23,Commercial,0.021592597,Tonnes,England,M
2007,22,Benzene,5780,Torquay,289700.0,66400.0,J Sainsburys Supermarkets Ltd,23,Commercial,0.021592597,Tonnes,England,M
2007,22,Benzene,5781,Truro,181490.0,44624.0,J Sainsburys Supermarkets Ltd,23,Commercial,0.021592597,Tonnes,England,M
2007,22,Benzene,5782,Tunbridge Wells,558000.0,138500.0,J Sainsburys Supermarkets Ltd,23,Commercial,0.021592597,Tonnes,England,M
2007,22,Benzene,5783,Wakefield,433100.0,420213.0,J Sainsburys Supermarkets Ltd,23,Commercial,0.021592597,Tonnes,England,M
2007,22,Benzene,5784,Walsall - Reedswood,400000.0,299800.0,J Sainsburys Supermarkets Ltd,23,Commercial,0.021592597,Tonnes,England,M
2007,22,Benzene,5785,Warrington,361265.0,388365.0,J Sainsburys Supermarkets Ltd,23,Commercial,0.021592597,Tonnes,England,M
2007,22,Benzene,5786,Washington,430012.0,556250.0,J Sainsburys Supermarkets Ltd,23,Commercial,0.021592597,Tonnes,England,M
2007,22,Benzene,5787,Watford - Dome Roundabout,510359.0,200605.0,J Sainsburys Supermarkets Ltd,23,Commercial,0.021592597,Tonnes,England,M
2007,22,Benzene,5788,Wednesfield,394200.0,299900.0,J Sainsburys Supermarkets Ltd,23,Commercial,0.021592597,Tonnes,England,M
2007,22,Benzene,5789,Wellingborough,487300.0,266790.0,J Sainsburys Supermarkets Ltd,23,Commercial,0.021592597,Tonnes,England,M
2007,22,Benzene,5790,West Green,526600.0,137428.0,J Sainsburys Supermarkets Ltd,23,Commercial,0.021592597,Tonnes,England,M
2007,22,Benzene,5791,West Hove,526487.0,106219.0,J Sainsburys Supermarkets Ltd,23,Commercial,0.021592597,Tonnes,England,M
2007,22,Benzene,5792,Whitechapel,534737.0,182001.0,J Sainsburys Supermarkets Ltd,23,Commercial,0.021592597,Tonnes,England,M
2007,22,Benzene,5793,Whitley Bay,433349.0,572367.0,J Sainsburys Supermarkets Ltd,23,Commercial,0.021592597,Tonnes,England,M
2007,22,Benzene,5794,Whitstable,613200.0,166500.0,J Sainsburys Supermarkets Ltd,23,Commercial,0.021592597,Tonnes,England,M
2007,22,Benzene,5795,Wigan,356545.0,402684.0,J Sainsburys Supermarkets Ltd,23,Commercial,0.021592597,Tonnes,England,M
2007,22,Benzene,5796,Winchester - Badger Farm,446200.0,127600.0,J Sainsburys Supermarkets Ltd,23,Commercial,0.021592597,Tonnes,England,M
2007,22,Benzene,5797,Wirral - Upton,327591.0,385909.0,J Sainsburys Supermarkets Ltd,23,Commercial,0.021592597,Tonnes,England,M
2007,22,Benzene,5798,Woking - Brookwood,495965.0,157845.0,J Sainsburys Supermarkets Ltd,23,Commercial,0.021592597,Tonnes,England,M
2007,22,Benzene,5799,Wolverhampton - Perton,386303.0,299617.0,J Sainsburys Supermarkets Ltd,23,Commercial,0.021592597,Tonnes,England,M
2007,22,Benzene,5800,Worksop,457023.0,379651.0,J Sainsburys Supermarkets Ltd,23,Commercial,0.021592597,Tonnes,England,M
2007,22,Benzene,5801,Worle,336616.0,162950.0,J Sainsburys Supermarkets Ltd,23,Commercial,0.021592597,Tonnes,England,M
2007,22,Benzene,5802,Worthing - Lyons Farm,515218.0,105357.0,J Sainsburys Supermarkets Ltd,23,Commercial,0.021592597,Tonnes,England,M
2007,22,Benzene,5803,Wrexham,332788.0,351546.0,J Sainsburys Supermarkets Ltd,23,Commercial,0.021592597,Tonnes,Wales,M
2007,22,Benzene,5804,Aberdeen,394200.0,806900.0,Safeway Stores Ltd,23,Commercial,0.010836873,Tonnes,Scotland,M
2007,22,Benzene,5805,Abergavenny Llanfoist,329226.0,213752.0,Safeway Stores Ltd,23,Commercial,0.010836873,Tonnes,Wales,M
2007,22,Benzene,5806,Aberystwyth,259626.0,280658.0,Safeway Stores Ltd,23,Commercial,0.010836873,Tonnes,Wales,M
2007,22,Benzene,5807,Airdrie,276400.0,665400.0,Safeway Stores Ltd,23,Commercial,0.010836873,Tonnes,Scotland,M
2007,22,Benzene,5808,Alloa,289700.0,692695.0,Safeway Stores Ltd,23,Commercial,0.010836873,Tonnes,Scotland,M
2007,22,Benzene,5809,Alness,265994.0,869199.0,Safeway Stores Ltd,23,Commercial,0.010836873,Tonnes,Scotland,M
2007,22,Benzene,5810,Anniesland,254950.0,669100.0,Safeway Stores Ltd,23,Commercial,0.010836873,Tonnes,Scotland,M
2007,22,Benzene,5811,Arbroath,364011.0,741111.0,Safeway Stores Ltd,23,Commercial,0.010836873,Tonnes,Scotland,M
2007,22,Benzene,5812,Ayr,234021.0,621103.0,Safeway Stores Ltd,23,Commercial,0.010836873,Tonnes,Scotland,M
2007,22,Benzene,5813,Baillieston,268380.0,664050.0,Safeway Stores Ltd,23,Commercial,0.010836873,Tonnes,Scotland,M
2007,22,Benzene,5814,Banchory,371100.0,796100.0,Safeway Stores Ltd,23,Commercial,0.010836873,Tonnes,Scotland,M
2007,22,Benzene,5815,Barry,313921.0,169132.0,Safeway Stores Ltd,23,Commercial,0.010836873,Tonnes,Wales,M
2007,22,Benzene,5816,Basingstoke,462500.0,151900.0,Safeway Stores Ltd,23,Commercial,0.010836873,Tonnes,England,M
2007,22,Benzene,5817,Beccles,642713.0,291059.0,Safeway Stores Ltd,23,Commercial,0.010836873,Tonnes,England,M
2007,22,Benzene,5818,Bellshill,273400.0,660200.0,Safeway Stores Ltd,23,Commercial,0.010836873,Tonnes,Scotland,M
2007,22,Benzene,5819,Belper,434561.0,347143.0,Safeway Stores Ltd,23,Commercial,0.010836873,Tonnes,England,M
2007,22,Benzene,5820,Berwick,399402.0,654298.0,Safeway Stores Ltd,23,Commercial,0.010836873,Tonnes,England,M
2007,22,Benzene,5821,Bideford 2,245304.0,127188.0,Safeway Stores Ltd,23,Commercial,0.010836873,Tonnes,England,M
2007,22,Benzene,5822,Bodmin,208006.0,66659.0,Safeway Stores Ltd,23,Commercial,0.010836873,Tonnes,England,M
2007,22,Benzene,5823,Bredbury,392451.0,391659.0,Safeway Stores Ltd,23,Commercial,0.010836873,Tonnes,England,M
2007,22,Benzene,5824,Bridgwater 2,329800.0,136600.0,Safeway Stores Ltd,23,Commercial,0.010836873,Tonnes,England,M
2007,22,Benzene,5825,Bridlington,517100.0,466300.0,Safeway Stores Ltd,23,Commercial,0.010836873,Tonnes,England,M
2007,22,Benzene,5826,Bridport,346764.0,92036.0,Safeway Stores Ltd,23,Commercial,0.010836873,Tonnes,England,M
2007,22,Benzene,5827,Bromsgrove,395700.0,268500.0,Safeway Stores Ltd,23,Commercial,0.010836873,Tonnes,England,M
2007,22,Benzene,5828,Bude,221089.0,106411.0,Safeway Stores Ltd,23,Commercial,0.010836873,Tonnes,England,M
2007,22,Benzene,5829,Burntwood,404100.0,308500.0,Safeway Stores Ltd,23,Commercial,0.010836873,Tonnes,England,M
2007,22,Benzene,5830,Buxton,406500.0,372900.0,Safeway Stores Ltd,23,Commercial,0.010836873,Tonnes,England,M
2007,22,Benzene,5831,Caernarfon,248317.0,363594.0,Safeway Stores Ltd,23,Commercial,0.010836873,Tonnes,Wales,M
2007,22,Benzene,5832,Caerphilly,315704.0,187049.0,Safeway Stores Ltd,23,Commercial,0.010836873,Tonnes,Wales,M
2007,22,Benzene,5833,Cambuslang 2,264032.0,660703.0,Safeway Stores Ltd,23,Commercial,0.010836873,Tonnes,Scotland,M
2007,22,Benzene,5834,Camden,528725.0,184167.0,Safeway Stores Ltd,23,Commercial,0.010836873,Tonnes,England,M
2007,22,Benzene,5835,Canvey Island,577133.0,183790.0,Safeway Stores Ltd,23,Commercial,0.010836873,Tonnes,England,M
2007,22,Benzene,5836,Cardiff Tyglas,316700.0,181500.0,Safeway Stores Ltd,23,Commercial,0.010836873,Tonnes,Wales,M
2007,22,Benzene,5837,Carmarthen,241136.0,218765.0,Safeway Stores Ltd,23,Commercial,0.010836873,Tonnes,Wales,M
2007,22,Benzene,5838,Castle Bromwich,416187.0,289071.0,Safeway Stores Ltd,23,Commercial,0.010836873,Tonnes,England,M
2007,22,Benzene,5839,Chafford Hundred,558921.0,178721.0,Safeway Stores Ltd,23,Commercial,0.010836873,Tonnes,England,M
2007,22,Benzene,5840,Chapel En Le Frith,430255.0,436965.0,Safeway Stores Ltd,23,Commercial,0.010836873,Tonnes,England,M
2007,22,Benzene,5841,Chester,340625.0,368596.0,Safeway Stores Ltd,23,Commercial,0.010836873,Tonnes,England,M
2007,22,Benzene,5842,Chesterfield,436416.0,370669.0,Safeway Stores Ltd,23,Commercial,0.010836873,Tonnes,England,M
2007,22,Benzene,5843,Chippenham 2,392158.0,173361.0,Safeway Stores Ltd,23,Commercial,0.010836873,Tonnes,England,M
2007,22,Benzene,5844,Clacton 2,617140.0,218068.0,Safeway Stores Ltd,23,Commercial,0.010836873,Tonnes,England,M
2007,22,Benzene,5845,Coleraine,102803.0,592237.0,Safeway Stores Ltd,23,Commercial,0.010836873,Tonnes,Northern Ireland,M
2007,22,Benzene,5846,Consett,410656.0,550343.0,Safeway Stores Ltd,23,Commercial,0.010836873,Tonnes,England,M
2007,22,Benzene,5847,Cookstown,93836.0,536968.0,Safeway Stores Ltd,23,Commercial,0.010836873,Tonnes,Northern Ireland,M
2007,22,Benzene,5848,Corby,487863.0,287647.0,Safeway Stores Ltd,23,Commercial,0.010836873,Tonnes,England,M
2007,22,Benzene,5849,Coulby Newham,449930.0,514810.0,Safeway Stores Ltd,23,Commercial,0.010836873,Tonnes,England,M
2007,22,Benzene,5850,Coventry,431902.0,279485.0,Safeway Stores Ltd,23,Commercial,0.010836873,Tonnes,England,M
2007,22,Benzene,5851,Coventry 2,434993.0,277093.0,Safeway Stores Ltd,23,Commercial,0.010836873,Tonnes,England,M
2007,22,Benzene,5852,Cowgate,421975.0,566074.0,Safeway Stores Ltd,23,Commercial,0.010836873,Tonnes,England,M
2007,22,Benzene,5853,Cramlington 2,426307.0,576868.0,Safeway Stores Ltd,23,Commercial,0.010836873,Tonnes,England,M
2007,22,Benzene,5854,Crewe,370778.0,355378.0,Safeway Stores Ltd,23,Commercial,0.010836873,Tonnes,England,M
2007,22,Benzene,5855,Denbigh,304876.0,365900.0,Safeway Stores Ltd,23,Commercial,0.010836873,Tonnes,Wales,M
2007,22,Benzene,5856,Dinnington,453301.0,385889.0,Safeway Stores Ltd,23,Commercial,0.010836873,Tonnes,England,M
2007,22,Benzene,5857,Diss,611695.0,279498.0,Safeway Stores Ltd,23,Commercial,0.010836873,Tonnes,England,M
2007,22,Benzene,5858,Downpatrick,158440.0,498685.0,Safeway Stores Ltd,23,Commercial,0.010836873,Tonnes,Northern Ireland,M
2007,22,Benzene,5859,Dumbarton Glasgow Road,240121.0,675073.0,Safeway Stores Ltd,23,Commercial,0.010836873,Tonnes,Scotland,M
2007,22,Benzene,5860,Dumfries,298122.0,576148.0,Safeway Stores Ltd,23,Commercial,0.010836873,Tonnes,Scotland,M
2007,22,Benzene,5861,Eastwood,446200.0,346900.0,Safeway Stores Ltd,23,Commercial,0.010836873,Tonnes,England,M
2007,22,Benzene,5862,Ecclesall Road,434523.0,386338.0,Safeway Stores Ltd,23,Commercial,0.010836873,Tonnes,England,M
2007,22,Benzene,5863,Ellesmere Port,339820.0,374945.0,Safeway Stores Ltd,23,Commercial,0.010836873,Tonnes,England,M
2007,22,Benzene,5864,Evesham,404295.0,241992.0,Safeway Stores Ltd,23,Commercial,0.010836873,Tonnes,England,M
2007,22,Benzene,5865,Fakenham,593400.0,330700.0,Safeway Stores Ltd,23,Commercial,0.010836873,Tonnes,England,M
2007,22,Benzene,5866,Felixstowe,628665.0,234821.0,Safeway Stores Ltd,23,Commercial,0.010836873,Tonnes,England,M
2007,22,Benzene,5867,Ferry Road,323366.0,676131.0,Safeway Stores Ltd,23,Commercial,0.010836873,Tonnes,Scotland,M
2007,22,Benzene,5868,Fishponds,363164.0,175672.0,Safeway Stores Ltd,23,Commercial,0.010836873,Tonnes,England,M
2007,22,Benzene,5869,Fleet,479600.0,155200.0,Safeway Stores Ltd,23,Commercial,0.010836873,Tonnes,England,M
2007,22,Benzene,5870,Fort William,210500.0,774400.0,Safeway Stores Ltd,23,Commercial,0.010836873,Tonnes,Scotland,M
2007,22,Benzene,5871,Gamston,460547.0,336684.0,Safeway Stores Ltd,23,Commercial,0.010836873,Tonnes,England,M
2007,22,Benzene,5872,Garforth,440765.0,433659.0,Safeway Stores Ltd,23,Commercial,0.010836873,Tonnes,England,M
2007,22,Benzene,5873,Glastonbury,349730.0,138710.0,Safeway Stores Ltd,23,Commercial,0.010836873,Tonnes,England,M
2007,22,Benzene,5874,Glenrothes 2,327350.0,701080.0,Safeway Stores Ltd,23,Commercial,0.010836873,Tonnes,Scotland,M
2007,22,Benzene,5875,Grantham,491709.0,335431.0,Safeway Stores Ltd,23,Commercial,0.010836873,Tonnes,England,M
2007,22,Benzene,5876,Gravesend,563749.0,171641.0,Safeway Stores Ltd,23,Commercial,0.010836873,Tonnes,England,M
2007,22,Benzene,5877,Greenock,228400.0,675700.0,Safeway Stores Ltd,23,Commercial,0.010836873,Tonnes,Scotland,M
2007,22,Benzene,5878,Gyle,317977.0,672533.0,Safeway Stores Ltd,23,Commercial,0.010836873,Tonnes,Scotland,M
2007,22,Benzene,5879,Hamilton 2,270422.0,655229.0,Safeway Stores Ltd,23,Commercial,0.010836873,Tonnes,Scotland,M
2007,22,Benzene,5880,Harwich,623709.0,232110.0,Safeway Stores Ltd,23,Commercial,0.010836873,Tonnes,England,M
2007,22,Benzene,5881,Harwood,373892.0,411984.0,Safeway Stores Ltd,23,Commercial,0.010836873,Tonnes,England,M
2007,22,Benzene,5882,Hastings,581887.0,109809.0,Safeway Stores Ltd,23,Commercial,0.010836873,Tonnes,England,M
2007,22,Benzene,5883,Haverfordwest,195403.0,216272.0,Safeway Stores Ltd,23,Commercial,0.010836873,Tonnes,Wales,M
2007,22,Benzene,5884,Hawick,350606.0,615120.0,Safeway Stores Ltd,23,Commercial,0.010836873,Tonnes,Scotland,M
2007,22,Benzene,5885,Heaton,427000.0,566900.0,Safeway Stores Ltd,23,Commercial,0.010836873,Tonnes,England,M
2007,22,Benzene,5886,Hedon,503211.0,439726.0,Safeway Stores Ltd,23,Commercial,0.010836873,Tonnes,England,M
2007,22,Benzene,5887,High Wycombe,486292.0,193598.0,Safeway Stores Ltd,23,Commercial,0.010836873,Tonnes,England,M
2007,22,Benzene,5888,Hinckley,442105.0,295505.0,Safeway Stores Ltd,23,Commercial,0.010836873,Tonnes,England,M
2007,22,Benzene,5889,Horndean,470162.0,112550.0,Safeway Stores Ltd,23,Commercial,0.010836873,Tonnes,England,M
2007,22,Benzene,5890,Ingleby Barwick,444100.0,513800.0,Safeway Stores Ltd,23,Commercial,0.010836873,Tonnes,England,M
2007,22,Benzene,5891,Inverness 3,267061.0,845417.0,Safeway Stores Ltd,23,Commercial,0.010836873,Tonnes,Scotland,M
2007,22,Benzene,5892,Inverurie,376200.0,821700.0,Safeway Stores Ltd,23,Commercial,0.010836873,Tonnes,Scotland,M
2007,22,Benzene,5893,Kilmarnock,242632.0,636951.0,Safeway Stores Ltd,23,Commercial,0.010836873,Tonnes,Scotland,M
2007,22,Benzene,5894,Kingswinford,388920.0,289872.0,Safeway Stores Ltd,23,Commercial,0.010836873,Tonnes,England,M
2007,22,Benzene,5895,Lake,457823.0,83304.0,Safeway Stores Ltd,23,Commercial,0.010836873,Tonnes,England,M
2007,22,Benzene,5896,Leeds Swinnow Road,424049.0,434435.0,Safeway Stores Ltd,23,Commercial,0.010836873,Tonnes,England,M
2007,22,Benzene,5897,Leek,398838.0,354937.0,Safeway Stores Ltd,23,Commercial,0.010836873,Tonnes,England,M
2007,22,Benzene,5898,Leicester,458745.0,302834.0,Safeway Stores Ltd,23,Commercial,0.010836873,Tonnes,England,M
2007,22,Benzene,5899,Leighton Buzzard,492506.0,224941.0,Safeway Stores Ltd,23,Commercial,0.010836873,Tonnes,England,M
2007,22,Benzene,5900,Leominster,348403.0,258712.0,Safeway Stores Ltd,23,Commercial,0.010836873,Tonnes,England,M
2007,22,Benzene,5901,Lichfield,411014.0,310004.0,Safeway Stores Ltd,23,Commercial,0.010836873,Tonnes,England,M
2007,22,Benzene,5902,Lincoln,498863.0,373537.0,Safeway Stores Ltd,23,Commercial,0.010836873,Tonnes,England,M
2007,22,Benzene,5903,Lindsayfield,261144.0,652967.0,Safeway Stores Ltd,23,Commercial,0.010836873,Tonnes,Scotland,M
2007,22,Benzene,5904,Liskeard,226032.0,63723.0,Safeway Stores Ltd,23,Commercial,0.010836873,Tonnes,England,M
2007,22,Benzene,5905,Livingston 2,305058.0,666773.0,Safeway Stores Ltd,23,Commercial,0.010836873,Tonnes,Scotland,M
2007,22,Benzene,5906,Loughborough,451300.0,320250.0,Safeway Stores Ltd,23,Commercial,0.010836873,Tonnes,England,M
2007,22,Benzene,5907,Lowestoft,653137.0,289456.0,Safeway Stores Ltd,23,Commercial,0.010836873,Tonnes,England,M
2007,22,Benzene,5908,Maidstone,577878.0,152727.0,Safeway Stores Ltd,23,Commercial,0.010836873,Tonnes,England,M
2007,22,Benzene,5909,Maldon,584100.0,205700.0,Safeway Stores Ltd,23,Commercial,0.010836873,Tonnes,England,M
2007,22,Benzene,5910,Malvern,377854.0,248322.0,Safeway Stores Ltd,23,Commercial,0.010836873,Tonnes,England,M
2007,22,Benzene,5911,Mansfield,453764.0,360364.0,Safeway Stores Ltd,23,Commercial,0.010836873,Tonnes,England,M
2007,22,Benzene,5912,Market Drayton,367400.0,334700.0,Safeway Stores Ltd,23,Commercial,0.010836873,Tonnes,England,M
2007,22,Benzene,5913,Meltham,409895.0,410791.0,Safeway Stores Ltd,23,Commercial,0.010836873,Tonnes,England,M
2007,22,Benzene,5914,Milton Keynes,482821.0,234653.0,Safeway Stores Ltd,23,Commercial,0.010836873,Tonnes,England,M
2007,22,Benzene,5915,Moredun,328777.0,669260.0,Safeway Stores Ltd,23,Commercial,0.010836873,Tonnes,Scotland,M
2007,22,Benzene,5916,Nantwich,365371.0,352051.0,Safeway Stores Ltd,23,Commercial,0.010836873,Tonnes,England,M
2007,22,Benzene,5917,Neath,275229.0,197711.0,Safeway Stores Ltd,23,Commercial,0.010836873,Tonnes,Wales,M
2007,22,Benzene,5918,Newcastle-Under-Lyme,385004.0,345444.0,Safeway Stores Ltd,23,Commercial,0.010836873,Tonnes,England,M
2007,22,Benzene,5919,Newlands,256600.0,661300.0,Safeway Stores Ltd,23,Commercial,0.010836873,Tonnes,Scotland,M
2007,22,Benzene,5920,Newport IOW,450100.0,89000.0,Safeway Stores Ltd,23,Commercial,0.010836873,Tonnes,England,M
2007,22,Benzene,5921,Newquay,182322.0,60411.0,Safeway Stores Ltd,23,Commercial,0.010836873,Tonnes,England,M
2007,22,Benzene,5922,Newtown,312215.0,291631.0,Safeway Stores Ltd,23,Commercial,0.010836873,Tonnes,Wales,M
2007,22,Benzene,5923,Newtownard,160420.0,528335.0,Safeway Stores Ltd,23,Commercial,0.010836873,Tonnes,Northern Ireland,M
2007,22,Benzene,5924,Northampton 2,477149.0,262949.0,Safeway Stores Ltd,23,Commercial,0.010836873,Tonnes,England,M
2007,22,Benzene,5925,Omagh,57134.0,535208.0,Safeway Stores Ltd,23,Commercial,0.010836873,Tonnes,Northern Ireland,M
2007,22,Benzene,5926,Paignton 2,287539.0,59774.0,Safeway Stores Ltd,23,Commercial,0.010836873,Tonnes,England,M
2007,22,Benzene,5927,Peckham,534418.0,177418.0,Safeway Stores Ltd,23,Commercial,0.010836873,Tonnes,England,M
2007,22,Benzene,5928,Penrith,351198.0,530099.0,Safeway Stores Ltd,23,Commercial,0.010836873,Tonnes,England,M
2007,22,Benzene,5929,Penzance,148569.0,31631.0,Safeway Stores Ltd,23,Commercial,0.010836873,Tonnes,England,M
2007,22,Benzene,5930,Perth,311100.0,723600.0,Safeway Stores Ltd,23,Commercial,0.010836873,Tonnes,Scotland,M
2007,22,Benzene,5931,Peterborough,517428.0,301666.0,Safeway Stores Ltd,23,Commercial,0.010836873,Tonnes,England,M
2007,22,Benzene,5932,Peterhead 2,312750.0,846740.0,Safeway Stores Ltd,23,Commercial,0.010836873,Tonnes,Scotland,M
2007,22,Benzene,5933,Plymstock,250700.0,53900.0,Safeway Stores Ltd,23,Commercial,0.010836873,Tonnes,England,M
2007,22,Benzene,5934,Portobello Road,329027.0,673546.0,Safeway Stores Ltd,23,Commercial,0.010836873,Tonnes,Scotland,M
2007,22,Benzene,5935,Queensbury,520429.0,186573.0,Safeway Stores Ltd,23,Commercial,0.010836873,Tonnes,England,M
2007,22,Benzene,5936,Reading,471600.0,171000.0,Safeway Stores Ltd,23,Commercial,0.010836873,Tonnes,England,M
2007,22,Benzene,5937,Redcar,460249.0,524850.0,Safeway Stores Ltd,23,Commercial,0.010836873,Tonnes,England,M
2007,22,Benzene,5938,Redditch,406400.0,266810.0,Safeway Stores Ltd,23,Commercial,0.010836873,Tonnes,England,M
2007,22,Benzene,5939,Ripon,431100.0,469600.0,Safeway Stores Ltd,23,Commercial,0.010836873,Tonnes,England,M
2007,22,Benzene,5940,Ross On Wye,360024.0,224227.0,Safeway Stores Ltd,23,Commercial,0.010836873,Tonnes,England,M
2007,22,Benzene,5941,Rubery,399961.0,277572.0,Safeway Stores Ltd,23,Commercial,0.010836873,Tonnes,England,M
2007,22,Benzene,5942,Rushden,494733.0,267882.0,Safeway Stores Ltd,23,Commercial,0.010836873,Tonnes,England,M
2007,22,Benzene,5943,Scarborough,503552.0,487934.0,Safeway Stores Ltd,23,Commercial,0.010836873,Tonnes,England,M
2007,22,Benzene,5944,Sheffield Meadowhead,434599.0,382220.0,Safeway Stores Ltd,23,Commercial,0.010836873,Tonnes,England,M
2007,22,Benzene,5945,Shrewsbury,350000.0,312000.0,Safeway Stores Ltd,23,Commercial,0.010836873,Tonnes,England,M
2007,22,Benzene,5946,Skegness,556022.0,363289.0,Safeway Stores Ltd,23,Commercial,0.010836873,Tonnes,England,M
2007,22,Benzene,5947,Southport,333253.0,417062.0,Safeway Stores Ltd,23,Commercial,0.010836873,Tonnes,England,M
2007,22,Benzene,5948,Spalding,524725.0,322837.0,Safeway Stores Ltd,23,Commercial,0.010836873,Tonnes,England,M
2007,22,Benzene,5949,St Albans,516624.0,207250.0,Safeway Stores Ltd,23,Commercial,0.010836873,Tonnes,England,M
2007,22,Benzene,5950,St Andrews,350133.0,715257.0,Safeway Stores Ltd,23,Commercial,0.010836873,Tonnes,Scotland,M
2007,22,Benzene,5951,St Helens,351300.0,395070.0,Safeway Stores Ltd,23,Commercial,0.010836873,Tonnes,England,M
2007,22,Benzene,5952,St Leonards,264700.0,654200.0,Safeway Stores Ltd,23,Commercial,0.010836873,Tonnes,Scotland,M
2007,22,Benzene,5953,Stevenston,227853.0,642669.0,Safeway Stores Ltd,23,Commercial,0.010836873,Tonnes,Scotland,M
2007,22,Benzene,5954,Stewartfield,261900.0,655600.0,Safeway Stores Ltd,23,Commercial,0.010836873,Tonnes,Scotland,M
2007,22,Benzene,5955,Stirling,281068.0,692871.0,Safeway Stores Ltd,23,Commercial,0.010836873,Tonnes,Scotland,M
2007,22,Benzene,5956,Stone,390287.0,333949.0,Safeway Stores Ltd,23,Commercial,0.010836873,Tonnes,England,M
2007,22,Benzene,5957,Stranraer,206400.0,560700.0,Safeway Stores Ltd,23,Commercial,0.010836873,Tonnes,Scotland,M
2007,22,Benzene,5958,Stratford Upon Avon,419313.0,255153.0,Safeway Stores Ltd,23,Commercial,0.010836873,Tonnes,England,M
2007,22,Benzene,5959,Swaffham,581608.0,309860.0,Safeway Stores Ltd,23,Commercial,0.010836873,Tonnes,England,M
2007,22,Benzene,5960,Swinton,377875.0,401937.0,Safeway Stores Ltd,23,Commercial,0.010836873,Tonnes,England,M
2007,22,Benzene,5961,Taunton,322840.0,125067.0,Safeway Stores Ltd,23,Commercial,0.010836873,Tonnes,England,M
2007,22,Benzene,5962,Tavistock,248000.0,73000.0,Safeway Stores Ltd,23,Commercial,0.010836873,Tonnes,England,M
2007,22,Benzene,5963,Team Valley,425122.0,559090.0,Safeway Stores Ltd,23,Commercial,0.010836873,Tonnes,England,M
2007,22,Benzene,5964,Tewkesbury,393021.0,235342.0,Safeway Stores Ltd,23,Commercial,0.010836873,Tonnes,England,M
2007,22,Benzene,5965,Thamesmead 2,546203.0,179937.0,Safeway Stores Ltd,23,Commercial,0.010836873,Tonnes,England,M
2007,22,Benzene,5966,Thornton Cleveleys,332601.0,442333.0,Safeway Stores Ltd,23,Commercial,0.010836873,Tonnes,England,M
2007,22,Benzene,5967,Tiverton,295292.0,113222.0,Safeway Stores Ltd,23,Commercial,0.010836873,Tonnes,England,M
2007,22,Benzene,5968,Totnes,280471.0,60437.0,Safeway Stores Ltd,23,Commercial,0.010836873,Tonnes,England,M
2007,22,Benzene,5969,Totton,433624.0,113721.0,Safeway Stores Ltd,23,Commercial,0.010836873,Tonnes,England,M
2007,22,Benzene,5970,Troon,232120.0,630902.0,Safeway Stores Ltd,23,Commercial,0.010836873,Tonnes,Scotland,M
2007,22,Benzene,5971,Up Hatherley,392634.0,220209.0,Safeway Stores Ltd,23,Commercial,0.010836873,Tonnes,England,M
2007,22,Benzene,5972,Walderslade,576056.0,163446.0,Safeway Stores Ltd,23,Commercial,0.010836873,Tonnes,England,M
2007,22,Benzene,5973,Warminster,387221.0,144713.0,Safeway Stores Ltd,23,Commercial,0.010836873,Tonnes,England,M
2007,22,Benzene,5974,Welwyn Garden City,525450.0,212700.0,Safeway Stores Ltd,23,Commercial,0.010836873,Tonnes,England,M
2007,22,Benzene,5975,Weston Super Mare,336500.0,161800.0,Safeway Stores Ltd,23,Commercial,0.010836873,Tonnes,England,M
2007,22,Benzene,5976,Weymouth,367022.0,81890.0,Safeway Stores Ltd,23,Commercial,0.010836873,Tonnes,England,M
2007,22,Benzene,5977,Whitehaven 2,297635.0,517748.0,Safeway Stores Ltd,23,Commercial,0.010836873,Tonnes,England,M
2007,22,Benzene,5978,Whitley Bay,435226.0,571831.0,Safeway Stores Ltd,23,Commercial,0.010836873,Tonnes,England,M
2007,22,Benzene,5979,Wincanton 2,371728.0,128313.0,Safeway Stores Ltd,23,Commercial,0.010836873,Tonnes,England,M
2007,22,Benzene,5980,Wishaw,280000.0,655300.0,Safeway Stores Ltd,23,Commercial,0.010836873,Tonnes,Scotland,M
2007,22,Benzene,5981,Witham,582066.0,214441.0,Safeway Stores Ltd,23,Commercial,0.010836873,Tonnes,England,M
2007,22,Benzene,5982,Wolverhampton,391082.0,297344.0,Safeway Stores Ltd,23,Commercial,0.010836873,Tonnes,England,M
2007,22,Benzene,5983,Workington,300101.0,528952.0,Safeway Stores Ltd,23,Commercial,0.010836873,Tonnes,England,M
2007,22,Benzene,5984,Yate,371153.0,182617.0,Safeway Stores Ltd,23,Commercial,0.010836873,Tonnes,England,M
2007,22,Benzene,5985,Yeovil 2,354529.0,115272.0,Safeway Stores Ltd,23,Commercial,0.010836873,Tonnes,England,M
2007,22,Benzene,5986,Aberdare,300033.0,202924.0,Tesco Stores Ltd,23,Commercial,0.022273629,Tonnes,Wales,M
2007,22,Benzene,5987,Aberdeen Extra,391100.0,809900.0,Tesco Stores Ltd,23,Commercial,0.022273629,Tonnes,Scotland,M
2007,22,Benzene,5988,Abertillery,321512.0,204080.0,Tesco Stores Ltd,23,Commercial,0.022273629,Tonnes,Wales,M
2007,22,Benzene,5989,Abingdon,447800.0,196890.0,Tesco Stores Ltd,23,Commercial,0.022273629,Tonnes,England,M
2007,22,Benzene,5990,Addlestone,505400.0,164700.0,Tesco Stores Ltd,23,Commercial,0.022273629,Tonnes,England,M
2007,22,Benzene,5991,Aldershot,485441.0,150912.0,Tesco Stores Ltd,23,Commercial,0.022273629,Tonnes,England,M
2007,22,Benzene,5992,Allerton Road,339758.0,387527.0,Tesco Stores Ltd,23,Commercial,0.022273629,Tonnes,England,M
2007,22,Benzene,5993,Alloa,288800.0,692600.0,Tesco Stores Ltd,23,Commercial,0.022273629,Tonnes,Scotland,M
2007,22,Benzene,5994,Amersham,496130.0,197278.0,Tesco Stores Ltd,23,Commercial,0.022273629,Tonnes,England,M
2007,22,Benzene,5995,Ammanford,262898.0,211794.0,Tesco Stores Ltd,23,Commercial,0.022273629,Tonnes,Wales,M
2007,22,Benzene,5996,Andover,436860.0,146407.0,Tesco Stores Ltd,23,Commercial,0.022273629,Tonnes,England,M
2007,22,Benzene,5997,Antrim,130330.0,542175.0,Tesco Stores Ltd,23,Commercial,0.022273629,Tonnes,Northern Ireland,M
2007,22,Benzene,5998,Ashby De La Zouch,436878.0,317353.0,Tesco Stores Ltd,23,Commercial,0.022273629,Tonnes,England,M
2007,22,Benzene,5999,Ashford Crooksfoot,604003.0,141476.0,Tesco Stores Ltd,23,Commercial,0.022273629,Tonnes,England,M
2007,22,Benzene,6000,Ashford Middlesex,506200.0,172900.0,Tesco Stores Ltd,23,Commercial,0.022273629,Tonnes,England,M
2007,22,Benzene,6001,Ashford Park Farm,600500.0,139900.0,Tesco Stores Ltd,23,Commercial,0.022273629,Tonnes,England,M
2007,22,Benzene,6002,Axminster,329321.0,98468.0,Tesco Stores Ltd,23,Commercial,0.022273629,Tonnes,England,M
2007,22,Benzene,6003,Aylesbury 1,480300.0,214500.0,Tesco Stores Ltd,23,Commercial,0.022273629,Tonnes,England,M
2007,22,Benzene,6004,Aylesbury 2,482761.0,213769.0,Tesco Stores Ltd,23,Commercial,0.022273629,Tonnes,England,M
2007,22,Benzene,6005,Ayr,235240.0,622449.0,Tesco Stores Ltd,23,Commercial,0.022273629,Tonnes,Scotland,M
2007,22,Benzene,6006,Baguley Extra,380334.0,389319.0,Tesco Stores Ltd,23,Commercial,0.022273629,Tonnes,England,M
2007,22,Benzene,6007,Baldock Extra,524659.0,233377.0,Tesco Stores Ltd,23,Commercial,0.022273629,Tonnes,England,M
2007,22,Benzene,6008,Banbridge,122861.0,503383.0,Tesco Stores Ltd,23,Commercial,0.022273629,Tonnes,Northern Ireland,M
2007,22,Benzene,6009,Banbury,445108.0,241966.0,Tesco Stores Ltd,23,Commercial,0.022273629,Tonnes,England,M
2007,22,Benzene,6010,Bangor,161552.0,535033.0,Tesco Stores Ltd,23,Commercial,0.022273629,Tonnes,Northern Ireland,M
2007,22,Benzene,6011,Bangor,256749.0,370472.0,Tesco Stores Ltd,23,Commercial,0.022273629,Tonnes,Wales,M
2007,22,Benzene,6012,Bar Hill Cambs Extra,537726.0,263643.0,Tesco Stores Ltd,23,Commercial,0.022273629,Tonnes,England,M
2007,22,Benzene,6013,Barking Superstore,543728.0,183947.0,Tesco Stores Ltd,23,Commercial,0.022273629,Tonnes,England,M
2007,22,Benzene,6014,Barkingside,544008.0,189254.0,Tesco Stores Ltd,23,Commercial,0.022273629,Tonnes,England,M
2007,22,Benzene,6015,Barnsley,437745.0,405001.0,Tesco Stores Ltd,23,Commercial,0.022273629,Tonnes,England,M
2007,22,Benzene,6016,Barnstaple,257406.0,132345.0,Tesco Stores Ltd,23,Commercial,0.022273629,Tonnes,England,M
2007,22,Benzene,6017,Barrow Extra,319340.0,469183.0,Tesco Stores Ltd,23,Commercial,0.022273629,Tonnes,England,M
2007,22,Benzene,6018,Basildon 1,571868.0,190922.0,Tesco Stores Ltd,23,Commercial,0.022273629,Tonnes,England,M
2007,22,Benzene,6019,Basildon 2,566400.0,188370.0,Tesco Stores Ltd,23,Commercial,0.022273629,Tonnes,England,M
2007,22,Benzene,6020,Basingstoke,465700.0,154300.0,Tesco Stores Ltd,23,Commercial,0.022273629,Tonnes,England,M
2007,22,Benzene,6021,Bathgate Blackburn Road,298600.0,667900.0,Tesco Stores Ltd,23,Commercial,0.022273629,Tonnes,Scotland,M
2007,22,Benzene,6022,Batley,424400.0,424200.0,Tesco Stores Ltd,23,Commercial,0.022273629,Tonnes,England,M
2007,22,Benzene,6023,Bedford 1,507871.0,250548.0,Tesco Stores Ltd,23,Commercial,0.022273629,Tonnes,England,M
2007,22,Benzene,6024,Bedford 2,506134.0,249018.0,Tesco Stores Ltd,23,Commercial,0.022273629,Tonnes,England,M
2007,22,Benzene,6025,Bedworth,435808.0,287128.0,Tesco Stores Ltd,23,Commercial,0.022273629,Tonnes,England,M
2007,22,Benzene,6026,Bicester 2,457905.0,221944.0,Tesco Stores Ltd,23,Commercial,0.022273629,Tonnes,England,M
2007,22,Benzene,6027,Bidsdon Moss Extra,328752.0,390352.0,Tesco Stores Ltd,23,Commercial,0.022273629,Tonnes,England,M
2007,22,Benzene,6028,Billingham,446434.0,523784.0,Tesco Stores Ltd,23,Commercial,0.022273629,Tonnes,England,M
2007,22,Benzene,6029,Bishops Stortford,547094.0,221647.0,Tesco Stores Ltd,23,Commercial,0.022273629,Tonnes,England,M
2007,22,Benzene,6030,Blackburn,369702.0,428485.0,Tesco Stores Ltd,23,Commercial,0.022273629,Tonnes,England,M
2007,22,Benzene,6031,Blackpool Clifton,334801.0,433537.0,Tesco Stores Ltd,23,Commercial,0.022273629,Tonnes,England,M
2007,22,Benzene,6032,Blandford Forum,388800.0,105700.0,Tesco Stores Ltd,23,Commercial,0.022273629,Tonnes,England,M
2007,22,Benzene,6033,Bognor,492844.0,100737.0,Tesco Stores Ltd,23,Commercial,0.022273629,Tonnes,England,M
2007,22,Benzene,6034,Borehamwood Extra,519764.0,196951.0,Tesco Stores Ltd,23,Commercial,0.022273629,Tonnes,England,M
2007,22,Benzene,6035,Boston,529612.0,343058.0,Tesco Stores Ltd,23,Commercial,0.022273629,Tonnes,England,M
2007,22,Benzene,6036,Bournemouth Extra,413011.0,94037.0,Tesco Stores Ltd,23,Commercial,0.022273629,Tonnes,England,M
2007,22,Benzene,6037,Brackley,458378.0,236478.0,Tesco Stores Ltd,23,Commercial,0.022273629,Tonnes,England,M
2007,22,Benzene,6038,Bracknell North,488201.0,170458.0,Tesco Stores Ltd,23,Commercial,0.022273629,Tonnes,England,M
2007,22,Benzene,6039,Bradford Buttershaw,413640.0,429237.0,Tesco Stores Ltd,23,Commercial,0.022273629,Tonnes,England,M
2007,22,Benzene,6040,Braintree Great Notley,573770.0,220626.0,Tesco Stores Ltd,23,Commercial,0.022273629,Tonnes,England,M
2007,22,Benzene,6041,Brent Cross,523811.0,187623.0,Tesco Stores Ltd,23,Commercial,0.022273629,Tonnes,England,M
2007,22,Benzene,6042,Brent Park,521023.0,185353.0,Tesco Stores Ltd,23,Commercial,0.022273629,Tonnes,England,M
2007,22,Benzene,6043,Bridgend 1,290400.0,180000.0,Tesco Stores Ltd,23,Commercial,0.022273629,Tonnes,Wales,M
2007,22,Benzene,6044,Bridgend 2,291200.0,178800.0,Tesco Stores Ltd,23,Commercial,0.022273629,Tonnes,Wales,M
2007,22,Benzene,6045,Bridlington,517988.0,466811.0,Tesco Stores Ltd,23,Commercial,0.022273629,Tonnes,England,M
2007,22,Benzene,6046,Brigg,499873.0,407458.0,Tesco Stores Ltd,23,Commercial,0.022273629,Tonnes,England,M
2007,22,Benzene,6047,Brighouse Bradford Road,415000.0,423000.0,Tesco Stores Ltd,23,Commercial,0.022273629,Tonnes,England,M
2007,22,Benzene,6048,Brislington,361551.0,170547.0,Tesco Stores Ltd,23,Commercial,0.022273629,Tonnes,England,M
2007,22,Benzene,6049,Bristol 1,360985.0,175149.0,Tesco Stores Ltd,23,Commercial,0.022273629,Tonnes,England,M
2007,22,Benzene,6050,Bristol 3,362035.0,181925.0,Tesco Stores Ltd,23,Commercial,0.022273629,Tonnes,England,M
2007,22,Benzene,6051,Broadstairs Extra,636720.0,167632.0,Tesco Stores Ltd,23,Commercial,0.022273629,Tonnes,England,M
2007,22,Benzene,6052,Bromley By Bow,538100.0,182700.0,Tesco Stores Ltd,23,Commercial,0.022273629,Tonnes,England,M
2007,22,Benzene,6053,Brooklands,506264.0,161708.0,Tesco Stores Ltd,23,Commercial,0.022273629,Tonnes,England,M
2007,22,Benzene,6054,Buckingham,470035.0,232735.0,Tesco Stores Ltd,23,Commercial,0.022273629,Tonnes,England,M
2007,22,Benzene,6055,Burgess Hill,530100.0,118400.0,Tesco Stores Ltd,23,Commercial,0.022273629,Tonnes,England,M
2007,22,Benzene,6056,Bursledon Towers Extra,447837.0,110713.0,Tesco Stores Ltd,23,Commercial,0.022273629,Tonnes,England,M
2007,22,Benzene,6057,Burton On Trent,424700.0,322100.0,Tesco Stores Ltd,23,Commercial,0.022273629,Tonnes,England,M
2007,22,Benzene,6058,Bury,380500.0,411100.0,Tesco Stores Ltd,23,Commercial,0.022273629,Tonnes,England,M
2007,22,Benzene,6059,Bury St Edmunds,585810.0,265200.0,Tesco Stores Ltd,23,Commercial,0.022273629,Tonnes,England,M
2007,22,Benzene,6060,Camborne,165245.0,40108.0,Tesco Stores Ltd,23,Commercial,0.022273629,Tonnes,England,M
2007,22,Benzene,6061,Cardiff Extra,316615.0,178552.0,Tesco Stores Ltd,23,Commercial,0.022273629,Tonnes,Wales,M
2007,22,Benzene,6062,Cardiff Pengam Extra,317500.0,178000.0,Tesco Stores Ltd,23,Commercial,0.022273629,Tonnes,Wales,M
2007,22,Benzene,6063,Cardigan,218659.0,246827.0,Tesco Stores Ltd,23,Commercial,0.022273629,Tonnes,Wales,M
2007,22,Benzene,6064,Carlisle 2,342404.0,556052.0,Tesco Stores Ltd,23,Commercial,0.022273629,Tonnes,England,M
2007,22,Benzene,6065,Catterick Garrison,417946.0,498139.0,Tesco Stores Ltd,23,Commercial,0.022273629,Tonnes,England,M
2007,22,Benzene,6066,Chard,332879.0,108679.0,Tesco Stores Ltd,23,Commercial,0.022273629,Tonnes,England,M
2007,22,Benzene,6067,Chelmsford 2,570164.0,205311.0,Tesco Stores Ltd,23,Commercial,0.022273629,Tonnes,England,M
2007,22,Benzene,6068,Cheltenham,393900.0,223000.0,Tesco Stores Ltd,23,Commercial,0.022273629,Tonnes,England,M
2007,22,Benzene,6069,Chepstow,353510.0,193738.0,Tesco Stores Ltd,23,Commercial,0.022273629,Tonnes,Wales,M
2007,22,Benzene,6070,Cheshunt 2,535672.0,203918.0,Tesco Stores Ltd,23,Commercial,0.022273629,Tonnes,England,M
2007,22,Benzene,6071,Chester Broughton Road,335008.0,363965.0,Tesco Stores Ltd,23,Commercial,0.022273629,Tonnes,Wales,M
2007,22,Benzene,6072,Chesterfield,438745.0,372542.0,Tesco Stores Ltd,23,Commercial,0.022273629,Tonnes,England,M
2007,22,Benzene,6073,Chichester 2,484566.0,104581.0,Tesco Stores Ltd,23,Commercial,0.022273629,Tonnes,England,M
2007,22,Benzene,6074,Chorley Extra,356700.0,417800.0,Tesco Stores Ltd,23,Commercial,0.022273629,Tonnes,England,M
2007,22,Benzene,6075,Cirencester 2,403212.0,200999.0,Tesco Stores Ltd,23,Commercial,0.022273629,Tonnes,England,M
2007,22,Benzene,6076,Cleckheaton,418975.0,425424.0,Tesco Stores Ltd,23,Commercial,0.022273629,Tonnes,England,M
2007,22,Benzene,6077,Cleethorpes,529600.0,406850.0,Tesco Stores Ltd,23,Commercial,0.022273629,Tonnes,England,M
2007,22,Benzene,6078,Clevedon,340867.0,170358.0,Tesco Stores Ltd,23,Commercial,0.022273629,Tonnes,England,M
2007,22,Benzene,6079,Colchester 1,600900.0,227500.0,Tesco Stores Ltd,23,Commercial,0.022273629,Tonnes,England,M
2007,22,Benzene,6080,Colchester 2,601700.0,224700.0,Tesco Stores Ltd,23,Commercial,0.022273629,Tonnes,England,M
2007,22,Benzene,6081,Colney Hatch,527700.0,191300.0,Tesco Stores Ltd,23,Commercial,0.022273629,Tonnes,England,M
2007,22,Benzene,6082,Corstorphine Extra,319382.0,672701.0,Tesco Stores Ltd,23,Commercial,0.022273629,Tonnes,Scotland,M
2007,22,Benzene,6083,Coventry 4,430349.0,276772.0,Tesco Stores Ltd,23,Commercial,0.022273629,Tonnes,England,M
2007,22,Benzene,6084,Coventry Walsgrave,438100.0,279600.0,Tesco Stores Ltd,23,Commercial,0.022273629,Tonnes,England,M
2007,22,Benzene,6085,Craigmarloch,273821.0,675421.0,Tesco Stores Ltd,23,Commercial,0.022273629,Tonnes,Scotland,M
2007,22,Benzene,6086,Crawley Hazelwick,528605.0,137679.0,Tesco Stores Ltd,23,Commercial,0.022273629,Tonnes,England,M
2007,22,Benzene,6087,Croydon Express,537600.0,165440.0,Tesco Stores Ltd,23,Commercial,0.022273629,Tonnes,England,M
2007,22,Benzene,6088,Culverhouse Cross,311518.0,175015.0,Tesco Stores Ltd,23,Commercial,0.022273629,Tonnes,Wales,M
2007,22,Benzene,6089,Cupar,337782.0,714117.0,Tesco Stores Ltd,23,Commercial,0.022273629,Tonnes,Scotland,M
2007,22,Benzene,6090,Dalkeith Hardengreen,332202.0,666064.0,Tesco Stores Ltd,23,Commercial,0.022273629,Tonnes,Scotland,M
2007,22,Benzene,6091,Dereham,599698.0,312199.0,Tesco Stores Ltd,23,Commercial,0.022273629,Tonnes,England,M
2007,22,Benzene,6092,Didcot,454000.0,189800.0,Tesco Stores Ltd,23,Commercial,0.022273629,Tonnes,England,M
2007,22,Benzene,6093,Doncaster Edenthorpe,461839.0,406659.0,Tesco Stores Ltd,23,Commercial,0.022273629,Tonnes,England,M
2007,22,Benzene,6094,Doncaster Extra,456812.0,399614.0,Tesco Stores Ltd,23,Commercial,0.022273629,Tonnes,England,M
2007,22,Benzene,6095,Dorchester,368759.0,89464.0,Tesco Stores Ltd,23,Commercial,0.022273629,Tonnes,England,M
2007,22,Benzene,6096,Dover,630623.0,144677.0,Tesco Stores Ltd,23,Commercial,0.022273629,Tonnes,England,M
2007,22,Benzene,6097,Droylsden,390110.0,398200.0,Tesco Stores Ltd,23,Commercial,0.022273629,Tonnes,England,M
2007,22,Benzene,6098,Dudley,395540.0,290786.0,Tesco Stores Ltd,23,Commercial,0.022273629,Tonnes,England,M
2007,22,Benzene,6099,Dundee,338980.0,729302.0,Tesco Stores Ltd,23,Commercial,0.022273629,Tonnes,Scotland,M
2007,22,Benzene,6100,Dundee Lochee,337900.0,731600.0,Tesco Stores Ltd,23,Commercial,0.022273629,Tonnes,Scotland,M
2007,22,Benzene,6101,Dunfermline,310800.0,686350.0,Tesco Stores Ltd,23,Commercial,0.022273629,Tonnes,Scotland,M
2007,22,Benzene,6102,Dungannon,90895.0,522227.0,Tesco Stores Ltd,23,Commercial,0.022273629,Tonnes,Northern Ireland,M
2007,22,Benzene,6103,Dunstable,504341.0,222241.0,Tesco Stores Ltd,23,Commercial,0.022273629,Tonnes,England,M
2007,22,Benzene,6104,Eastbourne 2,562463.0,101163.0,Tesco Stores Ltd,23,Commercial,0.022273629,Tonnes,England,M
2007,22,Benzene,6105,Ebbw Vale,316300.0,210400.0,Tesco Stores Ltd,23,Commercial,0.022273629,Tonnes,Wales,M
2007,22,Benzene,6106,Edgbaston,405404.0,286320.0,Tesco Stores Ltd,23,Commercial,0.022273629,Tonnes,England,M
2007,22,Benzene,6107,Edinburgh Colinton,323032.0,669479.0,Tesco Stores Ltd,23,Commercial,0.022273629,Tonnes,Scotland,M
2007,22,Benzene,6108,Elgin Lossie Green,321406.0,862721.0,Tesco Stores Ltd,23,Commercial,0.022273629,Tonnes,Scotland,M
2007,22,Benzene,6109,Elmers End,535905.0,168299.0,Tesco Stores Ltd,23,Commercial,0.022273629,Tonnes,England,M
2007,22,Benzene,6110,Evesham,403441.0,244823.0,Tesco Stores Ltd,23,Commercial,0.022273629,Tonnes,England,M
2007,22,Benzene,6111,Exeter Vale,295410.0,90977.0,Tesco Stores Ltd,23,Commercial,0.022273629,Tonnes,England,M
2007,22,Benzene,6112,Exmouth,302042.0,81674.0,Tesco Stores Ltd,23,Commercial,0.022273629,Tonnes,England,M
2007,22,Benzene,6113,Falkirk,289100.0,679800.0,Tesco Stores Ltd,23,Commercial,0.022273629,Tonnes,Scotland,M
2007,22,Benzene,6114,Falkirk Grahams Road,289100.0,680150.0,Tesco Stores Ltd,23,Commercial,0.022273629,Tonnes,Scotland,M
2007,22,Benzene,6115,Faversham,601595.0,161400.0,Tesco Stores Ltd,23,Commercial,0.022273629,Tonnes,England,M
2007,22,Benzene,6116,Feltham,510430.0,172768.0,Tesco Stores Ltd,23,Commercial,0.022273629,Tonnes,England,M
2007,22,Benzene,6117,Feltham Dukes Green,510239.0,174535.0,Tesco Stores Ltd,23,Commercial,0.022273629,Tonnes,England,M
2007,22,Benzene,6118,Ferndown,407673.0,100224.0,Tesco Stores Ltd,23,Commercial,0.022273629,Tonnes,England,M
2007,22,Benzene,6119,Flitwick,503100.0,234800.0,Tesco Stores Ltd,23,Commercial,0.022273629,Tonnes,England,M
2007,22,Benzene,6120,Folkestone,619200.0,137000.0,Tesco Stores Ltd,23,Commercial,0.022273629,Tonnes,England,M
2007,22,Benzene,6121,Formby,330982.0,406837.0,Tesco Stores Ltd,23,Commercial,0.022273629,Tonnes,England,M
2007,22,Benzene,6122,Gainsborough,481390.0,389400.0,Tesco Stores Ltd,23,Commercial,0.022273629,Tonnes,England,M
2007,22,Benzene,6123,Gallions Reach Metro,544228.0,181283.0,Tesco Stores Ltd,23,Commercial,0.022273629,Tonnes,England,M
2007,22,Benzene,6124,Gatwick,526918.0,142509.0,Tesco Stores Ltd,23,Commercial,0.022273629,Tonnes,England,M
2007,22,Benzene,6125,Gillingham Kent,579905.0,166317.0,Tesco Stores Ltd,23,Commercial,0.022273629,Tonnes,England,M
2007,22,Benzene,6126,Glasgow Shettleston,264725.0,664377.0,Tesco Stores Ltd,23,Commercial,0.022273629,Tonnes,Scotland,M
2007,22,Benzene,6127,Glasgow St Rollox Extra,260710.0,666900.0,Tesco Stores Ltd,23,Commercial,0.022273629,Tonnes,Scotland,M
2007,22,Benzene,6128,Glengormley,147704.0,538234.0,Tesco Stores Ltd,23,Commercial,0.022273629,Tonnes,Northern Ireland,M
2007,22,Benzene,6129,Glossop,402655.0,394267.0,Tesco Stores Ltd,23,Commercial,0.022273629,Tonnes,England,M
2007,22,Benzene,6130,Gloucester,383344.0,219763.0,Tesco Stores Ltd,23,Commercial,0.022273629,Tonnes,England,M
2007,22,Benzene,6131,Goodmayes,546450.0,187450.0,Tesco Stores Ltd,23,Commercial,0.022273629,Tonnes,England,M
2007,22,Benzene,6132,Great Dunmow,561609.0,222077.0,Tesco Stores Ltd,23,Commercial,0.022273629,Tonnes,England,M
2007,22,Benzene,6133,Great Yarmouth,651814.0,307124.0,Tesco Stores Ltd,23,Commercial,0.022273629,Tonnes,England,M
2007,22,Benzene,6134,Greenock 1,227600.0,676600.0,Tesco Stores Ltd,23,Commercial,0.022273629,Tonnes,Scotland,M
2007,22,Benzene,6135,Halifax,409439.0,425171.0,Tesco Stores Ltd,23,Commercial,0.022273629,Tonnes,England,M
2007,22,Benzene,6136,Handforth,386464.0,383739.0,Tesco Stores Ltd,23,Commercial,0.022273629,Tonnes,England,M
2007,22,Benzene,6137,Harlow Church Langley,547253.0,209629.0,Tesco Stores Ltd,23,Commercial,0.022273629,Tonnes,England,M
2007,22,Benzene,6138,Harlow Edingburgh Way,546658.0,211727.0,Tesco Stores Ltd,23,Commercial,0.022273629,Tonnes,England,M
2007,22,Benzene,6139,Hartlepool Extra,450629.0,530439.0,Tesco Stores Ltd,23,Commercial,0.022273629,Tonnes,England,M
2007,22,Benzene,6140,Hastings,578393.0,111690.0,Tesco Stores Ltd,23,Commercial,0.022273629,Tonnes,England,M
2007,22,Benzene,6141,Hatfield,522920.0,210220.0,Tesco Stores Ltd,23,Commercial,0.022273629,Tonnes,England,M
2007,22,Benzene,6142,Havant Langstone Harbour,471482.0,106043.0,Tesco Stores Ltd,23,Commercial,0.022273629,Tonnes,England,M
2007,22,Benzene,6143,Haverfordwest,193868.0,215354.0,Tesco Stores Ltd,23,Commercial,0.022273629,Tonnes,Wales,M
2007,22,Benzene,6144,Hayes Bulls Bridge,510662.0,178941.0,Tesco Stores Ltd,23,Commercial,0.022273629,Tonnes,England,M
2007,22,Benzene,6145,Heanor,443033.0,346639.0,Tesco Stores Ltd,23,Commercial,0.022273629,Tonnes,England,M
2007,22,Benzene,6146,Helston,166400.0,27700.0,Tesco Stores Ltd,23,Commercial,0.022273629,Tonnes,England,M
2007,22,Benzene,6147,Hemel Hempstead,506700.0,206870.0,Tesco Stores Ltd,23,Commercial,0.022273629,Tonnes,England,M
2007,22,Benzene,6148,Hereford 2,349334.0,238405.0,Tesco Stores Ltd,23,Commercial,0.022273629,Tonnes,England,M
2007,22,Benzene,6149,Hindley,361630.0,404431.0,Tesco Stores Ltd,23,Commercial,0.022273629,Tonnes,England,M
2007,22,Benzene,6150,Holyhead,225418.0,381417.0,Tesco Stores Ltd,23,Commercial,0.022273629,Tonnes,Wales,M
2007,22,Benzene,6151,Honiton,315363.0,99714.0,Tesco Stores Ltd,23,Commercial,0.022273629,Tonnes,England,M
2007,22,Benzene,6152,Hoover Building,516700.0,182900.0,Tesco Stores Ltd,23,Commercial,0.022273629,Tonnes,England,M
2007,22,Benzene,6153,Horsham,515200.0,130900.0,Tesco Stores Ltd,23,Commercial,0.022273629,Tonnes,England,M
2007,22,Benzene,6154,Horwich Extra,365162.0,409911.0,Tesco Stores Ltd,23,Commercial,0.022273629,Tonnes,England,M
2007,22,Benzene,6155,Hucknall,454002.0,348721.0,Tesco Stores Ltd,23,Commercial,0.022273629,Tonnes,England,M
2007,22,Benzene,6156,Huddersfield,414426.0,417143.0,Tesco Stores Ltd,23,Commercial,0.022273629,Tonnes,England,M
2007,22,Benzene,6157,Hull,507825.0,433729.0,Tesco Stores Ltd,23,Commercial,0.022273629,Tonnes,England,M
2007,22,Benzene,6158,Hunstanton,567690.0,340809.0,Tesco Stores Ltd,23,Commercial,0.022273629,Tonnes,England,M
2007,22,Benzene,6159,Huntingdon 2,524000.0,274390.0,Tesco Stores Ltd,23,Commercial,0.022273629,Tonnes,England,M
2007,22,Benzene,6160,Hythe,440000.0,107200.0,Tesco Stores Ltd,23,Commercial,0.022273629,Tonnes,England,M
2007,22,Benzene,6161,Inverness Extra,269504.0,845572.0,Tesco Stores Ltd,23,Commercial,0.022273629,Tonnes,Scotland,M
2007,22,Benzene,6162,Inverness Inshes,268800.0,844400.0,Tesco Stores Ltd,23,Commercial,0.022273629,Tonnes,Scotland,M
2007,22,Benzene,6163,Inverurie Harlaw Road,377320.0,821890.0,Tesco Stores Ltd,23,Commercial,0.022273629,Tonnes,Scotland,M
2007,22,Benzene,6164,Ipswich Extra,612502.0,242430.0,Tesco Stores Ltd,23,Commercial,0.022273629,Tonnes,England,M
2007,22,Benzene,6165,Irvine Riverway Extra,231696.0,637998.0,Tesco Stores Ltd,23,Commercial,0.022273629,Tonnes,Scotland,M
2007,22,Benzene,6166,Kettering,487100.0,276100.0,Tesco Stores Ltd,23,Commercial,0.022273629,Tonnes,England,M
2007,22,Benzene,6167,Kidsgrove,383670.0,354700.0,Tesco Stores Ltd,23,Commercial,0.022273629,Tonnes,England,M
2007,22,Benzene,6168,King's Lynn,563152.0,318336.0,Tesco Stores Ltd,23,Commercial,0.022273629,Tonnes,England,M
2007,22,Benzene,6169,Knockagoney Road,151304.0,531545.0,Tesco Stores Ltd,23,Commercial,0.022273629,Tonnes,Northern Ireland,M
2007,22,Benzene,6170,Lakeside Extra,558091.0,179132.0,Tesco Stores Ltd,23,Commercial,0.022273629,Tonnes,England,M
2007,22,Benzene,6171,Launceston,233700.0,83700.0,Tesco Stores Ltd,23,Commercial,0.022273629,Tonnes,England,M
2007,22,Benzene,6172,Lea Valley,535215.0,191990.0,Tesco Stores Ltd,23,Commercial,0.022273629,Tonnes,England,M
2007,22,Benzene,6173,Leatherhead,516076.0,158327.0,Tesco Stores Ltd,23,Commercial,0.022273629,Tonnes,England,M
2007,22,Benzene,6174,Lee Mill,260760.0,55817.0,Tesco Stores Ltd,23,Commercial,0.022273629,Tonnes,England,M
2007,22,Benzene,6175,Leicester 3,456591.0,307840.0,Tesco Stores Ltd,23,Commercial,0.022273629,Tonnes,England,M
2007,22,Benzene,6176,Leicester Hamilton Extra,463017.0,306515.0,Tesco Stores Ltd,23,Commercial,0.022273629,Tonnes,England,M
2007,22,Benzene,6177,Leighton Buzzard,491730.0,225270.0,Tesco Stores Ltd,23,Commercial,0.022273629,Tonnes,England,M
2007,22,Benzene,6178,Lewes,542069.0,110604.0,Tesco Stores Ltd,23,Commercial,0.022273629,Tonnes,England,M
2007,22,Benzene,6179,Lewisham,538265.0,175927.0,Tesco Stores Ltd,23,Commercial,0.022273629,Tonnes,England,M
2007,22,Benzene,6180,Leyland Extra,354008.0,421620.0,Tesco Stores Ltd,23,Commercial,0.022273629,Tonnes,England,M
2007,22,Benzene,6181,Lichfield,412105.0,309523.0,Tesco Stores Ltd,23,Commercial,0.022273629,Tonnes,England,M
2007,22,Benzene,6182,Lincoln 1,498044.0,370582.0,Tesco Stores Ltd,23,Commercial,0.022273629,Tonnes,England,M
2007,22,Benzene,6183,Lincoln 2,499159.0,372401.0,Tesco Stores Ltd,23,Commercial,0.022273629,Tonnes,England,M
2007,22,Benzene,6184,Lisburn Bentrim Road,137585.0,520781.0,Tesco Stores Ltd,23,Commercial,0.022273629,Tonnes,Northern Ireland,M
2007,22,Benzene,6185,Lisnagelvin,61369.0,579699.0,Tesco Stores Ltd,23,Commercial,0.022273629,Tonnes,Northern Ireland,M
2007,22,Benzene,6186,Littlehampton,501623.0,102810.0,Tesco Stores Ltd,23,Commercial,0.022273629,Tonnes,England,M
2007,22,Benzene,6187,Llandudno,279278.0,377778.0,Tesco Stores Ltd,23,Commercial,0.022273629,Tonnes,Wales,M
2007,22,Benzene,6188,Llanelli Extra,252192.0,199694.0,Tesco Stores Ltd,23,Commercial,0.022273629,Tonnes,Wales,M
2007,22,Benzene,6189,Longton Extra,390750.0,343250.0,Tesco Stores Ltd,23,Commercial,0.022273629,Tonnes,England,M
2007,22,Benzene,6190,Loughborough 2,453473.0,318105.0,Tesco Stores Ltd,23,Commercial,0.022273629,Tonnes,England,M
2007,22,Benzene,6191,Lowestoft 2,653547.0,295916.0,Tesco Stores Ltd,23,Commercial,0.022273629,Tonnes,England,M
2007,22,Benzene,6192,Lunsford Park,570280.0,159608.0,Tesco Stores Ltd,23,Commercial,0.022273629,Tonnes,England,M
2007,22,Benzene,6193,Lydney High Street,363178.0,202478.0,Tesco Stores Ltd,23,Commercial,0.022273629,Tonnes,England,M
2007,22,Benzene,6194,Macclesfield 2,391764.0,374073.0,Tesco Stores Ltd,23,Commercial,0.022273629,Tonnes,England,M
2007,22,Benzene,6195,Maidstone Grove Green,578337.0,156184.0,Tesco Stores Ltd,23,Commercial,0.022273629,Tonnes,England,M
2007,22,Benzene,6196,Maldon,585025.0,207454.0,Tesco Stores Ltd,23,Commercial,0.022273629,Tonnes,England,M
2007,22,Benzene,6197,Mansfield 2,456765.0,360056.0,Tesco Stores Ltd,23,Commercial,0.022273629,Tonnes,England,M
2007,22,Benzene,6198,March,540400.0,298070.0,Tesco Stores Ltd,23,Commercial,0.022273629,Tonnes,England,M
2007,22,Benzene,6199,Market Deeping,514202.0,309942.0,Tesco Stores Ltd,23,Commercial,0.022273629,Tonnes,England,M
2007,22,Benzene,6200,Martlesham,624700.0,245900.0,Tesco Stores Ltd,23,Commercial,0.022273629,Tonnes,England,M
2007,22,Benzene,6201,Meir,393747.0,341043.0,Tesco Stores Ltd,23,Commercial,0.022273629,Tonnes,England,M
2007,22,Benzene,6202,Melton Mowbray,475909.0,319459.0,Tesco Stores Ltd,23,Commercial,0.022273629,Tonnes,England,M
2007,22,Benzene,6203,Midsomer Norton,365152.0,155023.0,Tesco Stores Ltd,23,Commercial,0.022273629,Tonnes,England,M
2007,22,Benzene,6204,Milford Haven,190000.0,205900.0,Tesco Stores Ltd,23,Commercial,0.022273629,Tonnes,Wales,M
2007,22,Benzene,6205,Milton,547457.0,262053.0,Tesco Stores Ltd,23,Commercial,0.022273629,Tonnes,England,M
2007,22,Benzene,6206,Milton Keynes Bletchley,487570.0,234364.0,Tesco Stores Ltd,23,Commercial,0.022273629,Tonnes,England,M
2007,22,Benzene,6207,Milton Keynes Kingston Extra,490146.0,238321.0,Tesco Stores Ltd,23,Commercial,0.022273629,Tonnes,England,M
2007,22,Benzene,6208,Milton Keynes Wolverton,481638.0,241229.0,Tesco Stores Ltd,23,Commercial,0.022273629,Tonnes,England,M
2007,22,Benzene,6209,Minehead,297679.0,145821.0,Tesco Stores Ltd,23,Commercial,0.022273629,Tonnes,England,M
2007,22,Benzene,6210,Mold,324000.0,363900.0,Tesco Stores Ltd,23,Commercial,0.022273629,Tonnes,Wales,M
2007,22,Benzene,6211,Musselburgh,334100.0,672473.0,Tesco Stores Ltd,23,Commercial,0.022273629,Tonnes,Scotland,M
2007,22,Benzene,6212,Nailsea,347471.0,170922.0,Tesco Stores Ltd,23,Commercial,0.022273629,Tonnes,England,M
2007,22,Benzene,6213,Neath Abbey,274066.0,197542.0,Tesco Stores Ltd,23,Commercial,0.022273629,Tonnes,Wales,M
2007,22,Benzene,6214,New Malden Extra,522559.0,168453.0,Tesco Stores Ltd,23,Commercial,0.022273629,Tonnes,England,M
2007,22,Benzene,6215,New Milton,425100.0,94600.0,Tesco Stores Ltd,23,Commercial,0.022273629,Tonnes,England,M
2007,22,Benzene,6216,New Ollerton,466211.0,367843.0,Tesco Stores Ltd,23,Commercial,0.022273629,Tonnes,England,M
2007,22,Benzene,6217,New Oscott,409600.0,294700.0,Tesco Stores Ltd,23,Commercial,0.022273629,Tonnes,England,M
2007,22,Benzene,6218,Newbury,447463.0,165275.0,Tesco Stores Ltd,23,Commercial,0.022273629,Tonnes,England,M
2007,22,Benzene,6219,Newcastle Upon Tyne,421300.0,568800.0,Tesco Stores Ltd,23,Commercial,0.022273629,Tonnes,England,M
2007,22,Benzene,6220,Newmarket,563728.0,265183.0,Tesco Stores Ltd,23,Commercial,0.022273629,Tonnes,England,M
2007,22,Benzene,6221,Newport 1,334419.0,186757.0,Tesco Stores Ltd,23,Commercial,0.022273629,Tonnes,Wales,M
2007,22,Benzene,6222,Newport 2,330000.0,186400.0,Tesco Stores Ltd,23,Commercial,0.022273629,Tonnes,Wales,M
2007,22,Benzene,6223,Newton Abbot,286500.0,72400.0,Tesco Stores Ltd,23,Commercial,0.022273629,Tonnes,England,M
2007,22,Benzene,6224,Northampton South,474406.0,257956.0,Tesco Stores Ltd,23,Commercial,0.022273629,Tonnes,England,M
2007,22,Benzene,6225,Norwich Harford Bridge,622035.0,304756.0,Tesco Stores Ltd,23,Commercial,0.022273629,Tonnes,England,M
2007,22,Benzene,6226,Nottingham Top Valley,455200.0,345300.0,Tesco Stores Ltd,23,Commercial,0.022273629,Tonnes,England,M
2007,22,Benzene,6227,Oban,185944.0,729642.0,Tesco Stores Ltd,23,Commercial,0.022273629,Tonnes,Scotland,M
2007,22,Benzene,6228,Oldham Chadderton,391700.0,405400.0,Tesco Stores Ltd,23,Commercial,0.022273629,Tonnes,England,M
2007,22,Benzene,6229,Osterley,516013.0,177612.0,Tesco Stores Ltd,23,Commercial,0.022273629,Tonnes,England,M
2007,22,Benzene,6230,Oxford 2,455372.0,203524.0,Tesco Stores Ltd,23,Commercial,0.022273629,Tonnes,England,M
2007,22,Benzene,6231,Pembroke Dock,197156.0,203639.0,Tesco Stores Ltd,23,Commercial,0.022273629,Tonnes,Wales,M
2007,22,Benzene,6232,Penarth,317780.0,172359.0,Tesco Stores Ltd,23,Commercial,0.022273629,Tonnes,Wales,M
2007,22,Benzene,6233,Penzance,148035.0,31207.0,Tesco Stores Ltd,23,Commercial,0.022273629,Tonnes,England,M
2007,22,Benzene,6234,Perth 3,308765.0,724865.0,Tesco Stores Ltd,23,Commercial,0.022273629,Tonnes,Scotland,M
2007,22,Benzene,6235,Peterborough Extra,517832.0,295036.0,Tesco Stores Ltd,23,Commercial,0.022273629,Tonnes,England,M
2007,22,Benzene,6236,Pitsea Extra,573539.0,187892.0,Tesco Stores Ltd,23,Commercial,0.022273629,Tonnes,England,M
2007,22,Benzene,6237,Plymouth Roborough,250243.0,61617.0,Tesco Stores Ltd,23,Commercial,0.022273629,Tonnes,England,M
2007,22,Benzene,6238,Plymouth Transit Way,247218.0,59087.0,Tesco Stores Ltd,23,Commercial,0.022273629,Tonnes,England,M
2007,22,Benzene,6239,Ponders End,535148.0,196140.0,Tesco Stores Ltd,23,Commercial,0.022273629,Tonnes,England,M
2007,22,Benzene,6240,Pontypridd,310317.0,187690.0,Tesco Stores Ltd,23,Commercial,0.022273629,Tonnes,Wales,M
2007,22,Benzene,6241,Poole 2,403624.0,94377.0,Tesco Stores Ltd,23,Commercial,0.022273629,Tonnes,England,M
2007,22,Benzene,6242,Poole 3,400864.0,93405.0,Tesco Stores Ltd,23,Commercial,0.022273629,Tonnes,England,M
2007,22,Benzene,6243,Poole 4,406249.0,91748.0,Tesco Stores Ltd,23,Commercial,0.022273629,Tonnes,England,M
2007,22,Benzene,6244,Port Talbot East Bank,276774.0,190249.0,Tesco Stores Ltd,23,Commercial,0.022273629,Tonnes,Wales,M
2007,22,Benzene,6245,Portsmouth North Harbour,463600.0,105500.0,Tesco Stores Ltd,23,Commercial,0.022273629,Tonnes,England,M
2007,22,Benzene,6246,Potters Bar,525739.0,200908.0,Tesco Stores Ltd,23,Commercial,0.022273629,Tonnes,England,M
2007,22,Benzene,6247,Prescot Extra,346800.0,392500.0,Tesco Stores Ltd,23,Commercial,0.022273629,Tonnes,England,M
2007,22,Benzene,6248,Prestwich,380800.0,404300.0,Tesco Stores Ltd,23,Commercial,0.022273629,Tonnes,England,M
2007,22,Benzene,6249,Purley,531345.0,161554.0,Tesco Stores Ltd,23,Commercial,0.022273629,Tonnes,England,M
2007,22,Benzene,6250,Quedgeley,380791.0,214300.0,Tesco Stores Ltd,23,Commercial,0.022273629,Tonnes,England,M
2007,22,Benzene,6251,Rainham Essex Extra,552047.0,182438.0,Tesco Stores Ltd,23,Commercial,0.022273629,Tonnes,England,M
2007,22,Benzene,6252,Ramsgate Manston,636192.0,166338.0,Tesco Stores Ltd,23,Commercial,0.022273629,Tonnes,England,M
2007,22,Benzene,6253,Reading Extra,472508.0,173992.0,Tesco Stores Ltd,23,Commercial,0.022273629,Tonnes,England,M
2007,22,Benzene,6254,Redditch 2,404425.0,265578.0,Tesco Stores Ltd,23,Commercial,0.022273629,Tonnes,England,M
2007,22,Benzene,6255,Redruth Tolgus,169346.0,42413.0,Tesco Stores Ltd,23,Commercial,0.022273629,Tonnes,England,M
2007,22,Benzene,6256,Renfrew,250600.0,666500.0,Tesco Stores Ltd,23,Commercial,0.022273629,Tonnes,Scotland,M
2007,22,Benzene,6257,Rochdale,388558.0,411722.0,Tesco Stores Ltd,23,Commercial,0.022273629,Tonnes,England,M
2007,22,Benzene,6258,Romford,552000.0,187470.0,Tesco Stores Ltd,23,Commercial,0.022273629,Tonnes,England,M
2007,22,Benzene,6259,Romford Gallows Corner,553700.0,190600.0,Tesco Stores Ltd,23,Commercial,0.022273629,Tonnes,England,M
2007,22,Benzene,6260,Royston,534956.0,241807.0,Tesco Stores Ltd,23,Commercial,0.022273629,Tonnes,England,M
2007,22,Benzene,6261,Rugby 1,450721.0,276981.0,Tesco Stores Ltd,23,Commercial,0.022273629,Tonnes,England,M
2007,22,Benzene,6262,Ryde,460743.0,90409.0,Tesco Stores Ltd,23,Commercial,0.022273629,Tonnes,England,M
2007,22,Benzene,6263,Saffron Walden,555270.0,238300.0,Tesco Stores Ltd,23,Commercial,0.022273629,Tonnes,England,M
2007,22,Benzene,6264,Salisbury 2,415590.0,129200.0,Tesco Stores Ltd,23,Commercial,0.022273629,Tonnes,England,M
2007,22,Benzene,6265,Sandhurst Extra,485281.0,160419.0,Tesco Stores Ltd,23,Commercial,0.022273629,Tonnes,England,M
2007,22,Benzene,6266,Scunthorpe Extra,484592.0,411109.0,Tesco Stores Ltd,23,Commercial,0.022273629,Tonnes,England,M
2007,22,Benzene,6267,Sevenoaks,551036.0,156732.0,Tesco Stores Ltd,23,Commercial,0.022273629,Tonnes,England,M
2007,22,Benzene,6268,Sheerness,591806.0,175069.0,Tesco Stores Ltd,23,Commercial,0.022273629,Tonnes,England,M
2007,22,Benzene,6269,Sheffield Abbeydale,433800.0,383500.0,Tesco Stores Ltd,23,Commercial,0.022273629,Tonnes,England,M
2007,22,Benzene,6270,Shepton Mallet,363126.0,142759.0,Tesco Stores Ltd,23,Commercial,0.022273629,Tonnes,England,M
2007,22,Benzene,6271,Shoreham,523200.0,106100.0,Tesco Stores Ltd,23,Commercial,0.022273629,Tonnes,England,M
2007,22,Benzene,6272,Shrewsbury,351708.0,315593.0,Tesco Stores Ltd,23,Commercial,0.022273629,Tonnes,England,M
2007,22,Benzene,6273,Sidcup,547600.0,170410.0,Tesco Stores Ltd,23,Commercial,0.022273629,Tonnes,England,M
2007,22,Benzene,6274,Skipton,398600.0,451200.0,Tesco Stores Ltd,23,Commercial,0.022273629,Tonnes,England,M
2007,22,Benzene,6275,Sleaford,506755.0,346177.0,Tesco Stores Ltd,23,Commercial,0.022273629,Tonnes,England,M
2007,22,Benzene,6276,Slough,497864.0,180023.0,Tesco Stores Ltd,23,Commercial,0.022273629,Tonnes,England,M
2007,22,Benzene,6277,Solihull,414406.0,276186.0,Tesco Stores Ltd,23,Commercial,0.022273629,Tonnes,England,M
2007,22,Benzene,6278,South Queensferry,312338.0,678054.0,Tesco Stores Ltd,23,Commercial,0.022273629,Tonnes,Scotland,M
2007,22,Benzene,6279,Southampton,439038.0,113975.0,Tesco Stores Ltd,23,Commercial,0.022273629,Tonnes,England,M
2007,22,Benzene,6280,Southend,586256.0,187923.0,Tesco Stores Ltd,23,Commercial,0.022273629,Tonnes,England,M
2007,22,Benzene,6281,Southport,335879.0,415404.0,Tesco Stores Ltd,23,Commercial,0.022273629,Tonnes,England,M
2007,22,Benzene,6282,Southwark,533639.0,178374.0,Tesco Stores Ltd,23,Commercial,0.022273629,Tonnes,England,M
2007,22,Benzene,6283,St Austell,203500.0,52700.0,Tesco Stores Ltd,23,Commercial,0.022273629,Tonnes,England,M
2007,22,Benzene,6284,St Mellons,323615.0,181252.0,Tesco Stores Ltd,23,Commercial,0.022273629,Tonnes,Wales,M
2007,22,Benzene,6285,St Neots,518624.0,259102.0,Tesco Stores Ltd,23,Commercial,0.022273629,Tonnes,England,M
2007,22,Benzene,6286,Stalham,637302.0,324958.0,Tesco Stores Ltd,23,Commercial,0.022273629,Tonnes,England,M
2007,22,Benzene,6287,Stalybridge,396665.0,398465.0,Tesco Stores Ltd,23,Commercial,0.022273629,Tonnes,England,M
2007,22,Benzene,6288,Stevenage Extra,523697.0,224290.0,Tesco Stores Ltd,23,Commercial,0.022273629,Tonnes,England,M
2007,22,Benzene,6289,Stirling,279676.0,693943.0,Tesco Stores Ltd,23,Commercial,0.022273629,Tonnes,Scotland,M
2007,22,Benzene,6290,Stockton Extra,441800.0,522100.0,Tesco Stores Ltd,23,Commercial,0.022273629,Tonnes,England,M
2007,22,Benzene,6291,Stoke 2,386133.0,344002.0,Tesco Stores Ltd,23,Commercial,0.022273629,Tonnes,England,M
2007,22,Benzene,6292,Stowmarket,606495.0,258299.0,Tesco Stores Ltd,23,Commercial,0.022273629,Tonnes,England,M
2007,22,Benzene,6293,Stratford-On-Avon,419626.0,256044.0,Tesco Stores Ltd,23,Commercial,0.022273629,Tonnes,England,M
2007,22,Benzene,6294,Stroud,384612.0,205343.0,Tesco Stores Ltd,23,Commercial,0.022273629,Tonnes,England,M
2007,22,Benzene,6295,Sudbury,587400.0,242900.0,Tesco Stores Ltd,23,Commercial,0.022273629,Tonnes,England,M
2007,22,Benzene,6296,Sunbury,509854.0,170016.0,Tesco Stores Ltd,23,Commercial,0.022273629,Tonnes,England,M
2007,22,Benzene,6297,Surrey Quays,535668.0,179140.0,Tesco Stores Ltd,23,Commercial,0.022273629,Tonnes,England,M
2007,22,Benzene,6298,Sutton Cheam Park Farm,524872.0,165269.0,Tesco Stores Ltd,23,Commercial,0.022273629,Tonnes,England,M
2007,22,Benzene,6299,Swansea 3,268507.0,197321.0,Tesco Stores Ltd,23,Commercial,0.022273629,Tonnes,Wales,M
2007,22,Benzene,6300,Swansea Extra,262558.0,196319.0,Tesco Stores Ltd,23,Commercial,0.022273629,Tonnes,Wales,M
2007,22,Benzene,6301,Swindon,416106.0,185699.0,Tesco Stores Ltd,23,Commercial,0.022273629,Tonnes,England,M
2007,22,Benzene,6302,Talbot Green Extra,304308.0,182806.0,Tesco Stores Ltd,23,Commercial,0.022273629,Tonnes,Wales,M
2007,22,Benzene,6303,Telford Extra,366716.0,310549.0,Tesco Stores Ltd,23,Commercial,0.022273629,Tonnes,England,M
2007,22,Benzene,6304,Thetford,589114.0,284243.0,Tesco Stores Ltd,23,Commercial,0.022273629,Tonnes,England,M
2007,22,Benzene,6305,Thirsk,442474.0,481806.0,Tesco Stores Ltd,23,Commercial,0.022273629,Tonnes,England,M
2007,22,Benzene,6306,Thornbury,363835.0,189635.0,Tesco Stores Ltd,23,Commercial,0.022273629,Tonnes,England,M
2007,22,Benzene,6307,Toton Extra,449870.0,334502.0,Tesco Stores Ltd,23,Commercial,0.022273629,Tonnes,England,M
2007,22,Benzene,6308,Trowbridge,385940.0,157577.0,Tesco Stores Ltd,23,Commercial,0.022273629,Tonnes,England,M
2007,22,Benzene,6309,Twickenham,515651.0,174651.0,Tesco Stores Ltd,23,Commercial,0.022273629,Tonnes,England,M
2007,22,Benzene,6310,Uttoxeter,409694.0,333331.0,Tesco Stores Ltd,23,Commercial,0.022273629,Tonnes,England,M
2007,22,Benzene,6311,Walkden,373500.0,403300.0,Tesco Stores Ltd,23,Commercial,0.022273629,Tonnes,England,M
2007,22,Benzene,6312,Walsall Brownhills,404604.0,305357.0,Tesco Stores Ltd,23,Commercial,0.022273629,Tonnes,England,M
2007,22,Benzene,6313,Warwick,429659.0,265580.0,Tesco Stores Ltd,23,Commercial,0.022273629,Tonnes,England,M
2007,22,Benzene,6314,Watford Extra,511611.0,195953.0,Tesco Stores Ltd,23,Commercial,0.022273629,Tonnes,England,M
2007,22,Benzene,6315,Wellingborough 2,489669.0,266620.0,Tesco Stores Ltd,23,Commercial,0.022273629,Tonnes,England,M
2007,22,Benzene,6316,West Durrington,511100.0,104700.0,Tesco Stores Ltd,23,Commercial,0.022273629,Tonnes,England,M
2007,22,Benzene,6317,Weston Favell Extra,479500.0,262700.0,Tesco Stores Ltd,23,Commercial,0.022273629,Tonnes,England,M
2007,22,Benzene,6318,Weston Super Mare,332142.0,161214.0,Tesco Stores Ltd,23,Commercial,0.022273629,Tonnes,England,M
2007,22,Benzene,6319,Whaley Bridge,401281.0,382554.0,Tesco Stores Ltd,23,Commercial,0.022273629,Tonnes,England,M
2007,22,Benzene,6320,Whitehaven,297200.0,518600.0,Tesco Stores Ltd,23,Commercial,0.022273629,Tonnes,England,M
2007,22,Benzene,6321,Whiteley,453186.0,109937.0,Tesco Stores Ltd,23,Commercial,0.022273629,Tonnes,England,M
2007,22,Benzene,6322,Whitstable,612075.0,165206.0,Tesco Stores Ltd,23,Commercial,0.022273629,Tonnes,England,M
2007,22,Benzene,6323,Wigan Atherton,367500.0,402800.0,Tesco Stores Ltd,23,Commercial,0.022273629,Tonnes,England,M
2007,22,Benzene,6324,Wigan Extra,358596.0,406190.0,Tesco Stores Ltd,23,Commercial,0.022273629,Tonnes,England,M
2007,22,Benzene,6325,Winchester,449351.0,130248.0,Tesco Stores Ltd,23,Commercial,0.022273629,Tonnes,England,M
2007,22,Benzene,6326,Wisbech,545432.0,308437.0,Tesco Stores Ltd,23,Commercial,0.022273629,Tonnes,England,M
2007,22,Benzene,6327,Worcester 1,386000.0,252500.0,Tesco Stores Ltd,23,Commercial,0.022273629,Tonnes,England,M
2007,22,Benzene,6328,Worcester 2,387806.0,255766.0,Tesco Stores Ltd,23,Commercial,0.022273629,Tonnes,England,M
2007,22,Benzene,6329,Worksop,457858.0,380164.0,Tesco Stores Ltd,23,Commercial,0.022273629,Tonnes,England,M
2007,22,Benzene,6330,Wrexham Extra,333821.0,350321.0,Tesco Stores Ltd,23,Commercial,0.022273629,Tonnes,Wales,M
2007,22,Benzene,6331,Yeading Extra,512100.0,181800.0,Tesco Stores Ltd,23,Commercial,0.022273629,Tonnes,England,M
2007,22,Benzene,6332,Yeovil Extra,355308.0,116044.0,Tesco Stores Ltd,23,Commercial,0.022273629,Tonnes,England,M
2007,22,Benzene,6333,York Extra,458798.0,455396.0,Tesco Stores Ltd,23,Commercial,0.022273629,Tonnes,England,M
2007,22,Benzene,6334,York Tadcaster Road,458300.0,448900.0,Tesco Stores Ltd,23,Commercial,0.022273629,Tonnes,England,M
2007,22,Benzene,6335,Yorkgate Centre,146491.0,530861.0,Tesco Stores Ltd,23,Commercial,0.022273629,Tonnes,Northern Ireland,M
2007,22,Benzene,6336,Ystrad Mynach,315000.0,194400.0,Tesco Stores Ltd,23,Commercial,0.022273629,Tonnes,Wales,M
2007,22,Benzene,6337,Baglan Moors,274725.0,190890.0,Wm Morrison Supermarkets Plc,23,Commercial,0.013657627,Tonnes,Wales,M
2007,22,Benzene,6338,Barnsley,434448.0,405959.0,Wm Morrison Supermarkets Plc,23,Commercial,0.013657627,Tonnes,England,M
2007,22,Benzene,6339,Barrow in Furness,320046.0,468806.0,Wm Morrison Supermarkets Plc,23,Commercial,0.013657627,Tonnes,England,M
2007,22,Benzene,6340,Barry,311551.0,167688.0,Wm Morrison Supermarkets Plc,23,Commercial,0.013657627,Tonnes,Wales,M
2007,22,Benzene,6341,Belle Vale,342768.0,388457.0,Wm Morrison Supermarkets Plc,23,Commercial,0.013657627,Tonnes,England,M
2007,22,Benzene,6342,Beverley,502334.0,437585.0,Wm Morrison Supermarkets Plc,23,Commercial,0.013657627,Tonnes,England,M
2007,22,Benzene,6343,Bilston,394958.0,296140.0,Wm Morrison Supermarkets Plc,23,Commercial,0.013657627,Tonnes,England,M
2007,22,Benzene,6344,Binley,438313.0,278395.0,Wm Morrison Supermarkets Plc,23,Commercial,0.013657627,Tonnes,England,M
2007,22,Benzene,6345,Bishop Auckland,420857.0,529319.0,Wm Morrison Supermarkets Plc,23,Commercial,0.013657627,Tonnes,England,M
2007,22,Benzene,6346,Blackpool,331800.0,432030.0,Wm Morrison Supermarkets Plc,23,Commercial,0.013657627,Tonnes,England,M
2007,22,Benzene,6347,Bolton Atlas,370100.0,410000.0,Wm Morrison Supermarkets Plc,23,Commercial,0.013657627,Tonnes,England,M
2007,22,Benzene,6348,Boroughbridge,439503.0,466099.0,Wm Morrison Supermarkets Plc,23,Commercial,0.013657627,Tonnes,England,M
2007,22,Benzene,6349,Boundary Road,350559.0,395801.0,Wm Morrison Supermarkets Plc,23,Commercial,0.013657627,Tonnes,England,M
2007,22,Benzene,6350,Brampton,440562.0,401323.0,Wm Morrison Supermarkets Plc,23,Commercial,0.013657627,Tonnes,England,M
2007,22,Benzene,6351,Burton,422500.0,322150.0,Wm Morrison Supermarkets Plc,23,Commercial,0.013657627,Tonnes,England,M
2007,22,Benzene,6352,Burwell,454447.0,346035.0,Wm Morrison Supermarkets Plc,23,Commercial,0.013657627,Tonnes,England,M
2007,22,Benzene,6353,Byker,427250.0,564750.0,Wm Morrison Supermarkets Plc,23,Commercial,0.013657627,Tonnes,England,M
2007,22,Benzene,6354,Cambourne,531208.0,259409.0,Wm Morrison Supermarkets Plc,23,Commercial,0.013657627,Tonnes,England,M
2007,22,Benzene,6355,Carlisle,339900.0,558250.0,Wm Morrison Supermarkets Plc,23,Commercial,0.013657627,Tonnes,England,M
2007,22,Benzene,6356,Catcliffe,442029.0,388088.0,Wm Morrison Supermarkets Plc,23,Commercial,0.013657627,Tonnes,England,M
2007,22,Benzene,6357,Cheadle Heath,387385.0,389346.0,Wm Morrison Supermarkets Plc,23,Commercial,0.013657627,Tonnes,England,M
2007,22,Benzene,6358,Chingford,537400.0,191500.0,Wm Morrison Supermarkets Plc,23,Commercial,0.013657627,Tonnes,England,M
2007,22,Benzene,6359,Chorley,358770.0,417025.0,Wm Morrison Supermarkets Plc,23,Commercial,0.013657627,Tonnes,England,M
2007,22,Benzene,6360,Cleethorpes,523300.0,407600.0,Wm Morrison Supermarkets Plc,23,Commercial,0.013657627,Tonnes,England,M
2007,22,Benzene,6361,Coalville,442850.0,314700.0,Wm Morrison Supermarkets Plc,23,Commercial,0.013657627,Tonnes,England,M
2007,22,Benzene,6362,Crewe,369622.0,355837.0,Wm Morrison Supermarkets Plc,23,Commercial,0.013657627,Tonnes,England,M
2007,22,Benzene,6363,Cribbs Causeway,357750.0,180750.0,Wm Morrison Supermarkets Plc,23,Commercial,0.013657627,Tonnes,England,M
2007,22,Benzene,6364,Derby,436061.0,337545.0,Wm Morrison Supermarkets Plc,23,Commercial,0.013657627,Tonnes,England,M
2007,22,Benzene,6365,Dereham,599300.0,313000.0,Wm Morrison Supermarkets Plc,23,Commercial,0.013657627,Tonnes,England,M
2007,22,Benzene,6366,Dewsbury Road,431400.0,420300.0,Wm Morrison Supermarkets Plc,23,Commercial,0.013657627,Tonnes,England,M
2007,22,Benzene,6367,Doncaster,456308.0,404208.0,Wm Morrison Supermarkets Plc,23,Commercial,0.013657627,Tonnes,England,M
2007,22,Benzene,6368,Doxford Park,437553.0,552538.0,Wm Morrison Supermarkets Plc,23,Commercial,0.013657627,Tonnes,England,M
2007,22,Benzene,6369,Dukinfield,395516.0,397677.0,Wm Morrison Supermarkets Plc,23,Commercial,0.013657627,Tonnes,England,M
2007,22,Benzene,6370,Ebbw Vale,316300.0,211200.0,Wm Morrison Supermarkets Plc,23,Commercial,0.013657627,Tonnes,Wales,M
2007,22,Benzene,6371,Eccles,377397.0,398293.0,Wm Morrison Supermarkets Plc,23,Commercial,0.013657627,Tonnes,England,M
2007,22,Benzene,6372,Ecclesfield,435767.0,394401.0,Wm Morrison Supermarkets Plc,23,Commercial,0.013657627,Tonnes,England,M
2007,22,Benzene,6373,Enfield,534539.0,196063.0,Wm Morrison Supermarkets Plc,23,Commercial,0.013657627,Tonnes,England,M
2007,22,Benzene,6374,Enterprise 5,417840.0,437022.0,Wm Morrison Supermarkets Plc,23,Commercial,0.013657627,Tonnes,England,M
2007,22,Benzene,6375,Erith,551864.0,177930.0,Wm Morrison Supermarkets Plc,23,Commercial,0.013657627,Tonnes,England,M
2007,22,Benzene,6376,Failsworth,388747.0,400857.0,Wm Morrison Supermarkets Plc,23,Commercial,0.013657627,Tonnes,England,M
2007,22,Benzene,6377,Gainsborough,483458.0,388948.0,Wm Morrison Supermarkets Plc,23,Commercial,0.013657627,Tonnes,England,M
2007,22,Benzene,6378,Grays,561191.0,177992.0,Wm Morrison Supermarkets Plc,23,Commercial,0.013657627,Tonnes,England,M
2007,22,Benzene,6379,Guiseley,419055.0,441950.0,Wm Morrison Supermarkets Plc,23,Commercial,0.013657627,Tonnes,England,M
2007,22,Benzene,6380,Halfway,443059.0,381329.0,Wm Morrison Supermarkets Plc,23,Commercial,0.013657627,Tonnes,England,M
2007,22,Benzene,6381,Halifax,406900.0,428200.0,Wm Morrison Supermarkets Plc,23,Commercial,0.013657627,Tonnes,England,M
2007,22,Benzene,6382,Heckmondwike,421347.0,423441.0,Wm Morrison Supermarkets Plc,23,Commercial,0.013657627,Tonnes,England,M
2007,22,Benzene,6383,Heywood,385225.0,410966.0,Wm Morrison Supermarkets Plc,23,Commercial,0.013657627,Tonnes,England,M
2007,22,Benzene,6384,Hillsborough,433661.0,389612.0,Wm Morrison Supermarkets Plc,23,Commercial,0.013657627,Tonnes,England,M
2007,22,Benzene,6385,Huddersfield,417305.0,416337.0,Wm Morrison Supermarkets Plc,23,Commercial,0.013657627,Tonnes,England,M
2007,22,Benzene,6386,Hull,512589.0,431005.0,Wm Morrison Supermarkets Plc,23,Commercial,0.013657627,Tonnes,England,M
2007,22,Benzene,6387,Hunslet,431100.0,431400.0,Wm Morrison Supermarkets Plc,23,Commercial,0.013657627,Tonnes,England,M
2007,22,Benzene,6388,Hyde,395844.0,394914.0,Wm Morrison Supermarkets Plc,23,Commercial,0.013657627,Tonnes,England,M
2007,22,Benzene,6389,Ince,360900.0,405300.0,Wm Morrison Supermarkets Plc,23,Commercial,0.013657627,Tonnes,England,M
2007,22,Benzene,6390,Jarrow,432848.0,565286.0,Wm Morrison Supermarkets Plc,23,Commercial,0.013657627,Tonnes,England,M
2007,22,Benzene,6391,Keithley,406187.0,440892.0,Wm Morrison Supermarkets Plc,23,Commercial,0.013657627,Tonnes,England,M
2007,22,Benzene,6392,Kendal,352309.0,494252.0,Wm Morrison Supermarkets Plc,23,Commercial,0.013657627,Tonnes,England,M
2007,22,Benzene,6393,Killingworth,427695.0,571293.0,Wm Morrison Supermarkets Plc,23,Commercial,0.013657627,Tonnes,England,M
2007,22,Benzene,6394,King's Lynn,562306.0,320251.0,Wm Morrison Supermarkets Plc,23,Commercial,0.013657627,Tonnes,England,M
2007,22,Benzene,6395,Kirkstall,426200.0,435400.0,Wm Morrison Supermarkets Plc,23,Commercial,0.013657627,Tonnes,England,M
2007,22,Benzene,6396,Lincoln,496545.0,370657.0,Wm Morrison Supermarkets Plc,23,Commercial,0.013657627,Tonnes,England,M
2007,22,Benzene,6397,Mansfield,452023.0,360039.0,Wm Morrison Supermarkets Plc,23,Commercial,0.013657627,Tonnes,England,M
2007,22,Benzene,6398,Mayo Avenue,416010.0,430488.0,Wm Morrison Supermarkets Plc,23,Commercial,0.013657627,Tonnes,England,M
2007,22,Benzene,6399,Middlesbrough,451529.0,518706.0,Wm Morrison Supermarkets Plc,23,Commercial,0.013657627,Tonnes,England,M
2007,22,Benzene,6400,Morecambe,343013.0,464161.0,Wm Morrison Supermarkets Plc,23,Commercial,0.013657627,Tonnes,England,M
2007,22,Benzene,6401,Morley,426274.0,427719.0,Wm Morrison Supermarkets Plc,23,Commercial,0.013657627,Tonnes,England,M
2007,22,Benzene,6402,Morton Park,432385.0,514041.0,Wm Morrison Supermarkets Plc,23,Commercial,0.013657627,Tonnes,England,M
2007,22,Benzene,6403,Nelson,385984.0,438010.0,Wm Morrison Supermarkets Plc,23,Commercial,0.013657627,Tonnes,England,M
2007,22,Benzene,6404,Netherfield,462658.0,340850.0,Wm Morrison Supermarkets Plc,23,Commercial,0.013657627,Tonnes,England,M
2007,22,Benzene,6405,Newcastle-under-Lyme,384000.0,347100.0,Wm Morrison Supermarkets Plc,23,Commercial,0.013657627,Tonnes,England,M
2007,22,Benzene,6406,North Road,429088.0,515903.0,Wm Morrison Supermarkets Plc,23,Commercial,0.013657627,Tonnes,England,M
2007,22,Benzene,6407,Northampton,475521.0,260111.0,Wm Morrison Supermarkets Plc,23,Commercial,0.013657627,Tonnes,England,M
2007,22,Benzene,6408,Norwich,623797.0,308096.0,Wm Morrison Supermarkets Plc,23,Commercial,0.013657627,Tonnes,England,M
2007,22,Benzene,6409,Oldham,390473.0,403173.0,Wm Morrison Supermarkets Plc,23,Commercial,0.013657627,Tonnes,England,M
2007,22,Benzene,6410,Parkgate,442942.0,393542.0,Wm Morrison Supermarkets Plc,23,Commercial,0.013657627,Tonnes,England,M
2007,22,Benzene,6411,Pinchbeck,525300.0,325000.0,Wm Morrison Supermarkets Plc,23,Commercial,0.013657627,Tonnes,England,M
2007,22,Benzene,6412,Redcar,460458.0,525133.0,Wm Morrison Supermarkets Plc,23,Commercial,0.013657627,Tonnes,England,M
2007,22,Benzene,6413,Rhyl,300800.0,381000.0,Wm Morrison Supermarkets Plc,23,Commercial,0.013657627,Tonnes,Wales,M
2007,22,Benzene,6414,Riversway,351491.0,429798.0,Wm Morrison Supermarkets Plc,23,Commercial,0.013657627,Tonnes,England,M
2007,22,Benzene,6415,Rochdale,391249.0,412651.0,Wm Morrison Supermarkets Plc,23,Commercial,0.013657627,Tonnes,England,M
2007,22,Benzene,6416,Rogerstone,325300.0,189100.0,Wm Morrison Supermarkets Plc,23,Commercial,0.013657627,Tonnes,Wales,M
2007,22,Benzene,6417,Rotherham,449345.0,392032.0,Wm Morrison Supermarkets Plc,23,Commercial,0.013657627,Tonnes,England,M
2007,22,Benzene,6418,Saltney,338568.0,365226.0,Wm Morrison Supermarkets Plc,23,Commercial,0.013657627,Tonnes,Wales,M
2007,22,Benzene,6419,Scarborough,503158.0,483563.0,Wm Morrison Supermarkets Plc,23,Commercial,0.013657627,Tonnes,England,M
2007,22,Benzene,6420,Scunthorpe,491725.0,408471.0,Wm Morrison Supermarkets Plc,23,Commercial,0.013657627,Tonnes,England,M
2007,22,Benzene,6421,Seaburn,440400.0,560300.0,Wm Morrison Supermarkets Plc,23,Commercial,0.013657627,Tonnes,England,M
2007,22,Benzene,6422,Shrewsbury,350400.0,314800.0,Wm Morrison Supermarkets Plc,23,Commercial,0.013657627,Tonnes,England,M
2007,22,Benzene,6423,Skipton,398400.0,451400.0,Wm Morrison Supermarkets Plc,23,Commercial,0.013657627,Tonnes,England,M
2007,22,Benzene,6424,Small Heath,409105.0,286131.0,Wm Morrison Supermarkets Plc,23,Commercial,0.013657627,Tonnes,England,M
2007,22,Benzene,6425,Southport,333725.0,417017.0,Wm Morrison Supermarkets Plc,23,Commercial,0.013657627,Tonnes,England,M
2007,22,Benzene,6426,St Helens,352600.0,394300.0,Wm Morrison Supermarkets Plc,23,Commercial,0.013657627,Tonnes,England,M
2007,22,Benzene,6427,Stamford,503800.0,307430.0,Wm Morrison Supermarkets Plc,23,Commercial,0.013657627,Tonnes,England,M
2007,22,Benzene,6428,Starbeck,433100.0,455900.0,Wm Morrison Supermarkets Plc,23,Commercial,0.013657627,Tonnes,England,M
2007,22,Benzene,6429,Staveley,443173.0,374715.0,Wm Morrison Supermarkets Plc,23,Commercial,0.013657627,Tonnes,England,M
2007,22,Benzene,6430,Stockton,446963.0,518302.0,Wm Morrison Supermarkets Plc,23,Commercial,0.013657627,Tonnes,England,M
2007,22,Benzene,6431,Stoke,387168.0,348232.0,Wm Morrison Supermarkets Plc,23,Commercial,0.013657627,Tonnes,England,M
2007,22,Benzene,6432,Tamworth,422100.0,301500.0,Wm Morrison Supermarkets Plc,23,Commercial,0.013657627,Tonnes,England,M
2007,22,Benzene,6433,Thornbury,418803.0,433831.0,Wm Morrison Supermarkets Plc,23,Commercial,0.013657627,Tonnes,England,M
2007,22,Benzene,6434,Tynemouth,434861.0,570054.0,Wm Morrison Supermarkets Plc,23,Commercial,0.013657627,Tonnes,England,M
2007,22,Benzene,6435,Walsall,400076.0,296861.0,Wm Morrison Supermarkets Plc,23,Commercial,0.013657627,Tonnes,England,M
2007,22,Benzene,6436,Warrington,361101.0,386443.0,Wm Morrison Supermarkets Plc,23,Commercial,0.013657627,Tonnes,England,M
2007,22,Benzene,6437,Wellington,364643.0,311715.0,Wm Morrison Supermarkets Plc,23,Commercial,0.013657627,Tonnes,England,M
2007,22,Benzene,6438,Wetherby,440400.0,448200.0,Wm Morrison Supermarkets Plc,23,Commercial,0.013657627,Tonnes,England,M
2007,22,Benzene,6439,Widnes,351934.0,385830.0,Wm Morrison Supermarkets Plc,23,Commercial,0.013657627,Tonnes,England,M
2007,22,Benzene,6440,Winsford,365938.0,366904.0,Wm Morrison Supermarkets Plc,23,Commercial,0.013657627,Tonnes,England,M
2007,22,Benzene,6490,Aberthaw,303310.0,167550.0,Blue Circle Industries Plc,11,Cement,1.694,Tonnes,Wales,O
2007,22,Benzene,6492,Cauldon,408500.0,349600.0,Blue Circle Industries Plc,11,Cement,21.72216,Tonnes,England,O
2007,22,Benzene,6493,Hope,416800.0,382300.0,Blue Circle Industries Plc,11,Cement,6.1208,Tonnes,England,O
2007,22,Benzene,6495,Westbury,388870.0,152660.0,Blue Circle Industries Plc,11,Cement,3.16,Tonnes,England,O
2007,22,Benzene,6497,Derby,438500.0,335200.0,BOC Group Plc,10,Chemical industry,0.02,Tonnes,England,M
2007,22,Benzene,6518,Clitheroe,374830.0,443640.0,Castle Cement Ltd,11,Cement,2.41,Tonnes,England,O
2007,22,Benzene,6557,Holywell,318230.0,378760.0,Great Lakes (UK) Ltd,10,Chemical industry,0.02,Tonnes,Wales,M
2007,22,Benzene,6566,Bowburn,430010.0,538230.0,High Force Research Ltd,10,Chemical industry,0.2,Tonnes,England,M
2007,22,Benzene,6572,Wilton,457290.0,522540.0,Huntsman Petrochemicals (UK) Ltd,10,Chemical industry,91.0,Tonnes,England,O
2007,22,Benzene,6587,Nechells,409400.0,288800.0,Kappa SSK Ltd,8,"Paper, printing & publishing industries",0.2,Tonnes,England,O
2007,22,Benzene,6594,Thrislington,430800.0,532800.0,Lafarge Lime Ltd,12,Lime,0.567270233196159,Tonnes,England,M
2007,22,Benzene,6628,Chineham,467230.0,155200.0,Onyx Hampshire Ltd,21,"Waste collection, treatment & disposal",0.187083612394943,Tonnes,England,M
2007,22,Benzene,6635,Morley,427241.0,428272.0,OSS Group Ltd,21,"Waste collection, treatment & disposal",0.2,Tonnes,England,M
2007,22,Benzene,6637,Liversedge,418400.0,424000.0,Owens Corning Veil UK Ltd,4,Other mineral industries,0.199948012980062,Tonnes,England,O
2007,22,Benzene,6649,Milford Haven,193660.0,205610.0,Petroplus Tankstorage Milford Haven Ltd,9,Processing & distribution of petroleum products,1.834,Tonnes,Wales,O
2007,22,Benzene,6661,Lidget Green,414010.0,432980.0,Rentokil Wiper Services Ltd,8,"Paper, printing & publishing industries",0.2,Tonnes,England,O
2007,22,Benzene,6664,Kilnhurst,445800.0,397000.0,Rotherham Waste Oil Collectors & Tank Cleaning Services,21,"Waste collection, treatment & disposal",0.2,Tonnes,England,M
2007,22,Benzene,6666,New Rugby,448700.0,275600.0,Rugby Ltd,11,Cement,0.96,Tonnes,England,M
2007,22,Benzene,6671,Seal Sands,453157.0,524251.0,Seal Sands Chemicals Ltd,10,Chemical industry,0.2,Tonnes,England,M
2007,22,Benzene,6695,King's Lynn,572100.0,316200.0,Transco Plc,19,Processing & distribution of natural gas,0.2,Tonnes,England,O
2007,22,Benzene,6702,Austerfield,466000.0,394600.0,Vesuvius UK Ltd,4,Other mineral industries,0.2,Tonnes,England,M
2007,22,Benzene,6704,Burnley,381560.0,431510.0,Viktor Achter Ltd,7,Other industries,0.00364392,Tonnes,England,M
2007,22,Benzene,6753,Barling - (NFFO5),593092.0,188739.0,EDL Operations (Barling) Ltd,21,"Waste collection, treatment & disposal",0.00346473,Tonnes,England,O
2007,22,Benzene,6754,Beaconhill Power,397534.0,95334.0,Natural Power Ltd,21,"Waste collection, treatment & disposal",0.004833319,Tonnes,England,O
2007,22,Benzene,6755,Beddington Landfill Power Generation,529873.0,166449.0,Thames Waste Management Ltd,21,"Waste collection, treatment & disposal",0.00460073,Tonnes,England,O
2007,22,Benzene,6756,Bellhouse South,594500.0,222500.0,EDL Operations (Bellhouse) Ltd,21,"Waste collection, treatment & disposal",0.006011866,Tonnes,England,O
2007,22,Benzene,6757,Beetley Energy RO,594600.0,320400.0,Beetley Energy Ltd,21,"Waste collection, treatment & disposal",0.001452265,Tonnes,England,O
2007,22,Benzene,6758,Betton Abbots Landfill Site,351726.0,307982.0,Natural Power Ltd,21,"Waste collection, treatment & disposal",0.001891915,Tonnes,England,O
2007,22,Benzene,6760,Bootham Lane - Phase II,465507.0,410159.0,United Utilities Green Energy Ltd,21,"Waste collection, treatment & disposal",0.002003955,Tonnes,England,O
2007,22,Benzene,6761,Bramford Landfill Site,612618.0,248129.0,Biffa Waste Services Ltd,21,"Waste collection, treatment & disposal",0.000921848,Tonnes,England,O
2007,22,Benzene,6762,Brenkley Landfill Site  - A,379689.0,398023.0,Natural Power Ltd,21,"Waste collection, treatment & disposal",0.003222213,Tonnes,England,O
2007,22,Benzene,6763,Briton Power,273670.0,194921.0,Natural Power Ltd,21,"Waste collection, treatment & disposal",0.003261923,Tonnes,Wales,O
2007,22,Benzene,6764,Bryn Pica Landfill,300217.0,204901.0,United Utilities Green Energy Ltd,21,"Waste collection, treatment & disposal",0.003758303,Tonnes,Wales,O
2007,22,Benzene,6765,Bryn Posteg Landfill Site,297300.0,282300.0,Sundorne Products (Llanidloes) Ltd,21,"Waste collection, treatment & disposal",0.001453683,Tonnes,Wales,O
2007,22,Benzene,6766,Calne,401500.0,170900.0,Viridor Waste Exeter Ltd,21,"Waste collection, treatment & disposal",0.002836455,Tonnes,England,O
2007,22,Benzene,6767,Calvert Phase II - A,472058.0,227933.0,Shanks Waste Services Ltd,21,"Waste collection, treatment & disposal",0.019469426,Tonnes,England,O
2007,22,Benzene,6768,Chapmans Well Landfill Gas,418030.0,552092.0,National Power Ltd,21,"Waste collection, treatment & disposal",0.000567291,Tonnes,England,O
2007,22,Benzene,6769,Chelson Meadow RO Power Generation,249500.0,54400.0,Chelson Meadow Energy Ltd,21,"Waste collection, treatment & disposal",0.004531237,Tonnes,England,O
2007,22,Benzene,6770,Clifton Hall,379243.0,402773.0,Biffa Waste Services Ltd,21,"Waste collection, treatment & disposal",0.001985518,Tonnes,England,O
2007,22,Benzene,6771,Connon Bridge 2 Landfill Gas Project,218400.0,61800.0,Connon Bridge Energy Ltd,21,"Waste collection, treatment & disposal",0.006041649,Tonnes,England,O
2007,22,Benzene,6772,Costessey  2 Landfill Power Generation,615712.0,310980.0,Costessey Energy Ltd,21,"Waste collection, treatment & disposal",0.0031201,Tonnes,England,O
2007,22,Benzene,6773,Crumps Farm Landfill Gas Generation Project,558638.0,221563.0,Edwards Waste Management Ltd,21,"Waste collection, treatment & disposal",0.00087221,Tonnes,England,O
2007,22,Benzene,6774,Danes Moss 2,389639.0,371329.0,Novera Energy Europe Ltd,21,"Waste collection, treatment & disposal",0.002972605,Tonnes,England,O
2007,22,Benzene,6775,"Dorket Head Landfill Generation - A, C",432758.0,291927.0,Waste Recycling Group plc,21,"Waste collection, treatment & disposal",0.004007911,Tonnes,England,O
2007,22,Benzene,6776,Efford Landfill Gas Generation Facility,431227.0,94438.0,Onyx Hampshire Ltd,21,"Waste collection, treatment & disposal",0.002003955,Tonnes,England,O
2007,22,Benzene,6777,Feltwell (1),573809.0,291995.0,Feltwell Energy Ltd,21,"Waste collection, treatment & disposal",0.001422482,Tonnes,England,O
2007,22,Benzene,6778,Feltwell (2),573809.0,291995.0,Feltwell Energy Ltd,21,"Waste collection, treatment & disposal",0.001489139,Tonnes,England,O
2007,22,Benzene,6779,Flusco Landfill,346300.0,528800.0,Summerleaze RE-Generation Ltd,21,"Waste collection, treatment & disposal",0.001165783,Tonnes,England,O
2007,22,Benzene,6780,Frampton Landfill Site,377900.0,208300.0,Eco2 Ltd,21,"Waste collection, treatment & disposal",0.001985518,Tonnes,England,O
2007,22,Benzene,6781,Godmanchester,525920.0,271050.0,Natural Power Ltd,21,"Waste collection, treatment & disposal",0.003071881,Tonnes,England,O
2007,22,Benzene,6782,Honley Wood,411724.0,412147.0,Novera Energy Europe Ltd,21,"Waste collection, treatment & disposal",0.001486302,Tonnes,England,O
2007,22,Benzene,6783,Humberfield,501200.0,426300.0,Waste Recycling Group,21,"Waste collection, treatment & disposal",0.004458907,Tonnes,England,O
2007,22,Benzene,6784,Immingham,520067.0,414722.0,Waste Recycling Group,21,"Waste collection, treatment & disposal",0.002844964,Tonnes,England,O
2007,22,Benzene,6785,Jameson Road Power Generation No.1,333500.0,446000.0,Jameson Road Energy Ltd,21,"Waste collection, treatment & disposal",0.00230462,Tonnes,England,O
2007,22,Benzene,6786,Jameson Road RO Power Generation,333500.0,446000.0,Jameson Road Energy Ltd,21,"Waste collection, treatment & disposal",0.006041649,Tonnes,England,O
2007,22,Benzene,6787,Lount Landfill site,438080.0,318510.0,Natural Power Ltd,21,"Waste collection, treatment & disposal",0.001630962,Tonnes,England,O
2007,22,Benzene,6788,Marks Quarry Landfill Site,431085.0,547541.0,Natural Power Ltd,21,"Waste collection, treatment & disposal",0.003162647,Tonnes,England,O
2007,22,Benzene,6789,Milton Phase 2 Generation,546591.0,263098.0,Waste Recycling Group Plc,21,"Waste collection, treatment & disposal",0.003017988,Tonnes,England,O
2007,22,Benzene,6790,Narborough Landfill Site,452594.0,297320.0,Sita UK Ltd,21,"Waste collection, treatment & disposal",0.003789504,Tonnes,England,O
2007,22,Benzene,6791,Netley Farm Phase 2,446500.0,110500.0,Power Plant Services Ltd,21,"Waste collection, treatment & disposal",0.001630962,Tonnes,England,O
2007,22,Benzene,6792,Odcombe,350400.0,115300.0,Novera Energy Europe Ltd,21,"Waste collection, treatment & disposal",0.00093603,Tonnes,England,O
2007,22,Benzene,6793,Offham NFFO 4,565200.0,157300.0,Waste Recycling Group,21,"Waste collection, treatment & disposal",0.001422482,Tonnes,England,O
2007,22,Benzene,6794,Offham (NFFO5),565200.0,157300.0,Waste Recycling Group,21,"Waste collection, treatment & disposal",0.001422482,Tonnes,England,O
2007,22,Benzene,6796,Parkwood Power Plant,434474.0,389148.0,Viridor Waste Disposal Ltd,21,"Waste collection, treatment & disposal",0.002447899,Tonnes,England,O
2007,22,Benzene,6797,Pen Y Bont,329100.0,340970.0,Shanks Waste Services Ltd,21,"Waste collection, treatment & disposal",0.003261923,Tonnes,Wales,O
2007,22,Benzene,6798,Risley 13 & 14,366769.0,393527.0,Biffa Waste Services Ltd,21,"Waste collection, treatment & disposal",0.003029334,Tonnes,England,O
2007,22,Benzene,6799,Rixton Gas to Energy (NFFO5),368449.0,389300.0,Biffa Waste Services Ltd,21,"Waste collection, treatment & disposal",0.012083298,Tonnes,England,O
2007,22,Benzene,6800,Scorton Landfill Site,379689.0,398023.0,Natural Power Ltd,21,"Waste collection, treatment & disposal",0.001611106,Tonnes,England,O
2007,22,Benzene,6801,Seghill Phase 2,429416.0,575997.0,Sita UK Ltd,21,"Waste collection, treatment & disposal",0.004447561,Tonnes,England,O
2007,22,Benzene,6802,Silent Valley Landfill,318250.0,206750.0,United Utilities Green Energy Ltd,21,"Waste collection, treatment & disposal",0.003758303,Tonnes,Wales,O
2007,22,Benzene,6803,Skelbrooke 2,451023.0,412056.0,Skelbrooke Energy Ltd,21,"Waste collection, treatment & disposal",0.002996715,Tonnes,England,O
2007,22,Benzene,6804,Southleigh Gas Engine Facility,473700.0,108100.0,Onyx UK Ltd,21,"Waste collection, treatment & disposal",0.00497656,Tonnes,England,O
2007,22,Benzene,6805,Stone Landfill,555778.0,174335.0,Summerleaze RE-Generation Ltd,21,"Waste collection, treatment & disposal",0.0008481,Tonnes,England,O
2007,22,Benzene,6806,Sutton Courtney NFFO 5,447427.0,194222.0,Waste Recycling Group Plc,21,"Waste collection, treatment & disposal",0.010303422,Tonnes,England,O
2007,22,Benzene,6807,United Mines 2 Landfill Gas Project,174466.0,41734.0,United Mines Energy Ltd,21,"Waste collection, treatment & disposal",0.004531237,Tonnes,England,O
2007,22,Benzene,6808,Wapsey's Wood Landfill Phase 3,497400.0,188500.0,Summerleaze Ltd,21,"Waste collection, treatment & disposal",0.002972605,Tonnes,England,O
2007,22,Benzene,6809,Waverley Wood II (NFFO),435709.0,271465.0,EDL Operations (LFG1) Ltd,21,"Waste collection, treatment & disposal",0.002003955,Tonnes,England,O
2007,22,Benzene,6810,"Whiteparish Landfill Site A,C,D",368449.0,389300.0,Biffa Waste Services Ltd,21,"Waste collection, treatment & disposal",0.001460774,Tonnes,England,O
2007,22,Benzene,6811,Wootton,475815.0,255679.0,Viridor Waste Exeter Ltd,21,"Waste collection, treatment & disposal",0.002836455,Tonnes,England,O
2007,22,Benzene,6812,Avondale Power Station,295200.0,677900.0,Shanks Avondale Ltd,21,"Waste collection, treatment & disposal",0.006523846,Tonnes,Scotland,O
2007,22,Benzene,6813,Barkip Landfill Site Electricity Generating Station,233600.0,650700.0,William Tracey Ltd,21,"Waste collection, treatment & disposal",0.001503321,Tonnes,Scotland,O
2007,22,Benzene,6814,"Binn Landfill Site - A,C",379689.0,398023.0,Natural Power Ltd,21,"Waste collection, treatment & disposal",0.003789504,Tonnes,England,O
2007,22,Benzene,6815,Garlaff Landfill Gas Project,254239.0,617604.0,Garlaff Energy Ltd,21,"Waste collection, treatment & disposal",0.004531237,Tonnes,Scotland,O
2007,22,Benzene,6816,Kaimes - SRO 3,313500.0,667100.0,Waste Recycling Group,21,"Waste collection, treatment & disposal",0.003687391,Tonnes,Scotland,O
2007,22,Benzene,6817,Lochhead,348495.0,750791.0,Natural Power Ltd,21,"Waste collection, treatment & disposal",0.001611106,Tonnes,Scotland,O
2007,22,Benzene,6818,Summerston 2 Landfill Site,258094.0,670991.0,Summerston Energy Ltd,21,"Waste collection, treatment & disposal",0.002978278,Tonnes,Scotland,O
2007,22,Benzene,6819,SRO Wellbank Gas to Energy,347521.0,737706.0,Biffa Waste Services Ltd,21,"Waste collection, treatment & disposal",0.001422482,Tonnes,Scotland,O
2007,22,Benzene,6820,Shewalton Landfill Site,233392.0,636696.0,Natural Power Ltd,21,"Waste collection, treatment & disposal",0.002603866,Tonnes,Scotland,O
2007,22,Benzene,6821,Alfreton Sewage Treatment Works,442100.0,357600.0,Severn Trent Water Ltd,20,Water & sewerage,0.000373687,Tonnes,England,O
2007,22,Benzene,6822,Barnhurst STW,389987.0,301609.0,Severn Trent Water Ltd,20,Water & sewerage,0.000598857,Tonnes,England,O
2007,22,Benzene,6823,Calder Vale*,433891.0,420199.0,Yorkshire Water,20,Water & sewerage,0.000169596,Tonnes,England,O
2007,22,Benzene,6824,Cambridge STW,548350.0,261540.0,Anglian Water Services Ltd,20,Water & sewerage,0.000327694,Tonnes,England,O
2007,22,Benzene,6825,Checkley STW,415202.0,283662.0,Severn Trent Water Ltd,20,Water & sewerage,0.000158098,Tonnes,England,O
2007,22,Benzene,6826,Claymills,426850.0,325514.0,Severn Trent Water Ltd,20,Water & sewerage,0.000801031,Tonnes,England,O
2007,22,Benzene,6827,Cog Moors CHP,332091.0,199127.0,United Utilities Operational Services,20,Water & sewerage,0.000373687,Tonnes,Wales,O
2007,22,Benzene,6828,Countess Wear STW CHP,295492.0,91708.0,South West Water Ltd,20,Water & sewerage,0.000632393,Tonnes,England,O
2007,22,Benzene,6829,Eign CHP,332091.0,199127.0,United Utilities Operational Services,20,Water & sewerage,0.000555739,Tonnes,Wales,O
2007,22,Benzene,6830,Finham2 STW,433600.0,273700.0,Severn Trent Water Ltd,20,Water & sewerage,0.002008326,Tonnes,England,O
2007,22,Benzene,6831,Great Billing STW CHP*,483280.0,261550.0,Anglian Water Services Ltd,20,Water & sewerage,0.000958171,Tonnes,England,O
2007,22,Benzene,6832,Hinckley STW,442349.0,293120.0,Severn Trent Water Ltd,20,Water & sewerage,0.000182052,Tonnes,England,O
2007,22,Benzene,6833,Kidderminster STW,381994.0,273997.0,Severn Trent Water Ltd,20,Water & sewerage,0.000373687,Tonnes,England,O
2007,22,Benzene,6834,Kilmington STW CHP,327305.0,97700.0,South West Water Ltd,20,Water & sewerage,0.000100608,Tonnes,England,O
2007,22,Benzene,6835,Llanfoist CHP at Llanfoist WTW,329260.0,213458.0,United Utilities Operational Services,20,Water & sewerage,0.000169596,Tonnes,Wales,O
2007,22,Benzene,6836,Loughborough STW,415202.0,283662.0,Severn Trent Water Ltd,20,Water & sewerage,0.000316196,Tonnes,England,O
2007,22,Benzene,6837,Lundwood WWTW,413525.0,428793.0,Yorkshire Water,20,Water & sewerage,0.000158098,Tonnes,England,O
2007,22,Benzene,6838,Mansfield STW Generating station,454275.0,361448.0,Severn Trent Water Ltd,20,Water & sewerage,0.00027787,Tonnes,England,O
2007,22,Benzene,6839,Mitchell Laithes WWTW,426100.0,419800.0,Yorkshire Water Services,20,Water & sewerage,0.000632393,Tonnes,England,O
2007,22,Benzene,6840,Monkmoor STW Generating Station,351698.0,313898.0,Severn Trent Water Ltd,20,Water & sewerage,9.58171e-05,Tonnes,England,O
2007,22,Benzene,6841,Naburn,460100.0,446899.0,Yorkshire Water,20,Water & sewerage,0.000114981,Tonnes,England,O
2007,22,Benzene,6842,"Narberth CHP at Narberth WWTW A,C,D",332091.0,199127.0,United Utilities Operational Services,20,Water & sewerage,0.000107315,Tonnes,Wales,O
2007,22,Benzene,6843,Newthorpe STW,447686.0,344810.0,Severn Trent Water Ltd,20,Water & sewerage,0.000373687,Tonnes,England,O
2007,22,Benzene,6844,Old Whittington,439164.0,374345.0,Yorkshire Water,20,Water & sewerage,0.000339193,Tonnes,England,O
2007,22,Benzene,6845,Penybont CHP WTW,332091.0,199127.0,United Utilities Operational Services,20,Water & sewerage,0.00033536,Tonnes,Wales,O
2007,22,Benzene,6846,"Poole STW CHP Generation - A,C,D",400959.0,93602.0,Wessex Water Services Ltd,20,Water & sewerage,0.001336649,Tonnes,England,O
2007,22,Benzene,6847,"Queensferry CHP A, C, D, E",332091.0,199127.0,United Utilities Operational Services,20,Water & sewerage,0.000182052,Tonnes,Wales,O
2007,22,Benzene,6848,Roundhill STW Generating Station,387300.0,283900.0,Severn Trent Water Ltd,20,Water & sewerage,0.001004163,Tonnes,England,O
2007,22,Benzene,6849,Sandall WWTW,460099.0,406100.0,Yorkshire Water,20,Water & sewerage,0.000316196,Tonnes,England,O
2007,22,Benzene,6850,Southern Water Canterbury CHP,617136.0,159890.0,Southern Water Services,20,Water & sewerage,0.000268288,Tonnes,England,O
2007,22,Benzene,6851,Southern Water Goddards Green CHP,528618.0,121303.0,Southern Water Services,20,Water & sewerage,0.00044555,Tonnes,England,O
2007,22,Benzene,6852,Southern Water East Worthing CHP,516892.0,103321.0,Southern Water Services,20,Water & sewerage,0.000344942,Tonnes,England,O
2007,22,Benzene,6853,Southern Water Queenborough CHP,590921.0,171147.0,Southern Water Services,20,Water & sewerage,0.000344942,Tonnes,England,O
2007,22,Benzene,6854,Spernal (Redditch) STW,408300.0,262600.0,Severn Trent Water Ltd,20,Water & sewerage,0.000598857,Tonnes,England,O
2007,22,Benzene,6855,Staveley WWTC,413525.0,428793.0,Yorkshire Water,20,Water & sewerage,0.00011019,Tonnes,England,O
2007,22,Benzene,6856,Strongford STW,415202.0,283662.0,Severn Trent Water Ltd,20,Water & sewerage,0.002008326,Tonnes,England,O
2007,22,Benzene,6857,Sutton WWTC,413525.0,428793.0,Yorkshire Water,20,Water & sewerage,8.14445e-05,Tonnes,England,O
2007,22,Benzene,6858,Taunton,328616.0,124689.0,Wessex Water Services Ltd,20,Water & sewerage,0.000162889,Tonnes,England,O
2007,22,Benzene,6859,Totnes STW CHP,280600.0,60800.0,South West Water Ltd,20,Water & sewerage,0.000100608,Tonnes,England,O
2007,22,Benzene,6860,Toton STW,451376.0,334039.0,Severn Trent Water Ltd,20,Water & sewerage,0.00027787,Tonnes,England,O
2007,22,Benzene,6861,Trowbridge STW,385142.0,158535.0,Wessex Water Services Ltd,20,Water & sewerage,8.14445e-05,Tonnes,England,O
2007,22,Benzene,6862,"Woodhouse WWTW  -  A, C, D",443351.0,385867.0,Yorkshire Water,20,Water & sewerage,0.000339193,Tonnes,England,O
2007,22,Benzene,6863,Wombwell WWTW,440945.0,403520.0,Yorkshire Water,20,Water & sewerage,0.00011019,Tonnes,England,O
2007,22,Benzene,6864,Nigg Bay WWTW,396500.0,803400.0,Grampian Waste Water Services,20,Water & sewerage,0.00096392,Tonnes,Scotland,O
2007,22,Benzene,6865,Bolam No.2 Landfill Gas Project,419885.0,522438.0,Bolam Energy Ltd,21,"Waste collection, treatment & disposal",0.001510412,Tonnes,England,O
2007,22,Benzene,6866,Woodley Landfill,478880.0,173470.0,Summerleaze Ltd,21,"Waste collection, treatment & disposal",0.000202807,Tonnes,England,O
2007,22,Benzene,6867,Maple Lodge STW,504200.0,192000.0,Thames Water Utilities Plc,20,Water & sewerage,0.002759533,Tonnes,England,O
2007,22,Benzene,6991,Marchwood,439600.0,111100.0,Onyx Hampshire Ltd,21,"Waste collection, treatment & disposal",0.347656781210518,Tonnes,England,M
2007,22,Benzene,6998,Teesside,456413.0,525659.0,Corus UK Ltd,13,Iron & steel industries,59.422883677,Tonnes,England,M
2007,22,Benzene,7013,Padeswood,329080.0,362510.0,Castle Cement Ltd,11,Cement,5.25,Tonnes,Wales,O
2007,22,Benzene,7015,Whitwell,453540.0,375160.0,Lafarge Lime Ltd,12,Lime,0.43161865569273,Tonnes,England,M
2007,22,Benzene,7024,Chwilog,240440.0,339100.0,South Caernarfon Creameries Ltd,5,"Food, drink & tobacco industry",0.2,Tonnes,Wales,O
2007,22,Benzene,7026,Northfleet,562500.0,174400.0,Blue Circle Industries Plc,11,Cement,4.21,Tonnes,England,M
2007,22,Benzene,7028,Wilton,456500.0,521200.0,Invista (UK) Ltd,10,Chemical industry,3.3,Tonnes,England,O
2007,22,Benzene,7033,Wilton,457670.0,521680.0,Advansa (UK) Ltd,10,Chemical industry,65.0,Tonnes,England,O
2007,22,Benzene,7046,Hythe,443440.0,105860.0,Cognis Performance Chemicals UK Ltd,10,Chemical industry,0.03425,Tonnes,England,M
2007,22,Benzene,7048,Newport,333390.0,185760.0,Solutia UK Ltd,10,Chemical industry,2.0,Tonnes,Wales,O
2007,22,Benzene,7050,Mansfield,456670.0,361800.0,Toray Textiles Europe Ltd,6,"Textiles, clothing, leather & footwear",0.199948012980062,Tonnes,England,O
2007,22,Benzene,7054,Widnes,350540.0,384360.0,Tessenderlo UK Ltd,10,Chemical industry,0.02,Tonnes,England,M
2007,22,Benzene,7060,Wilton,457000.0,522300.0,Huntsman Polyurethanes (UK) Ltd,10,Chemical industry,11.51,Tonnes,England,O
2007,22,Benzene,7067,Stallingborough,523010.0,413550.0,Newlincs Development Ltd,21,"Waste collection, treatment & disposal",0.0941165173754028,Tonnes,England,M
2007,22,Benzene,7068,Oldbury,399500.0,288800.0,BIP Ltd,10,Chemical industry,0.2,Tonnes,England,M
2007,22,Benzene,7078,Seal Sands,452620.0,524010.0,BASF Plc,10,Chemical industry,0.02,Tonnes,England,M
2007,22,Benzene,7080,Morecambe,345330.0,462760.0,Lancaster Synthesis Ltd,10,Chemical industry,0.2,Tonnes,England,M
2007,22,Benzene,7085,Port Clarence,452700.0,523000.0,Huntsman Petrochemicals (UK) Ltd,10,Chemical industry,70.0,Tonnes,England,O
2007,22,Benzene,7385,Uddingston,267200.0,662100.0,SMW Ltd,2,Other fuel production,0.2,Tonnes,Scotland,O
2007,22,Benzene,7452,Bellshill,273301.0,660470.0,Calcarb Ltd,10,Chemical industry,0.0216,Tonnes,Scotland,M
2007,22,Benzene,7465,Aldeby NFFO 5,646230.0,293242.0,Waste Recycling Group Ltd,21,"Waste collection, treatment & disposal",0.003020824,Tonnes,England,O
2007,22,Benzene,7466,Arlesey Phase 3,518874.0,235826.0,Waste Recycling Group Ltd,21,"Waste collection, treatment & disposal",0.003261923,Tonnes,England,O
2007,22,Benzene,7467,Aveley Phase 2 Generation,555763.0,180717.0,Waste Recycling Group Ltd,21,"Waste collection, treatment & disposal",0.003017988,Tonnes,England,O
2007,22,Benzene,7468,Bennett Bank Generation,321600.0,474400.0,Waste Recycling Group Ltd,21,"Waste collection, treatment & disposal",0.003063371,Tonnes,England,O
2007,22,Benzene,7469,Berwick Farm Power Station,355735.0,181166.0,Berwick Farm Power Ltd,21,"Waste collection, treatment & disposal",0.000886392,Tonnes,England,O
2007,22,Benzene,7470,Broadpath Power Plant,568177.0,158017.0,Viridor Waste Management Ltd,26,Minor power producers,0.004254682,Tonnes,England,O
2007,22,Benzene,7471,Burnhills Power,379689.0,398023.0,EnerG Natural Power Ltd,21,"Waste collection, treatment & disposal",0.002737179,Tonnes,England,O
2007,22,Benzene,7472,Carlton Forest Generation - A,460786.0,383001.0,Waste Recycling Group Ltd,21,"Waste collection, treatment & disposal",0.000468015,Tonnes,England,O
2007,22,Benzene,7473,Carnaby Generation,515100.0,465070.0,Waste Recycling Group Ltd,21,"Waste collection, treatment & disposal",0.001999701,Tonnes,England,O
2007,22,Benzene,7474,Catwick Grange Generation,511391.0,445291.0,Waste Recycling Group Ltd,21,"Waste collection, treatment & disposal",0.00093603,Tonnes,England,O
2007,22,Benzene,7475,Clifton Marsh Power,346094.0,429292.0,Natural Power Ltd,21,"Waste collection, treatment & disposal",0.00540061,Tonnes,England,O
2007,22,Benzene,7476,Daneshill 2,361200.0,386500.0,Novera Energy Generation No. 2 Ltd,21,"Waste collection, treatment & disposal",0.002908784,Tonnes,England,O
2007,22,Benzene,7477,Dix Pit Generation,440505.0,205350.0,Waste Recycling Group Ltd,21,"Waste collection, treatment & disposal",0.003017988,Tonnes,England,O
2007,22,Benzene,7478,Dogsthorpe 2 Generation,520136.0,302064.0,Waste Recycling Group Ltd,21,"Waste collection, treatment & disposal",0.004743971,Tonnes,England,O
2007,22,Benzene,7481,Fair Oak Generation Scheme,488600.0,180810.0,Sita UK Ltd,26,Minor power producers,0.003261923,Tonnes,England,O
2007,22,Benzene,7482,Gainsborough Generation,481800.0,388600.0,Waste Recycling Group Ltd,21,"Waste collection, treatment & disposal",0.000468015,Tonnes,England,O
2007,22,Benzene,7483,Gallymoor,482270.0,439162.0,Waste Recycling Group Ltd,21,"Waste collection, treatment & disposal",0.001978427,Tonnes,England,O
2007,22,Benzene,7484,Gunty Fen,550443.0,278332.0,Waste Recycling Group Ltd,21,"Waste collection, treatment & disposal",0.00093603,Tonnes,England,O
2007,22,Benzene,7485,Kennett Generation,570190.0,268590.0,Waste Recycling Group Ltd,21,"Waste collection, treatment & disposal",0.00093603,Tonnes,England,O
2007,22,Benzene,7486,Kirkby on Bain,524006.0,361916.0,Waste Recycling Group Ltd,21,"Waste collection, treatment & disposal",0.000468015,Tonnes,England,O
2007,22,Benzene,7487,Kirkless Generation,361230.0,405672.0,Waste Recycling Group Ltd,21,"Waste collection, treatment & disposal",0.003017988,Tonnes,England,O
2007,22,Benzene,7488,Leadenham Generation,495957.0,352131.0,Waste Recycling Group Ltd,21,"Waste collection, treatment & disposal",0.001510412,Tonnes,England,O
2007,22,Benzene,7489,Levitt Hagg Generation,454180.0,400601.0,Waste Recycling Group Ltd,21,"Waste collection, treatment & disposal",0.001510412,Tonnes,England,O
2007,22,Benzene,7490,"Long Lane - A,C",451300.0,414700.0,Waste Recycling Group Ltd,21,"Waste collection, treatment & disposal",0.001971336,Tonnes,England,O
2007,22,Benzene,7491,Lord St Helens Power,351265.0,391910.0,Natural Power Ltd,21,"Waste collection, treatment & disposal",0.004833319,Tonnes,England,O
2007,22,Benzene,7492,Lyme and Wood Power Plant,357174.0,396926.0,Lyme & Wood Power Ltd,21,"Waste collection, treatment & disposal",0.00442487,Tonnes,England,O
2007,22,Benzene,7493,Middlemarsh Generation,552600.0,364100.0,Waste Recycling Group Ltd,21,"Waste collection, treatment & disposal",0.00093603,Tonnes,England,O
2007,22,Benzene,7494,Norwood Farm Generation,596749.0,171521.0,Waste Recycling Group Ltd,21,"Waste collection, treatment & disposal",0.000468015,Tonnes,England,O
2007,22,Benzene,7495,Pitsea Methane Conversion Plant,574175.0,185310.0,EDL Opertations (Pitsea) Ltd,21,"Waste collection, treatment & disposal",0.017215863,Tonnes,England,O
2007,22,Benzene,7496,Poole Generation Plant,515314.0,188283.0,EDL Generation Ltd,21,"Waste collection, treatment & disposal",0.001978427,Tonnes,England,O
2007,22,Benzene,7497,Pwllfawatkin Generation,269418.0,208993.0,Waste Recycling Group Ltd,21,"Waste collection, treatment & disposal",0.004595057,Tonnes,Wales,O
2007,22,Benzene,7498,Runfold Landfill,486747.0,147429.0,Novera Energy Generation No. 2 Ltd,21,"Waste collection, treatment & disposal",0.001426737,Tonnes,England,O
2007,22,Benzene,7499,Salt Ayre Power,345800.0,462500.0,EnerG Natural Power Ltd,21,"Waste collection, treatment & disposal",0.001611106,Tonnes,England,O
2007,22,Benzene,7500,Scabba Wood,476734.0,258481.0,Waste Recycling Group Ltd,21,"Waste collection, treatment & disposal",0.00401642,Tonnes,England,O
2007,22,Benzene,7501,Smallmead Farm (Burghfield),470514.0,170922.0,Gengas Ltd,21,"Waste collection, treatment & disposal",0.00446458,Tonnes,England,O
2007,22,Benzene,7502,Snetterton Energy RO - A (15/4/5),601076.0,290035.0,Snetterton Energy RO,21,"Waste collection, treatment & disposal",0.001510412,Tonnes,England,O
2007,22,Benzene,7503,Somersham Power,379689.0,398023.0,EnerG Natural Power Ltd,21,"Waste collection, treatment & disposal",0.000531835,Tonnes,England,O
2007,22,Benzene,7504,Squabb Wood Power Plant,432070.0,121900.0,Viridor Waste Disposal Ltd,21,"Waste collection, treatment & disposal",0.000709114,Tonnes,England,O
2007,22,Benzene,7505,Staveley Generation (WRG) - A,443461.0,374946.0,Waste Recycling Group Ltd,21,"Waste collection, treatment & disposal",0.003017988,Tonnes,England,O
2007,22,Benzene,7506,Sutton Wick Renewable Energy,448684.0,195126.0,Renewable Power Systems,21,"Waste collection, treatment & disposal",0.000709114,Tonnes,England,O
2007,22,Benzene,7507,Taddington Generation,406500.0,371100.0,Waste Recycling Group Ltd,21,"Waste collection, treatment & disposal",0.000468015,Tonnes,England,O
2007,22,Benzene,7508,Walpole Landfill Phase 2,330700.0,141600.0,Summerleaze Re-Generation Ltd,21,"Waste collection, treatment & disposal",0.001170038,Tonnes,England,O
2007,22,Benzene,7509,Waresley Landfill,385475.0,270246.0,Biffa Waste Services Ltd,21,"Waste collection, treatment & disposal",0.002351421,Tonnes,England,O
2007,22,Benzene,7510,"Westmill Gas To Energy - A,C,D",533839.0,215859.0,Biffa Waste Services Ltd,21,"Waste collection, treatment & disposal",0.003400909,Tonnes,England,O
2007,22,Benzene,7511,Auchencarroch No.2 Landfill Site,239709.0,680686.0,Auchencarroch Energy Ltd,21,"Waste collection, treatment & disposal",0.002996715,Tonnes,Scotland,O
2007,22,Benzene,7512,Cathkin RO Generation,263100.0,657700.0,Cathkin Energy Ltd,21,"Waste collection, treatment & disposal",0.007468386,Tonnes,Scotland,O
2007,22,Benzene,7513,Dunbar Power Plant,370237.0,675604.0,Viridor Waste Disposal Ltd,21,"Waste collection, treatment & disposal",0.004963796,Tonnes,Scotland,O
2007,22,Benzene,7514,Stoneyhill RO Generation,408013.0,841394.0,Stoneyhill Energy Ltd,21,"Waste collection, treatment & disposal",0.006041649,Tonnes,Scotland,O
2007,22,Benzene,7515,Wester Hatton,394595.0,815993.0,Waste Recycling Group Ltd,21,"Waste collection, treatment & disposal",0.000468015,Tonnes,Scotland,O
2007,22,Benzene,7516,Banbury,454133.0,201617.0,Thames Water Utilities Ltd,20,Water & sewerage,0.000182052,Tonnes,England,O
2007,22,Benzene,7517,Brancote Sewage Treatment Works,396438.0,322820.0,Severn Trent Water Ltd,20,Water & sewerage,0.000182052,Tonnes,England,O
2007,22,Benzene,7518,Colchester Sewage Treatment Works,601707.0,224045.0,Anglian Water Services Ltd,20,Water & sewerage,0.000327694,Tonnes,England,O
2007,22,Benzene,7519,Cotton Valley Sewage Treatment Works,488534.0,240559.0,Anglian Water Services Ltd,20,Water & sewerage,0.000731085,Tonnes,England,O
2007,22,Benzene,7520,Derby Island Sewage Treatment Works,438929.0,335213.0,Severn Trent Water Ltd,20,Water & sewerage,0.001078901,Tonnes,England,O
2007,22,Benzene,7521,"Dunstable STW Micro CHP Plant - A,C,D,E",500300.0,224400.0,Anglian Water Services Ltd,20,Water & sewerage,0.000100608,Tonnes,England,O
2007,22,Benzene,7522,Hartshill Sewage Treatment Works,433221.0,295448.0,Severn Trent Water Ltd,20,Water & sewerage,0.000182052,Tonnes,England,O
2007,22,Benzene,7523,Hayden Sewage Treatment Works,415202.0,283662.0,Severn Trent Water Ltd,20,Water & sewerage,0.000373687,Tonnes,England,O
2007,22,Benzene,7524,Melton Mowbray Sewage Treatment Works,473876.0,319148.0,Severn Trent Water Ltd,20,Water & sewerage,0.00027787,Tonnes,England,O
2007,22,Benzene,7525,Netheridge 2 Sewage Treatment Works,381500.0,215500.0,Severn Trent Water Ltd,20,Water & sewerage,0.000598857,Tonnes,England,O
2007,22,Benzene,7526,Retford Sewage Treatment Works,469851.0,382650.0,Severn Trent Water Ltd,20,Water & sewerage,0.000182052,Tonnes,England,O
2007,22,Benzene,7527,Rugby Sewage Treatment Works,449600.0,276100.0,Severn Trent Water Ltd,20,Water & sewerage,0.000182052,Tonnes,England,O
2007,22,Benzene,7528,Rushmoor 2 Sewage Treatment Works,361626.0,313269.0,Severn Trent Water Ltd,20,Water & sewerage,0.00027787,Tonnes,England,O
2007,22,Benzene,7529,Stroud Sewage Treatment Works,379500.0,204100.0,Severn Trent Water Ltd,20,Water & sewerage,0.000182052,Tonnes,England,O
2007,22,Benzene,7530,Worcester Sewage Treatment Works,415202.0,283662.0,Severn Trent Water Ltd,20,Water & sewerage,0.000598857,Tonnes,England,O
2007,22,Benzene,7561,Wirral,334700.0,384400.0,Unichema Chemical Ltd,10,Chemical industry,1.1,Tonnes,England,O
2007,22,Benzene,7570,Wrexham,338600.0,349750.0,Sterile Technologies (Newcastle) Ltd,21,"Waste collection, treatment & disposal",0.161549993424802,Tonnes,Wales,M
2007,22,Benzene,7572,Portsmouth,466700.0,102900.0,Veolia ES Hampshire Ltd,21,"Waste collection, treatment & disposal",0.34430871049961,Tonnes,England,M
2007,22,Benzene,7578,Morecambe,341500.0,459640.0,Solvent Resource Management Ltd,21,"Waste collection, treatment & disposal",0.02,Tonnes,England,M
2007,22,Benzene,7583,Runcorn,350200.0,380500.0,Ineos Vinyls UK Ltd,10,Chemical industry,0.2,Tonnes,England,M
2007,22,Benzene,7601,Rogerstone,325030.0,189480.0,RHM Group Ltd,5,"Food, drink & tobacco industry",0.2,Tonnes,Wales,O
2007,22,Benzene,7603,Dinnington,450800.0,386410.0,Safetykleen UK Ltd,21,"Waste collection, treatment & disposal",0.164,Tonnes,England,M
2007,22,Benzene,7612,Bolton,372800.0,407500.0,Greater Manchester Waste Ltd,21,"Waste collection, treatment & disposal",0.165201106195757,Tonnes,England,M
2007,22,Benzene,7625,Staveley,442500.0,375400.0,Mallinckrodt Chemical Ltd,10,Chemical industry,0.02,Tonnes,England,M
2007,22,Benzene,7644,Scunthorpe,490825.0,412047.0,Koppers UK Ltd,10,Chemical industry,0.1744,Tonnes,England,O
2007,22,Benzene,7664,Port Clarence,451200.0,521300.0,Koppers UK Ltd,10,Chemical industry,2.051,Tonnes,England,O
2007,22,Benzene,7725,Widnes,347000.0,384700.0,Pentagon Fine Chemicals Ltd,10,Chemical industry,0.02,Tonnes,England,M
2007,22,Benzene,7730,Nottingham,458027.0,338916.0,White Rose Environmental Ltd,21,"Waste collection, treatment & disposal",0.155329855783983,Tonnes,England,M
2007,22,Benzene,7742,Ipswich,619230.0,245000.0,White Rose Environmental Ltd,21,"Waste collection, treatment & disposal",0.207723666330601,Tonnes,England,M
2007,22,Benzene,7746,Alexandra Hospital,406090.0,264620.0,Medical Energy (Worcestershire) Ltd,21,"Waste collection, treatment & disposal",0.242411782755446,Tonnes,England,M
2007,22,Benzene,7750,Hillingdon Hospital,506900.0,182060.0,Clinical Energy Ltd,21,"Waste collection, treatment & disposal",0.214985315390348,Tonnes,England,M
2007,22,Benzene,7773,William Harvey Hospital,604000.0,142100.0,White Rose Environmental Ltd,21,"Waste collection, treatment & disposal",0.204396615964582,Tonnes,England,M
2007,22,Benzene,7784,Knottingley,451200.0,423800.0,Solvent Resource Management Ltd,21,"Waste collection, treatment & disposal",0.2,Tonnes,England,M
2007,22,Benzene,7788,Crossness STW,548200.0,180700.0,RWE Thames Water Plc,20,Water & sewerage,1.58235017349614,Tonnes,England,M
2007,22,Benzene,7790,Billingham,448000.0,522500.0,Sita Tees Valley Ltd,21,"Waste collection, treatment & disposal",0.390249685285479,Tonnes,England,M
2007,22,Benzene,7791,Knostrop STW,432560.0,431600.0,Yorkshire Water Services Ltd,20,Water & sewerage,1.21976842720603,Tonnes,England,M
2007,22,Benzene,7793,Brimsdown,536700.0,196500.0,Johnson Matthey Plc,14,Non-ferrous metal industries,0.02,Tonnes,England,M
2007,22,Benzene,7796,Brighouse STW,417840.0,420660.0,Yorkshire Water Services Ltd,20,Water & sewerage,0.735717229387997,Tonnes,England,M
2007,22,Benzene,7797,Derriford Hospital,249920.0,59560.0,Viridor Waste Management Ltd,21,"Waste collection, treatment & disposal",0.0994643405076053,Tonnes,England,M
2007,22,Benzene,7798,Blackburn Meadows STW,439600.0,391600.0,Yorkshire Water Services Ltd,20,Water & sewerage,0.530274535471307,Tonnes,England,M
2007,22,Benzene,7803,Tyseley,410740.0,284620.0,Tyseley Waste Disposal Ltd,21,"Waste collection, treatment & disposal",1.908375,Tonnes,England,O
2007,22,Benzene,7807,Edmonton,535800.0,192600.0,London Waste Ltd,21,"Waste collection, treatment & disposal",0.971001002076754,Tonnes,England,M
2007,22,Benzene,7818,Royal Oldham Hospital,392000.0,406300.0,White Rose Environmental Ltd,24,Public administration,0.16762547670188,Tonnes,England,M
2007,22,Benzene,7820,Esholt STW,418750.0,439550.0,Yorkshire Water Services Ltd,20,Water & sewerage,0.604455127841325,Tonnes,England,M
2007,22,Benzene,7822,Beckton STW,544918.0,182031.0,RWE Thames Water Plc,20,Water & sewerage,3.00837312052715,Tonnes,England,M
2007,22,Benzene,7848,Dunbar,370240.0,675640.0,Blue Circle Industries Plc,11,Cement,8.59,Tonnes,Scotland,O
2007,22,Benzene,7849,Wissington,566350.0,297650.0,British Sugar Plc,5,"Food, drink & tobacco industry",0.123319615912209,Tonnes,England,M
2007,22,Benzene,7853,Allscott,360190.0,312800.0,British Sugar Plc,5,"Food, drink & tobacco industry",0.00222988894526185,Tonnes,England,M
2007,22,Benzene,7925,Eastham,337120.0,379840.0,Eastham Refinery Ltd,9,Processing & distribution of petroleum products,0.077269637,Tonnes,England,M
2007,22,Benzene,7927,Coventry,434700.0,277670.0,The Coventry & Solihull Waste Disposal Co Ltd,21,"Waste collection, treatment & disposal",0.440107770468298,Tonnes,England,M
2007,22,Benzene,7928,Dudley,394470.0,289030.0,MES Environmental Ltd,21,"Waste collection, treatment & disposal",0.17914541424977,Tonnes,England,M
2007,22,Benzene,7929,Wolverhampton,391660.0,299990.0,MES Environmental Ltd,21,"Waste collection, treatment & disposal",0.197284735803221,Tonnes,England,M
2007,22,Benzene,7930,Stoke,387830.0,343410.0,MES Environmental Ltd,21,"Waste collection, treatment & disposal",0.312109760557102,Tonnes,England,M
2007,22,Benzene,7932,SELCHP,535740.0,178090.0,South East London Combined Heat & Power Ltd,21,"Waste collection, treatment & disposal",0.807000361663847,Tonnes,England,M
2007,22,Benzene,7933,Nottingham,458210.0,339080.0,Wastenotts (Reclamation) Ltd,21,"Waste collection, treatment & disposal",0.295167123791909,Tonnes,England,M
2007,22,Benzene,7965,Bury St Edmunds,586230.0,265230.0,British Sugar Plc,5,"Food, drink & tobacco industry",0.086323731138546,Tonnes,England,M
2007,22,Benzene,7967,Newark,479300.0,355200.0,British Sugar Plc,5,"Food, drink & tobacco industry",0.0554938271604938,Tonnes,England,M
2007,22,Benzene,7968,York,457630.0,453060.0,British Sugar Plc,5,"Food, drink & tobacco industry",0.071329417291467,Tonnes,England,M
2007,22,Benzene,7969,Burton Brewery,424670.0,323310.0,Coors Brewers Ltd,5,"Food, drink & tobacco industry",0.2,Tonnes,England,O
2007,22,Benzene,7977,Wisbech,546120.0,316180.0,National Grid Gas Plc,19,Processing & distribution of natural gas,0.2,Tonnes,England,O
2007,22,Benzene,7978,Stonely,511530.0,269400.0,National Grid Gas Plc,19,Processing & distribution of natural gas,0.2,Tonnes,England,O
2007,22,Benzene,7982,Hatton,517524.0,376221.0,National Grid Gas Plc,19,Processing & distribution of natural gas,0.2,Tonnes,England,O
2007,22,Benzene,7983,Peterborough,515570.0,304416.0,National Grid Gas Plc,19,Processing & distribution of natural gas,0.2,Tonnes,England,O
2007,22,Benzene,7985,Alrewas,415300.0,315600.0,National Grid Gas Plc,19,Processing & distribution of natural gas,0.2,Tonnes,England,O
2007,22,Benzene,9032,Cowdenbeath,318632.0,689985.0,Shell UK Ltd,19,Processing & distribution of natural gas,2.43406339871001,Tonnes,Scotland,O
2007,22,Benzene,9047,Flotta Oil Terminal,335000.0,995000.0,Talisman Energy (UK) Ltd,3,Oil & gas exploration and production,1.1592678,Tonnes,Scotland,O
2007,22,Benzene,9103,Burton Latimar,488910.0,274850.0,Weetabix Ltd,5,"Food, drink & tobacco industry",0.2,Tonnes,England,O
2007,22,Benzene,9107,Duxford,548550.0,244820.0,National Grid Transco,19,Processing & distribution of natural gas,0.2,Tonnes,England,O
2007,22,Benzene,9108,Churchover,449000.0,279900.0,National Grid Plc,19,Processing & distribution of natural gas,0.2,Tonnes,England,O
2007,22,Benzene,9109,Aylesbury,471500.0,218494.0,National Grid Gas Plc,19,Processing & distribution of natural gas,0.2,Tonnes,England,O
2007,22,Benzene,9120,Hendon Dock,441300.0,556800.0,Solvent Resource Management Ltd,10,Chemical industry,0.2,Tonnes,England,M
2007,22,Benzene,9122,Huddersfield,416500.0,418500.0,Syngenta Ltd,10,Chemical industry,0.128,Tonnes,England,M
2007,22,Benzene,9123,Leek,397490.0,357000.0,Tessenderlo Fine Chemicals Ltd,10,Chemical industry,0.2,Tonnes,England,M
2007,22,Benzene,9144,Immingham,519450.0,415100.0,Knauf UK GmbH,4,Other mineral industries,0.199948012980062,Tonnes,England,O
2007,22,Benzene,9145,Sittingbourne,591800.0,167650.0,Knauf UK GmbH,4,Other mineral industries,0.199948012980062,Tonnes,England,O
2007,22,Benzene,9150,Huddersfield,414540.0,416860.0,NPIL Pharmaceuticals (UK) Ltd,10,Chemical industry,0.02,Tonnes,England,M
2007,22,Benzene,9219,Avonmouth,352430.0,180530.0,Chemical Recoveries Ltd,20,Water & sewerage,0.02,Tonnes,England,M
2007,22,Benzene,9220,Dudley,425980.0,574280.0,Shasun Pharma Solutions  Ltd,10,Chemical industry,0.131535,Tonnes,England,M
2007,22,Benzene,9243,Royal Forest Factory,357290.0,209940.0,Smithkline Beecham Plc,5,"Food, drink & tobacco industry",0.2,Tonnes,England,O
2007,22,Benzene,9246,Sheffield,436700.0,387700.0,Veolia ES Sheffield Ltd,21,"Waste collection, treatment & disposal",0.371219939505694,Tonnes,England,M
2007,22,Benzene,9253,Hatfield Peverel,578740.0,211980.0,Arla Foods Ltd,5,"Food, drink & tobacco industry",0.2,Tonnes,England,O
2007,22,Benzene,9254,Oakthorpe Dairy,532041.0,192376.0,Arla Foods Ltd,5,"Food, drink & tobacco industry",0.2,Tonnes,England,O
2007,22,Benzene,9258,Chirk,328600.0,337993.0,Cadbury Ltd,5,"Food, drink & tobacco industry",0.02,Tonnes,Wales,M
2007,22,Benzene,9291,Severnside Dairy,379600.0,205800.0,Dairy Crest Ltd,5,"Food, drink & tobacco industry",0.2,Tonnes,England,O
2007,22,Benzene,9299,Allington Quarry,573800.0,157800.0,Kent Enviropower Ltd,21,"Waste collection, treatment & disposal",0.199821783174219,Tonnes,England,M
2007,22,Benzene,9308,Shell Green,353430.0,386120.0,United Utilities Water Plc,20,Water & sewerage,1.16730417788278,Tonnes,England,M
2007,22,Benzene,9316,Sunderland,432950.0,557720.0,Johnson Controls Automotive (UK) Ltd,17,Vehicles,0.2,Tonnes,England,M
2007,22,Benzene,9320,Middlesbrough,450450.0,520370.0,Haltermann Ltd,10,Chemical industry,0.02,Tonnes,England,M
2007,22,Benzene,9327,Broad Oak Works,376700.0,427900.0,Caligen Foam Ltd,7,Other industries,0.2,Tonnes,England,M
2007,22,Benzene,9329,Ribbleton,357530.0,431850.0,Veolia ES Cleanaway (UK) Ltd,21,"Waste collection, treatment & disposal",0.2,Tonnes,England,M
2007,22,Benzene,9337,Manor Park,471980.0,139310.0,Coors Brewers Ltd,5,"Food, drink & tobacco industry",0.2,Tonnes,England,O
2007,22,Benzene,9363,Barry,313740.0,168200.0,Npower Cogen Ltd,19,Processing & distribution of natural gas,0.2,Tonnes,Wales,O
2007,22,Benzene,9421,Ponders End,536100.0,195300.0,Aesica Pharmaceutical Ltd,10,Chemical industry,0.302175,Tonnes,England,M
2007,22,Benzene,9451,Coleshill,419250.0,291200.0,Severn Trent Plc,20,Water & sewerage,0.786831679127433,Tonnes,England,M
2007,22,Benzene,9463,Temple Hill,554320.0,175140.0,Glaxosmithkline Plc,10,Chemical industry,0.02,Tonnes,England,M
2007,22,Benzene,9468,Gillingham,380770.0,125890.0,Sigma Aldrich Co Ltd,10,Chemical industry,0.2,Tonnes,England,M
2007,22,Benzene,9471,Royal Bournemouth Hospital,412760.0,94220.0,White Rose Environmental Ltd,24,Public administration,0.188339981589445,Tonnes,England,M
2007,22,Benzene,9476,Stevenage,524200.0,222100.0,Glaxosmithkline Research & Development Ltd,23,Commercial,0.2,Tonnes,England,M
2007,22,Benzene,9490,Siddick,300470.0,531180.0,Eastman Chemical Workington Ltd,10,Chemical industry,0.02,Tonnes,England,M
2007,22,Benzene,9504,Queen Mary's Hospital,546400.0,171100.0,White Rose Environmental Ltd,21,"Waste collection, treatment & disposal",0.178763862709858,Tonnes,England,M
2007,22,Benzene,9552,Wollaston,490970.0,263110.0,Scott Bader Co Ltd,10,Chemical industry,0.2,Tonnes,England,M
2007,22,Benzene,9575,Knostrop,432531.0,431673.0,White Rose Environmental Ltd,21,"Waste collection, treatment & disposal",0.418542936045237,Tonnes,England,M
2007,22,Benzene,9579,New Cross Hospital,393520.0,300420.0,The Royal Wolverhampton Hospitals NHS Trust,24,Public administration,0.0382466137728488,Tonnes,England,M
2007,22,Benzene,9583,Liskeard,226800.0,65000.0,Peake (GB) Ltd,21,"Waste collection, treatment & disposal",0.110863104370315,Tonnes,England,M
2007,22,Benzene,9586,Bolton General Hospital,371610.0,406450.0,White Rose Environmental Ltd,23,Commercial,0.160768859860606,Tonnes,England,M
2007,22,Benzene,9663,Bredisholm Refinery,270392.0,662423.0,OSS Group Ltd,21,"Waste collection, treatment & disposal",0.2,Tonnes,Scotland,M
2007,22,Benzene,9764,Stowmarket,606080.0,257350.0,PPG Industries (UK) Ltd,10,Chemical industry,0.2,Tonnes,England,M
2007,22,Benzene,9770,Apsley Farm Renewable Energy,442200.0,148270.0,Renewable Power Systems,21,"Waste collection, treatment & disposal",0.000921848,Tonnes,England,O
2007,22,Benzene,9771,Alne Materials Recycling Facility,452300.0,466300.0,A R Eyers Generation,21,"Waste collection, treatment & disposal",0.00019202,Tonnes,England,O
2007,22,Benzene,9772,Bears Pit Landfill Site,588201.0,245800.0,Landfill Systems,21,"Waste collection, treatment & disposal",0.000112195,Tonnes,England,O
2007,22,Benzene,9773,Blackborough End (2),565400.0,208500.0,Adrian Robinson,21,"Waste collection, treatment & disposal",0.001486302,Tonnes,England,O
2007,22,Benzene,9774,Bletchley Power Station 2 *,481566.0,227590.0,Infinis Ltd,21,"Waste collection, treatment & disposal",0.003413945,Tonnes,England,O
2007,22,Benzene,9775,Brittons Hall Farm,565400.0,208500.0,Novera Energy Generation No2 Ltd,21,"Waste collection, treatment & disposal",0.001779875,Tonnes,England,O
2007,22,Benzene,9776,Brogborough Phase V,496703.0,237836.0,Infinis Ltd,21,"Waste collection, treatment & disposal",0.006434479,Tonnes,England,O
2007,22,Benzene,9777,Burnhills Power NFFO 5,415591.0,560800.0,Viridis Energy (Norgen) Ltd,21,"Waste collection, treatment & disposal",0.006294093,Tonnes,England,O
2007,22,Benzene,9778,Capel,517500.0,138600.0,Sita UK Ltd,21,"Waste collection, treatment & disposal",0.001460774,Tonnes,England,O
2007,22,Benzene,9779,Cilgwyn RO Generation,249571.0,353963.0,Cilgwyn Energy Ltd,21,"Waste collection, treatment & disposal",0.001510412,Tonnes,Wales,O
2007,22,Benzene,9780,Colnbrook Gas to Energy,501856.0,177803.0,Biffa Waste Services Ltd,21,"Waste collection, treatment & disposal",0.003222213,Tonnes,England,O
2007,22,Benzene,9781,Cotesbach RO Generation,454450.0,280700.0,CLP Envirogas,21,"Waste collection, treatment & disposal",0.000380707,Tonnes,England,O
2007,22,Benzene,9782,Cranford Generation Scheme,493440.0,276320.0,Sita UK Ltd,21,"Waste collection, treatment & disposal",0.001611106,Tonnes,England,O
2007,22,Benzene,9783,Erin Power Plant,444800.0,371700.0,Viridor Waste Exeter Ltd,21,"Waste collection, treatment & disposal",0.001313279,Tonnes,England,O
2007,22,Benzene,9784,Himley Power,389845.0,290482.0,Viridis Energy (Norgen) Ltd,21,"Waste collection, treatment & disposal",0.003222213,Tonnes,England,O
2007,22,Benzene,9785,Houghton Le Spring,433850.0,550578.0,Biffa Waste Services Ltd,21,"Waste collection, treatment & disposal",0.000855191,Tonnes,England,O
2007,22,Benzene,9786,Kendal Generation,350400.0,492300.0,Infinis Ltd,21,"Waste collection, treatment & disposal",0.000468015,Tonnes,England,O
2007,22,Benzene,9787,Kenwick Generation,532857.0,386470.0,Infinis Ltd,21,"Waste collection, treatment & disposal",0.001510412,Tonnes,England,O
2007,22,Benzene,9788,"Lochead Melville - A, C",329627.0,711431.0,Ener-G Natural Power Ltd,21,"Waste collection, treatment & disposal",0.001350681,Tonnes,Scotland,O
2007,22,Benzene,9789,Nant Y Gwyddon Landfill Site,297700.0,194700.0,Amgen Rhondda Ltd,21,"Waste collection, treatment & disposal",0.000924684,Tonnes,Wales,O
2007,22,Benzene,9790,North Herts Landfill Generation,516600.0,232200.0,Biffa Waste Services Ltd,21,"Waste collection, treatment & disposal",0.001486302,Tonnes,England,O
2007,22,Benzene,9791,Poplars Landfill Phase 4,398975.0,309847.0,Infinis (Re-Gen) Ltd,21,"Waste collection, treatment & disposal",0.005531087,Tonnes,England,O
2007,22,Benzene,9792,Redhill 3,529657.0,151206.0,Biffa Waste Services Ltd,21,"Waste collection, treatment & disposal",0.002907366,Tonnes,England,O
2007,22,Benzene,9793,Rotherham Generation,439865.0,392275.0,Infinis Ltd,21,"Waste collection, treatment & disposal",0.00093603,Tonnes,England,O
2007,22,Benzene,9794,Rushton Landfill Generating Station,484800.0,283500.0,Aurora Energy Ltd,21,"Waste collection, treatment & disposal",0.001185638,Tonnes,England,O
2007,22,Benzene,9795,Sandy Lane Landfill,395354.0,276016.0,Infinis (Re-Gen) Ltd,21,"Waste collection, treatment & disposal",0.001307606,Tonnes,England,O
2007,22,Benzene,9796,Skelton Grange,436700.0,430600.0,Biffa Waste Services Ltd,21,"Waste collection, treatment & disposal",0.002162797,Tonnes,England,O
2007,22,Benzene,9797,Springfield Farm Landfill Generation,493290.0,189360.0,Veolia Environmental Services Plc,21,"Waste collection, treatment & disposal",0.002003955,Tonnes,England,O
2007,22,Benzene,9798,Star Works Landfill,481600.0,179700.0,Grundon Waste Management Ltd,21,"Waste collection, treatment & disposal",0.000893483,Tonnes,England,O
2007,22,Benzene,9799,Studley Grange,410701.0,182501.0,Biffa Waste Services Ltd,21,"Waste collection, treatment & disposal",0.001297775,Tonnes,England,O
2007,22,Benzene,9800,Trecatti 2,308141.0,207675.0,Biffa Waste Services Ltd,21,"Waste collection, treatment & disposal",0.007552061,Tonnes,Wales,O
2007,22,Benzene,9801,Ugley Gas To Energy,551490.0,227922.0,Biffa Waste Services Ltd,21,"Waste collection, treatment & disposal",0.002211017,Tonnes,England,O
2007,22,Benzene,9802,Vigo Utopia Power Plant,405121.0,301571.0,Vigo Utopia Power Ltd,21,"Waste collection, treatment & disposal",0.002972605,Tonnes,England,O
2007,22,Benzene,9803,Walney Island Power,320892.0,463094.0,Ener-G Natural Power Ltd,21,"Waste collection, treatment & disposal",0.000234008,Tonnes,England,O
2007,22,Benzene,9804,Wingmoor Farm,390292.0,231908.0,Grundon Waste Management Ltd,21,"Waste collection, treatment & disposal",0.000468015,Tonnes,England,O
2007,22,Benzene,9805,Withyhedges Landfill A,196276.0,220327.0,EnerG Natural Power Ltd,21,"Waste collection, treatment & disposal",0.001077014,Tonnes,Wales,O
2007,22,Benzene,9806,Drummond Moor Generation,327016.0,659455.0,Infinis Ltd,21,"Waste collection, treatment & disposal",0.001630962,Tonnes,Scotland,O
2007,22,Benzene,9807,Greengairs Phase 5  (SRO),277706.0,670094.0,WRG WtE Ltd,21,"Waste collection, treatment & disposal",0.003261923,Tonnes,Scotland,O
2007,22,Benzene,9808,Greengairs Phase 6 (SRO),277706.0,670094.0,WRG WtE Ltd,21,"Waste collection, treatment & disposal",0.006523846,Tonnes,Scotland,O
2007,22,Benzene,9809,Greenoakhill Landfill Site,266650.0,662470.0,Paterson of Greenoakhill Ltd,21,"Waste collection, treatment & disposal",0.005689929,Tonnes,Scotland,O
2007,22,Benzene,9810,Lochhead Fife Power,308935.0,690565.0,Ener-G Natural Power Ltd,21,"Waste collection, treatment & disposal",0.003222213,Tonnes,Scotland,O
2007,22,Benzene,9811,Oatslie Generation,326146.0,662381.0,Infinis Ltd,21,"Waste collection, treatment & disposal",0.003261923,Tonnes,Scotland,O
2007,22,Benzene,9812,Patersons Quarries Generating Station,267478.0,662545.0,Patersons of Greenoakhill Ltd,21,"Waste collection, treatment & disposal",0.006030303,Tonnes,Scotland,O
2007,22,Benzene,9813,SRO Tarbothill,395750.0,813450.0,Infinis Ltd,21,"Waste collection, treatment & disposal",0.003261923,Tonnes,Scotland,O
2007,22,Benzene,9814,Straid Farm,213607.0,590174.0,Straid Farms Ltd,21,"Waste collection, treatment & disposal",0.000886392,Tonnes,Scotland,O
2007,22,Benzene,9815,Aberystwyth WWTW CHP,266100.0,282600.0,Kelda Water Services (Wales) Ltd,20,Water & sewerage,7.07471e-05,Tonnes,Wales,O
2007,22,Benzene,9816,Aldwarke WWTW,445157.0,394145.0,Yorkshire Water,20,Water & sewerage,0.000158098,Tonnes,England,O
2007,22,Benzene,9817,Barston STW,419114.0,279567.0,Severn Trent Water Ltd,20,Water & sewerage,0.000182052,Tonnes,England,O
2007,22,Benzene,9818,Blackburn CHP WTWW,359871.0,429849.0,United Utilities Water Plc,20,Water & sewerage,0.001102855,Tonnes,England,O
2007,22,Benzene,9819,Bromborough CHP WWTW,334899.0,384399.0,United Utilities Water Plc,20,Water & sewerage,0.000170381,Tonnes,England,O
2007,22,Benzene,9820,Chester WWTW CHP,339400.0,366755.0,United Utilities Operational Services,20,Water & sewerage,0.000191634,Tonnes,England,O
2007,22,Benzene,9821,Colburn WWTW,419990.0,498643.0,Yorkshire Water,20,Water & sewerage,0.00011019,Tonnes,England,O
2007,22,Benzene,9822,Crediton WWTW,284675.0,100330.0,South West Water Ltd,20,Water & sewerage,1.44907e-05,Tonnes,England,O
2007,22,Benzene,9823,Four Ashes STW,393174.0,308851.0,Severn Trent Water Ltd,20,Water & sewerage,9.58171e-05,Tonnes,England,O
2007,22,Benzene,9824,Gainsborough STW,482578.0,387018.0,Severn Trent Water Ltd,20,Water & sewerage,8.76792e-05,Tonnes,England,O
2007,22,Benzene,9825,Kinmel Bay CHP,298840.0,378560.0,United Utilities Operational Services,20,Water & sewerage,0.000182052,Tonnes,Wales,O
2007,22,Benzene,9826,Leyland WWTW CHP,352200.0,420800.0,United Utilities Water PLC,20,Water & sewerage,2.72226e-05,Tonnes,England,O
2007,22,Benzene,9827,Macclesfield WWTW CHP,390077.0,378214.0,United Utilities Water PLC,20,Water & sewerage,0.000364105,Tonnes,England,O
2007,22,Benzene,9828,Salisbury STW CHP,415861.0,128712.0,Wessex Water Services Ltd,20,Water & sewerage,8.14445e-05,Tonnes,England,O
2007,22,Benzene,9829,Fullerton WTW,436973.0,141461.0,Southern Water Services Ltd,20,Water & sewerage,0.000132543,Tonnes,England,O
2007,22,Benzene,9830,Gravesend WTW,566505.0,173945.0,Southern Water Services Ltd,20,Water & sewerage,0.000159398,Tonnes,England,O
2007,22,Benzene,9831,Motney Hill WTW,582900.0,168450.0,Southern Water Services Ltd,20,Water & sewerage,0.000304446,Tonnes,England,O
2007,22,Benzene,9832,St Helens CHP,353500.0,396070.0,United Utilities Water PLC,20,Water & sewerage,0.000170381,Tonnes,England,O
2007,22,Benzene,9833,Wigston STW,459240.0,296730.0,Severn Trent Water Ltd,20,Water & sewerage,9.58171e-05,Tonnes,England,O
2007,22,Benzene,9834,Yaddlethorpe STW,487612.0,406531.0,Severn Trent Water Ltd,20,Water & sewerage,9.58171e-05,Tonnes,England,O
2007,22,Benzene,9835,Newbridge STW,312717.0,672737.0,Thames Water Utilities Ltd,20,Water & sewerage,0.000329611,Tonnes,Scotland,O
2007,22,Benzene,9836,Seafield STW,328730.0,675758.0,Thames Water Utilities Ltd,20,Water & sewerage,0.002244037,Tonnes,Scotland,O
2007,22,Benzene,9839,Hythe,443900.0,105850.0,Polimeri Europa UK Ltd,10,Chemical industry,0.2,Tonnes,England,M
2007,22,Benzene,9982,Milford Haven,188600.0,208700.0,Murco Petroleum Ltd,9,Processing & distribution of petroleum products,65.047911977,Tonnes,Wales,M
2007,22,Benzene,9983,Easington Gas Terminal,539770.0,420260.0,Centrica Storage Ltd,3,Oil & gas exploration and production,0.81380596821,Tonnes,England,O
2007,22,Benzene,10009,Knottingley,451230.0,423570.0,Oxiris Ltd,10,Chemical industry,0.2,Tonnes,England,M
2007,22,Benzene,10048,Sandbach,373080.0,360210.0,United Phosphorus Ltd,10,Chemical industry,0.02,Tonnes,England,M
2007,22,Benzene,10060,Tyneside Works,432510.0,565650.0,Rohm & Haas (UK) Ltd,10,Chemical industry,0.02,Tonnes,England,M
2007,22,Benzene,10062,Colnbrook,503880.0,177320.0,S Grundon (Waste) Ltd,21,"Waste collection, treatment & disposal",0.124171305834393,Tonnes,England,M
2007,22,Benzene,10097,Thornton-Cleveleys,334960.0,443450.0,Vinnolit Ltd,10,Chemical industry,0.02,Tonnes,England,M
2007,22,Benzene,10104,Cantley Sugar Factory,638600.0,303400.0,British Sugar Plc,5,"Food, drink & tobacco industry",0.279,Tonnes,England,M
2007,22,Benzene,10107,Barrow Terminal,322670.0,468040.0,Hydrocarbon Resources Ltd,19,Processing & distribution of natural gas,1.27689200285,Tonnes,England,O
2007,22,Benzene,10115,Wytch Farm Gathering Station,397500.0,85130.0,BP Exploration Operating Co Ltd,3,Oil & gas exploration and production,0.02,Tonnes,England,M
2007,22,Benzene,10129,Sandwich,633260.0,159440.0,Pfizer Ltd,10,Chemical industry,0.2,Tonnes,England,M
2007,22,Benzene,10163,Immingham Briquetting Works,518800.0,416000.0,Coal Products Ltd,2,Other fuel production,0.2,Tonnes,England,M
2007,22,Benzene,10200,Haverhill,567150.0,244710.0,Cornelius Specialties Ltd,10,Chemical industry,0.2,Tonnes,England,M
2007,22,Benzene,10235,Kimmeridge Wellsite,390450.0,79300.0,BP Exploration Operating Co Ltd,3,Oil & gas exploration and production,0.1144,Tonnes,England,M
2007,22,Benzene,10254,Ann Watson Street Site,510200.0,431620.0,Waste Oil Services Ltd,21,"Waste collection, treatment & disposal",0.2,Tonnes,England,M
2007,22,Benzene,10326,Port Clarence,451110.0,524440.0,Sabic UK Petrochemicals,10,Chemical industry,0.2,Tonnes,England,M
2007,22,Benzene,10393,Chester-Le-Street Works,426500.0,556200.0,Rockwood Pigments UK Ltd,10,Chemical industry,0.0001,Tonnes,England,M
2007,22,Benzene,10401,Hamble Terminal,447860.0,106650.0,BP Oil UK Ltd,3,Oil & gas exploration and production,0.02,Tonnes,England,M
2007,22,Benzene,10463,Tetney Oil Terminal,532830.0,402210.0,Crude Oil Terminals (Humber) Ltd,9,Processing & distribution of petroleum products,0.37,Tonnes,England,M
2007,22,Benzene,10469,Kingsnorth Oil Treatment Plant,580840.0,173450.0,Eco-Oil Ltd,21,"Waste collection, treatment & disposal",6.833376,Tonnes,England,O
2007,22,Benzene,10476,Theddlethorpe Gas Terminal,548700.0,387300.0,Conocophillips (UK) Ltd,3,Oil & gas exploration and production,12.09034186912,Tonnes,England,O
2007,22,Benzene,10480,Spondon,439600.0,336000.0,Celanese Acetate Ltd,10,Chemical industry,2.079,Tonnes,England,O
2007,22,Benzene,10529,Harwich,623200.0,232200.0,Petrochem Carless Ltd,9,Processing & distribution of petroleum products,1.02809805,Tonnes,England,M
2007,22,Benzene,10532,Stanlow,344000.0,375500.0,Shell Oil Products Ltd,9,Processing & distribution of petroleum products,78.580118099,Tonnes,England,M
2007,22,Benzene,10534,Alton,469280.0,144300.0,Star Energy UK Onshore Ltd,3,Oil & gas exploration and production,0.02,Tonnes,England,M
2007,22,Benzene,10542,Tranmere Oil Terminal,333160.0,387100.0,Shell Oil Products Ltd,9,Processing & distribution of petroleum products,0.0850142857142857,Tonnes,England,M
2007,22,Benzene,10553,Bacton Gas Plant,633360.0,334630.0,Shell UK Ltd,19,Processing & distribution of natural gas,5.13618070000002,Tonnes,England,O
2007,22,Benzene,10567,Horndean B Well Site,470500.0,112550.0,Star Energy UK Onshore Ltd,3,Oil & gas exploration and production,0.1505,Tonnes,England,M
2007,22,Benzene,10588,Palmers Wood Oilfield,536400.0,152550.0,Star Energy UK Onshore Ltd,3,Oil & gas exploration and production,0.0048,Tonnes,England,M
2007,22,Benzene,10604,Pembroke Plant,190803.0,203001.0,Chevron Ltd,9,Processing & distribution of petroleum products,76.343338712,Tonnes,Wales,M
2007,22,Benzene,10611,Walsall,400630.0,298160.0,Central Waste Oil Collections Ltd,21,"Waste collection, treatment & disposal",4.961,Tonnes,England,O
2007,22,Benzene,10783,South Killingholme Refinery,516210.0,416450.0,Conocophillips Ltd,9,Processing & distribution of petroleum products,1.517294699,Tonnes,England,M
2007,22,Benzene,10802,Stourport-On-Severn,381730.0,270060.0,Oss Group Ltd,21,"Waste collection, treatment & disposal",0.2,Tonnes,England,M
2007,22,Benzene,10816,Llantrisant,305600.0,181730.0,Maxibrite Ltd,2,Other fuel production,0.028,Tonnes,Wales,M
2007,22,Benzene,10829,Great Coates,524000.0,412500.0,Bluestar Fibres Co Ltd,10,Chemical industry,0.02,Tonnes,England,M
2007,22,Benzene,10876,Stockbridge Oilfield,445200.0,135500.0,Star Energy Oil UK Ltd,3,Oil & gas exploration and production,0.058,Tonnes,England,M
2007,22,Benzene,10891,Addenbrookes Hospital Incinerator,546540.0,255140.0,Cambridge University Hospital NHS Trust,24,Public administration,0.118819094376014,Tonnes,England,M
2007,22,Benzene,10893,Grimsby,524040.0,412080.0,Ciba UK Plc,10,Chemical industry,0.2,Tonnes,England,M
2007,22,Benzene,10915,Tunstead Quarry,409620.0,375550.0,Buxton Lime & Cement,11,Cement,2.9435,Tonnes,England,M
2007,22,Benzene,10925,Abingdon,449030.0,191890.0,Aptuit (Edinburgh) Ltd,10,Chemical industry,0.2,Tonnes,England,M
2007,22,Benzene,11037,Belfast,148005.0,532272.0,Belfast Sewage Sludge Incinerator,21,"Waste collection, treatment & disposal",4.818,Tonnes,Northern Ireland,M
2007,22,Benzene,11042,Cookstown,92434.0,535183.0,Lafarge Cement (Ireland) Ltd,11,Cement,0.673,Tonnes,Northern Ireland,M
2007,22,Benzene,11051,Gortmullen Cement Works,36251.0,486902.0,Quinn Cement Ltd,11,Cement,2.137313025,Tonnes,Northern Ireland,M
2007,22,Benzene,11123,Bacton Gas Terminal,632800.0,334800.0,Tullow Oil UK Ltd,3,Oil & gas exploration and production,0.6718682,Tonnes,England,O
2007,22,Benzene,11135,St Fergus,409600.0,854400.0,Shell UK Exploration & Production,3,Oil & gas exploration and production,2.29057393294,Tonnes,Scotland,O
2007,22,Benzene,11249,Ipswich,617330.0,242778.0,Vopak Ipswich Ltd,9,Processing & distribution of petroleum products,0.070182923,Tonnes,England,O
2007,22,Benzene,11250,Nantwich,360174.0,357824.0,NWF Fuels Ltd,9,Processing & distribution of petroleum products,0.005766967,Tonnes,England,O
2007,22,Benzene,11251,Harpenden,514505.0,215505.0,Tesco Stores Ltd,23,Commercial,0.022273629,Tonnes,England,M
2007,22,Benzene,11252,Sutton Coldfield,413417.0,297075.0,Tesco Stores Ltd,23,Commercial,0.022273629,Tonnes,England,M
2007,22,Benzene,11253,Yeovil Abbey Manor Park,353416.0,116952.0,Tesco Stores Ltd,23,Commercial,0.022273629,Tonnes,England,M
2007,22,Benzene,11254,Christchurch,414125.0,93761.0,Tesco Stores Ltd,23,Commercial,0.022273629,Tonnes,England,M
2007,22,Benzene,11255,Worthing,512300.0,104450.0,Tesco Stores Ltd,23,Commercial,0.022273629,Tonnes,England,M
2007,22,Benzene,11256,Polegate,558260.0,104237.0,Tesco Stores Ltd,23,Commercial,0.022273629,Tonnes,England,M
2007,22,Benzene,11257,Hove,529912.0,105835.0,Tesco Stores Ltd,23,Commercial,0.022273629,Tonnes,England,M
2007,22,Benzene,11258,Bristol Henleaze Road,357708.0,176589.0,Tesco Stores Ltd,23,Commercial,0.022273629,Tonnes,England,M
2007,22,Benzene,11259,Ely,554200.0,279400.0,Tesco Stores Ltd,23,Commercial,0.022273629,Tonnes,England,M
2007,22,Benzene,11260,Chester Road,335008.0,363965.0,Tesco Stores Ltd,23,Commercial,0.022273629,Tonnes,Wales,M
2007,22,Benzene,11261,Ongar,555229.0,203268.0,Tesco Stores Ltd,23,Commercial,0.022273629,Tonnes,England,M
2007,22,Benzene,11262,Dartford,552800.0,174300.0,Tesco Stores Ltd,23,Commercial,0.022273629,Tonnes,England,M
2007,22,Benzene,11263,Dundee Kingsway,336200.0,732200.0,Tesco Stores Ltd,23,Commercial,0.022273629,Tonnes,Scotland,M
2007,22,Benzene,11264,Broughton Ferry,347702.0,731358.0,Tesco Stores Ltd,23,Commercial,0.022273629,Tonnes,Scotland,M
2007,22,Benzene,11265,Newton Aycliffe,427900.0,525200.0,Tesco Stores Ltd,23,Commercial,0.022273629,Tonnes,England,M
2007,22,Benzene,11266,Dudley,393364.0,291006.0,Tesco Stores Ltd,23,Commercial,0.022273629,Tonnes,England,M
2007,22,Benzene,11267,Leyton,538200.0,188600.0,Tesco Stores Ltd,23,Commercial,0.022273629,Tonnes,England,M
2007,22,Benzene,11268,Forrest Gate,541561.0,185256.0,Tesco Stores Ltd,23,Commercial,0.022273629,Tonnes,England,M
2007,22,Benzene,11269,Barnet,526900.0,195700.0,Tesco Stores Ltd,23,Commercial,0.022273629,Tonnes,England,M
2007,22,Benzene,11270,Cheshunt,535900.0,203400.0,Tesco Stores Ltd,23,Commercial,0.022273629,Tonnes,England,M
2007,22,Benzene,11271,Waltham Cross,536040.0,199848.0,Tesco Stores Ltd,23,Commercial,0.022273629,Tonnes,England,M
2007,22,Benzene,11272,Heavitree,294022.0,92447.0,Tesco Stores Ltd,23,Commercial,0.022273629,Tonnes,England,M
2007,22,Benzene,11273,Cumbernauld,275924.0,674592.0,Tesco Stores Ltd,23,Commercial,0.022273629,Tonnes,Scotland,M
2007,22,Benzene,11274,Gloucester Express,384567.0,216734.0,Tesco Stores Ltd,23,Commercial,0.022273629,Tonnes,England,M
2007,22,Benzene,11275,Yateley,482244.0,160938.0,Tesco Stores Ltd,23,Commercial,0.022273629,Tonnes,England,M
2007,22,Benzene,11276,Fleet,481872.0,152360.0,Tesco Stores Ltd,23,Commercial,0.022273629,Tonnes,England,M
2007,22,Benzene,11277,South Harrow,513200.0,186400.0,Tesco Stores Ltd,23,Commercial,0.022273629,Tonnes,England,M
2007,22,Benzene,11278,Huddersfield Wakefield Road Express,416000.0,416500.0,Tesco Stores Ltd,23,Commercial,0.022273629,Tonnes,England,M
2007,22,Benzene,11279,High Wycombe,485500.0,191700.0,Tesco Stores Ltd,23,Commercial,0.022273629,Tonnes,England,M
2007,22,Benzene,11280,Terriers,487800.0,194630.0,Tesco Stores Ltd,23,Commercial,0.022273629,Tonnes,England,M
2007,22,Benzene,11281,Hereford,352144.0,239854.0,Tesco Stores Ltd,23,Commercial,0.022273629,Tonnes,England,M
2007,22,Benzene,11282,Willerby,503342.0,429873.0,Tesco Stores Ltd,23,Commercial,0.022273629,Tonnes,England,M
2007,22,Benzene,11283,Ilford,545013.0,186577.0,Tesco Stores Ltd,23,Commercial,0.022273629,Tonnes,England,M
2007,22,Benzene,11284,Barking Express,546300.0,183600.0,Tesco Stores Ltd,23,Commercial,0.022273629,Tonnes,England,M
2007,22,Benzene,11285,West Byfleet,504100.0,160600.0,Tesco Stores Ltd,23,Commercial,0.022273629,Tonnes,England,M
2007,22,Benzene,11286,Ewell,522026.0,162103.0,Tesco Stores Ltd,23,Commercial,0.022273629,Tonnes,England,M
2007,22,Benzene,11287,Surbiton,519500.0,166100.0,Tesco Stores Ltd,23,Commercial,0.022273629,Tonnes,England,M
2007,22,Benzene,11289,Melton Mowbray Nottingham Road,474600.0,320100.0,Tesco Stores Ltd,23,Commercial,0.022273629,Tonnes,England,M
2007,22,Benzene,11290,Sale Express,376703.0,390906.0,Tesco Stores Ltd,23,Commercial,0.022273629,Tonnes,England,M
2007,22,Benzene,11291,Manchester,372000.0,393700.0,Tesco Stores Ltd,23,Commercial,0.022273629,Tonnes,England,M
2007,22,Benzene,11292,Rochester,572647.0,169929.0,Tesco Stores Ltd,23,Commercial,0.022273629,Tonnes,England,M
2007,22,Benzene,11293,Islington Green,531675.0,183550.0,Tesco Stores Ltd,23,Commercial,0.022273629,Tonnes,England,M
2007,22,Benzene,11294,Oakwood,529500.0,196100.0,Tesco Stores Ltd,23,Commercial,0.022273629,Tonnes,England,M
2007,22,Benzene,11295,Northampton,477165.0,261335.0,Tesco Stores Ltd,23,Commercial,0.022273629,Tonnes,England,M
2007,22,Benzene,11296,Wellingborough,489450.0,266378.0,Tesco Stores Ltd,23,Commercial,0.022273629,Tonnes,England,M
2007,22,Benzene,11297,Lowestoft,651880.0,292136.0,Tesco Stores Ltd,23,Commercial,0.022273629,Tonnes,England,M
2007,22,Benzene,11298,Camden Town,529540.0,184538.0,Tesco Stores Ltd,23,Commercial,0.022273629,Tonnes,England,M
2007,22,Benzene,11299,Heywood Express,385812.0,410766.0,Tesco Stores Ltd,23,Commercial,0.022273629,Tonnes,England,M
2007,22,Benzene,11300,Witney,435019.0,208935.0,Tesco Stores Ltd,23,Commercial,0.022273629,Tonnes,England,M
2007,22,Benzene,11301,Broadbridge Heath,518623.0,131545.0,Tesco Stores Ltd,23,Commercial,0.022273629,Tonnes,England,M
2007,22,Benzene,11302,Pulborough,508130.0,115209.0,Tesco Stores Ltd,23,Commercial,0.022273629,Tonnes,England,M
2007,22,Benzene,11303,Sheffield Chapel Town,434500.0,396200.0,Tesco Stores Ltd,23,Commercial,0.022273629,Tonnes,England,M
2007,22,Benzene,11304,Chesterfield Newbold Road,437000.0,372600.0,Tesco Stores Ltd,23,Commercial,0.022273629,Tonnes,England,M
2007,22,Benzene,11305,Clowne,449142.0,375537.0,Tesco Stores Ltd,23,Commercial,0.022273629,Tonnes,England,M
2007,22,Benzene,11306,Gowerton,258400.0,196400.0,Tesco Stores Ltd,23,Commercial,0.022273629,Tonnes,Wales,M
2007,22,Benzene,11307,Sutton Malden Road,523449.0,164961.0,Tesco Stores Ltd,23,Commercial,0.022273629,Tonnes,England,M
2007,22,Benzene,11308,Sutton London Road,523838.0,165686.0,Tesco Stores Ltd,23,Commercial,0.022273629,Tonnes,England,M
2007,22,Benzene,11309,Chippenham,390500.0,173400.0,Tesco Stores Ltd,23,Commercial,0.022273629,Tonnes,England,M
2007,22,Benzene,11310,Bitterne,445539.0,113725.0,Tesco Stores Ltd,23,Commercial,0.022273629,Tonnes,England,M
2007,22,Benzene,11311,Dibden Purlieu,441300.0,106100.0,Tesco Stores Ltd,23,Commercial,0.022273629,Tonnes,England,M
2007,22,Benzene,11312,Eastleigh,449040.0,120088.0,Tesco Stores Ltd,23,Commercial,0.022273629,Tonnes,England,M
2007,22,Benzene,11313,Leigh-On-Sea,582440.0,186553.0,Tesco Stores Ltd,23,Commercial,0.022273629,Tonnes,England,M
2007,22,Benzene,11314,Barnes,522600.0,177600.0,Tesco Stores Ltd,23,Commercial,0.022273629,Tonnes,England,M
2007,22,Benzene,11315,Tooting,528300.0,172700.0,Tesco Stores Ltd,23,Commercial,0.022273629,Tonnes,England,M
2007,22,Benzene,11316,Wimbledon,525830.0,170139.0,Tesco Stores Ltd,23,Commercial,0.022273629,Tonnes,England,M
2007,22,Benzene,11317,Colliers Wood,526732.0,170319.0,Tesco Stores Ltd,23,Commercial,0.022273629,Tonnes,England,M
2007,22,Benzene,11318,Stockwell,531169.0,176047.0,Tesco Stores Ltd,23,Commercial,0.022273629,Tonnes,England,M
2007,22,Benzene,11319,Torquay,291176.0,65861.0,Tesco Stores Ltd,23,Commercial,0.022273629,Tonnes,England,M
2007,22,Benzene,11320,Isleworth,516650.0,176949.0,Tesco Stores Ltd,23,Commercial,0.022273629,Tonnes,England,M
2007,22,Benzene,11321,Uxbridge,505460.0,181375.0,Tesco Stores Ltd,23,Commercial,0.022273629,Tonnes,England,M
2007,22,Benzene,11322,Acton,519350.0,180226.0,Tesco Stores Ltd,23,Commercial,0.022273629,Tonnes,England,M
2007,22,Benzene,11323,Windle,348700.0,397200.0,Tesco Stores Ltd,23,Commercial,0.022273629,Tonnes,England,M
2007,22,Benzene,11324,Warrington Express 2,360517.0,390229.0,Tesco Stores Ltd,23,Commercial,0.022273629,Tonnes,England,M
2007,22,Benzene,11325,Warrington Express,361638.0,390112.0,Tesco Stores Ltd,23,Commercial,0.022273629,Tonnes,England,M
2007,22,Benzene,11326,Bushey Heath,515000.0,193900.0,Tesco Stores Ltd,23,Commercial,0.022273629,Tonnes,England,M
2007,22,Benzene,11327,Great Wyrely,399024.0,307766.0,Tesco Stores Ltd,23,Commercial,0.022273629,Tonnes,England,M
2007,22,Benzene,11328,Wolverhampton,392545.0,301061.0,Tesco Stores Ltd,23,Commercial,0.022273629,Tonnes,England,M
2007,22,Benzene,11329,Willenhall,397000.0,301300.0,Tesco Stores Ltd,23,Commercial,0.022273629,Tonnes,England,M
2007,22,Benzene,11330,Pentwyn,321600.0,182500.0,Asda Stores Ltd,23,Commercial,0.010459538,Tonnes,Wales,M
2007,22,Benzene,11331,Caerphilly,315200.0,188100.0,Asda Stores Ltd,23,Commercial,0.010459538,Tonnes,Wales,M
2007,22,Benzene,11332,Frome,378880.0,147605.0,Asda Stores Ltd,23,Commercial,0.010459538,Tonnes,England,M
2007,22,Benzene,11333,Abbey Park,434993.0,277093.0,Asda Stores Ltd,23,Commercial,0.010459538,Tonnes,England,M
2007,22,Benzene,11334,Wheatley,461039.0,205108.0,Asda Stores Ltd,23,Commercial,0.010459538,Tonnes,England,M
2007,22,Benzene,11335,Shrewsbury,350000.0,312000.0,Asda Stores Ltd,23,Commercial,0.010459538,Tonnes,England,M
2007,22,Benzene,11336,Stafford,392736.0,323126.0,Asda Stores Ltd,23,Commercial,0.010459538,Tonnes,England,M
2007,22,Benzene,11337,Milton Keynes,487400.0,234800.0,Asda Stores Ltd,23,Commercial,0.010459538,Tonnes,England,M
2007,22,Benzene,11338,Lower Earley,474234.0,170004.0,Asda Stores Ltd,23,Commercial,0.010459538,Tonnes,England,M
2007,22,Benzene,11339,High Wycombe,484400.0,190900.0,Asda Stores Ltd,23,Commercial,0.010459538,Tonnes,England,M
2007,22,Benzene,11340,Thurmaston,461800.0,309930.0,Asda Stores Ltd,23,Commercial,0.010459538,Tonnes,England,M
2007,22,Benzene,11341,Sinfin,434167.0,331102.0,Asda Stores Ltd,23,Commercial,0.010459538,Tonnes,England,M
2007,22,Benzene,11342,Canford Heath,402419.0,94603.0,Asda Stores Ltd,23,Commercial,0.010459538,Tonnes,England,M
2007,22,Benzene,11343,Wolstanton,385903.0,347940.0,Asda Stores Ltd,23,Commercial,0.010459538,Tonnes,England,M
2007,22,Benzene,11344,Wrexham,334100.0,350400.0,Asda Stores Ltd,23,Commercial,0.010459538,Tonnes,Wales,M
2007,22,Benzene,11345,Long Eaton,449128.0,334014.0,Asda Stores Ltd,23,Commercial,0.010459538,Tonnes,England,M
2007,22,Benzene,11346,Luton,512100.0,222300.0,Asda Stores Ltd,23,Commercial,0.010459538,Tonnes,England,M
2007,22,Benzene,11347,Hatfield,522316.0,208606.0,Asda Stores Ltd,23,Commercial,0.010459538,Tonnes,England,M
2007,22,Benzene,11348,Leyton,538100.0,186000.0,Asda Stores Ltd,23,Commercial,0.010459538,Tonnes,England,M
2007,22,Benzene,11349,Pembroke Dock,196824.0,203627.0,Asda Stores Ltd,23,Commercial,0.010459538,Tonnes,Wales,M
2007,22,Benzene,11350,Eastlands,387404.0,398472.0,Asda Stores Ltd,23,Commercial,0.010459538,Tonnes,England,M
2007,22,Benzene,11351,Radcliffe,378345.0,406776.0,Asda Stores Ltd,23,Commercial,0.010459538,Tonnes,England,M
2007,22,Benzene,11352,Skelmersdale,348530.0,406336.0,Asda Stores Ltd,23,Commercial,0.010459538,Tonnes,England,M
2007,22,Benzene,11353,Horwich,364635.0,409784.0,Asda Stores Ltd,23,Commercial,0.010459538,Tonnes,England,M
2007,22,Benzene,11354,Rotherham,445347.0,394327.0,Asda Stores Ltd,23,Commercial,0.010459538,Tonnes,England,M
2007,22,Benzene,11355,Lincoln,494266.0,366601.0,Asda Stores Ltd,23,Commercial,0.010459538,Tonnes,England,M
2007,22,Benzene,11356,Eastgate,570600.0,188400.0,Asda Stores Ltd,23,Commercial,0.010459538,Tonnes,England,M
2007,22,Benzene,11357,Clayton Green,357606.0,423494.0,Asda Stores Ltd,23,Commercial,0.010459538,Tonnes,England,M
2007,22,Benzene,11358,Morley,425800.0,426600.0,Asda Stores Ltd,23,Commercial,0.010459538,Tonnes,England,M
2007,22,Benzene,11359,Barrow,319204.0,470290.0,Asda Stores Ltd,23,Commercial,0.010459538,Tonnes,England,M
2007,22,Benzene,11360,York,462800.0,454900.0,Asda Stores Ltd,23,Commercial,0.010459538,Tonnes,England,M
2007,22,Benzene,11361,Downpatrick,158475.0,498951.0,Asda Stores Ltd,23,Commercial,0.010459538,Tonnes,Northern Ireland,M
2007,22,Benzene,11362,Newtownards,160420.0,528335.0,Asda Stores Ltd,23,Commercial,0.010459538,Tonnes,Northern Ireland,M
2007,22,Benzene,11363,Bangor,163500.0,535500.0,Asda Stores Ltd,23,Commercial,0.010459538,Tonnes,Northern Ireland,M
2007,22,Benzene,11364,Cookstown,93836.0,536968.0,Asda Stores Ltd,23,Commercial,0.010459538,Tonnes,Northern Ireland,M
2007,22,Benzene,11365,Ayr,236289.0,623740.0,Asda Stores Ltd,23,Commercial,0.010459538,Tonnes,Scotland,M
2007,22,Benzene,11366,Omagh,57134.0,535208.0,Asda Stores Ltd,23,Commercial,0.010459538,Tonnes,Northern Ireland,M
2007,22,Benzene,11367,Edinburgh,331132.0,672309.0,Asda Stores Ltd,23,Commercial,0.010459538,Tonnes,Scotland,M
2007,22,Benzene,11368,Coleraine,102803.0,592237.0,Asda Stores Ltd,23,Commercial,0.010459538,Tonnes,Northern Ireland,M
2007,22,Benzene,11369,Grangemouth,293025.0,682183.0,Asda Stores Ltd,23,Commercial,0.010459538,Tonnes,Scotland,M
2007,22,Benzene,11370,Alloa,289200.0,693300.0,Asda Stores Ltd,23,Commercial,0.010459538,Tonnes,Scotland,M
2007,22,Benzene,11371,Peterhead,409602.0,846334.0,Asda Stores Ltd,23,Commercial,0.010459538,Tonnes,Scotland,M
2007,22,Benzene,11374,Goodworth Clatford,436974.0,141977.0,Star Energy Oil UK Ltd,3,Oil & gas exploration and production,0.00224,Tonnes,England,M
2007,22,Benzene,11556,Beech Hill Plant,357430.0,407540.0,Milliken Industries Ltd,6,"Textiles, clothing, leather & footwear",0.2,Tonnes,England,M
2007,22,Benzene,11557,Billingham,446670.0,522120.0,Haltermann Ltd,10,Chemical industry,0.02,Tonnes,England,M
2007,22,Benzene,11618,Arlington Works,516970.0,174380.0,Sharpes Recycle Oil Ltd,21,"Waste collection, treatment & disposal",0.272354178082192,Tonnes,England,M
2007,22,Benzene,11681,Porton Down,420870.0,137060.0,Health Protection Agency,23,Commercial,0.0032113268750274,Tonnes,England,M
2007,22,Benzene,11692,Newport,303320.0,101850.0,Eco-Oil Ltd,21,"Waste collection, treatment & disposal",1.05530126027397,Tonnes,Wales,M
2007,22,Benzene,11809,Gowerton WWTW,268800.0,192900.0,Kelda Water Services (Wales) Ltd,20,Water & sewerage,1.70896e-05,Tonnes,Wales,O
2007,22,Benzene,11812,Colsterworth Landfill,490560.0,324150.0,CLP Envirogas Ltd,21,"Waste collection, treatment & disposal",0.000380707,Tonnes,England,O
2007,22,Benzene,11813,Lean Power Plant - A,226300.0,60800.0,Viridor Waste Disposal Ltd,21,"Waste collection, treatment & disposal",0.000948075,Tonnes,England,O
2007,22,Benzene,11815,Pyewipe WWTW,526154.0,410859.0,Anglian Water Services Ltd,20,Water & sewerage,0.000635028,Tonnes,England,O
2007,22,Benzene,11818,Horton Landfill,520900.0,110700.0,Viridor Waste Disposal Ltd,21,"Waste collection, treatment & disposal",0.000338626,Tonnes,England,O
2007,22,Benzene,11822,Kingsbridge STW,273100.0,42900.0,South West Water Ltd,20,Water & sewerage,5.74903e-05,Tonnes,England,O
2007,22,Benzene,11828,Manywells Quarry,406500.0,435500.0,ENER-G Natural Power Ltd,21,"Waste collection, treatment & disposal",0.001460774,Tonnes,England,O
2007,22,Benzene,11830,Lidsey Landfill Phase 2,493711.0,103589.0,Infinis (Re-Gen) Ltd,21,"Waste collection, treatment & disposal",0.000359616,Tonnes,England,O
2007,22,Benzene,11997,Kings Lynn,563200.0,318450.0,Pinguin Foods UK Ltd,5,"Food, drink & tobacco industry",0.2,Tonnes,England,O
2007,22,Benzene,12008,Stalybridge,395360.0,398530.0,Total Petrochemicals UK Ltd,10,Chemical industry,8e-06,Tonnes,England,M
2007,22,Benzene,12076,Pontefract Clinical Waste To Energy Facility,445690.0,421690.0,SRCL Ltd,21,"Waste collection, treatment & disposal",0.117893306448078,Tonnes,England,M
2007,22,Benzene,12170,Cramlington,423800.0,578300.0,Aesica Pharmaceuticals Ltd,10,Chemical industry,0.006,Tonnes,England,M
2007,22,Benzene,12182,Roundhill STW,387080.0,283820.0,Severn Trent Water Ltd,20,Water & sewerage,0.0450563379101063,Tonnes,England,M
2007,22,Benzene,12183,Hope Hospital,378500.0,399000.0,North West Energy Ltd,21,"Waste collection, treatment & disposal",0.183739972822514,Tonnes,England,M
2007,22,Benzene,12184,New Haw,504990.0,162680.0,DEFRA,21,"Waste collection, treatment & disposal",0.0378415815543769,Tonnes,England,M
2007,22,Benzene,12198,Judkins/Tuttle Hill Landfill,435263.0,292524.0,Infinis Ltd,21,"Waste collection, treatment & disposal",0.001630962,Tonnes,England,O
2007,22,Benzene,12200,Avonmouth STW CHP,353200.0,179800.0,Wessex Water Services Ltd,20,Water & sewerage,0.005509483,Tonnes,England,O
2007,22,Benzene,12201,Beddington STW,530021.0,166021.0,Thames Water Utilities Ltd,20,Water & sewerage,0.002414591,Tonnes,England,O
2007,22,Benzene,12202,Candles Coalmoor Landfill,366300.0,307300.0,Infinis (Re-Gen) Ltd,21,"Waste collection, treatment & disposal",0.001422482,Tonnes,England,O
2007,22,Benzene,12203,Cumnock WWTW,255900.0,620500.0,Scottish Water,20,Water & sewerage,0.000169596,Tonnes,Scotland,O
2007,22,Benzene,12204,Deephams STW,535600.0,193700.0,Thames Water Utilities Ltd,20,Water & sewerage,0.003181128,Tonnes,England,O
2007,22,Benzene,12205,Longreach STW,555108.0,176496.0,Thames Water Utilities Ltd,20,Water & sewerage,0.002203793,Tonnes,England,O
2007,22,Benzene,12206,Mogden STW,514844.0,174804.0,Thames Water Utilities Ltd,20,Water & sewerage,0.00795282,Tonnes,England,O
2007,22,Benzene,12209,Bromborough,336100.0,382400.0,SAFC Hitech Ltd,10,Chemical industry,0.02,Tonnes,England,M
2007,22,Benzene,12212,Prescot,343030.0,396680.0,Contract Chemicals (Knowsley) Ltd,10,Chemical industry,0.00685,Tonnes,England,M
2007,22,Benzene,12225,Shaftesbury,387090.0,124190.0,Oil & Water Ltd,25,Miscellaneous,0.2,Tonnes,England,M
2007,22,Benzene,12239,Acton,588310.0,245880.0,Prosynth Ltd,10,Chemical industry,0.2,Tonnes,England,M
2007,22,Benzene,12250,Margate,636080.0,168940.0,Thor Group Ltd,10,Chemical industry,0.2,Tonnes,England,M
2007,22,Benzene,12267,Teesport,455700.0,523200.0,Kemira Teesport Ltd,10,Chemical industry,0.2,Tonnes,England,M
2007,22,Benzene,12315,Greendale,301700.0,89800.0,Oss Group Ltd,21,"Waste collection, treatment & disposal",0.2,Tonnes,England,M
2007,22,Benzene,12362,Halesowen,396150.0,284840.0,Midland Oil Refinery Ltd,9,Processing & distribution of petroleum products,0.2,Tonnes,England,M
2007,22,Benzene,12431,North Shields,434400.0,567000.0,Solvent Resource Management Ltd,21,"Waste collection, treatment & disposal",0.017,Tonnes,England,M
2007,22,Benzene,12446,Stewartby,501330.0,242860.0,Veolia ES (UK) Ltd,21,"Waste collection, treatment & disposal",0.199948012980062,Tonnes,England,O
2007,22,Benzene,12455,Silvertown,541440.0,180270.0,Williams Environmental Management Ltd,21,"Waste collection, treatment & disposal",0.199948012980062,Tonnes,England,O
2007,22,Benzene,12464,Rushden,496380.0,268420.0,Textile Bonding Ltd,7,Other industries,0.02,Tonnes,England,M
2007,22,Benzene,12470,Aldridge,404300.0,302300.0,Veolia ES (UK) Ltd,21,"Waste collection, treatment & disposal",0.199948012980062,Tonnes,England,O
2007,22,Benzene,12476,Ilkeston,447510.0,339460.0,Castle Waste Sevices,21,"Waste collection, treatment & disposal",0.199948012980062,Tonnes,England,O
2007,22,Benzene,12484,Hartlepool,451440.0,528060.0,Veolia ES (UK) Ltd,21,"Waste collection, treatment & disposal",0.2,Tonnes,England,M
2007,22,Benzene,12485,Leeds,432560.0,431600.0,Waste Recycling Group (Yorkshire) Ltd,21,"Waste collection, treatment & disposal",0.199948012980062,Tonnes,England,O
2007,22,Benzene,12490,Membury Airfield,431114.0,175332.0,Southern Refining Services Ltd,21,"Waste collection, treatment & disposal",0.02,Tonnes,England,M
2007,22,Benzene,12513,Tadcaster,448110.0,443320.0,Molson Coors Brewing Co (UK) Ltd,5,"Food, drink & tobacco industry",0.2,Tonnes,England,O
2007,22,Benzene,12518,Ecclesfield,436270.0,394130.0,Waste Recycling Group (Yorkshire) Ltd,21,"Waste collection, treatment & disposal",0.199948012980062,Tonnes,England,O
2007,22,Benzene,12521,Bacup,388040.0,421570.0,Lancashire Sock Manufacturing Co,7,Other industries,0.02,Tonnes,England,M
2007,22,Benzene,12545,Liverpool,333720.0,394040.0,Veolia ES (UK) Ltd,21,"Waste collection, treatment & disposal",0.199948012980062,Tonnes,England,O
2007,22,Benzene,12556,Corby,488410.0,290890.0,Ball & Young Ltd,6,"Textiles, clothing, leather & footwear",0.02,Tonnes,England,M
2007,22,Benzene,12575,Cardiff,318280.0,175180.0,Biffa Waste Services Ltd,21,"Waste collection, treatment & disposal",3e-09,Tonnes,Wales,M
2007,22,Benzene,12585,Stalybridge,395760.0,398270.0,Stepan UK Ltd,10,Chemical industry,0.2,Tonnes,England,M
2007,22,Benzene,12594,Blackburn,370654.0,429266.0,Electricity North West Ltd,21,"Waste collection, treatment & disposal",0.2,Tonnes,England,M
2007,22,Benzene,12620,Bootle,333440.0,395410.0,Oil Salvage Ltd,21,"Waste collection, treatment & disposal",0.2,Tonnes,England,M
2007,22,Benzene,12621,Lillyhall Landfill Site,302600.0,524700.0,Waste Recycling Ltd,21,"Waste collection, treatment & disposal",0.199948012980062,Tonnes,England,O
2007,22,Benzene,12627,Billingham,447200.0,521800.0,Rapier Energy Ltd,21,"Waste collection, treatment & disposal",0.2,Tonnes,England,M
2007,22,Benzene,12629,Sheffield,434810.0,388900.0,Frogson Waste Management Ltd,21,"Waste collection, treatment & disposal",0.199948012980062,Tonnes,England,O
2007,22,Benzene,12631,Morley,427230.0,428280.0,OSS Group Ltd,21,"Waste collection, treatment & disposal",0.2,Tonnes,England,M
2007,22,Benzene,12635,Blaydon-Upon-Tyne,419150.0,563930.0,Oss Group Ltd,23,Commercial,0.2,Tonnes,England,M
2007,22,Benzene,12637,Sunderland,441260.0,556610.0,Solvent Resource Management Ltd,21,"Waste collection, treatment & disposal",0.199948012980062,Tonnes,England,O
2007,22,Benzene,12646,Saltash,241360.0,60340.0,Cleansing Services Group Ltd,21,"Waste collection, treatment & disposal",0.2,Tonnes,England,M
2007,22,Benzene,12647,Canvey Island,577850.0,182090.0,Oikos Storage Ltd,21,"Waste collection, treatment & disposal",0.2,Tonnes,England,M
2007,22,Benzene,12655,Port Sunlight,333700.0,385470.0,Unilever UK Ltd,10,Chemical industry,0.2,Tonnes,England,M
2007,22,Benzene,12659,Knowsley,343520.0,398730.0,Oss Group Ltd,21,"Waste collection, treatment & disposal",0.2,Tonnes,England,M
2007,22,Benzene,12667,Ingham,585380.0,287040.0,Oss Group Ltd,21,"Waste collection, treatment & disposal",0.2,Tonnes,England,M
2007,22,Benzene,12669,Sturminster Marshall,395000.0,99400.0,Oss Group Ltd,21,"Waste collection, treatment & disposal",0.2,Tonnes,England,M
2007,22,Benzene,12675,Abingdon,449300.0,192000.0,Aptuit (Edinburgh) Ltd,23,Commercial,0.2,Tonnes,England,M
2007,22,Benzene,12676,Easton,360000.0,173800.0,Cleansing Service Group Ltd,21,"Waste collection, treatment & disposal",0.2,Tonnes,England,M
2007,22,Benzene,12685,Longport,385140.0,350580.0,Oss Group Ltd,23,Commercial,0.2,Tonnes,England,M
2007,22,Benzene,12689,Hoddesdon,538310.0,208430.0,Travers Environmental Services,21,"Waste collection, treatment & disposal",0.199948012980062,Tonnes,England,O
2007,22,Benzene,12701,Dunkirk,455100.0,337900.0,Hall & Campey Environmental Services Ltd,21,"Waste collection, treatment & disposal",0.2,Tonnes,England,M
2007,22,Benzene,12710,Lambourn Woodlands,432240.0,176000.0,Oss Group Ltd,21,"Waste collection, treatment & disposal",0.2,Tonnes,England,M
2007,22,Benzene,12711,Greenham,447900.0,165100.0,Cleansing Service Group Ltd,21,"Waste collection, treatment & disposal",0.2,Tonnes,England,M
2007,22,Benzene,12722,Hoddesdon,538310.0,208430.0,Oss Group Ltd,23,Commercial,0.2,Tonnes,England,M
2007,22,Benzene,12726,Newport,332500.0,185780.0,Oss Group Ltd,21,"Waste collection, treatment & disposal",0.2,Tonnes,Wales,M
2007,22,Benzene,12730,Southampton,439720.0,111210.0,Veolia ES (UK) Ltd,21,"Waste collection, treatment & disposal",0.2,Tonnes,England,M
2007,22,Benzene,12732,Bilsthorpe,465220.0,360610.0,Oakwood Fuels Ltd,21,"Waste collection, treatment & disposal",0.2,Tonnes,England,M
2007,22,Benzene,12733,Coventry,435790.0,286010.0,Cleansing Service Group Ltd,21,"Waste collection, treatment & disposal",0.2,Tonnes,England,M
2007,22,Benzene,12735,Southampton,450000.0,113300.0,Cleansing Service Group Ltd,21,"Waste collection, treatment & disposal",0.2,Tonnes,England,M
2007,22,Benzene,12741,Aylesford,572000.0,157300.0,Cleansing Service Group Ltd,21,"Waste collection, treatment & disposal",0.2,Tonnes,England,M
2007,22,Benzene,12851,Kirklington,469050.0,357350.0,Egdon Resources Plc,3,Oil & gas exploration and production,0.2,Tonnes,England,M
2007,22,Benzene,12890,Tockwith,445760.0,452470.0,BCB Environmental Management Ltd,21,"Waste collection, treatment & disposal",0.199948012980062,Tonnes,England,O
2007,22,Benzene,12898,Alba Northern,581669.0,913041.0,ChevronTex,3,Oil & gas exploration and production,3.8019282,Tonnes,Offshore,O
2007,22,Benzene,12901,Amethyst East,580144.0,416207.0,BP,3,Oil & gas exploration and production,0.02226,Tonnes,Offshore,O
2007,22,Benzene,12903,Andrew,601124.0,911605.0,BP,3,Oil & gas exploration and production,0.8039436,Tonnes,Offshore,O
2007,22,Benzene,12905,Arbroath,604961.0,837268.0,Talisman Energy UK Ltd,3,Oil & gas exploration and production,0.617432699999999,Tonnes,Offshore,O
2007,22,Benzene,12907,Armada,628260.0,898770.0,BG Plc,3,Oil & gas exploration and production,0.174215,Tonnes,Offshore,O
2007,22,Benzene,12909,Auk,648564.0,731728.0,Shell UK Exploration & Production,3,Oil & gas exploration and production,0.3953973,Tonnes,Offshore,O
2007,22,Benzene,12912,Viking,687137.0,402547.0,ConocoPhillips,3,Oil & gas exploration and production,1.0576252,Tonnes,Offshore,O
2007,22,Benzene,12917,Triton FPSO,569340.0,814189.0,Amerada Hess Ltd,3,Oil & gas exploration and production,2.3380527,Tonnes,Offshore,O
2007,22,Benzene,12919,Bleo Holm FPSO,437031.0,912129.0,Talisman Energy (UK) Ltd,3,Oil & gas exploration and production,0.2565351,Tonnes,Offshore,O
2007,22,Benzene,12921,Brae North,586911.0,991210.0,Marathon Oil UK Ltd,3,Oil & gas exploration and production,7.3852404,Tonnes,Offshore,O
2007,22,Benzene,12923,Murdoch Complex,679553.0,495744.0,ConocoPhillips,3,Oil & gas exploration and production,0.823269700000001,Tonnes,Offshore,O
2007,22,Benzene,12925,Brent B,599054.0,1251845.0,Shell UK Exploration & Production,3,Oil & gas exploration and production,0.5170422,Tonnes,Offshore,O
2007,22,Benzene,12926,Brent C,599054.0,1251845.0,Shell UK Exploration & Production,3,Oil & gas exploration and production,0.735425699999999,Tonnes,Offshore,O
2007,22,Benzene,12927,Brent D,599054.0,1251845.0,Shell UK Exploration & Production,3,Oil & gas exploration and production,0.593343599999999,Tonnes,Offshore,O
2007,22,Benzene,12929,Britannia,567631.0,913885.0,Britannia Operator Ltd,3,Oil & gas exploration and production,0.638434199999999,Tonnes,Offshore,O
2007,22,Benzene,12931,Buchan,518701.0,891838.0,Talisman Energy (UK) Ltd,3,Oil & gas exploration and production,0.3344184,Tonnes,Offshore,O
2007,22,Benzene,12932,Buzzard,460822.0,879896.0,NEXEN,3,Oil & gas exploration and production,0.680621699999999,Tonnes,Offshore,O
2007,22,Benzene,12936,Cavendish,643299.0,515682.0,RWE,3,Oil & gas exploration and production,0.0007791,Tonnes,Offshore,O
2007,22,Benzene,12939,Clair,369869.0,1200255.0,BP Exploration Operating Co Ltd,3,Oil & gas exploration and production,0.2215371,Tonnes,Offshore,O
2007,22,Benzene,12940,Claymore,501003.0,951255.0,Talisman Energy (UK) Ltd,3,Oil & gas exploration and production,0.856393799999999,Tonnes,Offshore,O
2007,22,Benzene,12942,Clyde,664594.0,738180.0,Talisman Energy (UK) Ltd,3,Oil & gas exploration and production,0.73142913168,Tonnes,Offshore,O
2007,22,Benzene,12945,Cormorant North,569913.0,1263273.0,TAQA Bratani Ltd,3,Oil & gas exploration and production,0.5295906,Tonnes,Offshore,O
2007,22,Benzene,12947,Curlew FPSO,597435.0,763081.0,Shell UK Exploration & Production,3,Oil & gas exploration and production,0.2262441,Tonnes,Offshore,O
2007,22,Benzene,12948,AH001,523567.0,923356.0,Amerada Hess Ltd,3,Oil & gas exploration and production,2.3450514,Tonnes,Offshore,O
2007,22,Benzene,12953,Dunbar,601414.0,1191331.0,TotalFinaElf,3,Oil & gas exploration and production,0.087927,Tonnes,Offshore,O
2007,22,Benzene,12957,Elgin PUQ,633227.0,797779.0,Total,3,Oil & gas exploration and production,23.1969875,Tonnes,Offshore,O
2007,22,Benzene,12960,Marnock ETAP,622972.0,828506.0,BP Exploration Operating Co Ltd,3,Oil & gas exploration and production,0.835421399999999,Tonnes,Offshore,O
2007,22,Benzene,12964,Fife FPSO,723284.0,691027.0,Amerada Hess Ltd,3,Oil & gas exploration and production,0.1563765,Tonnes,Offshore,O
2007,22,Benzene,12965,Foinaven FPSO,270753.0,1159708.0,BP Exploration Operating Co Ltd,3,Oil & gas exploration and production,1.4947032,Tonnes,Offshore,O
2007,22,Benzene,12966,Forties Alpha,577220.0,875092.0,Apache,3,Oil & gas exploration and production,0.5896236,Tonnes,Offshore,O
2007,22,Benzene,12968,Forties Charlie,577220.0,875092.0,Apache,3,Oil & gas exploration and production,0.40045764,Tonnes,Offshore,O
2007,22,Benzene,12969,Forties Delta,577220.0,875092.0,Apache,3,Oil & gas exploration and production,1.5274143,Tonnes,Offshore,O
2007,22,Benzene,12974,Galley,544785.0,935880.0,Talisman Energy UK Ltd,3,Oil & gas exploration and production,0.1812981,Tonnes,Offshore,O
2007,22,Benzene,12975,Gannet,581743.0,813582.0,Shell UK Exploration & Production,3,Oil & gas exploration and production,0.510846,Tonnes,Offshore,O
2007,22,Benzene,12978,Gryphon,601322.0,1057469.0,Maersk Oil North Sea (UK) Ltd,3,Oil & gas exploration and production,0.1524684,Tonnes,Offshore,O
2007,22,Benzene,12980,Pierce FPSO,657858.0,814198.0,Shell UK Exploration & Production,3,Oil & gas exploration and production,0.3064233,Tonnes,Offshore,O
2007,22,Benzene,12981,Halley,663629.0,745793.0,Shell UK Exploration & Production,3,Oil & gas exploration and production,0.5018838,Tonnes,Offshore,O
2007,22,Benzene,12982,Harding,600787.0,1049951.0,BP Exploration Operating Co Ltd,3,Oil & gas exploration and production,0.24369876912,Tonnes,Offshore,O
2007,22,Benzene,12983,Heather,559290.0,1233704.0,Lundin,3,Oil & gas exploration and production,15.0039813,Tonnes,Offshore,O
2007,22,Benzene,12989,Inde,700843.0,398028.0,Perenco UK Ltd,3,Oil & gas exploration and production,2.3931537,Tonnes,Offshore,O
2007,22,Benzene,12992,Janice,662876.0,730213.0,Maersk Oil North Sea (UK) Ltd,3,Oil & gas exploration and production,0.1940046,Tonnes,Offshore,O
2007,22,Benzene,12993,Judy,666531.0,764404.0,ConocoPhillips,3,Oil & gas exploration and production,0.238805100000001,Tonnes,Offshore,O
2007,22,Benzene,13000,Leman,676609.0,362507.0,Shell UK Exploration & Production,3,Oil & gas exploration and production,0.5657168,Tonnes,Offshore,O
2007,22,Benzene,13002,LOGGS Complex,668043.0,391935.0,ConocoPhillips,3,Oil & gas exploration and production,2.6865402,Tonnes,Offshore,O
2007,22,Benzene,13004,MacCulloch,560173.0,939314.0,ConocoPhillips,3,Oil & gas exploration and production,0.0588815999999999,Tonnes,Offshore,O
2007,22,Benzene,13006,Mallard,566831.0,839843.0,Shell UK Exploration & Production,3,Oil & gas exploration and production,0.1759788,Tonnes,Offshore,O
2007,22,Benzene,13008,Markham,719379.0,452149.0,Venture,3,Oil & gas exploration and production,0.3587224,Tonnes,Offshore,O
2007,22,Benzene,13012,Miller,595076.0,988645.0,BP Exploration Operating Co Ltd,3,Oil & gas exploration and production,0.2620632,Tonnes,Offshore,O
2007,22,Benzene,13013,Montrose,604461.0,845774.0,Talisman Energy UK Ltd,3,Oil & gas exploration and production,2.8487085,Tonnes,Offshore,O
2007,22,Benzene,13014,South Morecambe,292622.0,441679.0,Hydrocarbon Resources Ltd,3,Oil & gas exploration and production,0.207384000000001,Tonnes,Offshore,O
2007,22,Benzene,13015,North Morecambe,291499.0,452518.0,Hydrocarbon Resources Ltd,3,Oil & gas exploration and production,0.0140238,Tonnes,Offshore,O
2007,22,Benzene,13016,Murchison,599640.0,1284491.0,CNR International UK Ltd,3,Oil & gas exploration and production,0.604250999999999,Tonnes,Offshore,O
2007,22,Benzene,13017,Nelson,586815.0,868247.0,Shell UK Exploration & Production,3,Oil & gas exploration and production,0.769700999999999,Tonnes,Offshore,O
2007,22,Benzene,13020,Ninian Central,587999.0,1224785.0,CNR International UK Ltd,3,Oil & gas exploration and production,0.872130599999999,Tonnes,Offshore,O
2007,22,Benzene,13021,Ninian Northern,587999.0,1224785.0,CNR International UK Ltd,3,Oil & gas exploration and production,0.510705,Tonnes,Offshore,O
2007,22,Benzene,13022,Ninian Southern,587999.0,1224785.0,CNR International UK Ltd,3,Oil & gas exploration and production,0.672149099999999,Tonnes,Offshore,O
2007,22,Benzene,13024,Osprey,588731.0,1275590.0,Shell UK Exploration & Production,3,Oil & gas exploration and production,3.146892,Tonnes,Offshore,O
2007,22,Benzene,13025,Otter,557640.0,1296760.0,Shell UK Exploration & Production,3,Oil & gas exploration and production,0.3056364,Tonnes,Offshore,O
2007,22,Benzene,13026,Pelican,568921.0,1243023.0,Shell UK Exploration & Production,3,Oil & gas exploration and production,0.4037934,Tonnes,Offshore,O
2007,22,Benzene,13027,Penguin,587533.0,1311257.0,Shell UK Exploration & Production,3,Oil & gas exploration and production,0.3140886,Tonnes,Offshore,O
2007,22,Benzene,13029,Piper Bravo,532587.0,954529.0,Talisman Energy UK Ltd,3,Oil & gas exploration and production,0.715549199999999,Tonnes,Offshore,O
2007,22,Benzene,13030,Ravenspurn North,591795.0,464270.0,BP Exploration Operating Co Ltd,3,Oil & gas exploration and production,0.280989,Tonnes,Offshore,O
2007,22,Benzene,13032,Rough,561600.0,439689.0,Centrica Storage Ltd,3,Oil & gas exploration and production,0.7845758,Tonnes,Offshore,O
2007,22,Benzene,13033,Saltire,538400.0,950974.0,Talisman Energy UK Ltd,3,Oil & gas exploration and production,0.0980553,Tonnes,Offshore,O
2007,22,Benzene,13037,Scott,530928.0,932806.0,Nexen,3,Oil & gas exploration and production,0.805715999999999,Tonnes,Offshore,O
2007,22,Benzene,13039,Shearwater,639012.0,799944.0,Shell UK Exploration & Production,3,Oil & gas exploration and production,0.1803328,Tonnes,Offshore,O
2007,22,Benzene,13041,West Sole,607272.0,428271.0,BP Exploration Operating Co Ltd,3,Oil & gas exploration and production,1.79835400000001,Tonnes,Offshore,O
2007,22,Benzene,13042,Tartan,523753.0,941730.0,Talisman Energy UK Ltd,3,Oil & gas exploration and production,4.6716771,Tonnes,Offshore,O
2007,22,Benzene,13043,Tern,555679.0,1269732.0,Taqa Bratani Ltd,3,Oil & gas exploration and production,0.515231099999999,Tonnes,Offshore,O
2007,22,Benzene,13045,Thistle,591695.0,1280757.0,Lundin,3,Oil & gas exploration and production,3.8189592,Tonnes,Offshore,O
2007,22,Benzene,13046,Tiffany,590824.0,959968.0,CNR International (UK) Ltd,3,Oil & gas exploration and production,0.449468999999999,Tonnes,Offshore,O
2007,22,Benzene,13047,Trent,638217.0,495513.0,Perenco UK Ltd,3,Oil & gas exploration and production,0.91340725,Tonnes,Offshore,O
2007,22,Benzene,13064,Bacton,633080.0,334420.0,Perenco UK Ltd,3,Oil & gas exploration and production,1.13436921098,Tonnes,England,O
2007,22,Benzene,13414,Grangemouth,294889.0,680630.0,INEOS Chemicals Grangemouth Ltd,10,Chemical industry,194.9,Tonnes,Scotland,O
2007,22,Benzene,13554,Dimlington Terminal,539770.0,420260.0,Perenco UK Ltd,3,Oil & gas exploration and production,0.5169781,Tonnes,England,O
2007,22,Benzene,14455,Petrojarl Banff FPSO,597226.0,782002.0,CNR International (UK) Ltd,3,Oil & gas exploration and production,0.1766448,Tonnes,Offshore,O
2007,22,Benzene,14459,Beatrice Alpha,338275.0,915629.0,Talisman Sinopec Energy UK,3,Oil & gas exploration and production,0.5032986,Tonnes,Offshore,O
2007,22,Benzene,14585,Seal Sands CATS Terminal,452150.0,524260.0,Wood Group PSN Ltd,3,Oil & gas exploration and production,1.749385,Tonnes,England,O
2007,22,Benzene,14646,Minerva Platform,568500.0,452300.0,Perenco UK Ltd,3,Oil & gas exploration and production,0.59885,Tonnes,Offshore,O
2007,22,Benzene,14648,Wren Extended Reach Well,709200.0,342100.0,Tullow,3,Oil & gas exploration and production,1.3005203,Tonnes,Offshore,O
2007,22,Benzene,14696,St Fergus Gas Terminal,409778.0,853406.0,PX Ltd,3,Oil & gas exploration and production,1.0196100202,Tonnes,Scotland,O
2007,22,Benzene,14702,Point of Ayr Gas Terminal,312190.0,384438.0,Eni UK Ltd,3,Oil & gas exploration and production,0.21110930928,Tonnes,Wales,O
2007,22,Benzene,14709,Glen Lyon FPSO,287608.0,1164816.0,BP Exploration Operating Company Ltd,3,Oil & gas exploration and production,1.1375424,Tonnes,Offshore,O
2007,22,Benzene,14712,Douglas,296321.0,404747.0,Eni UK Ltd,3,Oil & gas exploration and production,0.769186199999999,Tonnes,Offshore,O
2007,22,Benzene,14909,Lomond,650888.0,830306.0,Chrysaor Ltd,3,Oil & gas exploration and production,0.1837327,Tonnes,Offshore,O
2007,22,Benzene,14910,North Everest,626623.0,885718.0,Chrysaor Ltd,3,Oil & gas exploration and production,0.1723801,Tonnes,Offshore,O
2007,22,Benzene,14912,Balmoral FPV,582214.0,930270.0,Premier Oil E&P UK Ltd,3,Oil & gas exploration and production,0.2554455,Tonnes,Offshore,O
2007,22,Benzene,14924,SAGE Terminal,409469.0,854455.0,Ancala Midstream Acquisitions Ltd,3,Oil & gas exploration and production,8.84413430000003,Tonnes,Scotland,O
2007,22,Benzene,14928,Forties Pipeline System - Kinneil,295842.0,680481.0,Ineos FPS Ltd,3,Oil & gas exploration and production,11.426484,Tonnes,Scotland,O
2007,22,Benzene,14991,Teesside Gas Processing Plant,451740.0,524210.0,px (TGPP) Ltd,19,Processing & distribution of natural gas,0.348672809010001,Tonnes,England,O
2007,22,Benzene,40296,Sullom Voe Terminal,440084.0,1175128.0,EnQuest Heather Ltd,3,Oil & gas exploration and production,9.38711800944,Tonnes,Scotland,O
2007,22,Benzene,40301,"Sean PP, PD",722687.0,380114.0,Oranje Nassau Energie Resources Limited,3,Oil & gas exploration and production,0.1336113,Tonnes,Offshore,O
2007,22,Benzene,40302,BRUCE,600127.0,1098697.0,SERICA ENERGY (UK) LIMITED,3,Oil & gas exploration and production,0.790901399999999,Tonnes,Offshore,O
2007,22,Benzene,40303,Magnus,574210.0,1308249.0,EnQuest Heather Limited,3,Oil & gas exploration and production,0.702813599999999,Tonnes,Offshore,O
2007,22,Benzene,40537,Port Talbot Sinter,276520.0,188020.0,Tata Steel Ltd,13,Iron & steel industries,3.601957925,Tonnes,Wales,M
2007,22,Benzene,40538,Port Talbot Blast Furnaces,277090.0,188030.0,Tata Steel Ltd,13,Iron & steel industries,14.41040388,Tonnes,Wales,M
2007,22,Benzene,40540,Port Talbot Morfa Coke Ovens,277070.0,185800.0,Tata Steel Ltd,13,Iron & steel industries,79.081478476,Tonnes,Wales,M
2007,22,Benzene,40546,Scunthorpe Sinter,492050.0,409660.0,British Steel Ltd,13,Iron & steel industries,4.463303539,Tonnes,England,M
2007,22,Benzene,40547,Scunthorpe Blast Furnaces,491624.0,410272.0,British Steel Ltd,13,Iron & steel industries,15.25156647,Tonnes,England,M
2007,22,Benzene,40549,Scunthorpe Appleby Coke Ovens,491655.0,410975.0,British Steel Ltd,13,Iron & steel industries,62.36476988,Tonnes,England,M
2007,22,Benzene,40618,Teesside Crude Oil Stabilisation Terminal Seal Sands Cleveland,453653.0,524835.0,Conocophillips (U.K.) Teeside Operator Limited,3,Oil & gas exploration and production,0.2017008,Tonnes,England,O
2007,22,Benzene,40687,Global Producer III,566078.0,946229.0,NEO Energy Production UK Ltd,3,Oil & gas exploration and production,0.1869255,Tonnes,Offshore,O
2007,22,Benzene,40688,Captain FPSO,414105.0,934448.0,Ithaca Energy (UK) Ltd,3,Oil & gas exploration and production,0.012528,Tonnes,Offshore,O
2007,22,Benzene,40689,Brae Alpha,593727.0,994331.0,TAQA Bratani Ltd,3,Oil & gas exploration and production,5.52056770224,Tonnes,Offshore,O
2007,22,Benzene,40690,Captain WPP & BLP Complex (WPP/BLP),414105.0,934448.0,Ithaca Energy (UK) Ltd,3,Oil & gas exploration and production,0.5337063,Tonnes,Offshore,O
2007,22,Benzene,40691,East Brae,603240.0,1004686.0,TAQA Bratani Ltd,3,Oil & gas exploration and production,12.8377966,Tonnes,Offshore,O
2007,22,Benzene,40733,Camelot CB Platform,677692.0,348076.0,ExxonMobil,3,Oil & gas exploration and production,1.68326007486,Tonnes,Offshore,O
2007,22,Benzene,40742,Beryl B Platform,599706.0,1079065.0,Apache Corporation,3,Oil & gas exploration and production,2.3002536,Tonnes,Offshore,O
2007,22,Benzene,40752,Hewett 48/29C Platform,645319.0,358766.0,ENI Uk Ltd,3,Oil & gas exploration and production,0.0201453,Tonnes,Offshore,O
2007,22,Benzene,40883,CLIPPER NORTH,647909.0,403321.0,OGA,3,Oil & gas exploration and production,3.62882300000001,Tonnes,Offshore,O
2007,22,Benzene,40892,COOK,569370.0,834715.0,OGA,3,Oil & gas exploration and production,0.2495073,Tonnes,Offshore,O
2007,22,Benzene,41010,HEWETT,645319.0,358766.0,OGA,3,Oil & gas exploration and production,0.0865653000000001,Tonnes,Offshore,O
2007,22,Benzene,41112,ALWYN NORTH,601508.0,1219540.0,OGA,3,Oil & gas exploration and production,0.550081400000001,Tonnes,Offshore,O
2007,22,Benzene,43215,Beryl SPM2 Loading Terminal,599706.0,1079065.0,Apache Corporation,3,Oil & gas exploration and production,15.821415,Tonnes,Offshore,O
2007,22,Benzene,43370,T12 (SEP),401116.0,85907.0,OGA,3,Oil & gas exploration and production,1.6968849,Tonnes,England,O
