Daily and Multi-day air quality monitoring data,,,
Measured data - All Data are GMT hour ending,,,
Data for year 2002,,,
Multi-day data,,,
Barnsley Gawber,,,
Start Date,End Date,BENZENE,Status / units
19/07/2002,02/08/2002,0.39,V ugm-3
02/08/2002,14/08/2002,0.75,V ugm-3
14/08/2002,28/08/2002,0.68,V ugm-3
28/08/2002,11/09/2002,0.65,V ugm-3
11/09/2002,25/09/2002,1.17,V ugm-3
25/09/2002,09/10/2002,1.11,V ugm-3
09/10/2002,23/10/2002,1.01,V ugm-3
23/10/2002,06/11/2002,1.14,V ugm-3
06/11/2002,20/11/2002,1.43,V ugm-3
20/11/2002,04/12/2002,1.53,V ugm-3
04/12/2002,18/12/2002,1.82,V ugm-3
18/12/2002,02/01/2003,2.37,V ugm-3
Data for year 2003,,,
Multi-day data,,,
Barnsley Gawber,,,
Start Date,End Date,BENZENE,Status / units
02/01/2003,15/01/2003,0.98,V ugm-3
15/01/2003,29/01/2003,0.72,V ugm-3
29/01/2003,12/02/2003,0.72,V ugm-3
12/02/2003,12/03/2003,1.56,V ugm-3
12/03/2003,26/03/2003,1.85,V ugm-3
26/03/2003,09/04/2003,1.27,V ugm-3
09/04/2003,23/04/2003,1.33,V ugm-3
23/04/2003,07/05/2003,0.75,V ugm-3
07/05/2003,21/05/2003,0.39,V ugm-3
21/05/2003,04/06/2003,0.68,V ugm-3
04/06/2003,17/06/2003,0.46,V ugm-3
17/06/2003,02/07/2003,0.62,V ugm-3
02/07/2003,16/07/2003,0.52,V ugm-3
16/07/2003,30/07/2003,0.42,V ugm-3
30/07/2003,13/08/2003,0.85,V ugm-3
13/08/2003,27/08/2003,0.52,V ugm-3
27/08/2003,10/09/2003,0.91,V ugm-3
10/09/2003,24/09/2003,0.94,V ugm-3
24/09/2003,07/10/2003,0.78,V ugm-3
07/10/2003,28/10/2003,0.81,V ugm-3
28/10/2003,05/11/2003,0.75,V ugm-3
05/11/2003,19/11/2003,1.43,V ugm-3
19/11/2003,03/12/2003,1.82,V ugm-3
03/12/2003,17/12/2003,1.79,V ugm-3
17/12/2003,30/12/2003,1.76,V ugm-3
30/12/2003,13/01/2004,1.27,V ugm-3
Data for year 2004,,,
Multi-day data,,,
Barnsley Gawber,,,
Start Date,End Date,BENZENE,Status / units
13/01/2004,28/01/2004,1.17,V ugm-3
28/01/2004,11/02/2004,0.65,V ugm-3
11/02/2004,25/02/2004,1.5,V ugm-3
25/02/2004,10/03/2004,4.97,V ugm-3
10/03/2004,25/03/2004,0.78,V ugm-3
25/03/2004,07/04/2004,1.11,V ugm-3
07/04/2004,21/04/2004,0.78,V ugm-3
21/04/2004,29/04/2004,1.2,V ugm-3
29/04/2004,19/05/2004,2.6,V ugm-3
19/05/2004,02/06/2004,1.14,V ugm-3
02/06/2004,16/06/2004,0.75,V ugm-3
16/06/2004,01/07/2004,0.33,V ugm-3
01/07/2004,14/07/2004,0.33,V ugm-3
14/07/2004,28/07/2004,0.78,V ugm-3
28/07/2004,11/08/2004,0.52,V ugm-3
11/08/2004,25/08/2004,0.68,V ugm-3
25/08/2004,08/09/2004,0.75,V ugm-3
08/09/2004,22/09/2004,0.68,V ugm-3
22/09/2004,06/10/2004,0.42,V ugm-3
06/10/2004,20/10/2004,1.11,V ugm-3
20/10/2004,03/11/2004,0.88,V ugm-3
03/11/2004,17/11/2004,1.79,V ugm-3
17/11/2004,29/11/2004,1.14,V ugm-3
29/11/2004,15/12/2004,3.28,V ugm-3
15/12/2004,29/12/2004,4.55,V ugm-3
29/12/2004,12/01/2005,0.88,V ugm-3
Data for year 2005,,,
Multi-day data,,,
Barnsley Gawber,,,
Start Date,End Date,BENZENE,Status / units
12/01/2005,26/01/2005,10.08,V ugm-3
26/01/2005,09/02/2005,13.33,V ugm-3
09/02/2005,23/02/2005,7.67,V ugm-3
23/02/2005,09/03/2005,5.04,V ugm-3
09/03/2005,23/03/2005,5.33,V ugm-3
23/03/2005,06/04/2005,12.9,V ugm-3
06/04/2005,20/04/2005,16.64,V ugm-3
20/04/2005,04/05/2005,7.9,V ugm-3
04/05/2005,18/05/2005,13.26,V ugm-3
18/05/2005,01/06/2005,0.91,V ugm-3
01/06/2005,14/06/2005,1.27,V ugm-3
14/06/2005,29/06/2005,0.85,V ugm-3
29/06/2005,13/07/2005,0.88,V ugm-3
13/07/2005,27/07/2005,0.75,V ugm-3
27/07/2005,10/08/2005,0.72,V ugm-3
10/08/2005,24/08/2005,1.01,V ugm-3
24/08/2005,07/09/2005,5.79,V ugm-3
07/09/2005,21/09/2005,2.37,V ugm-3
21/09/2005,05/10/2005,0.98,V ugm-3
05/10/2005,19/10/2005,1.2,V ugm-3
19/10/2005,02/11/2005,0.75,V ugm-3
02/11/2005,16/11/2005,1.95,V ugm-3
16/11/2005,30/11/2005,2.08,V ugm-3
30/11/2005,14/12/2005,1.2,V ugm-3
14/12/2005,29/12/2005,1.37,V ugm-3
29/12/2005,11/01/2006,1.53,V ugm-3
Data for year 2006,,,
Multi-day data,,,
Barnsley Gawber,,,
Start Date,End Date,BENZENE,Status / units
11/01/2006,25/01/2006,1.01,V ugm-3
25/01/2006,08/02/2006,1.79,V ugm-3
08/02/2006,22/02/2006,1.72,V ugm-3
22/02/2006,08/03/2006,1.33,V ugm-3
08/03/2006,21/03/2006,1.14,V ugm-3
21/03/2006,05/04/2006,0.91,V ugm-3
05/04/2006,19/04/2006,0.65,V ugm-3
19/04/2006,04/05/2006,0.59,V ugm-3
04/05/2006,18/05/2006,0.55,V ugm-3
18/05/2006,31/05/2006,0.33,V ugm-3
31/05/2006,13/06/2006,0.49,V ugm-3
13/06/2006,29/06/2006,0.42,V ugm-3
29/06/2006,12/07/2006,0.81,V ugm-3
12/07/2006,26/07/2006,0.65,V ugm-3
26/07/2006,09/08/2006,0.36,V ugm-3
09/08/2006,23/08/2006,0.55,V ugm-3
23/08/2006,06/09/2006,0.16,V ugm-3
06/09/2006,20/09/2006,1.04,V ugm-3
20/09/2006,04/10/2006,0.68,V ugm-3
04/10/2006,18/10/2006,0.68,V ugm-3
18/10/2006,01/11/2006,0.46,V ugm-3
01/11/2006,15/11/2006,0.59,V ugm-3
15/11/2006,29/11/2006,0.29,V ugm-3
29/11/2006,12/12/2006,0.33,V ugm-3
12/12/2006,27/12/2006,1.11,V ugm-3
27/12/2006,10/01/2007,1.11,V ugm-3
Data for year 2007,,,
Multi-day data,,,
Barnsley Gawber,,,
Start Date,End Date,BENZENE,Status / units
10/01/2007,23/01/2007,0.72,V ugm-3
23/01/2007,07/02/2007,0.68,V ugm-3
07/02/2007,21/02/2007,0.68,V ugm-3
21/02/2007,07/03/2007,0.42,V ugm-3
07/03/2007,20/03/2007,0.59,V ugm-3
20/03/2007,02/04/2007,0.81,V ugm-3
02/04/2007,18/04/2007,1.01,V ugm-3
18/04/2007,02/05/2007,0.33,V ugm-3
02/05/2007,16/05/2007,0.36,V ugm-3
16/05/2007,31/05/2007,0.33,V ugm-3
31/05/2007,13/06/2007,0.72,V ugm-3
13/06/2007,26/06/2007,0.42,V ugm-3
26/06/2007,10/07/2007,0.2,V ugm-3
10/07/2007,25/07/2007,0.36,V ugm-3
25/07/2007,07/08/2007,0.23,V ugm-3
07/08/2007,21/08/2007,0.36,V ugm-3
21/08/2007,05/09/2007,0.33,V ugm-3
05/09/2007,18/09/2007,0.49,V ugm-3
18/09/2007,31/10/2007,0.49,V ugm-3
31/10/2007,14/11/2007,0.81,V ugm-3
14/11/2007,29/11/2007,0.98,V ugm-3
29/11/2007,12/12/2007,0.55,V ugm-3
12/12/2007,27/12/2007,1.14,V ugm-3
27/12/2007,09/01/2008,0.88,V ugm-3
Data for year 2008,,,
Multi-day data,,,
Barnsley Gawber,,,
Start Date,End Date,BENZENE,Status / units
09/01/2008,23/01/2008,0.46,V ugm-3
23/01/2008,06/02/2008,0.68,V ugm-3
06/02/2008,20/02/2008,2.02,V ugm-3
20/02/2008,05/03/2008,0.42,P ugm-3
05/03/2008,19/03/2008,0.94,P ugm-3
19/03/2008,02/04/2008,0.49,P ugm-3
02/04/2008,16/04/2008,0.39,V ugm-3
16/04/2008,30/04/2008,0.65,V ugm-3
30/04/2008,14/05/2008,0.62,V ugm-3
14/05/2008,28/05/2008,0.52,V ugm-3
28/05/2008,11/06/2008,0.46,V ugm-3
11/06/2008,25/06/2008,0.2,V ugm-3
25/06/2008,09/07/2008,0.2,V ugm-3
09/07/2008,23/07/2008,0.2,V ugm-3
23/07/2008,06/08/2008,0.39,V ugm-3
06/08/2008,20/08/2008,0.26,V ugm-3
20/08/2008,03/09/2008,0.29,V ugm-3
03/09/2008,17/09/2008,0.52,V ugm-3
17/09/2008,01/10/2008,0.52,V ugm-3
01/10/2008,15/10/2008,0.36,V ugm-3
15/10/2008,29/10/2008,0.26,V ugm-3
29/10/2008,12/11/2008,0.62,V ugm-3
12/11/2008,26/11/2008,0.42,V ugm-3
26/11/2008,10/12/2008,0.68,V ugm-3
10/12/2008,22/12/2008,0.55,V ugm-3
22/12/2008,07/01/2009,1.2,V ugm-3
Data for year 2009,,,
Multi-day data,,,
Barnsley Gawber,,,
Start Date,End Date,BENZENE,Status / units
07/01/2009,21/01/2009,0.81,V ugm-3
04/02/2009,18/02/2009,0.91,V ugm-3
18/02/2009,04/03/2009,0.62,V ugm-3
04/03/2009,18/03/2009,0.55,V ugm-3
18/03/2009,01/04/2009,0.46,V ugm-3
01/04/2009,15/04/2009,0.49,V ugm-3
15/04/2009,29/04/2009,0.59,V ugm-3
29/04/2009,13/05/2009,0.36,V ugm-3
13/05/2009,27/05/2009,0.33,V ugm-3
27/05/2009,10/06/2009,0.36,V ugm-3
10/06/2009,24/06/2009,0.26,V ugm-3
24/06/2009,08/07/2009,0.29,V ugm-3
08/07/2009,22/07/2009,0.23,V ugm-3
22/07/2009,05/08/2009,0.23,V ugm-3
05/08/2009,19/08/2009,0.46,V ugm-3
19/08/2009,02/09/2009,0.33,V ugm-3
02/09/2009,15/09/2009,0.52,V ugm-3
15/09/2009,30/09/2009,0.59,V ugm-3
30/09/2009,14/10/2009,0.42,V ugm-3
14/10/2009,28/10/2009,0.59,V ugm-3
28/10/2009,11/11/2009,1.04,V ugm-3
11/11/2009,25/11/2009,0.46,V ugm-3
25/11/2009,09/12/2009,0.55,V ugm-3
09/12/2009,23/12/2009,0.85,V ugm-3
23/12/2009,06/01/2010,0.88,V ugm-3
Data for year 2010,,,
Multi-day data,,,
Barnsley Gawber,,,
Start Date,End Date,BENZENE,Status / units
06/01/2010,20/01/2010,1.46,V ugm-3
20/01/2010,03/02/2010,0.94,V ugm-3
03/02/2010,17/02/2010,1.11,V ugm-3
17/02/2010,03/03/2010,1.11,V ugm-3
03/03/2010,17/03/2010,0.81,V ugm-3
17/03/2010,31/03/2010,0.59,V ugm-3
31/03/2010,14/04/2010,0.61,V ugm-3
14/04/2010,28/04/2010,0.61,V ugm-3
28/04/2010,12/05/2010,0.38,V ugm-3
12/05/2010,26/05/2010,0.38,V ugm-3
26/05/2010,09/06/2010,0.38,V ugm-3
09/06/2010,23/06/2010,0.32,V ugm-3
07/07/2010,04/08/2010,0.18,V ugm-3
04/08/2010,18/08/2010,,
18/08/2010,01/09/2010,0.33,V ugm-3
01/09/2010,15/09/2010,0.42,V ugm-3
15/09/2010,29/09/2010,0.3,V ugm-3
29/09/2010,13/10/2010,0.64,V ugm-3
13/10/2010,27/10/2010,,
27/10/2010,10/11/2010,0.62,V ugm-3
10/11/2010,24/11/2010,0.89,V ugm-3
24/11/2010,08/12/2010,0.82,V ugm-3
08/12/2010,21/12/2010,0.82,V ugm-3
21/12/2010,06/01/2011,1.47,V ugm-3
Data for year 2011,,,
Multi-day data,,,
Barnsley Gawber,,,
Start Date,End Date,BENZENE,Status / units
06/01/2011,19/01/2011,0.67,V ugm-3
19/01/2011,02/02/2011,0.7,V ugm-3
02/02/2011,16/02/2011,0.63,V ugm-3
16/02/2011,02/03/2011,1,V ugm-3
02/03/2011,16/03/2011,1.06,V ugm-3
16/03/2011,30/03/2011,0.75,V ugm-3
30/03/2011,13/04/2011,0.41,V ugm-3
13/04/2011,27/04/2011,0.82,V ugm-3
27/04/2011,11/05/2011,0.4,V ugm-3
11/05/2011,25/05/2011,0.19,V ugm-3
25/05/2011,08/06/2011,0.23,V ugm-3
08/06/2011,22/06/2011,0.21,V ugm-3
22/06/2011,06/07/2011,0.2,V ugm-3
06/07/2011,20/07/2011,0.2,V ugm-3
20/07/2011,03/08/2011,0.3,V ugm-3
03/08/2011,17/08/2011,0.29,V ugm-3
17/08/2011,31/08/2011,0.29,V ugm-3
31/08/2011,14/09/2011,0.25,V ugm-3
14/09/2011,28/09/2011,0.27,V ugm-3
28/09/2011,12/10/2011,0.41,V ugm-3
12/10/2011,26/10/2011,0.74,V ugm-3
26/10/2011,09/11/2011,0.57,V ugm-3
09/11/2011,23/11/2011,0.97,V ugm-3
23/11/2011,07/12/2011,0.4,V ugm-3
07/12/2011,21/12/2011,0.7,V ugm-3
21/12/2011,04/01/2012,0.29,V ugm-3
Data for year 2012,,,
Multi-day data,,,
Barnsley Gawber,,,
Start Date,End Date,BENZENE,Status / units
04/01/2012,18/01/2012,0.9,V ugm-3
18/01/2012,01/02/2012,0.67,V ugm-3
01/02/2012,15/02/2012,0.55,V ugm-3
15/02/2012,29/02/2012,0.32,V ugm-3
29/02/2012,14/03/2012,0.5,V ugm-3
14/03/2012,28/03/2012,1.05,V ugm-3
28/03/2012,12/04/2012,0.3,V ugm-3
12/04/2012,25/04/2012,0.4,V ugm-3
25/04/2012,09/05/2012,0.29,V ugm-3
09/05/2012,23/05/2012,0.31,V ugm-3
23/05/2012,06/06/2012,0.32,V ugm-3
06/06/2012,20/06/2012,0.29,V ugm-3
20/06/2012,04/07/2012,0.1,V ugm-3
04/07/2012,18/07/2012,0.23,V ugm-3
18/07/2012,01/08/2012,0.47,V ugm-3
01/08/2012,15/08/2012,0.27,V ugm-3
15/08/2012,29/08/2012,0.21,V ugm-3
29/08/2012,12/09/2012,0.17,V ugm-3
12/09/2012,26/09/2012,,
26/09/2012,10/10/2012,,
10/10/2012,24/10/2012,,
24/10/2012,07/11/2012,0.27,V ugm-3
07/11/2012,21/11/2012,0.6,V ugm-3
21/11/2012,05/12/2012,0.75,V ugm-3
05/12/2012,19/12/2012,1.05,V ugm-3
19/12/2012,02/01/2013,0.5,V ugm-3
Data for year 2013,,,
Multi-day data,,,
Barnsley Gawber,,,
Start Date,End Date,BENZENE,Status / units
02/01/2013,16/01/2013,0.78,V ugm-3
16/01/2013,30/01/2013,1.22,V ugm-3
30/01/2013,13/02/2013,1.13,V ugm-3
13/02/2013,27/02/2013,1.22,V ugm-3
27/02/2013,13/03/2013,1.26,V ugm-3
13/03/2013,27/03/2013,0.87,V ugm-3
27/03/2013,10/04/2013,0.52,V ugm-3
10/04/2013,24/04/2013,0.43,V ugm-3
24/04/2013,08/05/2013,0.48,V ugm-3
08/05/2013,22/05/2013,0.37,V ugm-3
22/05/2013,05/06/2013,,
05/06/2013,19/06/2013,0.92,V ugm-3
19/06/2013,03/07/2013,0.33,V ugm-3
03/07/2013,17/07/2013,0.67,V ugm-3
17/07/2013,31/07/2013,1.09,V ugm-3
31/07/2013,14/08/2013,0.55,V ugm-3
14/08/2013,28/08/2013,0.56,V ugm-3
28/08/2013,11/09/2013,0.49,V ugm-3
11/09/2013,25/09/2013,0.48,V ugm-3
25/09/2013,09/10/2013,0.62,V ugm-3
09/10/2013,23/10/2013,0.6,V ugm-3
23/10/2013,06/11/2013,0.54,V ugm-3
06/11/2013,20/11/2013,0.54,V ugm-3
20/11/2013,04/12/2013,0.54,V ugm-3
04/12/2013,18/12/2013,0.49,V ugm-3
18/12/2013,02/01/2014,0.4,V ugm-3
Data for year 2014,,,
Multi-day data,,,
Barnsley Gawber,,,
Start Date,End Date,BENZENE,Status / units
02/01/2014,15/01/2014,0.48,V ugm-3
15/01/2014,29/01/2014,0.99,V ugm-3
29/01/2014,12/02/2014,0.98,V ugm-3
12/02/2014,26/02/2014,0.84,V ugm-3
26/02/2014,12/03/2014,1.38,V ugm-3
12/03/2014,26/03/2014,0.54,V ugm-3
26/03/2014,09/04/2014,0.91,V ugm-3
09/04/2014,23/04/2014,0.61,V ugm-3
23/04/2014,07/05/2014,0.65,V ugm-3
07/05/2014,21/05/2014,0.35,V ugm-3
21/05/2014,04/06/2014,0.58,V ugm-3
04/06/2014,18/06/2014,0.45,V ugm-3
18/06/2014,02/07/2014,0.45,V ugm-3
02/07/2014,16/07/2014,0.34,V ugm-3
16/07/2014,30/07/2014,0.55,V ugm-3
30/07/2014,27/08/2014,0.26,V ugm-3
27/08/2014,10/09/2014,0.53,V ugm-3
10/09/2014,24/09/2014,0.76,V ugm-3
24/09/2014,08/10/2014,0.6,V ugm-3
08/10/2014,22/10/2014,0.48,V ugm-3
22/10/2014,05/11/2014,0.4,V ugm-3
05/11/2014,19/11/2014,1.03,V ugm-3
19/11/2014,04/12/2014,1.19,V ugm-3
04/12/2014,17/12/2014,0.5,V ugm-3
17/12/2014,07/01/2015,0.64,V ugm-3
Data for year 2015,,,
Multi-day data,,,
Barnsley Gawber,,,
Start Date,End Date,BENZENE,Status / units
07/01/2015,21/01/2015,0.46,V ugm-3
21/01/2015,04/02/2015,0.58,V ugm-3
04/02/2015,18/02/2015,1.06,V ugm-3
18/02/2015,04/03/2015,0.54,V ugm-3
04/03/2015,18/03/2015,0.78,V ugm-3
18/03/2015,01/04/2015,0.76,V ugm-3
01/04/2015,15/04/2015,0.46,V ugm-3
15/04/2015,29/04/2015,0.63,V ugm-3
29/04/2015,13/05/2015,0.4,V ugm-3
13/05/2015,27/05/2015,0.29,V ugm-3
27/05/2015,10/06/2015,0.35,V ugm-3
10/06/2015,24/06/2015,0.3,V ugm-3
24/06/2015,08/07/2015,0.29,V ugm-3
08/07/2015,22/07/2015,0.3,V ugm-3
22/07/2015,05/08/2015,0.29,V ugm-3
05/08/2015,19/08/2015,0.4,V ugm-3
19/08/2015,02/09/2015,0.29,V ugm-3
02/09/2015,16/09/2015,0.39,V ugm-3
16/09/2015,30/09/2015,0.39,V ugm-3
30/09/2015,14/10/2015,0.97,V ugm-3
14/10/2015,28/10/2015,0.58,V ugm-3
28/10/2015,11/11/2015,0.93,V ugm-3
11/11/2015,25/11/2015,0.45,V ugm-3
25/11/2015,09/12/2015,0.57,V ugm-3
09/12/2015,23/12/2015,0.51,V ugm-3
23/12/2015,06/01/2016,0.68,V ugm-3
Data for year 2016,,,
Multi-day data,,,
Barnsley Gawber,,,
Start Date,End Date,BENZENE,Status / units
06/01/2016,20/01/2016,0.91,V ugm-3
20/01/2016,03/02/2016,0.51,V ugm-3
03/02/2016,18/02/2016,0.82,V ugm-3
18/02/2016,02/03/2016,0.77,V ugm-3
02/03/2016,16/03/2016,0.72,V ugm-3
16/03/2016,30/03/2016,0.51,V ugm-3
30/03/2016,13/04/2016,0.41,V ugm-3
13/04/2016,27/04/2016,0.31,V ugm-3
27/04/2016,11/05/2016,0.5,V ugm-3
11/05/2016,25/05/2016,0.3,V ugm-3
25/05/2016,08/06/2016,0.29,V ugm-3
08/06/2016,22/06/2016,0.3,V ugm-3
22/06/2016,06/07/2016,0.19,V ugm-3
06/07/2016,20/07/2016,0.19,V ugm-3
20/07/2016,03/08/2016,0.29,V ugm-3
03/08/2016,17/08/2016,0.2,V ugm-3
17/08/2016,31/08/2016,0.29,V ugm-3
31/08/2016,14/09/2016,0.31,V ugm-3
14/09/2016,28/09/2016,0.34,V ugm-3
28/09/2016,12/10/2016,0.32,V ugm-3
12/10/2016,26/10/2016,0.63,V ugm-3
26/10/2016,09/11/2016,0.71,V ugm-3
09/11/2016,23/11/2016,0.52,V ugm-3
23/11/2016,07/12/2016,0.98,V ugm-3
07/12/2016,21/12/2016,0.8,V ugm-3
21/12/2016,04/01/2017,0.69,V ugm-3
Data for year 2017,,,
Multi-day data,,,
Barnsley Gawber,,,
Start Date,End Date,BENZENE,Status / units
04/01/2017,18/01/2017,0.66,V ugm-3
18/01/2017,01/02/2017,1.2,V ugm-3
01/02/2017,15/02/2017,1.04,V ugm-3
15/02/2017,01/03/2017,0.56,V ugm-3
01/03/2017,15/03/2017,0.65,V ugm-3
15/03/2017,29/03/2017,0.65,V ugm-3
29/03/2017,12/04/2017,0.47,V ugm-3
12/04/2017,26/04/2017,0.29,V ugm-3
26/04/2017,10/05/2017,0.25,V ugm-3
10/05/2017,24/05/2017,0.31,V ugm-3
24/05/2017,07/06/2017,0.25,V ugm-3
07/06/2017,21/06/2017,0.2,V ugm-3
21/06/2017,05/07/2017,0.21,V ugm-3
05/07/2017,19/07/2017,0.22,V ugm-3
19/07/2017,02/08/2017,0.2,V ugm-3
02/08/2017,16/08/2017,,
16/08/2017,30/08/2017,0.37,V ugm-3
30/08/2017,13/09/2017,0.37,V ugm-3
13/09/2017,27/09/2017,0.43,V ugm-3
27/09/2017,11/10/2017,0.31,V ugm-3
11/10/2017,25/10/2017,0.45,V ugm-3
25/10/2017,08/11/2017,0.83,V ugm-3
08/11/2017,22/11/2017,0.54,V ugm-3
22/11/2017,06/12/2017,0.45,V ugm-3
06/12/2017,20/12/2017,0.69,V ugm-3
20/12/2017,03/01/2018,0.53,V ugm-3
Data for year 2018,,,
Multi-day data,,,
Barnsley Gawber,,,
Start Date,End Date,BENZENE,Status / units
03/01/2018,17/01/2018,0.87,V ugm-3
17/01/2018,31/01/2018,0.51,V ugm-3
31/01/2018,14/02/2018,0.6,V ugm-3
14/02/2018,28/02/2018,0.71,V ugm-3
28/02/2018,14/03/2018,0.99,V ugm-3
14/03/2018,28/03/2018,0.55,V ugm-3
28/03/2018,11/04/2018,0.57,V ugm-3
11/04/2018,25/04/2018,0.43,V ugm-3
25/04/2018,09/05/2018,0.34,V ugm-3
09/05/2018,23/05/2018,0.37,V ugm-3
23/05/2018,06/06/2018,0.29,V ugm-3
06/06/2018,20/06/2018,0.21,V ugm-3
20/06/2018,04/07/2018,0.22,V ugm-3
04/07/2018,18/07/2018,0.2,V ugm-3
18/07/2018,01/08/2018,0.13,V ugm-3
01/08/2018,15/08/2018,0.26,V ugm-3
15/08/2018,29/08/2018,0.18,V ugm-3
29/08/2018,12/09/2018,0.36,V ugm-3
12/09/2018,26/09/2018,0.34,V ugm-3
26/09/2018,10/10/2018,0.31,V ugm-3
10/10/2018,24/10/2018,0.38,V ugm-3
24/10/2018,07/11/2018,0.71,V ugm-3
07/11/2018,21/11/2018,0.5,V ugm-3
21/11/2018,05/12/2018,0.71,V ugm-3
05/12/2018,19/12/2018,0.72,V ugm-3
19/12/2018,02/01/2019,0.54,V ugm-3
Data for year 2019,,,
Multi-day data,,,
Barnsley Gawber,,,
Start Date,End Date,BENZENE,Status / units
02/01/2019,16/01/2019,0.49,V ugm-3
16/01/2019,30/01/2019,0.66,V ugm-3
30/01/2019,13/02/2019,0.77,V ugm-3
13/02/2019,27/02/2019,0.93,V ugm-3
27/02/2019,13/03/2019,0.61,V ugm-3
13/03/2019,27/03/2019,0.39,V ugm-3
27/03/2019,10/04/2019,0.68,V ugm-3
10/04/2019,24/04/2019,0.74,V ugm-3
24/04/2019,22/05/2019,0.3,V ugm-3
22/05/2019,05/06/2019,0.15,V ugm-3
05/06/2019,19/06/2019,0.19,V ugm-3
19/06/2019,03/07/2019,0.21,V ugm-3
03/07/2019,17/07/2019,0.18,V ugm-3
17/07/2019,31/07/2019,0.22,V ugm-3
31/07/2019,14/08/2019,0.2,V ugm-3
14/08/2019,28/08/2019,0.33,V ugm-3
28/08/2019,11/09/2019,0.27,V ugm-3
11/09/2019,25/09/2019,0.4,V ugm-3
25/09/2019,09/10/2019,0.3,V ugm-3
09/10/2019,23/10/2019,0.38,V ugm-3
23/10/2019,06/11/2019,0.75,V ugm-3
06/11/2019,20/11/2019,0.69,V ugm-3
20/11/2019,04/12/2019,0.87,V ugm-3
04/12/2019,18/12/2019,0.54,V ugm-3
18/12/2019,02/01/2020,0.77,V ugm-3
Data for year 2020,,,
Multi-day data,,,
Barnsley Gawber,,,
Start Date,End Date,BENZENE,Status / units
02/01/2020,15/01/2020,0.48,V ugm-3
15/01/2020,29/01/2020,0.56,V ugm-3
29/01/2020,12/02/2020,0.58,V ugm-3
12/02/2020,26/02/2020,0.28,V ugm-3
26/02/2020,11/03/2020,0.65,V ugm-3
11/03/2020,25/03/2020,0.5,V ugm-3
25/03/2020,08/04/2020,0.59,V ugm-3
08/04/2020,22/04/2020,0.46,V ugm-3
22/04/2020,06/05/2020,0.41,V ugm-3
06/05/2020,20/05/2020,0.24,V ugm-3
20/05/2020,03/06/2020,0.31,V ugm-3
03/06/2020,17/06/2020,0.21,V ugm-3
17/06/2020,01/07/2020,0.23,V ugm-3
01/07/2020,15/07/2020,0.2,V ugm-3
15/07/2020,28/07/2020,0.2,V ugm-3
28/07/2020,12/08/2020,0.25,V ugm-3
12/08/2020,26/08/2020,0.18,V ugm-3
26/08/2020,09/09/2020,0.26,V ugm-3
09/09/2020,23/09/2020,0.29,V ugm-3
23/09/2020,07/10/2020,0.3,V ugm-3
07/10/2020,21/10/2020,0.58,V ugm-3
21/10/2020,04/11/2020,0.39,V ugm-3
04/11/2020,18/11/2020,0.94,V ugm-3
18/11/2020,02/12/2020,0.68,V ugm-3
02/12/2020,16/12/2020,0.63,V ugm-3
16/12/2020,30/12/2020,0.65,V ugm-3
30/12/2020,13/01/2021,0.93,V ugm-3
Data for year 2021,,,
Multi-day data,,,
Barnsley Gawber,,,
Start Date,End Date,BENZENE,Status / units
13/01/2021,10/02/2021,0.86,V ugm-3
10/02/2021,03/03/2021,0.69,V ugm-3
03/03/2021,10/03/2021,0.69,V ugm-3
10/03/2021,24/03/2021,0.41,V ugm-3
24/03/2021,07/04/2021,0.43,V ugm-3
07/04/2021,21/04/2021,0.58,V ugm-3
21/04/2021,05/05/2021,0.46,V ugm-3
05/05/2021,19/05/2021,0.32,V ugm-3
19/05/2021,02/06/2021,0.22,V ugm-3
02/06/2021,16/06/2021,0.27,V ugm-3
16/06/2021,30/06/2021,0.16,V ugm-3
30/06/2021,14/07/2021,0.23,V ugm-3
14/07/2021,28/07/2021,0.31,V ugm-3
28/07/2021,11/08/2021,,
11/08/2021,25/08/2021,,
25/08/2021,08/09/2021,,
08/09/2021,22/09/2021,0.5,V ugm-3
22/09/2021,06/10/2021,0.24,V ugm-3
06/10/2021,20/10/2021,0.28,V ugm-3
20/10/2021,03/11/2021,0.32,V ugm-3
03/11/2021,17/11/2021,0.43,V ugm-3
17/11/2021,01/12/2021,0.42,V ugm-3
01/12/2021,15/12/2021,0.4,V ugm-3
15/12/2021,05/01/2022,0.72,V ugm-3
Data for year 2022,,,
Multi-day data,,,
Barnsley Gawber,,,
Start Date,End Date,BENZENE,Status / units
05/01/2022,26/01/2022,0.78,V ugm-3
26/01/2022,09/02/2022,0.39,V ugm-3
09/02/2022,23/02/2022,0.46,V ugm-3
23/02/2022,09/03/2022,0.7,V ugm-3
09/03/2022,23/03/2022,0.83,V ugm-3
23/03/2022,06/04/2022,0.67,V ugm-3
06/04/2022,22/04/2022,0.49,V ugm-3
22/04/2022,04/05/2022,0.53,V ugm-3
04/05/2022,18/05/2022,0.19,V ugm-3
18/05/2022,01/06/2022,0.13,V ugm-3
01/06/2022,15/06/2022,0.21,V ugm-3
15/06/2022,30/06/2022,0.35,V ugm-3
30/06/2022,13/07/2022,0.19,V ugm-3
13/07/2022,27/07/2022,0.3,V ugm-3
27/07/2022,11/08/2022,0.61,V ugm-3
11/08/2022,24/08/2022,0.64,V ugm-3
24/08/2022,07/09/2022,0.27,V ugm-3
07/09/2022,22/09/2022,0.51,V ugm-3
22/09/2022,04/10/2022,0.46,V ugm-3
04/10/2022,18/10/2022,0.68,V ugm-3
18/10/2022,02/11/2022,0.39,V ugm-3
02/11/2022,15/11/2022,0.67,V ugm-3
15/11/2022,29/11/2022,0.71,V ugm-3
29/11/2022,13/12/2022,0.88,V ugm-3
13/12/2022,29/12/2022,0.65,V ugm-3
29/12/2022,10/01/2023,0.34,V ugm-3
Data for year 2023,,,
Multi-day data,,,
Barnsley Gawber,,,
Start Date,End Date,BENZENE,Status / units
10/01/2023,25/01/2023,0.91,V ugm-3
25/01/2023,08/02/2023,0.54,V ugm-3
08/02/2023,22/02/2023,0.6,V ugm-3
22/02/2023,07/03/2023,,
07/03/2023,21/03/2023,,
21/03/2023,04/04/2023,,
04/04/2023,18/04/2023,0.61,V ugm-3
18/04/2023,04/05/2023,0.38,V ugm-3
04/05/2023,16/05/2023,0.33,V ugm-3
16/05/2023,30/05/2023,0.3,V ugm-3
30/05/2023,13/06/2023,0.44,V ugm-3
13/06/2023,26/06/2023,0.43,V ugm-3
26/06/2023,11/07/2023,0.22,V ugm-3
11/07/2023,25/07/2023,0.23,V ugm-3
25/07/2023,09/08/2023,0.21,V ugm-3
09/08/2023,22/08/2023,0.26,V ugm-3
22/08/2023,05/09/2023,0.28,V ugm-3
05/09/2023,20/09/2023,0.47,V ugm-3
20/09/2023,03/10/2023,0.35,V ugm-3
03/10/2023,16/10/2023,0.5,V ugm-3
16/10/2023,31/10/2023,0.55,V ugm-3
31/10/2023,14/11/2023,0.66,V ugm-3
14/11/2023,28/11/2023,0.67,V ugm-3
28/11/2023,13/12/2023,0.95,V ugm-3
13/12/2023,28/12/2023,0.49,V ugm-3
28/12/2023,10/01/2024,0.65,V ugm-3
Data for year 2024,,,
Multi-day data,,,
Barnsley Gawber,,,
Start Date,End Date,BENZENE,Status / units
10/01/2024,23/01/2024,0.4,V ugm-3
23/01/2024,06/02/2024,,
06/02/2024,21/02/2024,0.63,V ugm-3
21/02/2024,05/03/2024,0.68,V ugm-3
05/03/2024,20/03/2024,0.74,V ugm-3
20/03/2024,03/04/2024,0.78,V ugm-3
03/04/2024,17/04/2024,0.29,V ugm-3
17/04/2024,01/05/2024,0.38,V ugm-3
01/05/2024,14/05/2024,0.4,V ugm-3
14/05/2024,28/05/2024,0.24,V ugm-3
28/05/2024,11/06/2024,0.16,V ugm-3
11/06/2024,27/06/2024,0.2,V ugm-3
27/06/2024,09/07/2024,,
09/07/2024,23/07/2024,0.22,V ugm-3
23/07/2024,06/08/2024,0.27,V ugm-3
06/08/2024,20/08/2024,0.27,V ugm-3
20/08/2024,04/09/2024,0.34,V ugm-3
04/09/2024,17/09/2024,0.36,V ugm-3
17/09/2024,01/10/2024,0.48,V ugm-3
01/10/2024,15/10/2024,0.44,V ugm-3
15/10/2024,29/10/2024,0.51,V ugm-3
29/10/2024,13/11/2024,1.07,V ugm-3
13/11/2024,27/11/2024,0.47,V ugm-3
27/11/2024,23/12/2024,0.4,V ugm-3
23/12/2024,07/01/2025,0.67,V ugm-3
Data for year 2025,,,
Multi-day data,,,
Barnsley Gawber,,,
Start Date,End Date,BENZENE,Status / units
07/01/2025,21/01/2025,1.06,V ugm-3
21/01/2025,04/02/2025,0.63,V ugm-3
04/02/2025,18/02/2025,0.82,V ugm-3
18/02/2025,04/03/2025,0.49,V ugm-3
04/03/2025,18/03/2025,0.54,V ugm-3
18/03/2025,01/04/2025,0.5,V ugm-3
01/04/2025,14/04/2025,0.38,V ugm-3
14/04/2025,29/04/2025,0.31,V ugm-3
29/04/2025,12/05/2025,0.36,V ugm-3
12/05/2025,27/05/2025,0.14,V ugm-3
27/05/2025,11/06/2025,0.24,V ugm-3
11/06/2025,25/06/2025,0.27,V ugm-3
25/06/2025,08/07/2025,0.23,V ugm-3
08/07/2025,22/07/2025,0.21,V ugm-3
22/07/2025,05/08/2025,0.24,V ugm-3
05/08/2025,19/08/2025,0.34,V ugm-3
19/08/2025,03/09/2025,0.24,V ugm-3
03/09/2025,16/09/2025,0.2,V ugm-3
16/09/2025,30/09/2025,0.38,V ugm-3
30/09/2025,15/10/2025,0.39,V ugm-3
15/10/2025,29/10/2025,0.38,V ugm-3
29/10/2025,11/11/2025,0.48,V ugm-3
11/11/2025,25/11/2025,0.48,V ugm-3
25/11/2025,09/12/2025,0.45,V ugm-3
09/12/2025,22/12/2025,0.56,V ugm-3
22/12/2025,06/01/2026,0.51,V ugm-3
Data for year 2019,,,
Multi-day data,,,
Bath A4 Roadside,,,
Start Date,End Date,BENZENE,Status / units
30/10/2019,13/11/2019,1.07,V ugm-3
13/11/2019,27/11/2019,1.11,V ugm-3
27/11/2019,11/12/2019,1.58,V ugm-3
11/12/2019,24/12/2019,1.13,V ugm-3
24/12/2019,08/01/2020,1.18,V ugm-3
Data for year 2020,,,
Multi-day data,,,
Bath A4 Roadside,,,
Start Date,End Date,BENZENE,Status / units
08/01/2020,22/01/2020,1.35,V ugm-3
22/01/2020,04/02/2020,0.93,V ugm-3
04/02/2020,19/02/2020,0.76,V ugm-3
19/02/2020,05/03/2020,0.79,V ugm-3
05/03/2020,18/03/2020,0.55,V ugm-3
18/03/2020,06/04/2020,0.75,V ugm-3
06/04/2020,15/04/2020,0.74,V ugm-3
15/04/2020,29/04/2020,0.52,V ugm-3
29/04/2020,13/05/2020,0.41,V ugm-3
13/05/2020,27/05/2020,0.29,V ugm-3
27/05/2020,11/06/2020,0.32,V ugm-3
11/06/2020,24/06/2020,0.24,V ugm-3
24/06/2020,08/07/2020,0.24,V ugm-3
08/07/2020,24/07/2020,0.62,V ugm-3
24/07/2020,05/08/2020,0.46,V ugm-3
05/08/2020,20/08/2020,0.36,V ugm-3
20/08/2020,03/09/2020,0.39,V ugm-3
03/09/2020,16/09/2020,0.61,V ugm-3
16/09/2020,02/10/2020,0.63,V ugm-3
02/10/2020,28/10/2020,1.41,V ugm-3
28/10/2020,11/11/2020,1.1,V ugm-3
11/11/2020,25/11/2020,0.94,V ugm-3
25/11/2020,09/12/2020,1.48,V ugm-3
09/12/2020,23/12/2020,1.32,V ugm-3
23/12/2020,14/01/2021,1.46,V ugm-3
Data for year 2021,,,
Multi-day data,,,
Bath A4 Roadside,,,
Start Date,End Date,BENZENE,Status / units
14/01/2021,27/01/2021,1.24,V ugm-3
27/01/2021,10/02/2021,0.96,V ugm-3
10/02/2021,24/02/2021,0.84,V ugm-3
24/02/2021,10/03/2021,1.42,V ugm-3
10/03/2021,24/03/2021,0.85,V ugm-3
24/03/2021,06/04/2021,0.83,V ugm-3
06/04/2021,21/04/2021,0.88,V ugm-3
21/04/2021,05/05/2021,0.59,V ugm-3
05/05/2021,19/05/2021,0.53,V ugm-3
19/05/2021,02/06/2021,0.68,V ugm-3
02/06/2021,16/06/2021,0.53,V ugm-3
16/06/2021,30/06/2021,0.68,V ugm-3
30/06/2021,14/07/2021,0.38,V ugm-3
14/07/2021,28/07/2021,0.67,V ugm-3
28/07/2021,11/08/2021,0.47,V ugm-3
11/08/2021,25/08/2021,0.56,V ugm-3
25/08/2021,08/09/2021,0.8,V ugm-3
08/09/2021,22/09/2021,0.84,V ugm-3
22/09/2021,06/10/2021,0.49,V ugm-3
06/10/2021,06/10/2021,,
08/10/2021,20/10/2021,0.56,V ugm-3
20/10/2021,03/11/2021,0.77,V ugm-3
03/11/2021,17/11/2021,1.01,V ugm-3
17/11/2021,01/12/2021,1.09,V ugm-3
01/12/2021,15/12/2021,1.02,V ugm-3
15/12/2021,29/12/2021,1.13,V ugm-3
29/12/2021,12/01/2022,1.03,V ugm-3
Data for year 2022,,,
Multi-day data,,,
Bath A4 Roadside,,,
Start Date,End Date,BENZENE,Status / units
12/01/2022,26/01/2022,2.22,V ugm-3
26/01/2022,09/02/2022,1.24,V ugm-3
09/02/2022,23/02/2022,0.71,V ugm-3
23/02/2022,09/03/2022,0.93,V ugm-3
09/03/2022,23/03/2022,0.96,V ugm-3
23/03/2022,06/04/2022,1.15,V ugm-3
06/04/2022,20/04/2022,0.84,V ugm-3
20/04/2022,04/05/2022,0.96,V ugm-3
04/05/2022,18/05/2022,0.43,V ugm-3
18/05/2022,01/06/2022,0.34,V ugm-3
01/06/2022,15/06/2022,0.41,V ugm-3
15/06/2022,29/06/2022,0.45,V ugm-3
29/06/2022,13/07/2022,0.5,V ugm-3
13/07/2022,28/07/2022,0.52,V ugm-3
28/07/2022,10/08/2022,0.36,V ugm-3
10/08/2022,24/08/2022,0.48,V ugm-3
24/08/2022,07/09/2022,0.53,V ugm-3
07/09/2022,20/09/2022,0.8,V ugm-3
20/09/2022,06/10/2022,0.79,V ugm-3
06/10/2022,20/10/2022,1.12,V ugm-3
20/10/2022,03/11/2022,0.5,V ugm-3
03/11/2022,16/11/2022,0.55,V ugm-3
16/11/2022,30/11/2022,1.26,V ugm-3
30/11/2022,13/12/2022,1.9,V ugm-3
13/12/2022,28/12/2022,1.47,V ugm-3
28/12/2022,11/01/2023,0.61,V ugm-3
Data for year 2023,,,
Multi-day data,,,
Bath A4 Roadside,,,
Start Date,End Date,BENZENE,Status / units
11/01/2023,24/01/2023,1.6,V ugm-3
24/01/2023,08/02/2023,1.3,V ugm-3
08/02/2023,22/02/2023,0.94,V ugm-3
22/02/2023,07/03/2023,0.99,V ugm-3
07/03/2023,22/03/2023,0.77,V ugm-3
22/03/2023,05/04/2023,0.81,V ugm-3
05/04/2023,19/04/2023,0.82,V ugm-3
19/04/2023,02/05/2023,0.8,V ugm-3
02/05/2023,17/05/2023,0.59,V ugm-3
17/05/2023,30/05/2023,0.66,V ugm-3
30/05/2023,13/06/2023,0.68,V ugm-3
13/06/2023,27/06/2023,0.77,V ugm-3
27/06/2023,12/07/2023,0.63,V ugm-3
12/07/2023,26/07/2023,0.56,V ugm-3
26/07/2023,09/08/2023,0.5,V ugm-3
09/08/2023,22/08/2023,0.99,V ugm-3
22/08/2023,07/09/2023,0.72,V ugm-3
07/09/2023,20/09/2023,0.86,V ugm-3
20/09/2023,04/10/2023,0.8,V ugm-3
04/10/2023,18/10/2023,1.17,V ugm-3
18/10/2023,01/11/2023,0.84,V ugm-3
01/11/2023,15/11/2023,0.99,V ugm-3
15/11/2023,28/11/2023,1.3,V ugm-3
28/11/2023,13/12/2023,1.62,V ugm-3
13/12/2023,27/12/2023,0.84,V ugm-3
27/12/2023,10/01/2024,,
Data for year 2024,,,
Multi-day data,,,
Bath A4 Roadside,,,
Start Date,End Date,BENZENE,Status / units
10/01/2024,24/01/2024,1.1,V ugm-3
24/01/2024,07/02/2024,0.88,V ugm-3
07/02/2024,21/02/2024,1.04,V ugm-3
21/02/2024,05/03/2024,1.29,V ugm-3
05/03/2024,21/03/2024,,
21/03/2024,03/04/2024,0.85,V ugm-3
03/04/2024,17/04/2024,0.57,V ugm-3
17/04/2024,30/04/2024,0.91,V ugm-3
30/04/2024,15/05/2024,0.84,V ugm-3
15/05/2024,29/05/2024,0.62,V ugm-3
29/05/2024,11/06/2024,0.68,V ugm-3
11/06/2024,26/06/2024,1.15,V ugm-3
26/06/2024,10/07/2024,0.53,V ugm-3
10/07/2024,24/07/2024,0.46,V ugm-3
24/07/2024,07/08/2024,0.61,V ugm-3
07/08/2024,21/08/2024,0.61,V ugm-3
21/08/2024,04/09/2024,0.72,V ugm-3
04/09/2024,18/09/2024,0.81,V ugm-3
18/09/2024,01/10/2024,1.01,V ugm-3
01/10/2024,16/10/2024,0.83,V ugm-3
16/10/2024,30/10/2024,1.03,V ugm-3
30/10/2024,12/11/2024,,
12/11/2024,29/11/2024,1.1,V ugm-3
29/11/2024,27/12/2024,0.7,V ugm-3
27/12/2024,08/01/2025,1.05,V ugm-3
Data for year 2025,,,
Multi-day data,,,
Bath A4 Roadside,,,
Start Date,End Date,BENZENE,Status / units
08/01/2025,22/01/2025,1.71,V ugm-3
22/01/2025,05/02/2025,1.15,V ugm-3
05/02/2025,19/02/2025,1.54,V ugm-3
19/02/2025,04/03/2025,1.1,V ugm-3
04/03/2025,19/03/2025,1,V ugm-3
19/03/2025,02/04/2025,1.03,V ugm-3
02/04/2025,15/04/2025,0.72,V ugm-3
15/04/2025,29/04/2025,0.56,V ugm-3
29/04/2025,14/05/2025,0.78,V ugm-3
14/05/2025,28/05/2025,0.42,V ugm-3
28/05/2025,10/06/2025,0.42,V ugm-3
10/06/2025,25/06/2025,0.43,V ugm-3
25/06/2025,09/07/2025,0.45,V ugm-3
09/07/2025,24/07/2025,0.51,V ugm-3
24/07/2025,05/08/2025,0.65,V ugm-3
05/08/2025,20/08/2025,0.67,V ugm-3
20/08/2025,03/09/2025,0.53,V ugm-3
03/09/2025,16/09/2025,0.44,V ugm-3
16/09/2025,30/09/2025,0.94,V ugm-3
30/09/2025,14/10/2025,0.78,V ugm-3
14/10/2025,29/10/2025,0.65,V ugm-3
29/10/2025,12/11/2025,0.72,V ugm-3
12/11/2025,27/11/2025,1.26,V ugm-3
27/11/2025,11/12/2025,0.83,V ugm-3
11/12/2025,23/12/2025,1.27,V ugm-3
23/12/2025,06/01/2026,1.25,V ugm-3
Data for year 2008,,,
Multi-day data,,,
Bath Roadside,,,
Start Date,End Date,BENZENE,Status / units
22/01/2008,05/02/2008,0.75,V ugm-3
05/02/2008,19/02/2008,1.04,V ugm-3
19/02/2008,03/03/2008,0.78,V ugm-3
03/03/2008,19/03/2008,0.42,V ugm-3
19/03/2008,02/04/2008,0.62,V ugm-3
02/04/2008,18/04/2008,0.62,V ugm-3
18/04/2008,13/05/2008,0.55,V ugm-3
13/05/2008,27/05/2008,0.65,V ugm-3
27/05/2008,10/06/2008,0.46,V ugm-3
10/06/2008,24/06/2008,0.42,V ugm-3
24/06/2008,08/07/2008,0.94,V ugm-3
08/07/2008,23/07/2008,0.59,V ugm-3
23/07/2008,05/08/2008,0.72,V ugm-3
05/08/2008,19/08/2008,0.59,V ugm-3
19/08/2008,03/09/2008,0.36,V ugm-3
03/09/2008,15/09/2008,0.85,V ugm-3
15/09/2008,01/10/2008,0.39,V ugm-3
01/10/2008,14/10/2008,0.46,V ugm-3
14/10/2008,28/10/2008,0.68,V ugm-3
28/10/2008,11/11/2008,0.62,V ugm-3
11/11/2008,25/11/2008,0.42,V ugm-3
25/11/2008,09/12/2008,0.98,V ugm-3
09/12/2008,19/12/2008,0.98,V ugm-3
19/12/2008,02/01/2009,0.75,V ugm-3
Data for year 2009,,,
Multi-day data,,,
Bath Roadside,,,
Start Date,End Date,BENZENE,Status / units
02/01/2009,20/01/2009,0.88,V ugm-3
20/01/2009,03/02/2009,0.75,V ugm-3
03/02/2009,20/02/2009,0.91,V ugm-3
20/02/2009,13/03/2009,0.98,V ugm-3
13/03/2009,31/03/2009,0.65,V ugm-3
31/03/2009,14/04/2009,0.88,V ugm-3
14/04/2009,29/04/2009,0.78,V ugm-3
29/04/2009,13/05/2009,0.78,V ugm-3
13/05/2009,27/05/2009,0.68,V ugm-3
27/05/2009,09/06/2009,0.62,V ugm-3
09/06/2009,23/06/2009,0.52,V ugm-3
23/06/2009,09/07/2009,0.62,V ugm-3
09/07/2009,21/07/2009,0.62,V ugm-3
21/07/2009,04/08/2009,0.52,V ugm-3
04/08/2009,18/08/2009,0.75,V ugm-3
18/08/2009,01/09/2009,0.85,V ugm-3
01/09/2009,15/09/2009,0.88,V ugm-3
15/09/2009,29/09/2009,1.11,V ugm-3
29/09/2009,13/10/2009,0.62,V ugm-3
13/10/2009,27/10/2009,0.68,V ugm-3
27/10/2009,11/11/2009,0.62,V ugm-3
11/11/2009,24/11/2009,0.65,V ugm-3
24/11/2009,08/12/2009,0.78,V ugm-3
08/12/2009,22/12/2009,0.72,V ugm-3
22/12/2009,05/01/2010,1.11,V ugm-3
Data for year 2010,,,
Multi-day data,,,
Bath Roadside,,,
Start Date,End Date,BENZENE,Status / units
05/01/2010,20/01/2010,1.37,V ugm-3
20/01/2010,03/02/2010,0.98,V ugm-3
03/02/2010,16/02/2010,0.81,V ugm-3
16/02/2010,03/03/2010,1.11,V ugm-3
03/03/2010,18/03/2010,1.4,V ugm-3
18/03/2010,31/03/2010,1.89,V ugm-3
31/03/2010,13/04/2010,1.46,V ugm-3
13/04/2010,27/04/2010,1.66,V ugm-3
27/04/2010,12/05/2010,1.27,V ugm-3
12/05/2010,26/05/2010,1.31,V ugm-3
26/05/2010,08/06/2010,1.12,V ugm-3
08/06/2010,22/06/2010,0.76,V ugm-3
22/06/2010,02/07/2010,1.12,V ugm-3
02/07/2010,27/07/2010,1.33,V ugm-3
27/07/2010,10/08/2010,1.15,V ugm-3
10/08/2010,26/08/2010,,
26/08/2010,09/09/2010,1.42,V ugm-3
09/09/2010,21/09/2010,1.55,V ugm-3
21/09/2010,07/10/2010,1.29,V ugm-3
07/10/2010,19/10/2010,2.06,V ugm-3
19/10/2010,05/11/2010,1.32,V ugm-3
05/11/2010,17/11/2010,1.62,V ugm-3
17/11/2010,03/12/2010,,
03/12/2010,16/12/2010,2.54,V ugm-3
16/12/2010,04/01/2011,1.91,V ugm-3
Data for year 2011,,,
Multi-day data,,,
Bath Roadside,,,
Start Date,End Date,BENZENE,Status / units
04/01/2011,18/01/2011,2.05,V ugm-3
18/01/2011,03/02/2011,1.79,V ugm-3
03/02/2011,16/02/2011,1.75,V ugm-3
16/02/2011,01/03/2011,1.98,V ugm-3
01/03/2011,15/03/2011,1.89,V ugm-3
15/03/2011,29/03/2011,1.68,V ugm-3
29/03/2011,12/04/2011,1.67,V ugm-3
12/04/2011,03/05/2011,1.33,V ugm-3
03/05/2011,10/05/2011,1.19,V ugm-3
10/05/2011,24/05/2011,1.22,V ugm-3
24/05/2011,07/06/2011,0.92,V ugm-3
07/06/2011,21/06/2011,1.22,V ugm-3
21/06/2011,05/07/2011,1.01,V ugm-3
05/07/2011,19/07/2011,1.24,V ugm-3
19/07/2011,02/08/2011,1.08,V ugm-3
02/08/2011,17/08/2011,1.33,V ugm-3
12/12/2011,20/12/2011,3.17,V ugm-3
20/12/2011,03/01/2012,1.94,V ugm-3
Data for year 2012,,,
Multi-day data,,,
Bath Roadside,,,
Start Date,End Date,BENZENE,Status / units
03/01/2012,17/01/2012,1.74,V ugm-3
17/01/2012,31/01/2012,2.22,V ugm-3
31/01/2012,13/02/2012,2.74,V ugm-3
13/02/2012,27/02/2012,1.27,V ugm-3
27/02/2012,13/03/2012,1.44,V ugm-3
13/03/2012,28/03/2012,1.37,V ugm-3
28/03/2012,10/04/2012,1.24,V ugm-3
10/04/2012,23/04/2012,1.21,V ugm-3
23/04/2012,08/05/2012,1.35,V ugm-3
08/05/2012,22/05/2012,1.18,V ugm-3
22/05/2012,07/06/2012,1.11,V ugm-3
07/06/2012,19/06/2012,1.01,V ugm-3
19/06/2012,03/07/2012,1.26,V ugm-3
03/07/2012,18/07/2012,1.28,V ugm-3
18/07/2012,30/07/2012,1.45,V ugm-3
30/07/2012,14/08/2012,1.32,V ugm-3
14/08/2012,28/08/2012,0.78,V ugm-3
28/08/2012,11/09/2012,0.83,V ugm-3
11/09/2012,25/09/2012,1.13,V ugm-3
25/09/2012,10/10/2012,1.65,V ugm-3
10/10/2012,23/10/2012,1.29,V ugm-3
23/10/2012,06/11/2012,1.25,V ugm-3
06/11/2012,21/11/2012,2.02,V ugm-3
21/11/2012,04/12/2012,2.5,V ugm-3
04/12/2012,19/12/2012,2.27,V ugm-3
19/12/2012,07/01/2013,1.28,V ugm-3
Data for year 2013,,,
Multi-day data,,,
Bath Roadside,,,
Start Date,End Date,BENZENE,Status / units
07/01/2013,15/01/2013,2.18,V ugm-3
15/01/2013,29/01/2013,1.82,V ugm-3
29/01/2013,12/02/2013,2.3,V ugm-3
12/02/2013,26/02/2013,2.18,V ugm-3
26/02/2013,12/03/2013,2.02,V ugm-3
12/03/2013,26/03/2013,1.51,V ugm-3
26/03/2013,09/04/2013,1.35,V ugm-3
09/04/2013,23/04/2013,1.02,V ugm-3
23/04/2013,07/05/2013,1.57,V ugm-3
07/05/2013,21/05/2013,1.51,V ugm-3
21/05/2013,04/06/2013,,
04/06/2013,19/06/2013,1.27,V ugm-3
19/06/2013,02/07/2013,1.41,V ugm-3
02/07/2013,16/07/2013,1.36,V ugm-3
16/07/2013,29/07/2013,1.45,V ugm-3
29/07/2013,13/08/2013,1.23,V ugm-3
13/08/2013,27/08/2013,1.53,V ugm-3
27/08/2013,24/09/2013,1.33,V ugm-3
24/09/2013,09/10/2013,1.42,V ugm-3
09/10/2013,22/10/2013,1.56,V ugm-3
22/10/2013,05/11/2013,1.85,V ugm-3
05/11/2013,19/11/2013,3.91,V ugm-3
19/11/2013,03/12/2013,2.06,V ugm-3
03/12/2013,17/12/2013,1.94,V ugm-3
17/12/2013,03/01/2014,1.25,V ugm-3
Data for year 2014,,,
Multi-day data,,,
Bath Roadside,,,
Start Date,End Date,BENZENE,Status / units
03/01/2014,20/01/2014,1.66,V ugm-3
20/01/2014,28/01/2014,2.04,V ugm-3
28/01/2014,11/02/2014,2.59,V ugm-3
11/02/2014,25/02/2014,2.18,V ugm-3
25/02/2014,10/03/2014,2.48,V ugm-3
10/03/2014,26/03/2014,1.2,V ugm-3
26/03/2014,08/04/2014,1.1,V ugm-3
08/04/2014,22/04/2014,0.58,V ugm-3
22/04/2014,07/05/2014,1.69,V ugm-3
07/05/2014,20/05/2014,1.06,V ugm-3
20/05/2014,05/06/2014,1.35,V ugm-3
05/06/2014,17/06/2014,1.05,V ugm-3
17/06/2014,01/07/2014,1.17,V ugm-3
01/07/2014,16/07/2014,1.04,V ugm-3
16/07/2014,29/07/2014,1,V ugm-3
29/07/2014,13/08/2014,1.26,V ugm-3
13/08/2014,26/08/2014,1.01,V ugm-3
26/08/2014,09/09/2014,1.78,V ugm-3
09/09/2014,23/09/2014,1.49,V ugm-3
23/09/2014,07/10/2014,1.81,V ugm-3
07/10/2014,21/10/2014,1.57,V ugm-3
21/10/2014,04/11/2014,1.64,V ugm-3
04/11/2014,19/11/2014,2.37,V ugm-3
19/11/2014,02/12/2014,2.39,V ugm-3
02/12/2014,16/12/2014,2.53,V ugm-3
16/12/2014,05/01/2015,2.41,V ugm-3
Data for year 2015,,,
Multi-day data,,,
Bath Roadside,,,
Start Date,End Date,BENZENE,Status / units
05/01/2015,12/01/2015,1.65,V ugm-3
12/01/2015,27/01/2015,2.2,V ugm-3
27/01/2015,11/02/2015,2.2,V ugm-3
11/02/2015,24/02/2015,2.54,V ugm-3
24/02/2015,10/03/2015,1.97,V ugm-3
10/03/2015,24/03/2015,1.97,V ugm-3
24/03/2015,07/04/2015,1.43,V ugm-3
07/04/2015,21/04/2015,1.59,V ugm-3
21/04/2015,05/05/2015,1.48,V ugm-3
05/05/2015,19/05/2015,0.99,V ugm-3
19/05/2015,02/06/2015,0.98,V ugm-3
02/06/2015,15/06/2015,0.72,V ugm-3
15/06/2015,30/06/2015,1.03,V ugm-3
30/06/2015,14/07/2015,0.97,V ugm-3
14/07/2015,27/07/2015,0.92,V ugm-3
27/07/2015,12/08/2015,1.26,V ugm-3
12/08/2015,24/08/2015,1.39,V ugm-3
24/08/2015,08/09/2015,,
08/09/2015,22/09/2015,0.72,V ugm-3
22/09/2015,06/10/2015,1.3,V ugm-3
06/10/2015,20/10/2015,1.47,V ugm-3
20/10/2015,03/11/2015,1.72,V ugm-3
03/11/2015,17/11/2015,1.55,V ugm-3
17/11/2015,02/12/2015,2.2,V ugm-3
02/12/2015,15/12/2015,1.5,V ugm-3
15/12/2015,29/12/2015,1.31,V ugm-3
29/12/2015,12/01/2016,1.97,V ugm-3
Data for year 2016,,,
Multi-day data,,,
Bath Roadside,,,
Start Date,End Date,BENZENE,Status / units
12/01/2016,26/01/2016,1.67,V ugm-3
26/01/2016,09/02/2016,1.17,V ugm-3
09/02/2016,23/02/2016,1.73,V ugm-3
23/02/2016,08/03/2016,1.28,V ugm-3
08/03/2016,24/03/2016,1.39,V ugm-3
24/03/2016,05/04/2016,1.14,V ugm-3
05/04/2016,18/04/2016,1.23,V ugm-3
18/04/2016,03/05/2016,1.12,V ugm-3
03/05/2016,16/05/2016,1.05,V ugm-3
16/05/2016,31/05/2016,0.84,V ugm-3
31/05/2016,14/06/2016,0.7,V ugm-3
14/06/2016,28/06/2016,0.62,V ugm-3
28/06/2016,13/07/2016,0.91,V ugm-3
13/07/2016,26/07/2016,,
26/07/2016,09/08/2016,0.76,V ugm-3
09/08/2016,23/08/2016,0.71,V ugm-3
23/08/2016,06/09/2016,0.95,V ugm-3
06/09/2016,20/09/2016,0.97,V ugm-3
20/09/2016,04/10/2016,0.89,V ugm-3
04/10/2016,18/10/2016,1.01,V ugm-3
18/10/2016,01/11/2016,1.55,V ugm-3
01/11/2016,15/11/2016,1.47,V ugm-3
15/11/2016,29/11/2016,1.01,V ugm-3
29/11/2016,13/12/2016,2.35,V ugm-3
13/12/2016,29/12/2016,1.76,V ugm-3
29/12/2016,10/01/2017,2.13,V ugm-3
Data for year 2017,,,
Multi-day data,,,
Bath Roadside,,,
Start Date,End Date,BENZENE,Status / units
10/01/2017,24/01/2017,1.68,V ugm-3
24/01/2017,07/02/2017,1.48,V ugm-3
07/02/2017,21/02/2017,1.76,V ugm-3
21/02/2017,07/03/2017,,
07/03/2017,21/03/2017,0.73,V ugm-3
21/03/2017,04/04/2017,0.71,V ugm-3
04/04/2017,18/04/2017,0.57,V ugm-3
18/04/2017,02/05/2017,0.56,V ugm-3
02/05/2017,16/05/2017,0.68,V ugm-3
16/05/2017,30/05/2017,0.65,V ugm-3
30/05/2017,13/06/2017,0.59,V ugm-3
13/06/2017,27/06/2017,0.68,V ugm-3
27/06/2017,11/07/2017,0.63,V ugm-3
11/07/2017,25/07/2017,0.63,V ugm-3
25/07/2017,08/08/2017,0.69,V ugm-3
08/08/2017,22/08/2017,0.8,V ugm-3
22/08/2017,05/09/2017,0.94,V ugm-3
05/09/2017,19/09/2017,0.79,V ugm-3
19/09/2017,03/10/2017,0.93,V ugm-3
03/10/2017,17/10/2017,0.86,V ugm-3
17/10/2017,31/10/2017,1.21,V ugm-3
31/10/2017,14/11/2017,1.87,V ugm-3
14/11/2017,28/11/2017,1.63,V ugm-3
28/11/2017,12/12/2017,1.59,V ugm-3
12/12/2017,02/01/2018,1.47,V ugm-3
Data for year 2018,,,
Multi-day data,,,
Bath Roadside,,,
Start Date,End Date,BENZENE,Status / units
02/01/2018,09/01/2018,1.29,V ugm-3
09/01/2018,23/01/2018,1.41,V ugm-3
23/01/2018,06/02/2018,1.22,V ugm-3
06/02/2018,20/02/2018,1.25,V ugm-3
20/02/2018,06/03/2018,1.19,V ugm-3
06/03/2018,20/03/2018,1.19,V ugm-3
20/03/2018,03/04/2018,1.06,V ugm-3
03/04/2018,17/04/2018,0.82,V ugm-3
17/04/2018,01/05/2018,0.58,V ugm-3
01/05/2018,15/05/2018,0.56,V ugm-3
15/05/2018,29/05/2018,0.55,V ugm-3
29/05/2018,12/06/2018,0.67,V ugm-3
12/06/2018,26/06/2018,0.5,V ugm-3
26/06/2018,10/07/2018,0.42,V ugm-3
10/07/2018,24/07/2018,0.53,V ugm-3
24/07/2018,07/08/2018,0.51,V ugm-3
07/08/2018,21/08/2018,0.56,V ugm-3
21/08/2018,05/09/2018,0.6,V ugm-3
05/09/2018,18/09/2018,0.85,V ugm-3
18/09/2018,02/10/2018,0.85,V ugm-3
02/10/2018,16/10/2018,0.71,V ugm-3
16/10/2018,30/10/2018,1.04,V ugm-3
30/10/2018,13/11/2018,1.29,V ugm-3
13/11/2018,28/11/2018,1.31,V ugm-3
28/11/2018,11/12/2018,1.01,V ugm-3
11/12/2018,24/12/2018,1.12,V ugm-3
24/12/2018,08/01/2019,1.53,V ugm-3
Data for year 2019,,,
Multi-day data,,,
Bath Roadside,,,
Start Date,End Date,BENZENE,Status / units
08/01/2019,22/01/2019,1.37,V ugm-3
22/01/2019,05/02/2019,1.54,V ugm-3
05/02/2019,19/02/2019,1.39,V ugm-3
19/02/2019,05/03/2019,1.38,V ugm-3
05/03/2019,19/03/2019,0.94,V ugm-3
19/03/2019,02/04/2019,1.01,V ugm-3
02/04/2019,16/04/2019,0.91,V ugm-3
16/04/2019,30/04/2019,0.9,V ugm-3
30/04/2019,14/05/2019,0.71,V ugm-3
14/05/2019,29/05/2019,0.72,V ugm-3
29/05/2019,10/06/2019,0.81,V ugm-3
Data for year 2002,,,
Multi-day data,,,
Belfast Centre,,,
Start Date,End Date,BENZENE,Status / units
23/04/2002,07/05/2002,1.14,V ugm-3
07/05/2002,21/05/2002,0.72,V ugm-3
21/05/2002,04/06/2002,0.55,V ugm-3
04/06/2002,18/06/2002,0.52,V ugm-3
18/06/2002,02/07/2002,0.49,V ugm-3
02/07/2002,16/07/2002,0.68,V ugm-3
16/07/2002,30/07/2002,0.55,V ugm-3
30/07/2002,13/08/2002,0.85,V ugm-3
13/08/2002,27/08/2002,0.78,V ugm-3
27/08/2002,10/09/2002,0.81,V ugm-3
10/09/2002,24/09/2002,1.46,V ugm-3
24/09/2002,08/10/2002,0.85,V ugm-3
08/10/2002,22/10/2002,1.3,V ugm-3
22/10/2002,05/11/2002,1.5,V ugm-3
05/11/2002,19/11/2002,1.33,V ugm-3
19/11/2002,03/12/2002,1.07,V ugm-3
03/12/2002,17/12/2002,2.05,V ugm-3
17/12/2002,31/12/2002,1.95,V ugm-3
31/12/2002,14/01/2003,1.59,V ugm-3
Data for year 2003,,,
Multi-day data,,,
Belfast Centre,,,
Start Date,End Date,BENZENE,Status / units
14/01/2003,28/01/2003,1.07,V ugm-3
28/01/2003,11/02/2003,0.85,V ugm-3
11/02/2003,25/02/2003,2.15,V ugm-3
25/02/2003,11/03/2003,1.43,V ugm-3
11/03/2003,25/03/2003,1.5,V ugm-3
25/03/2003,24/04/2003,1.14,V ugm-3
24/04/2003,06/05/2003,0.72,V ugm-3
06/05/2003,20/05/2003,0.59,V ugm-3
20/05/2003,03/06/2003,0.75,V ugm-3
03/06/2003,17/06/2003,0.49,V ugm-3
17/06/2003,01/07/2003,0.59,V ugm-3
01/07/2003,16/07/2003,0.68,V ugm-3
16/07/2003,29/07/2003,0.62,V ugm-3
29/07/2003,12/08/2003,0.72,V ugm-3
12/08/2003,26/08/2003,0.75,V ugm-3
26/08/2003,09/09/2003,0.68,V ugm-3
09/09/2003,23/09/2003,1.01,V ugm-3
23/09/2003,07/10/2003,0.98,V ugm-3
07/10/2003,21/10/2003,1.14,V ugm-3
21/10/2003,04/11/2003,1.07,V ugm-3
04/11/2003,18/11/2003,1.56,V ugm-3
18/11/2003,02/12/2003,2.21,V ugm-3
02/12/2003,16/12/2003,2.83,V ugm-3
16/12/2003,30/12/2003,2.18,V ugm-3
30/12/2003,13/01/2004,1.07,V ugm-3
Data for year 2004,,,
Multi-day data,,,
Belfast Centre,,,
Start Date,End Date,BENZENE,Status / units
13/01/2004,27/01/2004,2.08,V ugm-3
27/01/2004,04/02/2004,1.3,V ugm-3
04/02/2004,10/02/2004,1.63,V ugm-3
10/02/2004,24/02/2004,2.86,V ugm-3
24/02/2004,09/03/2004,1.5,V ugm-3
09/03/2004,18/03/2004,1.53,V ugm-3
18/03/2004,06/04/2004,1.17,V ugm-3
06/04/2004,20/04/2004,1.04,V ugm-3
20/04/2004,04/05/2004,1.01,V ugm-3
04/05/2004,18/05/2004,0.98,V ugm-3
18/05/2004,01/06/2004,0.65,V ugm-3
01/06/2004,15/06/2004,0.62,V ugm-3
15/06/2004,29/06/2004,0.59,V ugm-3
29/06/2004,14/07/2004,0.72,V ugm-3
14/07/2004,27/07/2004,0.62,V ugm-3
27/07/2004,10/08/2004,0.55,V ugm-3
10/08/2004,24/08/2004,0.88,V ugm-3
24/08/2004,07/09/2004,0.68,V ugm-3
07/09/2004,21/09/2004,0.98,V ugm-3
21/09/2004,05/10/2004,0.65,V ugm-3
05/10/2004,19/10/2004,1.79,V ugm-3
19/10/2004,02/11/2004,1.43,V ugm-3
02/11/2004,16/11/2004,0.94,V ugm-3
16/11/2004,30/11/2004,0.88,V ugm-3
30/11/2004,14/12/2004,2.6,V ugm-3
14/12/2004,29/12/2004,1.17,V ugm-3
29/12/2004,11/01/2005,1.11,V ugm-3
Data for year 2005,,,
Multi-day data,,,
Belfast Centre,,,
Start Date,End Date,BENZENE,Status / units
11/01/2005,25/01/2005,1.01,V ugm-3
25/01/2005,08/02/2005,1.14,V ugm-3
08/02/2005,23/02/2005,1.37,V ugm-3
23/02/2005,08/03/2005,1.01,V ugm-3
08/03/2005,22/03/2005,1.43,V ugm-3
22/03/2005,05/04/2005,1.98,V ugm-3
05/04/2005,19/04/2005,0.81,V ugm-3
19/04/2005,03/05/2005,0.98,V ugm-3
03/05/2005,17/05/2005,0.72,V ugm-3
17/05/2005,31/05/2005,0.65,V ugm-3
31/05/2005,14/06/2005,0.68,V ugm-3
14/06/2005,28/06/2005,0.65,V ugm-3
28/06/2005,12/07/2005,0.46,V ugm-3
12/07/2005,26/07/2005,0.42,V ugm-3
26/07/2005,09/08/2005,0.59,V ugm-3
09/08/2005,23/08/2005,0.62,V ugm-3
23/08/2005,06/09/2005,0.68,V ugm-3
06/09/2005,20/09/2005,1.17,V ugm-3
20/09/2005,04/10/2005,0.78,V ugm-3
04/10/2005,18/10/2005,1.63,V ugm-3
18/10/2005,01/11/2005,1.04,V ugm-3
01/11/2005,15/11/2005,1.17,V ugm-3
15/11/2005,29/11/2005,2.37,V ugm-3
29/11/2005,13/12/2005,1.11,V ugm-3
13/12/2005,28/12/2005,2.28,V ugm-3
28/12/2005,11/01/2006,1.76,V ugm-3
Data for year 2006,,,
Multi-day data,,,
Belfast Centre,,,
Start Date,End Date,BENZENE,Status / units
11/01/2006,25/01/2006,1.17,V ugm-3
25/01/2006,08/02/2006,2.7,V ugm-3
08/02/2006,22/02/2006,1.63,V ugm-3
22/02/2006,08/03/2006,1.43,V ugm-3
08/03/2006,22/03/2006,1.01,V ugm-3
22/03/2006,05/04/2006,1.3,V ugm-3
05/04/2006,19/04/2006,0.75,V ugm-3
19/04/2006,03/05/2006,0.85,V ugm-3
03/05/2006,17/05/2006,0.52,V ugm-3
17/05/2006,31/05/2006,0.33,V ugm-3
31/05/2006,14/06/2006,0.52,V ugm-3
14/06/2006,28/06/2006,0.36,V ugm-3
28/06/2006,11/07/2006,0.62,V ugm-3
11/07/2006,25/07/2006,0.72,V ugm-3
25/07/2006,08/08/2006,1.66,V ugm-3
08/08/2006,22/08/2006,0.52,V ugm-3
22/08/2006,05/09/2006,0.26,V ugm-3
05/09/2006,19/09/2006,0.85,V ugm-3
19/09/2006,03/10/2006,0.72,V ugm-3
03/10/2006,17/10/2006,0.65,V ugm-3
17/10/2006,31/10/2006,0.62,V ugm-3
31/10/2006,14/11/2006,0.68,V ugm-3
14/11/2006,28/11/2006,0.65,V ugm-3
28/11/2006,12/12/2006,0.52,V ugm-3
12/12/2006,27/12/2006,1.27,V ugm-3
27/12/2006,09/01/2007,0.72,V ugm-3
Data for year 2007,,,
Multi-day data,,,
Belfast Centre,,,
Start Date,End Date,BENZENE,Status / units
09/01/2007,23/01/2007,1.27,V ugm-3
23/01/2007,06/02/2007,1.01,V ugm-3
06/02/2007,20/02/2007,0.75,V ugm-3
20/02/2007,06/03/2007,0.55,V ugm-3
06/03/2007,20/03/2007,0.62,V ugm-3
20/03/2007,03/04/2007,1.01,V ugm-3
03/04/2007,17/04/2007,0.62,V ugm-3
17/04/2007,01/05/2007,0.33,V ugm-3
01/05/2007,15/05/2007,0.33,V ugm-3
15/05/2007,29/05/2007,0.39,V ugm-3
29/05/2007,12/06/2007,0.42,V ugm-3
24/07/2007,07/08/2007,0.36,V ugm-3
07/08/2007,21/08/2007,0.42,V ugm-3
21/08/2007,04/09/2007,0.29,V ugm-3
04/09/2007,18/09/2007,0.36,V ugm-3
18/09/2007,02/10/2007,0.36,V ugm-3
02/10/2007,16/10/2007,0.55,V ugm-3
16/10/2007,30/10/2007,0.65,V ugm-3
30/10/2007,13/11/2007,0.52,V ugm-3
13/11/2007,27/11/2007,0.65,V ugm-3
27/11/2007,11/12/2007,0.85,V ugm-3
11/12/2007,24/12/2007,1.2,V ugm-3
24/12/2007,08/01/2008,0.98,V ugm-3
Data for year 2008,,,
Multi-day data,,,
Belfast Centre,,,
Start Date,End Date,BENZENE,Status / units
08/01/2008,22/01/2008,1.11,V ugm-3
22/01/2008,05/02/2008,0.88,V ugm-3
05/02/2008,19/02/2008,1.5,V ugm-3
19/02/2008,04/03/2008,0.81,V ugm-3
04/03/2008,18/03/2008,0.49,V ugm-3
18/03/2008,01/04/2008,0.59,V ugm-3
01/04/2008,15/04/2008,0.46,V ugm-3
15/04/2008,29/04/2008,0.59,V ugm-3
29/04/2008,13/05/2008,0.49,V ugm-3
13/05/2008,27/05/2008,0.81,V ugm-3
27/05/2008,10/06/2008,0.49,V ugm-3
10/06/2008,23/06/2008,0.23,V ugm-3
23/06/2008,08/07/2008,0.29,V ugm-3
08/07/2008,22/07/2008,0.23,V ugm-3
22/07/2008,05/08/2008,0.26,V ugm-3
05/08/2008,19/08/2008,0.33,V ugm-3
19/08/2008,02/09/2008,0.26,V ugm-3
02/09/2008,16/09/2008,0.42,V ugm-3
16/09/2008,30/09/2008,0.39,V ugm-3
30/09/2008,14/10/2008,0.49,V ugm-3
14/10/2008,28/10/2008,0.39,V ugm-3
28/10/2008,11/11/2008,0.81,V ugm-3
11/11/2008,25/11/2008,0.49,V ugm-3
25/11/2008,09/12/2008,1.07,V ugm-3
09/12/2008,23/12/2008,0.91,V ugm-3
23/12/2008,06/01/2009,1.14,V ugm-3
Data for year 2009,,,
Multi-day data,,,
Belfast Centre,,,
Start Date,End Date,BENZENE,Status / units
06/01/2009,20/01/2009,1.2,V ugm-3
20/01/2009,03/02/2009,0.98,V ugm-3
03/02/2009,17/02/2009,0.81,V ugm-3
17/02/2009,03/03/2009,0.65,V ugm-3
03/03/2009,19/03/2009,0.94,V ugm-3
19/03/2009,31/03/2009,0.49,V ugm-3
31/03/2009,16/04/2009,0.46,V ugm-3
16/04/2009,28/04/2009,0.49,V ugm-3
28/04/2009,12/05/2009,0.33,V ugm-3
12/05/2009,26/05/2009,0.46,V ugm-3
26/05/2009,09/06/2009,0.33,V ugm-3
09/06/2009,23/06/2009,0.39,V ugm-3
23/06/2009,07/07/2009,0.36,V ugm-3
07/07/2009,21/07/2009,0.42,V ugm-3
21/07/2009,04/08/2009,0.42,V ugm-3
04/08/2009,18/08/2009,0.36,V ugm-3
18/08/2009,01/09/2009,0.62,V ugm-3
01/09/2009,15/09/2009,1.04,V ugm-3
15/09/2009,29/09/2009,0.81,V ugm-3
29/09/2009,13/10/2009,0.46,V ugm-3
13/10/2009,27/10/2009,0.68,V ugm-3
27/10/2009,10/11/2009,0.81,V ugm-3
10/11/2009,24/11/2009,0.75,V ugm-3
24/11/2009,08/12/2009,0.68,V ugm-3
08/12/2009,22/12/2009,0.94,V ugm-3
22/12/2009,05/01/2010,1.59,V ugm-3
Data for year 2010,,,
Multi-day data,,,
Belfast Centre,,,
Start Date,End Date,BENZENE,Status / units
05/01/2010,19/01/2010,1.82,V ugm-3
19/01/2010,02/02/2010,1.04,V ugm-3
02/02/2010,16/02/2010,1.23,V ugm-3
16/02/2010,02/03/2010,1.38,V ugm-3
02/03/2010,16/03/2010,1.47,V ugm-3
16/03/2010,30/03/2010,0.66,V ugm-3
30/03/2010,13/04/2010,0.73,V ugm-3
13/04/2010,27/04/2010,0.63,V ugm-3
27/04/2010,11/05/2010,0.37,V ugm-3
11/05/2010,25/05/2010,0.4,V ugm-3
25/05/2010,08/06/2010,0.37,V ugm-3
08/06/2010,23/06/2010,0.34,V ugm-3
06/07/2010,28/07/2010,0.32,V ugm-3
28/07/2010,11/08/2010,0.29,V ugm-3
11/08/2010,24/08/2010,0.25,V ugm-3
24/08/2010,07/09/2010,0.49,V ugm-3
07/09/2010,21/09/2010,0.36,V ugm-3
21/09/2010,05/10/2010,0.34,V ugm-3
05/10/2010,19/10/2010,0.7,V ugm-3
19/10/2010,02/11/2010,0.68,V ugm-3
02/11/2010,16/11/2010,0.49,V ugm-3
16/11/2010,16/12/2010,0.59,V ugm-3
16/12/2010,31/12/2010,2.47,V ugm-3
31/12/2010,12/01/2011,0.88,V ugm-3
Data for year 2011,,,
Multi-day data,,,
Belfast Centre,,,
Start Date,End Date,BENZENE,Status / units
12/01/2011,25/01/2011,1.37,V ugm-3
25/01/2011,09/02/2011,0.61,V ugm-3
09/02/2011,22/02/2011,1.21,V ugm-3
22/02/2011,09/03/2011,0.69,V ugm-3
09/03/2011,22/03/2011,0.84,V ugm-3
22/03/2011,06/04/2011,0.56,V ugm-3
06/04/2011,21/04/2011,0.72,V ugm-3
21/04/2011,03/05/2011,0.7,V ugm-3
03/05/2011,18/05/2011,0.29,V ugm-3
18/05/2011,01/06/2011,0.24,V ugm-3
01/06/2011,15/06/2011,0.26,V ugm-3
15/06/2011,29/06/2011,0.27,V ugm-3
29/06/2011,14/07/2011,0.37,V ugm-3
14/07/2011,28/07/2011,0.26,V ugm-3
28/07/2011,10/08/2011,0.22,V ugm-3
10/08/2011,24/08/2011,0.48,V ugm-3
24/08/2011,07/09/2011,0.27,V ugm-3
07/09/2011,21/09/2011,0.33,V ugm-3
21/09/2011,05/10/2011,0.33,V ugm-3
05/10/2011,19/10/2011,0.35,V ugm-3
19/10/2011,02/11/2011,0.42,V ugm-3
02/11/2011,16/11/2011,1.47,V ugm-3
16/11/2011,30/11/2011,0.46,V ugm-3
30/11/2011,14/12/2011,0.45,V ugm-3
14/12/2011,04/01/2012,0.35,V ugm-3
Data for year 2012,,,
Multi-day data,,,
Belfast Centre,,,
Start Date,End Date,BENZENE,Status / units
04/01/2012,19/01/2012,0.83,V ugm-3
19/01/2012,01/02/2012,0.8,V ugm-3
01/02/2012,15/02/2012,0.94,V ugm-3
15/02/2012,29/02/2012,0.44,V ugm-3
29/02/2012,14/03/2012,0.56,V ugm-3
14/03/2012,28/03/2012,0.82,V ugm-3
28/03/2012,11/04/2012,0.41,V ugm-3
11/04/2012,25/04/2012,0.48,V ugm-3
25/04/2012,09/05/2012,0.38,V ugm-3
09/05/2012,23/05/2012,0.35,V ugm-3
23/05/2012,07/06/2012,0.29,V ugm-3
07/06/2012,20/06/2012,0.28,V ugm-3
20/06/2012,04/07/2012,0.29,V ugm-3
04/07/2012,19/07/2012,0.31,V ugm-3
19/07/2012,01/08/2012,0.57,V ugm-3
01/08/2012,15/08/2012,0.38,V ugm-3
15/08/2012,29/08/2012,0.36,V ugm-3
29/08/2012,12/09/2012,0.28,V ugm-3
12/09/2012,26/09/2012,0.27,V ugm-3
26/09/2012,10/10/2012,0.47,V ugm-3
10/10/2012,24/10/2012,0.6,V ugm-3
24/10/2012,07/11/2012,0.4,V ugm-3
07/11/2012,21/11/2012,0.81,V ugm-3
21/11/2012,05/12/2012,0.95,V ugm-3
05/12/2012,19/12/2012,1.48,V ugm-3
19/12/2012,03/01/2013,0.72,V ugm-3
Data for year 2013,,,
Multi-day data,,,
Belfast Centre,,,
Start Date,End Date,BENZENE,Status / units
03/01/2013,16/01/2013,,
16/01/2013,30/01/2013,0.97,V ugm-3
30/01/2013,01/02/2013,,
13/02/2013,06/03/2013,0.85,V ugm-3
06/03/2013,20/03/2013,0.91,V ugm-3
20/03/2013,03/04/2013,0.98,V ugm-3
03/04/2013,17/04/2013,0.53,V ugm-3
17/04/2013,01/05/2013,0.4,V ugm-3
01/05/2013,15/05/2013,0.28,V ugm-3
15/05/2013,29/05/2013,0.37,V ugm-3
29/05/2013,12/06/2013,,
12/06/2013,26/06/2013,0.35,V ugm-3
26/06/2013,10/07/2013,0.38,V ugm-3
10/07/2013,24/07/2013,0.51,V ugm-3
24/07/2013,07/08/2013,0.35,V ugm-3
07/08/2013,21/08/2013,0.37,V ugm-3
21/08/2013,04/09/2013,0.53,V ugm-3
04/09/2013,18/09/2013,0.4,V ugm-3
18/09/2013,02/10/2013,0.63,V ugm-3
02/10/2013,16/10/2013,0.54,V ugm-3
16/10/2013,30/10/2013,0.55,V ugm-3
30/10/2013,13/11/2013,1.27,V ugm-3
13/11/2013,27/11/2013,1.01,V ugm-3
27/11/2013,11/12/2013,0.57,V ugm-3
11/12/2013,24/12/2013,0.48,V ugm-3
24/12/2013,10/01/2014,0.57,V ugm-3
Data for year 2014,,,
Multi-day data,,,
Belfast Centre,,,
Start Date,End Date,BENZENE,Status / units
10/01/2014,22/01/2014,1.33,V ugm-3
22/01/2014,05/02/2014,0.98,V ugm-3
05/02/2014,19/02/2014,1.27,V ugm-3
19/02/2014,05/03/2014,0.9,V ugm-3
05/03/2014,19/03/2014,0.9,V ugm-3
19/03/2014,02/04/2014,0.54,V ugm-3
02/04/2014,16/04/2014,0.58,V ugm-3
16/04/2014,30/04/2014,0.51,V ugm-3
30/04/2014,14/05/2014,0.16,V ugm-3
14/05/2014,28/05/2014,0.46,V ugm-3
28/05/2014,11/06/2014,0.34,V ugm-3
11/06/2014,25/06/2014,0.23,V ugm-3
25/06/2014,09/07/2014,0.34,V ugm-3
09/07/2014,23/07/2014,0.35,V ugm-3
23/07/2014,06/08/2014,0.44,V ugm-3
06/08/2014,20/08/2014,0.24,V ugm-3
20/08/2014,03/09/2014,0.3,V ugm-3
03/09/2014,17/09/2014,0.6,V ugm-3
17/09/2014,01/10/2014,0.46,V ugm-3
01/10/2014,15/10/2014,0.65,V ugm-3
15/10/2014,29/10/2014,0.48,V ugm-3
29/10/2014,12/11/2014,0.63,V ugm-3
12/11/2014,26/11/2014,1.03,V ugm-3
26/11/2014,10/12/2014,1.2,V ugm-3
10/12/2014,24/12/2014,0.51,V ugm-3
24/12/2014,07/01/2015,1.13,V ugm-3
Data for year 2015,,,
Multi-day data,,,
Belfast Centre,,,
Start Date,End Date,BENZENE,Status / units
07/01/2015,21/01/2015,0.71,V ugm-3
21/01/2015,04/02/2015,0.98,V ugm-3
04/02/2015,18/02/2015,0.79,V ugm-3
18/02/2015,04/03/2015,0.6,V ugm-3
04/03/2015,18/03/2015,0.83,V ugm-3
18/03/2015,01/04/2015,0.71,V ugm-3
01/04/2015,15/04/2015,0.53,V ugm-3
15/04/2015,29/04/2015,0.55,V ugm-3
29/04/2015,13/05/2015,0.4,V ugm-3
13/05/2015,27/05/2015,0.25,V ugm-3
27/05/2015,10/06/2015,0.24,V ugm-3
10/06/2015,24/06/2015,0.19,V ugm-3
24/06/2015,08/07/2015,0.29,V ugm-3
08/07/2015,22/07/2015,0.29,V ugm-3
22/07/2015,05/08/2015,0.2,V ugm-3
05/08/2015,19/08/2015,0.39,V ugm-3
19/08/2015,02/09/2015,0.29,V ugm-3
02/09/2015,16/09/2015,0.29,V ugm-3
16/09/2015,30/09/2015,0.38,V ugm-3
30/09/2015,14/10/2015,0.7,V ugm-3
14/10/2015,28/10/2015,0.63,V ugm-3
28/10/2015,12/11/2015,0.59,V ugm-3
12/11/2015,25/11/2015,0.53,V ugm-3
25/11/2015,09/12/2015,0.65,V ugm-3
09/12/2015,23/12/2015,0.64,V ugm-3
23/12/2015,06/01/2016,0.73,V ugm-3
Data for year 2016,,,
Multi-day data,,,
Belfast Centre,,,
Start Date,End Date,BENZENE,Status / units
06/01/2016,20/01/2016,0.92,V ugm-3
20/01/2016,03/02/2016,0.5,V ugm-3
03/02/2016,17/02/2016,0.63,V ugm-3
17/02/2016,01/03/2016,0.69,V ugm-3
01/03/2016,16/03/2016,0.62,V ugm-3
16/03/2016,30/03/2016,0.5,V ugm-3
30/03/2016,13/04/2016,0.4,V ugm-3
13/04/2016,27/04/2016,0.4,V ugm-3
27/04/2016,09/05/2016,0.46,V ugm-3
09/05/2016,24/05/2016,0.28,V ugm-3
24/05/2016,08/06/2016,0.28,V ugm-3
08/06/2016,22/06/2016,0.2,V ugm-3
22/06/2016,06/07/2016,0.2,V ugm-3
06/07/2016,20/07/2016,0.2,V ugm-3
20/07/2016,03/08/2016,0.25,V ugm-3
03/08/2016,17/08/2016,0.2,V ugm-3
17/08/2016,30/08/2016,0.25,V ugm-3
30/08/2016,14/09/2016,0.26,V ugm-3
14/09/2016,28/09/2016,0.26,V ugm-3
28/09/2016,12/10/2016,0.33,V ugm-3
12/10/2016,26/10/2016,0.88,V ugm-3
26/10/2016,09/11/2016,0.59,V ugm-3
09/11/2016,23/11/2016,0.71,V ugm-3
23/11/2016,07/12/2016,1.33,V ugm-3
07/12/2016,21/12/2016,0.77,V ugm-3
21/12/2016,04/01/2017,0.5,V ugm-3
Data for year 2017,,,
Multi-day data,,,
Belfast Centre,,,
Start Date,End Date,BENZENE,Status / units
04/01/2017,18/01/2017,0.55,V ugm-3
18/01/2017,01/02/2017,0.97,V ugm-3
01/02/2017,15/02/2017,0.87,V ugm-3
15/02/2017,01/03/2017,0.63,V ugm-3
01/03/2017,15/03/2017,0.6,V ugm-3
15/03/2017,29/03/2017,0.64,V ugm-3
29/03/2017,12/04/2017,0.4,V ugm-3
12/04/2017,26/04/2017,0.29,V ugm-3
26/04/2017,10/05/2017,0.28,V ugm-3
10/05/2017,24/05/2017,0.28,V ugm-3
24/05/2017,07/06/2017,0.19,V ugm-3
07/06/2017,21/06/2017,0.18,V ugm-3
21/06/2017,24/07/2017,0.13,V ugm-3
24/07/2017,07/08/2017,0.23,V ugm-3
07/08/2017,23/08/2017,0.24,V ugm-3
23/08/2017,06/09/2017,0.3,V ugm-3
06/09/2017,20/09/2017,0.3,V ugm-3
20/09/2017,03/10/2017,0.36,V ugm-3
03/10/2017,17/10/2017,0.25,V ugm-3
17/10/2017,01/11/2017,0.47,V ugm-3
01/11/2017,15/11/2017,0.6,V ugm-3
15/11/2017,29/11/2017,0.56,V ugm-3
29/11/2017,12/12/2017,0.61,V ugm-3
12/12/2017,27/12/2017,0.69,V ugm-3
27/12/2017,10/01/2018,0.71,V ugm-3
Data for year 2018,,,
Multi-day data,,,
Belfast Centre,,,
Start Date,End Date,BENZENE,Status / units
10/01/2018,24/01/2018,0.68,V ugm-3
24/01/2018,07/02/2018,0.65,V ugm-3
07/02/2018,21/02/2018,,
21/02/2018,07/03/2018,0.83,V ugm-3
07/03/2018,21/03/2018,0.79,V ugm-3
21/03/2018,04/04/2018,0.63,V ugm-3
04/04/2018,18/04/2018,0.56,V ugm-3
18/04/2018,02/05/2018,0.4,V ugm-3
02/05/2018,16/05/2018,0.3,V ugm-3
16/05/2018,30/05/2018,0.27,V ugm-3
30/05/2018,13/06/2018,0.25,V ugm-3
13/06/2018,27/06/2018,0.18,V ugm-3
27/06/2018,11/07/2018,0.24,V ugm-3
11/07/2018,25/07/2018,0.2,V ugm-3
25/07/2018,08/08/2018,0.17,V ugm-3
08/08/2018,22/08/2018,0.16,V ugm-3
22/08/2018,06/09/2018,0.4,V ugm-3
06/09/2018,19/09/2018,0.28,V ugm-3
19/09/2018,03/10/2018,0.33,V ugm-3
03/10/2018,18/10/2018,0.4,V ugm-3
18/10/2018,31/10/2018,0.46,V ugm-3
31/10/2018,14/11/2018,0.58,V ugm-3
14/11/2018,28/11/2018,0.72,V ugm-3
28/11/2018,12/12/2018,0.6,V ugm-3
12/12/2018,28/12/2018,0.73,V ugm-3
28/12/2018,08/01/2019,0.53,V ugm-3
Data for year 2019,,,
Multi-day data,,,
Belfast Centre,,,
Start Date,End Date,BENZENE,Status / units
08/01/2019,22/01/2019,0.64,V ugm-3
22/01/2019,07/02/2019,0.58,V ugm-3
07/02/2019,20/02/2019,0.54,V ugm-3
20/02/2019,06/03/2019,0.77,V ugm-3
06/03/2019,20/03/2019,0.47,V ugm-3
20/03/2019,03/04/2019,0.45,V ugm-3
03/04/2019,17/04/2019,0.57,V ugm-3
17/04/2019,01/05/2019,0.51,V ugm-3
01/05/2019,15/05/2019,0.28,V ugm-3
15/05/2019,29/05/2019,0.21,V ugm-3
29/05/2019,12/06/2019,0.17,V ugm-3
12/06/2019,26/06/2019,0.16,V ugm-3
26/06/2019,05/07/2019,0.16,V ugm-3
10/07/2019,24/07/2019,0.17,V ugm-3
24/07/2019,08/08/2019,0.19,V ugm-3
08/08/2019,21/08/2019,0.22,V ugm-3
21/08/2019,04/09/2019,0.22,V ugm-3
04/09/2019,18/09/2019,0.29,V ugm-3
18/09/2019,04/10/2019,0.35,V ugm-3
04/10/2019,15/10/2019,0.37,V ugm-3
15/10/2019,30/10/2019,0.42,V ugm-3
30/10/2019,12/11/2019,0.63,V ugm-3
12/11/2019,26/11/2019,0.82,V ugm-3
26/11/2019,10/12/2019,0.73,V ugm-3
10/12/2019,23/12/2019,0.77,V ugm-3
23/12/2019,07/01/2020,0.7,V ugm-3
Data for year 2020,,,
Multi-day data,,,
Belfast Centre,,,
Start Date,End Date,BENZENE,Status / units
07/01/2020,21/01/2020,0.63,V ugm-3
21/01/2020,04/02/2020,0.57,V ugm-3
04/02/2020,19/02/2020,0.55,V ugm-3
19/02/2020,04/03/2020,0.54,V ugm-3
04/03/2020,18/03/2020,0.38,V ugm-3
18/03/2020,31/03/2020,0.46,V ugm-3
31/03/2020,15/04/2020,0.4,V ugm-3
15/04/2020,27/04/2020,0.29,V ugm-3
27/04/2020,11/05/2020,0.25,V ugm-3
11/05/2020,24/05/2020,0.2,V ugm-3
24/05/2020,08/06/2020,0.16,V ugm-3
08/06/2020,22/06/2020,0.14,V ugm-3
22/06/2020,06/07/2020,0.12,V ugm-3
06/07/2020,20/07/2020,0.22,V ugm-3
20/07/2020,03/08/2020,0.13,V ugm-3
03/08/2020,18/08/2020,0.2,V ugm-3
18/08/2020,01/09/2020,0.14,V ugm-3
01/09/2020,16/09/2020,0.17,V ugm-3
16/09/2020,05/10/2020,0.27,V ugm-3
05/10/2020,19/10/2020,0.4,V ugm-3
19/10/2020,02/11/2020,0.36,V ugm-3
02/11/2020,16/11/2020,0.43,V ugm-3
16/11/2020,07/12/2020,0.57,V ugm-3
07/12/2020,21/12/2020,0.59,V ugm-3
21/12/2020,11/01/2021,0.76,V ugm-3
Data for year 2021,,,
Multi-day data,,,
Belfast Centre,,,
Start Date,End Date,BENZENE,Status / units
11/01/2021,25/01/2021,0.77,V ugm-3
25/01/2021,08/02/2021,0.7,V ugm-3
08/02/2021,22/02/2021,0.52,V ugm-3
22/02/2021,08/03/2021,0.64,V ugm-3
08/03/2021,22/03/2021,0.37,V ugm-3
22/03/2021,07/04/2021,0.39,V ugm-3
07/04/2021,19/04/2021,0.46,V ugm-3
19/04/2021,04/05/2021,0.34,V ugm-3
04/05/2021,17/05/2021,0.29,V ugm-3
17/05/2021,01/06/2021,0.25,V ugm-3
01/06/2021,14/06/2021,0.19,V ugm-3
14/06/2021,28/06/2021,0.19,V ugm-3
28/06/2021,11/07/2021,0.22,V ugm-3
11/07/2021,26/07/2021,0.28,V ugm-3
26/07/2021,09/08/2021,0.22,V ugm-3
09/08/2021,23/08/2021,0.22,V ugm-3
23/08/2021,06/09/2021,0.37,V ugm-3
06/09/2021,20/09/2021,0.41,V ugm-3
20/09/2021,04/10/2021,0.24,V ugm-3
04/10/2021,18/10/2021,0.18,V ugm-3
18/10/2021,01/11/2021,0.29,V ugm-3
01/11/2021,15/11/2021,0.32,V ugm-3
15/11/2021,29/11/2021,0.37,V ugm-3
29/11/2021,13/12/2021,0.4,V ugm-3
13/12/2021,29/12/2021,0.6,V ugm-3
29/12/2021,10/01/2022,0.53,V ugm-3
Data for year 2022,,,
Multi-day data,,,
Belfast Centre,,,
Start Date,End Date,BENZENE,Status / units
10/01/2022,24/01/2022,0.66,V ugm-3
24/01/2022,07/02/2022,0.55,V ugm-3
07/02/2022,21/02/2022,0.46,V ugm-3
21/02/2022,07/03/2022,0.51,V ugm-3
07/03/2022,21/03/2022,0.43,V ugm-3
21/03/2022,05/04/2022,0.64,V ugm-3
05/04/2022,20/04/2022,0.47,V ugm-3
20/04/2022,03/05/2022,0.42,V ugm-3
03/05/2022,16/05/2022,0.12,V ugm-3
16/05/2022,01/06/2022,0.08,V ugm-3
01/06/2022,15/06/2022,0.14,V ugm-3
15/06/2022,29/06/2022,0.12,V ugm-3
29/06/2022,11/07/2022,0.13,V ugm-3
11/07/2022,27/07/2022,0.25,V ugm-3
27/07/2022,16/08/2022,0.18,V ugm-3
16/08/2022,24/08/2022,0.2,V ugm-3
24/08/2022,07/09/2022,0.18,V ugm-3
07/09/2022,21/09/2022,0.28,V ugm-3
21/09/2022,05/10/2022,0.22,V ugm-3
05/10/2022,19/10/2022,0.39,V ugm-3
19/10/2022,02/11/2022,0.3,V ugm-3
02/11/2022,16/11/2022,0.28,V ugm-3
16/11/2022,30/11/2022,0.64,V ugm-3
30/11/2022,14/12/2022,0.94,V ugm-3
14/12/2022,28/12/2022,0.69,V ugm-3
28/12/2022,11/01/2023,0.47,V ugm-3
Data for year 2023,,,
Multi-day data,,,
Belfast Centre,,,
Start Date,End Date,BENZENE,Status / units
11/01/2023,25/01/2023,0.46,V ugm-3
25/01/2023,08/02/2023,0.52,V ugm-3
08/02/2023,22/02/2023,0.42,V ugm-3
22/02/2023,08/03/2023,0.51,V ugm-3
08/03/2023,22/03/2023,0.46,V ugm-3
22/03/2023,05/04/2023,0.37,V ugm-3
05/04/2023,19/04/2023,0.45,V ugm-3
19/04/2023,03/05/2023,0.33,V ugm-3
03/05/2023,17/05/2023,0.23,V ugm-3
17/05/2023,30/05/2023,0.24,V ugm-3
30/05/2023,14/06/2023,0.45,V ugm-3
14/06/2023,28/06/2023,0.36,V ugm-3
28/06/2023,10/07/2023,0.18,V ugm-3
10/07/2023,27/07/2023,0.24,V ugm-3
27/07/2023,09/08/2023,0.24,V ugm-3
09/08/2023,23/08/2023,,
23/08/2023,06/09/2023,0.33,V ugm-3
06/09/2023,20/09/2023,0.37,V ugm-3
20/09/2023,04/10/2023,0.41,V ugm-3
04/10/2023,17/10/2023,0.69,V ugm-3
17/10/2023,01/11/2023,0.37,V ugm-3
01/11/2023,15/11/2023,0.56,V ugm-3
15/11/2023,29/11/2023,0.6,V ugm-3
29/11/2023,13/12/2023,0.78,V ugm-3
13/12/2023,27/12/2023,0.47,V ugm-3
27/12/2023,11/01/2024,0.73,V ugm-3
Data for year 2024,,,
Multi-day data,,,
Belfast Centre,,,
Start Date,End Date,BENZENE,Status / units
11/01/2024,24/01/2024,0.38,V ugm-3
24/01/2024,07/02/2024,0.41,V ugm-3
07/02/2024,21/02/2024,0.62,V ugm-3
21/02/2024,06/03/2024,0.61,V ugm-3
06/03/2024,19/03/2024,0.66,V ugm-3
19/03/2024,03/04/2024,0.49,V ugm-3
03/04/2024,17/04/2024,0.28,V ugm-3
17/04/2024,30/04/2024,0.34,V ugm-3
30/04/2024,14/05/2024,0.28,V ugm-3
14/05/2024,29/05/2024,0.24,V ugm-3
29/05/2024,12/06/2024,0.18,V ugm-3
12/06/2024,01/07/2024,0.18,V ugm-3
01/07/2024,10/07/2024,0.19,V ugm-3
10/07/2024,24/07/2024,0.15,V ugm-3
24/07/2024,07/08/2024,0.2,V ugm-3
07/08/2024,21/08/2024,0.31,V ugm-3
21/08/2024,04/09/2024,0.38,V ugm-3
04/09/2024,18/09/2024,,
18/09/2024,02/10/2024,0.41,V ugm-3
02/10/2024,17/10/2024,0.43,V ugm-3
17/10/2024,30/10/2024,0.41,V ugm-3
30/10/2024,12/11/2024,0.85,V ugm-3
12/11/2024,27/11/2024,0.55,V ugm-3
27/11/2024,23/12/2024,0.38,V ugm-3
23/12/2024,08/01/2025,0.41,V ugm-3
Data for year 2025,,,
Multi-day data,,,
Belfast Centre,,,
Start Date,End Date,BENZENE,Status / units
08/01/2025,22/01/2025,0.72,V ugm-3
22/01/2025,05/02/2025,0.56,V ugm-3
05/02/2025,19/02/2025,0.83,V ugm-3
19/02/2025,05/03/2025,0.31,V ugm-3
05/03/2025,19/03/2025,0.47,V ugm-3
19/03/2025,02/04/2025,0.44,V ugm-3
02/04/2025,16/04/2025,0.38,V ugm-3
16/04/2025,30/04/2025,0.32,V ugm-3
30/04/2025,14/05/2025,0.34,V ugm-3
14/05/2025,28/05/2025,0.17,V ugm-3
28/05/2025,17/06/2025,0.3,V ugm-3
17/06/2025,25/06/2025,0.31,V ugm-3
25/06/2025,09/07/2025,0.17,V ugm-3
09/07/2025,23/07/2025,0.22,V ugm-3
23/07/2025,06/08/2025,0.22,V ugm-3
06/08/2025,20/08/2025,0.34,V ugm-3
20/08/2025,03/09/2025,0.22,V ugm-3
03/09/2025,17/09/2025,0.19,V ugm-3
17/09/2025,01/10/2025,0.44,V ugm-3
01/10/2025,15/10/2025,0.33,V ugm-3
15/10/2025,29/10/2025,0.29,V ugm-3
29/10/2025,12/11/2025,0.37,V ugm-3
12/11/2025,26/11/2025,0.49,V ugm-3
26/11/2025,10/12/2025,0.5,V ugm-3
10/12/2025,22/12/2025,0.73,V ugm-3
22/12/2025,07/01/2026,0.61,V ugm-3
Data for year 2002,,,
Multi-day data,,,
Belfast Roadside,,,
Start Date,End Date,BENZENE,Status / units
23/04/2002,07/05/2002,2.89,V ugm-3
07/05/2002,21/05/2002,2.76,V ugm-3
21/05/2002,04/06/2002,1.56,V ugm-3
04/06/2002,18/06/2002,1.37,V ugm-3
18/06/2002,02/07/2002,1.59,V ugm-3
02/07/2002,16/07/2002,1.72,V ugm-3
16/07/2002,30/07/2002,2.21,V ugm-3
30/07/2002,13/08/2002,2.44,V ugm-3
13/08/2002,27/08/2002,2.18,V ugm-3
27/08/2002,10/09/2002,2.41,V ugm-3
10/09/2002,24/09/2002,3.71,V ugm-3
24/09/2002,08/10/2002,2.76,V ugm-3
08/10/2002,22/10/2002,3.87,V ugm-3
22/10/2002,05/11/2002,2.99,V ugm-3
05/11/2002,19/11/2002,2.63,V ugm-3
19/11/2002,03/12/2002,2.47,V ugm-3
03/12/2002,31/12/2002,2.57,V ugm-3
31/12/2002,14/01/2003,4.19,V ugm-3
Data for year 2003,,,
Multi-day data,,,
Belfast Roadside,,,
Start Date,End Date,BENZENE,Status / units
14/01/2003,11/02/2003,2.24,V ugm-3
11/02/2003,25/02/2003,4.19,V ugm-3
25/02/2003,11/03/2003,2.6,V ugm-3
11/03/2003,25/03/2003,3.51,V ugm-3
25/03/2003,24/04/2003,2.15,V ugm-3
24/04/2003,06/05/2003,2.44,V ugm-3
06/05/2003,20/05/2003,1.66,V ugm-3
20/05/2003,03/06/2003,2.08,V ugm-3
03/06/2003,17/06/2003,1.69,V ugm-3
17/06/2003,01/07/2003,1.92,V ugm-3
01/07/2003,16/07/2003,1.4,V ugm-3
16/07/2003,29/07/2003,1.46,V ugm-3
29/07/2003,12/08/2003,1.63,V ugm-3
12/08/2003,26/08/2003,1.92,V ugm-3
26/08/2003,09/09/2003,2.6,V ugm-3
09/09/2003,23/09/2003,2.41,V ugm-3
23/09/2003,07/10/2003,2.24,V ugm-3
07/10/2003,21/10/2003,3.02,V ugm-3
21/10/2003,04/11/2003,2.67,V ugm-3
04/11/2003,18/11/2003,3.71,V ugm-3
18/11/2003,02/12/2003,4.36,V ugm-3
02/12/2003,16/12/2003,5.07,V ugm-3
16/12/2003,30/12/2003,3.32,V ugm-3
30/12/2003,13/01/2004,2.24,V ugm-3
Data for year 2004,,,
Multi-day data,,,
Belfast Roadside,,,
Start Date,End Date,BENZENE,Status / units
13/01/2004,27/01/2004,4.91,V ugm-3
27/01/2004,04/02/2004,4.03,V ugm-3
04/02/2004,10/02/2004,3.09,V ugm-3
10/02/2004,24/02/2004,5.36,V ugm-3
24/02/2004,09/03/2004,4.1,V ugm-3
09/03/2004,23/03/2004,2.57,V ugm-3
23/03/2004,06/04/2004,2.76,V ugm-3
06/04/2004,20/04/2004,2.63,V ugm-3
20/04/2004,04/05/2004,2.47,V ugm-3
04/05/2004,18/05/2004,2.73,V ugm-3
18/05/2004,15/06/2004,1.85,V ugm-3
15/06/2004,29/06/2004,1.46,V ugm-3
29/06/2004,14/07/2004,1.76,V ugm-3
14/07/2004,27/07/2004,1.33,V ugm-3
27/07/2004,10/08/2004,1.2,V ugm-3
10/08/2004,12/08/2004,2.5,V ugm-3
12/08/2004,24/08/2004,2.18,V ugm-3
24/08/2004,07/09/2004,1.82,V ugm-3
07/09/2004,21/09/2004,2.37,V ugm-3
21/09/2004,05/10/2004,2.11,V ugm-3
05/10/2004,19/10/2004,2.96,V ugm-3
19/10/2004,02/11/2004,2.28,V ugm-3
02/11/2004,16/11/2004,2.11,V ugm-3
16/11/2004,30/11/2004,2.5,V ugm-3
30/11/2004,14/12/2004,4.32,V ugm-3
14/12/2004,29/12/2004,3.02,V ugm-3
29/12/2004,11/01/2005,2.31,V ugm-3
Data for year 2005,,,
Multi-day data,,,
Belfast Roadside,,,
Start Date,End Date,BENZENE,Status / units
11/01/2005,25/01/2005,1.92,V ugm-3
25/01/2005,08/02/2005,2.83,V ugm-3
08/02/2005,23/02/2005,2.76,V ugm-3
23/02/2005,08/03/2005,2.89,V ugm-3
08/03/2005,22/03/2005,3.28,V ugm-3
22/03/2005,05/04/2005,3.32,V ugm-3
05/04/2005,19/04/2005,1.72,V ugm-3
19/04/2005,03/05/2005,2.15,V ugm-3
03/05/2005,17/05/2005,1.85,V ugm-3
17/05/2005,31/05/2005,1.33,V ugm-3
31/05/2005,14/06/2005,1.95,V ugm-3
14/06/2005,28/06/2005,1.17,V ugm-3
28/06/2005,26/07/2005,1.63,V ugm-3
26/07/2005,10/08/2005,1.59,V ugm-3
10/08/2005,23/08/2005,1.4,V ugm-3
23/08/2005,07/09/2005,1.04,V ugm-3
07/09/2005,20/09/2005,3.19,V ugm-3
20/09/2005,04/10/2005,2.99,V ugm-3
04/10/2005,18/10/2005,5.04,V ugm-3
18/10/2005,01/11/2005,3.84,V ugm-3
01/11/2005,15/11/2005,3.61,V ugm-3
15/11/2005,29/11/2005,4.97,V ugm-3
29/11/2005,13/12/2005,2.93,V ugm-3
13/12/2005,29/12/2005,5.17,V ugm-3
29/12/2005,11/01/2006,3.41,V ugm-3
Data for year 2006,,,
Multi-day data,,,
Belfast Roadside,,,
Start Date,End Date,BENZENE,Status / units
11/01/2006,08/02/2006,4.81,V ugm-3
08/02/2006,22/02/2006,3.15,V ugm-3
22/02/2006,08/03/2006,3.02,V ugm-3
08/03/2006,22/03/2006,1.82,V ugm-3
22/03/2006,05/04/2006,2.44,V ugm-3
05/04/2006,19/04/2006,2.02,V ugm-3
19/04/2006,03/05/2006,1.59,V ugm-3
03/05/2006,17/05/2006,1.5,V ugm-3
17/05/2006,31/05/2006,0.81,V ugm-3
31/05/2006,14/06/2006,1.33,V ugm-3
14/06/2006,28/06/2006,0.72,V ugm-3
28/06/2006,11/07/2006,1.33,V ugm-3
11/07/2006,25/07/2006,1.27,V ugm-3
25/07/2006,08/08/2006,1.07,V ugm-3
08/08/2006,22/08/2006,1.3,V ugm-3
22/08/2006,05/09/2006,0.91,V ugm-3
05/09/2006,19/09/2006,1.72,V ugm-3
19/09/2006,03/10/2006,1.69,V ugm-3
03/10/2006,17/10/2006,1.33,V ugm-3
17/10/2006,31/10/2006,0.94,V ugm-3
31/10/2006,14/11/2006,1.17,V ugm-3
14/11/2006,28/11/2006,0.91,V ugm-3
28/11/2006,12/12/2006,0.91,V ugm-3
12/12/2006,27/12/2006,2.18,V ugm-3
27/12/2006,09/01/2007,1.24,V ugm-3
Data for year 2007,,,
Multi-day data,,,
Belfast Roadside,,,
Start Date,End Date,BENZENE,Status / units
09/01/2007,23/01/2007,2.54,V ugm-3
23/01/2007,06/02/2007,2.05,V ugm-3
06/02/2007,20/02/2007,1.5,V ugm-3
20/02/2007,06/03/2007,1.01,V ugm-3
06/03/2007,20/03/2007,1.17,V ugm-3
20/03/2007,03/04/2007,1.72,V ugm-3
03/04/2007,17/04/2007,1.4,V ugm-3
17/04/2007,01/05/2007,0.62,V ugm-3
01/05/2007,15/05/2007,0.65,V ugm-3
15/05/2007,29/05/2007,1.04,V ugm-3
29/05/2007,12/06/2007,1.24,V ugm-3
12/06/2007,26/06/2007,1.4,V ugm-3
26/06/2007,10/07/2007,1.07,V ugm-3
10/07/2007,24/07/2007,1.01,V ugm-3
24/07/2007,07/08/2007,1.04,V ugm-3
07/08/2007,21/08/2007,1.27,V ugm-3
21/08/2007,04/09/2007,1.17,V ugm-3
04/09/2007,18/09/2007,1.37,V ugm-3
18/09/2007,02/10/2007,0.91,V ugm-3
02/10/2007,09/10/2007,1.33,V ugm-3
Data for year 2016,,,
Multi-day data,,,
Birmingham A4540 Roadside,,,
Start Date,End Date,BENZENE,Status / units
06/09/2016,21/09/2016,0.64,V ugm-3
21/09/2016,05/10/2016,0.55,V ugm-3
05/10/2016,19/10/2016,0.53,V ugm-3
19/10/2016,02/11/2016,0.3,V ugm-3
02/11/2016,16/11/2016,0.74,V ugm-3
16/11/2016,30/11/2016,0.7,V ugm-3
30/11/2016,14/12/2016,1.28,V ugm-3
14/12/2016,28/12/2016,1.05,V ugm-3
28/12/2016,11/01/2017,1.09,V ugm-3
Data for year 2017,,,
Multi-day data,,,
Birmingham A4540 Roadside,,,
Start Date,End Date,BENZENE,Status / units
11/01/2017,25/01/2017,1.23,V ugm-3
25/01/2017,09/02/2017,1.01,V ugm-3
09/02/2017,22/02/2017,1.27,V ugm-3
22/02/2017,08/03/2017,0.7,V ugm-3
08/03/2017,22/03/2017,0.76,V ugm-3
22/03/2017,05/04/2017,0.81,V ugm-3
05/04/2017,19/04/2017,0.6,V ugm-3
19/04/2017,03/05/2017,0.5,V ugm-3
03/05/2017,17/05/2017,0.4,V ugm-3
17/05/2017,31/05/2017,0.37,V ugm-3
31/05/2017,14/06/2017,0.32,V ugm-3
14/06/2017,28/06/2017,0.39,V ugm-3
28/06/2017,12/07/2017,0.37,V ugm-3
12/07/2017,26/07/2017,0.36,V ugm-3
26/07/2017,09/08/2017,0.36,V ugm-3
09/08/2017,23/08/2017,0.54,V ugm-3
23/08/2017,06/09/2017,0.66,V ugm-3
06/09/2017,20/09/2017,0.54,V ugm-3
20/09/2017,04/10/2017,0.64,V ugm-3
04/10/2017,18/10/2017,0.47,V ugm-3
18/10/2017,01/11/2017,0.82,V ugm-3
01/11/2017,15/11/2017,1.23,V ugm-3
15/11/2017,29/11/2017,0.9,V ugm-3
29/11/2017,13/12/2017,0.95,V ugm-3
13/12/2017,27/12/2017,1,V ugm-3
27/12/2017,10/01/2018,1,V ugm-3
Data for year 2018,,,
Multi-day data,,,
Birmingham A4540 Roadside,,,
Start Date,End Date,BENZENE,Status / units
10/01/2018,24/01/2018,0.98,V ugm-3
24/01/2018,07/02/2018,0.89,V ugm-3
07/02/2018,21/02/2018,0.83,V ugm-3
21/02/2018,07/03/2018,1.16,V ugm-3
07/03/2018,21/03/2018,0.91,V ugm-3
21/03/2018,04/04/2018,0.7,V ugm-3
04/04/2018,17/04/2018,0.82,V ugm-3
17/04/2018,02/05/2018,0.52,V ugm-3
02/05/2018,16/05/2018,0.71,V ugm-3
16/05/2018,30/05/2018,0.55,V ugm-3
30/05/2018,13/06/2018,0.39,V ugm-3
13/06/2018,27/06/2018,0.28,V ugm-3
27/06/2018,11/07/2018,0.28,V ugm-3
11/07/2018,25/07/2018,0.34,V ugm-3
25/07/2018,08/08/2018,0.3,V ugm-3
08/08/2018,22/08/2018,0.27,V ugm-3
22/08/2018,05/09/2018,0.49,V ugm-3
05/09/2018,19/09/2018,0.46,V ugm-3
19/09/2018,03/10/2018,0.59,V ugm-3
03/10/2018,17/10/2018,0.54,V ugm-3
17/10/2018,31/10/2018,0.77,V ugm-3
31/10/2018,14/11/2018,0.69,V ugm-3
14/11/2018,28/11/2018,0.95,V ugm-3
28/11/2018,12/12/2018,0.6,V ugm-3
12/12/2018,27/12/2018,0.79,V ugm-3
27/12/2018,09/01/2019,0.76,V ugm-3
Data for year 2019,,,
Multi-day data,,,
Birmingham A4540 Roadside,,,
Start Date,End Date,BENZENE,Status / units
09/01/2019,23/01/2019,0.82,V ugm-3
23/01/2019,06/02/2019,1.03,V ugm-3
06/02/2019,20/02/2019,0.94,V ugm-3
20/02/2019,06/03/2019,1.67,V ugm-3
06/03/2019,20/03/2019,0.53,V ugm-3
20/03/2019,03/04/2019,0.7,V ugm-3
03/04/2019,17/04/2019,0.64,V ugm-3
17/04/2019,01/05/2019,0.68,V ugm-3
01/05/2019,15/05/2019,0.42,V ugm-3
15/05/2019,29/05/2019,0.4,V ugm-3
29/05/2019,12/06/2019,0.33,V ugm-3
12/06/2019,26/06/2019,0.36,V ugm-3
26/06/2019,10/07/2019,0.29,V ugm-3
10/07/2019,24/07/2019,0.34,V ugm-3
24/07/2019,07/08/2019,0.36,V ugm-3
07/08/2019,21/08/2019,0.4,V ugm-3
21/08/2019,04/09/2019,0.56,V ugm-3
04/09/2019,18/09/2019,0.57,V ugm-3
18/09/2019,02/10/2019,0.6,V ugm-3
02/10/2019,16/10/2019,0.47,V ugm-3
16/10/2019,30/10/2019,0.67,V ugm-3
30/10/2019,13/11/2019,0.82,V ugm-3
13/11/2019,27/11/2019,0.82,V ugm-3
27/11/2019,11/12/2019,1.17,V ugm-3
11/12/2019,24/12/2019,1.02,V ugm-3
24/12/2019,08/01/2020,0.89,V ugm-3
Data for year 2020,,,
Multi-day data,,,
Birmingham A4540 Roadside,,,
Start Date,End Date,BENZENE,Status / units
08/01/2020,22/01/2020,0.81,V ugm-3
22/01/2020,04/02/2020,0.84,V ugm-3
04/02/2020,19/02/2020,0.77,V ugm-3
19/02/2020,03/03/2020,0.65,V ugm-3
03/03/2020,18/03/2020,0.47,V ugm-3
18/03/2020,01/04/2020,0.7,V ugm-3
01/04/2020,22/04/2020,0.58,V ugm-3
22/04/2020,05/05/2020,0.4,V ugm-3
05/05/2020,20/05/2020,0.42,V ugm-3
20/05/2020,02/06/2020,0.26,V ugm-3
02/06/2020,16/06/2020,0.27,V ugm-3
16/06/2020,01/07/2020,0.23,V ugm-3
01/07/2020,15/07/2020,0.32,V ugm-3
15/07/2020,30/07/2020,0.36,V ugm-3
30/07/2020,11/08/2020,0.35,V ugm-3
11/08/2020,26/08/2020,0.31,V ugm-3
26/08/2020,09/09/2020,0.46,V ugm-3
09/09/2020,23/09/2020,0.54,V ugm-3
23/09/2020,07/10/2020,0.55,V ugm-3
07/10/2020,21/10/2020,0.77,V ugm-3
21/10/2020,12/11/2020,0.99,V ugm-3
12/11/2020,19/11/2020,0.49,V ugm-3
19/11/2020,02/12/2020,1.15,V ugm-3
02/12/2020,15/12/2020,0.52,V ugm-3
15/12/2020,30/12/2020,0.68,V ugm-3
30/12/2020,13/01/2021,1.2,V ugm-3
Data for year 2021,,,
Multi-day data,,,
Birmingham A4540 Roadside,,,
Start Date,End Date,BENZENE,Status / units
13/01/2021,27/01/2021,0.9,V ugm-3
27/01/2021,10/02/2021,0.86,V ugm-3
10/02/2021,24/02/2021,0.84,V ugm-3
24/02/2021,10/03/2021,1.51,V ugm-3
10/03/2021,24/03/2021,0.66,V ugm-3
24/03/2021,07/04/2021,0.72,V ugm-3
07/04/2021,21/04/2021,0.85,V ugm-3
21/04/2021,05/05/2021,0.56,V ugm-3
05/05/2021,19/05/2021,0.55,V ugm-3
19/05/2021,03/06/2021,0.56,V ugm-3
03/06/2021,16/06/2021,0.39,V ugm-3
16/06/2021,30/06/2021,0.45,V ugm-3
30/06/2021,14/07/2021,0.59,V ugm-3
14/07/2021,28/07/2021,0.65,V ugm-3
28/07/2021,11/08/2021,0.48,V ugm-3
11/08/2021,25/08/2021,0.46,V ugm-3
25/08/2021,09/09/2021,0.67,V ugm-3
09/09/2021,22/09/2021,0.74,V ugm-3
22/09/2021,06/10/2021,0.37,V ugm-3
06/10/2021,20/10/2021,0.42,V ugm-3
20/10/2021,03/11/2021,0.49,V ugm-3
03/11/2021,17/11/2021,0.51,V ugm-3
17/11/2021,02/12/2021,0.64,V ugm-3
02/12/2021,15/12/2021,0.65,V ugm-3
15/12/2021,29/12/2021,0.8,V ugm-3
29/12/2021,12/01/2022,0.83,V ugm-3
Data for year 2022,,,
Multi-day data,,,
Birmingham A4540 Roadside,,,
Start Date,End Date,BENZENE,Status / units
12/01/2022,26/01/2022,1.45,V ugm-3
26/01/2022,09/02/2022,0.65,V ugm-3
09/02/2022,23/02/2022,0.64,V ugm-3
23/02/2022,09/03/2022,0.69,V ugm-3
09/03/2022,23/03/2022,0.91,V ugm-3
23/03/2022,06/04/2022,1.03,V ugm-3
06/04/2022,21/04/2022,0.45,V ugm-3
21/04/2022,04/05/2022,0.74,V ugm-3
04/05/2022,18/05/2022,0.26,V ugm-3
18/05/2022,31/05/2022,0.31,V ugm-3
31/05/2022,16/06/2022,0.39,V ugm-3
16/06/2022,29/06/2022,0.45,V ugm-3
29/06/2022,13/07/2022,0.31,V ugm-3
13/07/2022,27/07/2022,0.38,V ugm-3
27/07/2022,11/08/2022,0.33,V ugm-3
11/08/2022,23/08/2022,0.45,V ugm-3
23/08/2022,07/09/2022,0.36,V ugm-3
07/09/2022,21/09/2022,0.68,V ugm-3
21/09/2022,05/10/2022,0.58,V ugm-3
05/10/2022,19/10/2022,0.78,V ugm-3
19/10/2022,02/11/2022,0.58,V ugm-3
02/11/2022,17/11/2022,0.75,V ugm-3
17/11/2022,30/11/2022,0.92,V ugm-3
30/11/2022,14/12/2022,1.28,V ugm-3
14/12/2022,28/12/2022,0.97,V ugm-3
28/12/2022,11/01/2023,0.61,V ugm-3
Data for year 2023,,,
Multi-day data,,,
Birmingham A4540 Roadside,,,
Start Date,End Date,BENZENE,Status / units
11/01/2023,25/01/2023,1.09,V ugm-3
25/01/2023,07/02/2023,1.05,V ugm-3
07/02/2023,22/02/2023,1.05,V ugm-3
22/02/2023,08/03/2023,0.8,V ugm-3
08/03/2023,22/03/2023,0.8,V ugm-3
22/03/2023,05/04/2023,0.52,V ugm-3
05/04/2023,19/04/2023,0.66,V ugm-3
19/04/2023,03/05/2023,0.56,V ugm-3
03/05/2023,16/05/2023,0.5,V ugm-3
16/05/2023,31/05/2023,0.44,V ugm-3
31/05/2023,14/06/2023,0.39,V ugm-3
14/06/2023,27/06/2023,0.61,V ugm-3
27/06/2023,12/07/2023,0.37,V ugm-3
12/07/2023,26/07/2023,0.45,V ugm-3
26/07/2023,09/08/2023,0.46,V ugm-3
09/08/2023,23/08/2023,0.54,V ugm-3
23/08/2023,06/09/2023,0.73,V ugm-3
06/09/2023,20/09/2023,0.77,V ugm-3
20/09/2023,05/10/2023,0.49,V ugm-3
05/10/2023,18/10/2023,1.04,V ugm-3
18/10/2023,01/11/2023,0.85,V ugm-3
01/11/2023,15/11/2023,0.87,V ugm-3
15/11/2023,29/11/2023,1.01,V ugm-3
29/11/2023,12/12/2023,1.25,V ugm-3
12/12/2023,27/12/2023,0.73,V ugm-3
27/12/2023,10/01/2024,0.71,V ugm-3
Data for year 2024,,,
Multi-day data,,,
Birmingham A4540 Roadside,,,
Start Date,End Date,BENZENE,Status / units
10/01/2024,24/01/2024,0.89,V ugm-3
24/01/2024,07/02/2024,0.66,V ugm-3
07/02/2024,21/02/2024,0.86,V ugm-3
21/02/2024,06/03/2024,1.31,V ugm-3
06/03/2024,20/03/2024,0.91,V ugm-3
20/03/2024,04/04/2024,1.3,V ugm-3
04/04/2024,18/04/2024,0.47,V ugm-3
18/04/2024,01/05/2024,0.53,V ugm-3
01/05/2024,16/05/2024,0.52,V ugm-3
16/05/2024,29/05/2024,0.56,V ugm-3
29/05/2024,12/06/2024,0.44,V ugm-3
12/06/2024,25/06/2024,0.33,V ugm-3
25/06/2024,10/07/2024,0.37,V ugm-3
10/07/2024,25/07/2024,0.5,V ugm-3
25/07/2024,07/08/2024,0.56,V ugm-3
07/08/2024,22/08/2024,0.57,V ugm-3
22/08/2024,05/09/2024,0.6,V ugm-3
05/09/2024,18/09/2024,0.64,V ugm-3
18/09/2024,02/10/2024,0.7,V ugm-3
02/10/2024,16/10/2024,0.65,V ugm-3
16/10/2024,30/10/2024,0.74,V ugm-3
30/10/2024,13/11/2024,0.72,V ugm-3
13/11/2024,27/11/2024,0.83,V ugm-3
27/11/2024,23/12/2024,0.6,V ugm-3
23/12/2024,07/01/2025,0.66,V ugm-3
Data for year 2025,,,
Multi-day data,,,
Birmingham A4540 Roadside,,,
Start Date,End Date,BENZENE,Status / units
07/01/2025,21/01/2025,1.66,V ugm-3
21/01/2025,04/02/2025,0.88,V ugm-3
04/02/2025,19/02/2025,1.12,V ugm-3
19/02/2025,05/03/2025,0.86,V ugm-3
05/03/2025,20/03/2025,0.82,V ugm-3
20/03/2025,02/04/2025,0.61,V ugm-3
02/04/2025,16/04/2025,0.55,V ugm-3
16/04/2025,30/04/2025,0.45,V ugm-3
30/04/2025,15/05/2025,0.51,V ugm-3
15/05/2025,28/05/2025,0.35,V ugm-3
28/05/2025,12/06/2025,0.41,V ugm-3
12/06/2025,27/06/2025,0.38,V ugm-3
27/06/2025,09/07/2025,0.31,V ugm-3
09/07/2025,23/07/2025,0.37,V ugm-3
23/07/2025,06/08/2025,0.45,V ugm-3
06/08/2025,20/08/2025,0.51,V ugm-3
20/08/2025,03/09/2025,0.49,V ugm-3
03/09/2025,17/09/2025,0.39,V ugm-3
17/09/2025,02/10/2025,0.89,V ugm-3
02/10/2025,15/10/2025,0.59,V ugm-3
15/10/2025,28/10/2025,0.5,V ugm-3
28/10/2025,12/11/2025,0.65,V ugm-3
12/11/2025,27/11/2025,0.87,V ugm-3
27/11/2025,11/12/2025,0.59,V ugm-3
11/12/2025,23/12/2025,0.95,V ugm-3
23/12/2025,07/01/2026,0.73,V ugm-3
Data for year 2011,,,
Multi-day data,,,
Birmingham Acocks Green,,,
Start Date,End Date,BENZENE,Status / units
21/06/2011,05/07/2011,0.36,V ugm-3
05/07/2011,19/07/2011,0.34,V ugm-3
19/07/2011,02/08/2011,0.39,V ugm-3
02/08/2011,16/08/2011,0.28,V ugm-3
16/08/2011,30/08/2011,0.36,V ugm-3
30/08/2011,13/09/2011,0.28,V ugm-3
13/09/2011,27/09/2011,0.36,V ugm-3
27/09/2011,11/10/2011,0.66,V ugm-3
11/10/2011,25/10/2011,0.57,V ugm-3
25/10/2011,08/11/2011,0.63,V ugm-3
08/11/2011,22/11/2011,1.03,V ugm-3
22/11/2011,06/12/2011,0.55,V ugm-3
06/12/2011,20/12/2011,0.77,V ugm-3
20/12/2011,03/01/2012,0.44,V ugm-3
Data for year 2012,,,
Multi-day data,,,
Birmingham Acocks Green,,,
Start Date,End Date,BENZENE,Status / units
03/01/2012,17/01/2012,0.98,V ugm-3
17/01/2012,31/01/2012,1.07,V ugm-3
31/01/2012,14/02/2012,1.2,V ugm-3
14/02/2012,28/02/2012,0.52,V ugm-3
28/02/2012,13/03/2012,0.71,V ugm-3
13/03/2012,27/03/2012,0.93,V ugm-3
27/03/2012,10/04/2012,0.55,V ugm-3
10/04/2012,24/04/2012,0.47,V ugm-3
24/04/2012,08/05/2012,0.29,V ugm-3
08/05/2012,22/05/2012,0.38,V ugm-3
22/05/2012,06/06/2012,0.34,V ugm-3
06/06/2012,19/06/2012,0.34,V ugm-3
19/06/2012,03/07/2012,0.28,V ugm-3
03/07/2012,17/07/2012,0.28,V ugm-3
31/07/2012,14/08/2012,0.49,V ugm-3
14/08/2012,28/08/2012,0.4,V ugm-3
28/08/2012,11/09/2012,0.4,V ugm-3
11/09/2012,25/09/2012,0.27,V ugm-3
25/09/2012,09/10/2012,0.38,V ugm-3
09/10/2012,23/10/2012,0.56,V ugm-3
23/10/2012,06/11/2012,0.52,V ugm-3
06/11/2012,20/11/2012,0.9,V ugm-3
20/11/2012,04/12/2012,0.96,V ugm-3
04/12/2012,18/12/2012,1.08,V ugm-3
18/12/2012,02/01/2013,0.53,V ugm-3
Data for year 2013,,,
Multi-day data,,,
Birmingham Acocks Green,,,
Start Date,End Date,BENZENE,Status / units
02/01/2013,15/01/2013,0.7,V ugm-3
15/01/2013,29/01/2013,1.35,V ugm-3
29/01/2013,12/02/2013,0.96,V ugm-3
12/02/2013,26/02/2013,,
26/02/2013,12/03/2013,0.92,V ugm-3
12/03/2013,26/03/2013,0.87,V ugm-3
26/03/2013,09/04/2013,0.77,V ugm-3
09/04/2013,23/04/2013,0.48,V ugm-3
23/04/2013,07/05/2013,0.58,V ugm-3
07/05/2013,21/05/2013,0.5,V ugm-3
21/05/2013,04/06/2013,0.46,V ugm-3
04/06/2013,18/06/2013,,
18/06/2013,02/07/2013,0.39,V ugm-3
02/07/2013,16/07/2013,0.56,V ugm-3
16/07/2013,30/07/2013,0.48,V ugm-3
30/07/2013,13/08/2013,0.38,V ugm-3
13/08/2013,27/08/2013,0.49,V ugm-3
27/08/2013,10/09/2013,0.72,V ugm-3
10/09/2013,24/09/2013,0.56,V ugm-3
24/09/2013,08/10/2013,0.6,V ugm-3
08/10/2013,22/10/2013,0.68,V ugm-3
22/10/2013,05/11/2013,0.47,V ugm-3
05/11/2013,19/11/2013,0.74,V ugm-3
19/11/2013,03/12/2013,0.87,V ugm-3
03/12/2013,18/12/2013,0.67,V ugm-3
18/12/2013,02/01/2014,0.4,V ugm-3
Data for year 2014,,,
Multi-day data,,,
Birmingham Acocks Green,,,
Start Date,End Date,BENZENE,Status / units
02/01/2014,14/01/2014,0.56,V ugm-3
14/01/2014,28/01/2014,0.93,V ugm-3
28/01/2014,11/02/2014,1.09,V ugm-3
11/02/2014,25/02/2014,0.77,V ugm-3
25/02/2014,11/03/2014,1.09,V ugm-3
11/03/2014,25/03/2014,0.71,V ugm-3
25/03/2014,08/04/2014,0.78,V ugm-3
08/04/2014,22/04/2014,0.56,V ugm-3
22/04/2014,06/05/2014,0.75,V ugm-3
06/05/2014,20/05/2014,0.43,V ugm-3
20/05/2014,03/06/2014,0.56,V ugm-3
03/06/2014,17/06/2014,0.41,V ugm-3
17/06/2014,01/07/2014,,
01/07/2014,27/07/2014,0.52,V ugm-3
27/07/2014,12/08/2014,0.39,V ugm-3
12/08/2014,22/08/2014,0.31,V ugm-3
22/08/2014,09/09/2014,0.71,V ugm-3
09/09/2014,23/09/2014,0.76,V ugm-3
23/09/2014,07/10/2014,0.49,V ugm-3
07/10/2014,21/10/2014,0.54,V ugm-3
21/10/2014,05/11/2014,,
Data for year 2018,,,
Multi-day data,,,
Birmingham Ladywood,,,
Start Date,End Date,BENZENE,Status / units
01/10/2018,17/10/2018,0.36,V ugm-3
17/10/2018,01/11/2018,0.58,V ugm-3
01/11/2018,14/11/2018,0.58,V ugm-3
14/11/2018,28/11/2018,0.96,V ugm-3
28/11/2018,12/12/2018,0.5,V ugm-3
12/12/2018,27/12/2018,0.7,V ugm-3
27/12/2018,09/01/2019,0.67,V ugm-3
Data for year 2019,,,
Multi-day data,,,
Birmingham Ladywood,,,
Start Date,End Date,BENZENE,Status / units
09/01/2019,29/01/2019,0.7,V ugm-3
29/01/2019,20/02/2019,0.81,V ugm-3
20/02/2019,06/03/2019,1.03,V ugm-3
06/03/2019,20/03/2019,0.48,V ugm-3
20/03/2019,03/04/2019,0.66,V ugm-3
03/04/2019,17/04/2019,0.54,V ugm-3
17/04/2019,01/05/2019,0.56,V ugm-3
01/05/2019,15/05/2019,0.36,V ugm-3
15/05/2019,29/05/2019,0.28,V ugm-3
29/05/2019,12/06/2019,0.25,V ugm-3
12/06/2019,26/06/2019,0.27,V ugm-3
26/06/2019,10/07/2019,0.24,V ugm-3
10/07/2019,24/07/2019,0.33,V ugm-3
24/07/2019,07/08/2019,0.26,V ugm-3
07/08/2019,21/08/2019,0.24,V ugm-3
21/08/2019,04/09/2019,0.26,V ugm-3
04/09/2019,18/09/2019,0.38,V ugm-3
18/09/2019,02/10/2019,0.4,V ugm-3
02/10/2019,16/10/2019,0.31,V ugm-3
16/10/2019,13/11/2019,0.52,V ugm-3
13/11/2019,27/11/2019,0.67,V ugm-3
27/11/2019,11/12/2019,0.82,V ugm-3
11/12/2019,08/01/2020,0.41,V ugm-3
Data for year 2020,,,
Multi-day data,,,
Birmingham Ladywood,,,
Start Date,End Date,BENZENE,Status / units
08/01/2020,22/01/2020,0.6,V ugm-3
22/01/2020,05/02/2020,0.57,V ugm-3
05/02/2020,19/02/2020,0.52,V ugm-3
19/02/2020,04/03/2020,0.46,V ugm-3
04/03/2020,18/03/2020,0.37,V ugm-3
18/03/2020,01/04/2020,0.58,V ugm-3
01/04/2020,15/04/2020,0.52,V ugm-3
15/04/2020,29/04/2020,0.44,V ugm-3
29/04/2020,13/05/2020,0.36,V ugm-3
13/05/2020,27/05/2020,0.19,V ugm-3
27/05/2020,10/06/2020,0.17,V ugm-3
10/06/2020,24/06/2020,0.14,V ugm-3
24/06/2020,08/07/2020,0.11,V ugm-3
08/07/2020,22/07/2020,0.25,V ugm-3
22/07/2020,05/08/2020,0.16,V ugm-3
05/08/2020,19/08/2020,0.24,V ugm-3
19/08/2020,02/09/2020,0.23,V ugm-3
02/09/2020,16/09/2020,0.28,V ugm-3
16/09/2020,30/09/2020,0.27,V ugm-3
30/09/2020,14/10/2020,0.49,V ugm-3
14/10/2020,28/10/2020,0.46,V ugm-3
28/10/2020,11/11/2020,0.72,V ugm-3
11/11/2020,25/11/2020,0.34,V ugm-3
25/11/2020,09/12/2020,0.79,V ugm-3
09/12/2020,23/12/2020,0.54,V ugm-3
23/12/2020,13/01/2021,0.99,V ugm-3
Data for year 2021,,,
Multi-day data,,,
Birmingham Ladywood,,,
Start Date,End Date,BENZENE,Status / units
13/01/2021,27/01/2021,0.67,V ugm-3
27/01/2021,10/02/2021,0.71,V ugm-3
10/02/2021,24/02/2021,0.57,V ugm-3
24/02/2021,10/03/2021,0.91,V ugm-3
10/03/2021,24/03/2021,0.52,V ugm-3
24/03/2021,07/04/2021,0.45,V ugm-3
07/04/2021,21/04/2021,0.66,V ugm-3
21/04/2021,05/05/2021,0.4,V ugm-3
05/05/2021,19/05/2021,0.3,V ugm-3
19/05/2021,02/06/2021,0.32,V ugm-3
02/06/2021,16/06/2021,0.26,V ugm-3
16/06/2021,01/07/2021,0.26,V ugm-3
01/07/2021,14/07/2021,,
14/07/2021,28/07/2021,,
28/07/2021,11/08/2021,,
11/08/2021,25/08/2021,0.25,V ugm-3
25/08/2021,08/09/2021,0.46,V ugm-3
08/09/2021,22/09/2021,0.47,V ugm-3
22/09/2021,06/10/2021,0.24,V ugm-3
06/10/2021,20/10/2021,0.31,V ugm-3
20/10/2021,03/11/2021,0.3,V ugm-3
03/11/2021,17/11/2021,0.45,V ugm-3
17/11/2021,01/12/2021,0.38,V ugm-3
01/12/2021,15/12/2021,0.43,V ugm-3
15/12/2021,29/12/2021,0.66,V ugm-3
29/12/2021,12/01/2022,0.55,V ugm-3
Data for year 2022,,,
Multi-day data,,,
Birmingham Ladywood,,,
Start Date,End Date,BENZENE,Status / units
12/01/2022,26/01/2022,1.03,V ugm-3
26/01/2022,09/02/2022,0.41,V ugm-3
09/02/2022,23/02/2022,0.44,V ugm-3
23/02/2022,09/03/2022,0.64,V ugm-3
09/03/2022,23/03/2022,0.68,V ugm-3
23/03/2022,06/04/2022,0.76,V ugm-3
06/04/2022,20/04/2022,0.43,V ugm-3
20/04/2022,04/05/2022,0.52,V ugm-3
04/05/2022,18/05/2022,0.12,V ugm-3
18/05/2022,01/06/2022,0.12,V ugm-3
01/06/2022,15/06/2022,0.25,V ugm-3
15/06/2022,29/06/2022,0.26,V ugm-3
29/06/2022,13/07/2022,0.15,V ugm-3
13/07/2022,27/07/2022,0.29,V ugm-3
27/07/2022,10/08/2022,0.19,V ugm-3
10/08/2022,22/08/2022,0.29,V ugm-3
22/08/2022,07/09/2022,0.2,V ugm-3
07/09/2022,21/09/2022,0.45,V ugm-3
21/09/2022,05/10/2022,0.34,V ugm-3
05/10/2022,19/10/2022,0.46,V ugm-3
19/10/2022,02/11/2022,,
02/11/2022,16/11/2022,,
16/11/2022,30/11/2022,,
30/11/2022,14/12/2022,,
14/12/2022,28/12/2022,0.57,V ugm-3
28/12/2022,11/01/2023,0.33,V ugm-3
Data for year 2023,,,
Multi-day data,,,
Birmingham Ladywood,,,
Start Date,End Date,BENZENE,Status / units
11/01/2023,25/01/2023,0.73,V ugm-3
25/01/2023,08/02/2023,0.75,V ugm-3
08/02/2023,22/02/2023,0.57,V ugm-3
22/02/2023,08/03/2023,0.7,V ugm-3
08/03/2023,22/03/2023,0.53,V ugm-3
22/03/2023,05/04/2023,0.36,V ugm-3
05/04/2023,19/04/2023,0.48,V ugm-3
19/04/2023,03/05/2023,0.43,V ugm-3
03/05/2023,17/05/2023,0.3,V ugm-3
17/05/2023,31/05/2023,0.3,V ugm-3
31/05/2023,14/06/2023,0.33,V ugm-3
14/06/2023,03/07/2023,0.37,V ugm-3
03/07/2023,12/07/2023,0.2,V ugm-3
12/07/2023,26/07/2023,0.34,V ugm-3
26/07/2023,09/08/2023,0.32,V ugm-3
09/08/2023,23/08/2023,0.26,V ugm-3
23/08/2023,06/09/2023,0.53,V ugm-3
06/09/2023,20/09/2023,0.57,V ugm-3
20/09/2023,04/10/2023,0.36,V ugm-3
04/10/2023,18/10/2023,1.04,V ugm-3
18/10/2023,01/11/2023,0.71,V ugm-3
01/11/2023,15/11/2023,0.6,V ugm-3
15/11/2023,29/11/2023,0.73,V ugm-3
29/11/2023,13/12/2023,1,V ugm-3
13/12/2023,27/12/2023,0.56,V ugm-3
27/12/2023,11/01/2024,0.59,V ugm-3
Data for year 2024,,,
Multi-day data,,,
Birmingham Ladywood,,,
Start Date,End Date,BENZENE,Status / units
11/01/2024,24/01/2024,0.68,V ugm-3
24/01/2024,07/02/2024,0.47,V ugm-3
07/02/2024,21/02/2024,0.54,V ugm-3
21/02/2024,06/03/2024,0.86,V ugm-3
06/03/2024,20/03/2024,0.77,V ugm-3
20/03/2024,03/04/2024,,
03/04/2024,17/04/2024,,
17/04/2024,01/05/2024,0.41,V ugm-3
01/05/2024,15/05/2024,0.39,V ugm-3
15/05/2024,29/05/2024,0.28,V ugm-3
29/05/2024,12/06/2024,0.28,V ugm-3
12/06/2024,26/06/2024,0.23,V ugm-3
26/06/2024,10/07/2024,,
10/07/2024,24/07/2024,0.23,V ugm-3
24/07/2024,07/08/2024,0.35,V ugm-3
07/08/2024,21/08/2024,0.45,V ugm-3
21/08/2024,04/09/2024,0.4,V ugm-3
04/09/2024,18/09/2024,0.45,V ugm-3
18/09/2024,02/10/2024,0.54,V ugm-3
02/10/2024,16/10/2024,0.39,V ugm-3
16/10/2024,30/10/2024,0.45,V ugm-3
30/10/2024,28/11/2024,0.54,V ugm-3
28/11/2024,23/12/2024,0.44,V ugm-3
23/12/2024,13/01/2025,,
Data for year 2025,,,
Multi-day data,,,
Birmingham Ladywood,,,
Start Date,End Date,BENZENE,Status / units
13/01/2025,22/01/2025,0.83,V ugm-3
22/01/2025,05/02/2025,0.54,V ugm-3
05/02/2025,19/02/2025,0.91,V ugm-3
19/02/2025,05/03/2025,0.5,V ugm-3
05/03/2025,19/03/2025,0.52,V ugm-3
19/03/2025,02/04/2025,0.55,V ugm-3
02/04/2025,15/04/2025,0.36,V ugm-3
15/04/2025,30/04/2025,0.29,V ugm-3
30/04/2025,14/05/2025,0.39,V ugm-3
14/05/2025,28/05/2025,0.13,V ugm-3
28/05/2025,11/06/2025,0.23,V ugm-3
11/06/2025,25/06/2025,0.23,V ugm-3
25/06/2025,09/07/2025,,
09/07/2025,23/07/2025,0.15,V ugm-3
23/07/2025,06/08/2025,0.26,V ugm-3
06/08/2025,20/08/2025,0.36,V ugm-3
20/08/2025,03/09/2025,0.17,V ugm-3
03/09/2025,17/09/2025,,
17/09/2025,01/10/2025,0.55,V ugm-3
01/10/2025,15/10/2025,0.48,V ugm-3
15/10/2025,29/10/2025,0.24,V ugm-3
29/10/2025,12/11/2025,0.39,V ugm-3
12/11/2025,26/11/2025,0.51,V ugm-3
26/11/2025,10/12/2025,0.54,V ugm-3
10/12/2025,22/12/2025,0.65,V ugm-3
22/12/2025,06/01/2026,0.7,V ugm-3
Data for year 2002,,,
Multi-day data,,,
Birmingham Roadside,,,
Start Date,End Date,BENZENE,Status / units
07/02/2002,21/02/2002,2.37,V ugm-3
21/02/2002,07/03/2002,1.82,V ugm-3
07/03/2002,21/03/2002,2.57,V ugm-3
21/03/2002,04/04/2002,3.8,V ugm-3
04/04/2002,18/04/2002,4.52,V ugm-3
18/04/2002,02/05/2002,1.37,V ugm-3
02/05/2002,16/05/2002,3.25,V ugm-3
16/05/2002,30/05/2002,1.53,V ugm-3
30/05/2002,13/06/2002,2.41,V ugm-3
13/06/2002,27/06/2002,1.4,V ugm-3
27/06/2002,11/07/2002,1.43,V ugm-3
11/07/2002,26/07/2002,2.31,V ugm-3
26/07/2002,08/08/2002,4.55,V ugm-3
08/08/2002,22/08/2002,3.35,V ugm-3
22/08/2002,05/09/2002,4.75,V ugm-3
05/09/2002,19/09/2002,3.97,V ugm-3
19/09/2002,03/10/2002,4.84,V ugm-3
03/10/2002,17/10/2002,4.19,V ugm-3
17/10/2002,31/10/2002,3.71,V ugm-3
31/10/2002,14/11/2002,2.47,V ugm-3
14/11/2002,28/11/2002,6.11,V ugm-3
28/11/2002,12/12/2002,4.45,V ugm-3
12/12/2002,24/12/2002,6.14,V ugm-3
24/12/2002,09/01/2003,4.16,V ugm-3
Data for year 2003,,,
Multi-day data,,,
Birmingham Roadside,,,
Start Date,End Date,BENZENE,Status / units
09/01/2003,23/01/2003,2.28,V ugm-3
23/01/2003,06/02/2003,1.79,V ugm-3
06/02/2003,20/02/2003,3.77,V ugm-3
20/02/2003,06/03/2003,4.68,V ugm-3
06/03/2003,20/03/2003,3.77,V ugm-3
20/03/2003,03/04/2003,6.63,V ugm-3
03/04/2003,17/04/2003,4,V ugm-3
17/04/2003,01/05/2003,3.28,V ugm-3
01/05/2003,15/05/2003,1.14,V ugm-3
15/05/2003,12/06/2003,1.82,V ugm-3
12/06/2003,26/06/2003,3.19,V ugm-3
26/06/2003,14/07/2003,3.45,V ugm-3
14/07/2003,24/07/2003,2.41,V ugm-3
24/07/2003,06/08/2003,3.35,V ugm-3
06/08/2003,21/08/2003,4.32,V ugm-3
21/08/2003,04/09/2003,4.23,V ugm-3
04/09/2003,17/09/2003,2.96,V ugm-3
17/09/2003,02/10/2003,3.22,V ugm-3
02/10/2003,16/10/2003,3.97,V ugm-3
16/10/2003,30/10/2003,4.91,V ugm-3
30/10/2003,13/11/2003,5.27,V ugm-3
13/11/2003,27/11/2003,4.94,V ugm-3
27/11/2003,11/12/2003,5.82,V ugm-3
11/12/2003,23/12/2003,5.92,V ugm-3
23/12/2003,08/01/2004,4.68,V ugm-3
Data for year 2004,,,
Multi-day data,,,
Birmingham Roadside,,,
Start Date,End Date,BENZENE,Status / units
08/01/2004,22/01/2004,2.21,V ugm-3
22/01/2004,05/02/2004,1.82,V ugm-3
05/02/2004,19/02/2004,4.1,V ugm-3
19/02/2004,04/03/2004,4.65,V ugm-3
04/03/2004,18/03/2004,5.43,V ugm-3
18/03/2004,01/04/2004,4.13,V ugm-3
01/04/2004,15/04/2004,3.54,V ugm-3
15/04/2004,29/04/2004,3.71,V ugm-3
29/04/2004,27/05/2004,4.68,V ugm-3
27/05/2004,01/06/2004,1.53,V ugm-3
01/06/2004,10/06/2004,2.67,V ugm-3
10/06/2004,24/06/2004,1.95,V ugm-3
24/06/2004,07/07/2004,0.85,V ugm-3
07/07/2004,22/07/2004,2.18,V ugm-3
22/07/2004,05/08/2004,2.83,V ugm-3
05/08/2004,19/08/2004,2.54,V ugm-3
19/08/2004,02/09/2004,2.15,V ugm-3
02/09/2004,16/09/2004,3.8,V ugm-3
16/09/2004,30/09/2004,1.72,V ugm-3
30/09/2004,14/10/2004,5.01,V ugm-3
14/10/2004,11/11/2004,4.16,V ugm-3
11/11/2004,25/11/2004,2.24,V ugm-3
25/11/2004,09/12/2004,3.02,V ugm-3
09/12/2004,23/12/2004,4.16,V ugm-3
23/12/2004,06/01/2005,1.66,V ugm-3
Data for year 2005,,,
Multi-day data,,,
Birmingham Roadside,,,
Start Date,End Date,BENZENE,Status / units
06/01/2005,20/01/2005,1.37,V ugm-3
20/01/2005,03/02/2005,4.65,V ugm-3
03/02/2005,17/02/2005,4.52,V ugm-3
17/02/2005,03/03/2005,5.66,V ugm-3
03/03/2005,31/03/2005,5.3,V ugm-3
31/03/2005,14/04/2005,3.58,V ugm-3
14/04/2005,28/04/2005,3.25,V ugm-3
28/04/2005,12/05/2005,1.89,V ugm-3
12/05/2005,26/05/2005,2.6,V ugm-3
26/05/2005,09/06/2005,2.37,V ugm-3
09/06/2005,23/06/2005,2.08,V ugm-3
23/06/2005,07/07/2005,1.82,V ugm-3
07/07/2005,21/07/2005,3.25,V ugm-3
21/07/2005,04/08/2005,3.15,V ugm-3
04/08/2005,18/08/2005,3.09,V ugm-3
18/08/2005,01/09/2005,1.92,V ugm-3
01/09/2005,15/09/2005,2.6,V ugm-3
15/09/2005,29/09/2005,1.5,V ugm-3
29/09/2005,13/10/2005,2.41,V ugm-3
13/10/2005,27/10/2005,2.54,V ugm-3
27/10/2005,10/11/2005,1.72,V ugm-3
10/11/2005,24/11/2005,7.57,V ugm-3
24/11/2005,02/12/2005,1.92,V ugm-3
02/12/2005,21/12/2005,3.67,V ugm-3
21/12/2005,05/01/2006,4.32,V ugm-3
Data for year 2006,,,
Multi-day data,,,
Birmingham Roadside,,,
Start Date,End Date,BENZENE,Status / units
05/01/2006,19/01/2006,2.37,V ugm-3
19/01/2006,02/02/2006,5.33,V ugm-3
02/02/2006,16/02/2006,3.61,V ugm-3
16/02/2006,02/03/2006,2.54,V ugm-3
02/03/2006,16/03/2006,2.37,V ugm-3
16/03/2006,30/03/2006,3.45,V ugm-3
30/03/2006,13/04/2006,1.76,V ugm-3
13/04/2006,27/04/2006,1.76,V ugm-3
27/04/2006,11/05/2006,2.28,V ugm-3
11/05/2006,25/05/2006,1.2,V ugm-3
25/05/2006,08/06/2006,1.5,V ugm-3
08/06/2006,22/06/2006,1.2,V ugm-3
22/06/2006,06/07/2006,2.57,V ugm-3
06/07/2006,20/07/2006,1.76,V ugm-3
20/07/2006,03/08/2006,1.04,V ugm-3
03/08/2006,17/08/2006,2.86,V ugm-3
17/08/2006,31/08/2006,1.11,V ugm-3
31/08/2006,15/09/2006,1.92,V ugm-3
15/09/2006,28/09/2006,2.11,V ugm-3
28/09/2006,12/10/2006,1.56,V ugm-3
12/10/2006,27/10/2006,2.57,V ugm-3
27/10/2006,09/11/2006,1.43,V ugm-3
09/11/2006,24/11/2006,0.65,V ugm-3
24/11/2006,07/12/2006,0.62,V ugm-3
07/12/2006,21/12/2006,2.44,V ugm-3
21/12/2006,04/01/2007,2.31,V ugm-3
Data for year 2007,,,
Multi-day data,,,
Birmingham Roadside,,,
Start Date,End Date,BENZENE,Status / units
04/01/2007,18/01/2007,1.5,V ugm-3
18/01/2007,15/02/2007,1.82,V ugm-3
15/02/2007,01/03/2007,1.66,V ugm-3
01/03/2007,15/03/2007,0.78,V ugm-3
15/03/2007,29/03/2007,2.34,V ugm-3
29/03/2007,13/04/2007,2.21,V ugm-3
13/04/2007,27/04/2007,1.24,V ugm-3
27/04/2007,10/05/2007,1.2,V ugm-3
10/05/2007,24/05/2007,1.46,V ugm-3
24/05/2007,07/06/2007,1.66,V ugm-3
07/06/2007,21/06/2007,1.53,V ugm-3
21/06/2007,19/07/2007,1.37,V ugm-3
19/07/2007,02/08/2007,1.3,V ugm-3
02/08/2007,16/08/2007,1.04,V ugm-3
16/08/2007,30/08/2007,1.43,V ugm-3
30/08/2007,13/09/2007,1.33,V ugm-3
13/09/2007,27/09/2007,0.91,V ugm-3
27/09/2007,11/10/2007,2.37,V ugm-3
11/10/2007,25/10/2007,2.28,V ugm-3
25/10/2007,08/11/2007,2.5,V ugm-3
08/11/2007,22/11/2007,2.54,V ugm-3
22/11/2007,06/12/2007,1.07,V ugm-3
06/12/2007,20/12/2007,3.61,V ugm-3
20/12/2007,03/01/2008,1.69,V ugm-3
Data for year 2008,,,
Multi-day data,,,
Birmingham Roadside,,,
Start Date,End Date,BENZENE,Status / units
03/01/2008,17/01/2008,1.33,V ugm-3
17/01/2008,01/02/2008,0.94,V ugm-3
01/02/2008,14/02/2008,3.74,V ugm-3
14/02/2008,28/02/2008,2.76,V ugm-3
28/02/2008,13/03/2008,0.55,V ugm-3
13/03/2008,27/03/2008,1.33,V ugm-3
27/03/2008,10/04/2008,1.69,V ugm-3
10/04/2008,24/04/2008,1.17,V ugm-3
24/04/2008,08/05/2008,1.4,V ugm-3
08/05/2008,22/05/2008,2.11,V ugm-3
22/05/2008,05/06/2008,1.59,V ugm-3
05/06/2008,19/06/2008,0.88,V ugm-3
19/06/2008,03/07/2008,0.55,V ugm-3
03/07/2008,18/07/2008,0.62,V ugm-3
18/07/2008,01/08/2008,0.91,V ugm-3
01/08/2008,14/08/2008,0.81,V ugm-3
14/08/2008,03/09/2008,1.04,V ugm-3
03/09/2008,12/09/2008,0.72,V ugm-3
26/09/2008,09/10/2008,0.78,V ugm-3
09/10/2008,23/10/2008,0.68,V ugm-3
23/10/2008,06/11/2008,1.3,V ugm-3
06/11/2008,19/11/2008,0.81,V ugm-3
19/11/2008,04/12/2008,1.82,V ugm-3
04/12/2008,22/12/2008,1.2,V ugm-3
22/12/2008,08/01/2009,2.02,V ugm-3
Data for year 2009,,,
Multi-day data,,,
Birmingham Roadside,,,
Start Date,End Date,BENZENE,Status / units
08/01/2009,22/01/2009,0.85,V ugm-3
22/01/2009,04/02/2009,1.85,V ugm-3
04/02/2009,19/02/2009,1.63,V ugm-3
Data for year 2009,,,
Multi-day data,,,
Birmingham Roadside 2,,,
Start Date,End Date,BENZENE,Status / units
22/07/2009,05/08/2009,0.85,V ugm-3
05/08/2009,20/08/2009,1.5,V ugm-3
20/08/2009,03/09/2009,1.56,V ugm-3
03/09/2009,17/09/2009,1.66,V ugm-3
17/09/2009,01/10/2009,1.79,V ugm-3
01/10/2009,14/10/2009,1.43,V ugm-3
14/10/2009,28/10/2009,1.5,V ugm-3
28/10/2009,12/11/2009,1.56,V ugm-3
12/11/2009,26/11/2009,1.11,V ugm-3
26/11/2009,10/12/2009,1.37,V ugm-3
10/12/2009,23/12/2009,1.59,V ugm-3
23/12/2009,07/01/2010,1.76,V ugm-3
Data for year 2010,,,
Multi-day data,,,
Birmingham Roadside 2,,,
Start Date,End Date,BENZENE,Status / units
07/01/2010,21/01/2010,2.7,V ugm-3
21/01/2010,04/02/2010,1.63,V ugm-3
04/02/2010,18/02/2010,1.69,V ugm-3
18/02/2010,04/03/2010,1.76,V ugm-3
04/03/2010,18/03/2010,1.33,V ugm-3
18/03/2010,01/04/2010,1.11,V ugm-3
01/04/2010,15/04/2010,1.2,V ugm-3
15/04/2010,29/04/2010,1.2,V ugm-3
29/04/2010,13/05/2010,0.85,V ugm-3
13/05/2010,27/05/2010,1.01,V ugm-3
27/05/2010,10/06/2010,1.01,V ugm-3
10/06/2010,24/06/2010,0.72,V ugm-3
28/07/2010,11/08/2010,0.51,V ugm-3
11/08/2010,19/08/2010,0.68,V ugm-3
Data for year 2007,,,
Multi-day data,,,
Birmingham Tyburn,,,
Start Date,End Date,BENZENE,Status / units
20/12/2007,03/01/2008,1.24,V ugm-3
Data for year 2008,,,
Multi-day data,,,
Birmingham Tyburn,,,
Start Date,End Date,BENZENE,Status / units
03/01/2008,17/01/2008,1.04,V ugm-3
17/01/2008,31/01/2008,0.68,V ugm-3
31/01/2008,14/02/2008,2.5,V ugm-3
14/02/2008,28/02/2008,1.07,V ugm-3
28/02/2008,13/03/2008,0.52,V ugm-3
13/03/2008,27/03/2008,0.78,V ugm-3
27/03/2008,10/04/2008,0.88,V ugm-3
10/04/2008,24/04/2008,0.81,V ugm-3
24/04/2008,08/05/2008,0.42,V ugm-3
08/05/2008,22/05/2008,0.91,V ugm-3
22/05/2008,05/06/2008,0.55,V ugm-3
05/06/2008,19/06/2008,0.36,V ugm-3
19/06/2008,03/07/2008,0.33,V ugm-3
03/07/2008,17/07/2008,0.29,V ugm-3
17/07/2008,31/07/2008,0.39,V ugm-3
31/07/2008,14/08/2008,0.33,V ugm-3
14/08/2008,01/09/2008,0.39,V ugm-3
01/09/2008,11/09/2008,0.33,V ugm-3
11/09/2008,25/09/2008,0.72,V ugm-3
25/09/2008,09/10/2008,0.52,V ugm-3
09/10/2008,23/10/2008,0.49,V ugm-3
23/10/2008,06/11/2008,0.52,V ugm-3
06/11/2008,19/11/2008,0.85,V ugm-3
19/11/2008,04/12/2008,0.78,V ugm-3
04/12/2008,22/12/2008,1.01,V ugm-3
22/12/2008,05/01/2009,1.46,V ugm-3
Data for year 2009,,,
Multi-day data,,,
Birmingham Tyburn,,,
Start Date,End Date,BENZENE,Status / units
05/01/2009,22/01/2009,1.04,V ugm-3
22/01/2009,04/02/2009,1.17,V ugm-3
04/02/2009,19/02/2009,1.01,V ugm-3
19/02/2009,05/03/2009,0.75,V ugm-3
05/03/2009,02/04/2009,0.68,V ugm-3
02/04/2009,16/04/2009,0.68,V ugm-3
14/05/2009,28/05/2009,0.42,V ugm-3
28/05/2009,11/06/2009,0.33,V ugm-3
11/06/2009,25/06/2009,0.29,V ugm-3
25/06/2009,09/07/2009,0.72,V ugm-3
09/07/2009,23/07/2009,0.52,V ugm-3
23/07/2009,06/08/2009,0.55,V ugm-3
06/08/2009,20/08/2009,0.75,V ugm-3
20/08/2009,03/09/2009,0.59,V ugm-3
03/09/2009,17/09/2009,0.72,V ugm-3
17/09/2009,01/10/2009,0.98,V ugm-3
01/10/2009,15/10/2009,1.01,V ugm-3
15/10/2009,29/10/2009,0.81,V ugm-3
29/10/2009,12/11/2009,1.01,V ugm-3
12/11/2009,26/11/2009,0.52,V ugm-3
26/11/2009,10/12/2009,0.78,V ugm-3
10/12/2009,24/12/2009,1.14,V ugm-3
24/12/2009,07/01/2010,1.04,V ugm-3
Data for year 2010,,,
Multi-day data,,,
Birmingham Tyburn,,,
Start Date,End Date,BENZENE,Status / units
07/01/2010,21/01/2010,1.92,V ugm-3
21/01/2010,04/02/2010,1.13,V ugm-3
04/02/2010,18/02/2010,1.03,V ugm-3
18/02/2010,04/03/2010,1.25,V ugm-3
04/03/2010,18/03/2010,0.86,V ugm-3
18/03/2010,01/04/2010,0.63,V ugm-3
01/04/2010,15/04/2010,0.73,V ugm-3
15/04/2010,29/04/2010,0.88,V ugm-3
29/04/2010,13/05/2010,0.47,V ugm-3
13/05/2010,27/05/2010,0.5,V ugm-3
27/05/2010,24/06/2010,0.49,V ugm-3
28/07/2010,11/08/2010,0.4,V ugm-3
11/08/2010,24/08/2010,0.37,V ugm-3
25/08/2010,08/09/2010,0.62,V ugm-3
08/09/2010,22/09/2010,0.43,V ugm-3
22/09/2010,06/10/2010,0.5,V ugm-3
06/10/2010,20/10/2010,0.73,V ugm-3
20/10/2010,03/11/2010,0.47,V ugm-3
03/11/2010,17/11/2010,0.93,V ugm-3
17/11/2010,01/12/2010,0.73,V ugm-3
01/12/2010,15/12/2010,1.24,V ugm-3
15/12/2010,12/01/2011,1.46,V ugm-3
Data for year 2011,,,
Multi-day data,,,
Birmingham Tyburn,,,
Start Date,End Date,BENZENE,Status / units
12/01/2011,26/01/2011,0.67,V ugm-3
26/01/2011,09/02/2011,0.48,V ugm-3
09/02/2011,23/02/2011,0.96,V ugm-3
23/02/2011,09/03/2011,0.74,V ugm-3
09/03/2011,23/03/2011,0.82,V ugm-3
23/03/2011,06/04/2011,0.67,V ugm-3
06/04/2011,20/04/2011,0.85,V ugm-3
20/04/2011,04/05/2011,0.78,V ugm-3
Data for year 2014,,,
Multi-day data,,,
Birmingham Tyburn,,,
Start Date,End Date,BENZENE,Status / units
05/11/2014,19/11/2014,1.84,V ugm-3
19/11/2014,03/12/2014,2.12,V ugm-3
03/12/2014,17/12/2014,0.94,V ugm-3
17/12/2014,05/01/2015,1.22,V ugm-3
Data for year 2015,,,
Multi-day data,,,
Birmingham Tyburn,,,
Start Date,End Date,BENZENE,Status / units
05/01/2015,14/01/2015,0.68,V ugm-3
14/01/2015,28/01/2015,1.1,V ugm-3
28/01/2015,11/02/2015,1.12,V ugm-3
11/02/2015,25/02/2015,0.89,V ugm-3
25/02/2015,11/03/2015,0.88,V ugm-3
11/03/2015,26/03/2015,1.16,V ugm-3
26/03/2015,08/04/2015,0.76,V ugm-3
08/04/2015,22/04/2015,,
22/04/2015,06/05/2015,0.53,V ugm-3
06/05/2015,20/05/2015,0.39,V ugm-3
20/05/2015,03/06/2015,0.46,V ugm-3
03/06/2015,17/06/2015,0.39,V ugm-3
17/06/2015,01/07/2015,0.33,V ugm-3
01/07/2015,15/07/2015,0.44,V ugm-3
15/07/2015,12/08/2015,0.46,V ugm-3
12/08/2015,25/08/2015,0.69,V ugm-3
25/08/2015,09/09/2015,0.68,V ugm-3
09/09/2015,25/09/2015,0.56,V ugm-3
25/09/2015,07/10/2015,0.89,V ugm-3
07/10/2015,23/10/2015,0.89,V ugm-3
23/10/2015,04/11/2015,,
04/11/2015,02/12/2015,0.74,V ugm-3
02/12/2015,16/12/2015,0.82,V ugm-3
16/12/2015,13/01/2016,0.72,V ugm-3
Data for year 2016,,,
Multi-day data,,,
Birmingham Tyburn,,,
Start Date,End Date,BENZENE,Status / units
13/01/2016,27/01/2016,1.44,V ugm-3
27/01/2016,10/02/2016,0.65,V ugm-3
10/02/2016,25/02/2016,1.05,V ugm-3
25/02/2016,09/03/2016,0.76,V ugm-3
09/03/2016,24/03/2016,0.85,V ugm-3
24/03/2016,06/04/2016,0.85,V ugm-3
06/04/2016,20/04/2016,0.64,V ugm-3
20/04/2016,05/05/2016,0.58,V ugm-3
05/05/2016,19/05/2016,0.45,V ugm-3
19/05/2016,03/06/2016,0.32,V ugm-3
03/06/2016,15/06/2016,0.4,V ugm-3
15/06/2016,29/06/2016,0.29,V ugm-3
29/06/2016,27/07/2016,,
27/07/2016,11/08/2016,0.27,V ugm-3
11/08/2016,25/08/2016,0.35,V ugm-3
25/08/2016,23/09/2016,0.52,V ugm-3
23/09/2016,05/10/2016,0.55,V ugm-3
05/10/2016,19/10/2016,0.51,V ugm-3
19/10/2016,02/11/2016,0.95,V ugm-3
02/11/2016,01/12/2016,0.85,V ugm-3
01/12/2016,14/12/2016,1.1,V ugm-3
14/12/2016,29/12/2016,1.22,V ugm-3
29/12/2016,12/01/2017,0.98,V ugm-3
Data for year 2017,,,
Multi-day data,,,
Birmingham Tyburn,,,
Start Date,End Date,BENZENE,Status / units
12/01/2017,26/01/2017,1.22,V ugm-3
26/01/2017,08/02/2017,1,V ugm-3
08/02/2017,22/02/2017,1.19,V ugm-3
22/02/2017,15/03/2017,0.74,V ugm-3
15/03/2017,22/03/2017,0.65,V ugm-3
22/03/2017,05/04/2017,0.79,V ugm-3
05/04/2017,19/04/2017,0.43,V ugm-3
19/04/2017,03/05/2017,0.41,V ugm-3
03/05/2017,18/05/2017,0.45,V ugm-3
18/05/2017,31/05/2017,0.4,V ugm-3
Data for year 2010,,,
Multi-day data,,,
Birmingham Tyburn Roadside,,,
Start Date,End Date,BENZENE,Status / units
01/09/2010,14/09/2010,0.53,V ugm-3
14/09/2010,01/10/2010,0.56,V ugm-3
01/10/2010,13/10/2010,1.15,V ugm-3
13/10/2010,27/10/2010,0.72,V ugm-3
27/10/2010,10/11/2010,0.8,V ugm-3
10/11/2010,24/11/2010,,
24/11/2010,08/12/2010,1.47,V ugm-3
08/12/2010,21/12/2010,1.73,V ugm-3
21/12/2010,05/01/2011,1.58,V ugm-3
Data for year 2011,,,
Multi-day data,,,
Birmingham Tyburn Roadside,,,
Start Date,End Date,BENZENE,Status / units
19/01/2011,15/02/2011,1.08,V ugm-3
15/02/2011,01/03/2011,1.19,V ugm-3
01/03/2011,15/03/2011,1.2,V ugm-3
15/03/2011,29/03/2011,1.31,V ugm-3
29/03/2011,12/04/2011,0.86,V ugm-3
12/04/2011,26/04/2011,1.06,V ugm-3
26/04/2011,10/05/2011,0.55,V ugm-3
10/05/2011,24/05/2011,0.4,V ugm-3
24/05/2011,07/06/2011,0.39,V ugm-3
07/06/2011,21/06/2011,0.6,V ugm-3
21/06/2011,05/07/2011,0.57,V ugm-3
05/07/2011,19/07/2011,0.55,V ugm-3
19/07/2011,02/08/2011,0.59,V ugm-3
02/08/2011,16/08/2011,0.77,V ugm-3
16/08/2011,30/08/2011,0.38,V ugm-3
30/08/2011,13/09/2011,0.48,V ugm-3
13/09/2011,27/09/2011,0.63,V ugm-3
27/09/2011,11/10/2011,0.72,V ugm-3
11/10/2011,25/10/2011,0.96,V ugm-3
25/10/2011,08/11/2011,0.8,V ugm-3
08/11/2011,22/11/2011,0.77,V ugm-3
22/11/2011,06/12/2011,0.77,V ugm-3
06/12/2011,20/12/2011,1.26,V ugm-3
20/12/2011,03/01/2012,0.56,V ugm-3
Data for year 2012,,,
Multi-day data,,,
Birmingham Tyburn Roadside,,,
Start Date,End Date,BENZENE,Status / units
03/01/2012,17/01/2012,1.23,V ugm-3
17/01/2012,31/01/2012,1.33,V ugm-3
31/01/2012,14/02/2012,1.7,V ugm-3
28/02/2012,13/03/2012,1.02,V ugm-3
13/03/2012,27/03/2012,0.96,V ugm-3
27/03/2012,10/04/2012,0.67,V ugm-3
10/04/2012,24/04/2012,0.68,V ugm-3
24/04/2012,08/05/2012,0.58,V ugm-3
08/05/2012,22/05/2012,0.61,V ugm-3
22/05/2012,06/06/2012,0.53,V ugm-3
06/06/2012,19/06/2012,0.56,V ugm-3
19/06/2012,03/07/2012,0.57,V ugm-3
03/07/2012,17/07/2012,0.54,V ugm-3
31/07/2012,14/08/2012,0.75,V ugm-3
14/08/2012,28/08/2012,0.61,V ugm-3
28/08/2012,11/09/2012,0.64,V ugm-3
11/09/2012,25/09/2012,0.47,V ugm-3
25/09/2012,09/10/2012,0.69,V ugm-3
09/10/2012,23/10/2012,1,V ugm-3
23/10/2012,06/11/2012,0.72,V ugm-3
06/11/2012,20/11/2012,1.28,V ugm-3
20/11/2012,04/12/2012,1.36,V ugm-3
04/12/2012,18/12/2012,1.29,V ugm-3
18/12/2012,02/01/2013,0.73,V ugm-3
Data for year 2013,,,
Multi-day data,,,
Birmingham Tyburn Roadside,,,
Start Date,End Date,BENZENE,Status / units
02/01/2013,15/01/2013,0.84,V ugm-3
15/01/2013,29/01/2013,2.01,V ugm-3
29/01/2013,12/02/2013,1.27,V ugm-3
12/02/2013,26/02/2013,,
26/02/2013,12/03/2013,0.96,V ugm-3
12/03/2013,26/03/2013,0.96,V ugm-3
26/03/2013,09/04/2013,0.84,V ugm-3
09/04/2013,23/04/2013,0.9,V ugm-3
23/04/2013,07/05/2013,0.97,V ugm-3
07/05/2013,21/05/2013,0.88,V ugm-3
21/05/2013,04/06/2013,0.65,V ugm-3
04/06/2013,18/06/2013,,
18/06/2013,02/07/2013,0.69,V ugm-3
02/07/2013,16/07/2013,0.86,V ugm-3
16/07/2013,30/07/2013,0.66,V ugm-3
30/07/2013,13/08/2013,0.81,V ugm-3
13/08/2013,27/08/2013,0.72,V ugm-3
27/08/2013,10/09/2013,1.14,V ugm-3
10/09/2013,24/09/2013,0.84,V ugm-3
24/09/2013,08/10/2013,0.95,V ugm-3
08/10/2013,22/10/2013,0.83,V ugm-3
22/10/2013,05/11/2013,0.89,V ugm-3
05/11/2013,19/11/2013,1.38,V ugm-3
19/11/2013,03/12/2013,1.18,V ugm-3
03/12/2013,18/12/2013,1.01,V ugm-3
18/12/2013,02/01/2014,0.63,V ugm-3
Data for year 2014,,,
Multi-day data,,,
Birmingham Tyburn Roadside,,,
Start Date,End Date,BENZENE,Status / units
02/01/2014,14/01/2014,0.82,V ugm-3
14/01/2014,28/01/2014,1.38,V ugm-3
28/01/2014,11/02/2014,1.58,V ugm-3
11/02/2014,25/02/2014,1.09,V ugm-3
25/02/2014,11/03/2014,1.64,V ugm-3
11/03/2014,25/03/2014,0.97,V ugm-3
25/03/2014,08/04/2014,1.25,V ugm-3
08/04/2014,22/04/2014,0.82,V ugm-3
22/04/2014,06/05/2014,0.94,V ugm-3
06/05/2014,20/05/2014,0.79,V ugm-3
20/05/2014,03/06/2014,0.82,V ugm-3
03/06/2014,17/06/2014,0.74,V ugm-3
17/06/2014,01/07/2014,0.68,V ugm-3
01/07/2014,29/07/2014,0.62,V ugm-3
29/07/2014,12/08/2014,0.66,V ugm-3
12/08/2014,22/08/2014,0.51,V ugm-3
22/08/2014,09/09/2014,1.01,V ugm-3
09/09/2014,23/09/2014,1.15,V ugm-3
23/09/2014,07/10/2014,0.88,V ugm-3
07/10/2014,21/10/2014,0.86,V ugm-3
21/10/2014,05/11/2014,0.83,V ugm-3
05/11/2014,19/11/2014,1.97,V ugm-3
19/11/2014,03/12/2014,2.43,V ugm-3
03/12/2014,17/12/2014,1.05,V ugm-3
17/12/2014,05/01/2015,1.37,V ugm-3
Data for year 2015,,,
Multi-day data,,,
Birmingham Tyburn Roadside,,,
Start Date,End Date,BENZENE,Status / units
05/01/2015,14/01/2015,0.74,V ugm-3
14/01/2015,28/01/2015,1.29,V ugm-3
28/01/2015,11/02/2015,1.15,V ugm-3
11/02/2015,25/02/2015,1.01,V ugm-3
25/02/2015,11/03/2015,0.93,V ugm-3
11/03/2015,26/03/2015,1.32,V ugm-3
26/03/2015,08/04/2015,0.89,V ugm-3
08/04/2015,22/04/2015,0.94,V ugm-3
22/04/2015,06/05/2015,0.62,V ugm-3
06/05/2015,20/05/2015,0.51,V ugm-3
20/05/2015,03/06/2015,0.44,V ugm-3
03/06/2015,17/06/2015,0.52,V ugm-3
17/06/2015,01/07/2015,0.6,V ugm-3
01/07/2015,17/07/2015,0.56,V ugm-3
17/07/2015,12/08/2015,0.57,V ugm-3
12/08/2015,25/08/2015,0.77,V ugm-3
25/08/2015,09/09/2015,0.65,V ugm-3
09/09/2015,25/09/2015,,
25/09/2015,07/10/2015,0.99,V ugm-3
07/10/2015,21/10/2015,1.23,V ugm-3
21/10/2015,04/11/2015,1.63,V ugm-3
04/11/2015,18/11/2015,0.74,V ugm-3
18/11/2015,02/12/2015,0.83,V ugm-3
02/12/2015,16/12/2015,0.88,V ugm-3
16/12/2015,30/12/2015,0.66,V ugm-3
30/12/2015,02/02/2016,1.11,V ugm-3
Data for year 2016,,,
Multi-day data,,,
Birmingham Tyburn Roadside,,,
Start Date,End Date,BENZENE,Status / units
02/02/2016,19/02/2016,1.06,V ugm-3
19/02/2016,09/03/2016,0.82,V ugm-3
09/03/2016,23/03/2016,0.91,V ugm-3
23/03/2016,06/04/2016,0.98,V ugm-3
06/04/2016,20/04/2016,0.76,V ugm-3
20/04/2016,04/05/2016,0.64,V ugm-3
04/05/2016,18/05/2016,0.71,V ugm-3
18/05/2016,01/06/2016,0.52,V ugm-3
01/06/2016,15/06/2016,0.42,V ugm-3
15/06/2016,29/06/2016,0.39,V ugm-3
29/06/2016,13/07/2016,0.4,V ugm-3
13/07/2016,27/07/2016,,
27/07/2016,10/08/2016,0.39,V ugm-3
10/08/2016,24/08/2016,0.28,V ugm-3
24/08/2016,06/09/2016,0.58,V ugm-3
Data for year 2002,,,
Multi-day data,,,
Bournemouth,,,
Start Date,End Date,BENZENE,Status / units
15/07/2002,29/07/2002,0.42,V ugm-3
29/07/2002,13/08/2002,0.49,V ugm-3
13/08/2002,27/08/2002,0.75,V ugm-3
27/08/2002,10/09/2002,0.91,V ugm-3
10/09/2002,24/09/2002,1.11,V ugm-3
24/09/2002,08/10/2002,1.04,V ugm-3
08/10/2002,22/10/2002,1.17,V ugm-3
22/10/2002,05/11/2002,1.11,V ugm-3
05/11/2002,03/12/2002,0.85,V ugm-3
03/12/2002,17/12/2002,2.24,V ugm-3
17/12/2002,31/12/2002,1.37,V ugm-3
31/12/2002,14/01/2003,1.27,V ugm-3
Data for year 2003,,,
Multi-day data,,,
Bournemouth,,,
Start Date,End Date,BENZENE,Status / units
14/01/2003,28/01/2003,1.17,V ugm-3
28/01/2003,11/02/2003,0.88,V ugm-3
11/02/2003,25/02/2003,2.02,V ugm-3
25/02/2003,11/03/2003,1.11,V ugm-3
11/03/2003,25/03/2003,1.82,V ugm-3
25/03/2003,08/04/2003,1.01,V ugm-3
08/04/2003,22/04/2003,1.27,V ugm-3
22/04/2003,06/05/2003,0.88,V ugm-3
06/05/2003,20/05/2003,0.49,V ugm-3
20/05/2003,03/06/2003,0.62,V ugm-3
03/06/2003,18/06/2003,0.49,V ugm-3
18/06/2003,01/07/2003,0.65,V ugm-3
01/07/2003,15/07/2003,0.55,V ugm-3
15/07/2003,29/07/2003,0.29,V ugm-3
29/07/2003,12/08/2003,0.49,V ugm-3
12/08/2003,26/08/2003,0.46,V ugm-3
26/08/2003,09/09/2003,1.11,V ugm-3
09/09/2003,17/09/2003,1.3,V ugm-3
17/09/2003,23/09/2003,0.94,V ugm-3
23/09/2003,07/10/2003,1.01,V ugm-3
07/10/2003,21/10/2003,0.98,V ugm-3
21/10/2003,04/11/2003,1.14,V ugm-3
04/11/2003,18/11/2003,1.56,V ugm-3
18/11/2003,02/12/2003,1.92,V ugm-3
02/12/2003,16/12/2003,1.66,V ugm-3
16/12/2003,30/12/2003,1.89,V ugm-3
30/12/2003,13/01/2004,1.43,V ugm-3
Data for year 2004,,,
Multi-day data,,,
Bournemouth,,,
Start Date,End Date,BENZENE,Status / units
13/01/2004,27/01/2004,1.37,V ugm-3
27/01/2004,10/02/2004,1.17,V ugm-3
10/02/2004,24/02/2004,1.92,V ugm-3
24/02/2004,09/03/2004,2.21,V ugm-3
09/03/2004,23/03/2004,1.2,V ugm-3
23/03/2004,06/04/2004,1.27,V ugm-3
06/04/2004,20/04/2004,0.94,V ugm-3
20/04/2004,04/05/2004,0.91,V ugm-3
04/05/2004,18/05/2004,0.78,V ugm-3
18/05/2004,01/06/2004,0.88,V ugm-3
01/06/2004,15/06/2004,0.52,V ugm-3
15/06/2004,29/06/2004,0.29,V ugm-3
29/06/2004,13/07/2004,0.39,V ugm-3
13/07/2004,26/07/2004,0.49,V ugm-3
26/07/2004,10/08/2004,0.42,V ugm-3
10/08/2004,24/08/2004,0.29,V ugm-3
24/08/2004,07/09/2004,0.85,V ugm-3
07/09/2004,21/09/2004,0.68,V ugm-3
21/09/2004,05/10/2004,0.65,V ugm-3
05/10/2004,19/10/2004,1.2,V ugm-3
19/10/2004,02/11/2004,0.59,V ugm-3
02/11/2004,16/11/2004,0.91,V ugm-3
16/11/2004,30/11/2004,1.4,V ugm-3
30/11/2004,14/12/2004,3.19,V ugm-3
14/12/2004,29/12/2004,1.24,V ugm-3
29/12/2004,11/01/2005,0.85,V ugm-3
Data for year 2005,,,
Multi-day data,,,
Bournemouth,,,
Start Date,End Date,BENZENE,Status / units
11/01/2005,25/01/2005,0.88,V ugm-3
25/01/2005,08/02/2005,1.59,V ugm-3
08/02/2005,22/02/2005,1.33,V ugm-3
22/02/2005,08/03/2005,1.46,V ugm-3
08/03/2005,22/03/2005,1.59,V ugm-3
22/03/2005,19/04/2005,0.94,V ugm-3
19/04/2005,03/05/2005,0.59,V ugm-3
03/05/2005,17/05/2005,0.68,V ugm-3
17/05/2005,31/05/2005,0.39,V ugm-3
31/05/2005,15/06/2005,0.49,V ugm-3
15/06/2005,28/06/2005,0.46,V ugm-3
28/06/2005,12/07/2005,0.33,V ugm-3
12/07/2005,26/07/2005,0.42,V ugm-3
26/07/2005,09/08/2005,0.62,V ugm-3
09/08/2005,23/08/2005,0.33,V ugm-3
23/08/2005,06/09/2005,0.49,V ugm-3
06/09/2005,20/09/2005,0.49,V ugm-3
20/09/2005,04/10/2005,0.72,V ugm-3
04/10/2005,18/10/2005,1.07,V ugm-3
18/10/2005,01/11/2005,0.49,V ugm-3
01/11/2005,15/11/2005,1.01,V ugm-3
15/11/2005,29/11/2005,1.5,V ugm-3
29/11/2005,13/12/2005,1.3,V ugm-3
13/12/2005,28/12/2005,1.63,V ugm-3
28/12/2005,10/01/2006,1.92,V ugm-3
Data for year 2006,,,
Multi-day data,,,
Bournemouth,,,
Start Date,End Date,BENZENE,Status / units
10/01/2006,24/01/2006,1.24,V ugm-3
24/01/2006,07/02/2006,1.3,V ugm-3
07/02/2006,21/02/2006,1.33,V ugm-3
21/02/2006,07/03/2006,1.59,V ugm-3
07/03/2006,21/03/2006,1.01,V ugm-3
21/03/2006,04/04/2006,0.81,V ugm-3
04/04/2006,18/04/2006,0.68,V ugm-3
18/04/2006,02/05/2006,0.72,V ugm-3
02/05/2006,16/05/2006,0.52,V ugm-3
16/05/2006,30/05/2006,0.26,V ugm-3
30/05/2006,13/06/2006,0.39,V ugm-3
13/06/2006,27/06/2006,0.36,V ugm-3
27/06/2006,11/07/2006,0.72,V ugm-3
11/07/2006,25/07/2006,0.65,V ugm-3
25/07/2006,08/08/2006,0.23,V ugm-3
08/08/2006,23/08/2006,0.33,V ugm-3
23/08/2006,05/09/2006,0.2,V ugm-3
05/09/2006,19/09/2006,0.52,V ugm-3
19/09/2006,03/10/2006,0.42,V ugm-3
03/10/2006,17/10/2006,1.14,V ugm-3
17/10/2006,31/10/2006,0.39,V ugm-3
31/10/2006,14/11/2006,0.88,V ugm-3
14/11/2006,28/11/2006,0.33,V ugm-3
28/11/2006,12/12/2006,0.39,V ugm-3
12/12/2006,27/12/2006,1.27,V ugm-3
27/12/2006,09/01/2007,0.65,V ugm-3
Data for year 2007,,,
Multi-day data,,,
Bournemouth,,,
Start Date,End Date,BENZENE,Status / units
09/01/2007,23/01/2007,0.85,V ugm-3
23/01/2007,06/02/2007,0.88,V ugm-3
06/02/2007,20/02/2007,0.68,V ugm-3
20/02/2007,06/03/2007,0.39,V ugm-3
06/03/2007,20/03/2007,0.62,V ugm-3
20/03/2007,03/04/2007,1.04,V ugm-3
03/04/2007,17/04/2007,0.72,V ugm-3
17/04/2007,01/05/2007,0.52,V ugm-3
01/05/2007,15/05/2007,0.16,V ugm-3
15/05/2007,29/05/2007,1.33,P ugm-3
29/05/2007,12/06/2007,0.36,V ugm-3
12/06/2007,26/06/2007,0.29,V ugm-3
26/06/2007,10/07/2007,0.23,V ugm-3
10/07/2007,24/07/2007,0.26,V ugm-3
24/07/2007,07/08/2007,0.29,V ugm-3
07/08/2007,21/08/2007,0.26,V ugm-3
21/08/2007,04/09/2007,0.49,V ugm-3
04/09/2007,18/09/2007,0.85,V ugm-3
18/09/2007,02/10/2007,0.46,V ugm-3
02/10/2007,16/10/2007,0.72,V ugm-3
Data for year 2002,,,
Multi-day data,,,
Bristol Old Market,,,
Start Date,End Date,BENZENE,Status / units
14/01/2002,28/01/2002,1.82,V ugm-3
28/01/2002,12/02/2002,1.56,V ugm-3
26/03/2002,10/04/2002,3.48,V ugm-3
10/04/2002,23/04/2002,3.15,V ugm-3
23/04/2002,07/05/2002,2.28,V ugm-3
07/05/2002,20/05/2002,2.54,V ugm-3
20/05/2002,07/06/2002,1.66,V ugm-3
07/06/2002,17/06/2002,2.05,V ugm-3
17/06/2002,04/07/2002,1.95,V ugm-3
04/07/2002,16/07/2002,2.05,V ugm-3
16/07/2002,01/08/2002,2.15,V ugm-3
01/08/2002,13/08/2002,3.84,V ugm-3
13/08/2002,29/08/2002,2.89,V ugm-3
29/08/2002,09/09/2002,3.19,V ugm-3
09/09/2002,25/09/2002,4.94,V ugm-3
25/09/2002,10/10/2002,4.1,V ugm-3
10/10/2002,24/10/2002,4.58,V ugm-3
24/10/2002,06/11/2002,3.45,V ugm-3
06/11/2002,21/11/2002,4.23,V ugm-3
21/11/2002,02/12/2002,3.15,V ugm-3
02/12/2002,18/12/2002,5.98,V ugm-3
18/12/2002,02/01/2003,5.27,V ugm-3
Data for year 2003,,,
Multi-day data,,,
Bristol Old Market,,,
Start Date,End Date,BENZENE,Status / units
02/01/2003,16/01/2003,4.49,V ugm-3
16/01/2003,28/01/2003,2.7,V ugm-3
28/01/2003,11/02/2003,2.02,V ugm-3
11/02/2003,26/02/2003,4.81,V ugm-3
26/02/2003,13/03/2003,2.7,V ugm-3
13/03/2003,27/03/2003,4.71,V ugm-3
27/03/2003,09/04/2003,2.67,V ugm-3
09/04/2003,23/04/2003,2.67,V ugm-3
23/04/2003,07/05/2003,1.95,V ugm-3
07/05/2003,20/05/2003,1.37,V ugm-3
20/05/2003,04/06/2003,2.08,V ugm-3
04/06/2003,18/06/2003,1.72,V ugm-3
18/06/2003,02/07/2003,2.47,V ugm-3
02/07/2003,16/07/2003,2.54,V ugm-3
16/07/2003,30/07/2003,1.69,V ugm-3
30/07/2003,13/08/2003,2.57,V ugm-3
13/08/2003,27/08/2003,2.28,V ugm-3
27/08/2003,10/09/2003,3.61,V ugm-3
10/09/2003,25/09/2003,3.74,V ugm-3
25/09/2003,08/10/2003,3.32,V ugm-3
08/10/2003,14/10/2003,4.19,V ugm-3
14/10/2003,22/10/2003,6.01,V ugm-3
22/10/2003,05/11/2003,3.74,V ugm-3
05/11/2003,19/11/2003,5.43,V ugm-3
19/11/2003,03/12/2003,6.01,V ugm-3
03/12/2003,16/12/2003,7.09,V ugm-3
16/12/2003,30/12/2003,3.84,V ugm-3
30/12/2003,14/01/2004,3.22,V ugm-3
Data for year 2004,,,
Multi-day data,,,
Bristol Old Market,,,
Start Date,End Date,BENZENE,Status / units
14/01/2004,28/01/2004,3.74,V ugm-3
28/01/2004,11/02/2004,2.6,V ugm-3
11/02/2004,25/02/2004,5.23,V ugm-3
25/02/2004,11/03/2004,3.93,V ugm-3
11/03/2004,24/03/2004,2.83,V ugm-3
24/03/2004,07/04/2004,3.38,V ugm-3
07/04/2004,21/04/2004,3.19,V ugm-3
21/04/2004,05/05/2004,3.58,V ugm-3
05/05/2004,19/05/2004,3.28,V ugm-3
19/05/2004,02/06/2004,3.06,V ugm-3
02/06/2004,16/06/2004,1.63,V ugm-3
16/06/2004,30/06/2004,1.33,V ugm-3
30/06/2004,14/07/2004,2.5,V ugm-3
14/07/2004,27/07/2004,2.34,V ugm-3
27/07/2004,10/08/2004,2.28,V ugm-3
10/08/2004,25/08/2004,1.56,V ugm-3
25/08/2004,08/09/2004,2.6,V ugm-3
08/09/2004,20/09/2004,2.6,V ugm-3
20/09/2004,06/10/2004,1.89,V ugm-3
06/10/2004,20/10/2004,4.75,V ugm-3
20/10/2004,03/11/2004,3.45,V ugm-3
03/11/2004,17/11/2004,2.8,V ugm-3
17/11/2004,01/12/2004,4.49,V ugm-3
01/12/2004,15/12/2004,4.52,V ugm-3
15/12/2004,29/12/2004,4.16,V ugm-3
29/12/2004,11/01/2005,2.11,V ugm-3
Data for year 2005,,,
Multi-day data,,,
Bristol Old Market,,,
Start Date,End Date,BENZENE,Status / units
11/01/2005,26/01/2005,2.05,V ugm-3
26/01/2005,09/02/2005,4.1,V ugm-3
09/02/2005,23/02/2005,2.99,V ugm-3
23/02/2005,09/03/2005,3.32,V ugm-3
09/03/2005,21/03/2005,2.57,V ugm-3
21/03/2005,06/04/2005,4.29,V ugm-3
06/04/2005,04/05/2005,2.93,V ugm-3
04/05/2005,18/05/2005,2.93,V ugm-3
18/05/2005,01/06/2005,0.98,V ugm-3
01/06/2005,14/06/2005,2.41,V ugm-3
14/06/2005,28/06/2005,2.11,V ugm-3
28/06/2005,11/07/2005,1.07,V ugm-3
11/07/2005,27/07/2005,1.3,V ugm-3
27/07/2005,10/08/2005,2.24,V ugm-3
10/08/2005,23/08/2005,2.11,V ugm-3
23/08/2005,06/09/2005,1.17,V ugm-3
06/09/2005,21/09/2005,2.31,V ugm-3
21/09/2005,05/10/2005,1.82,V ugm-3
05/10/2005,18/10/2005,2.63,V ugm-3
18/10/2005,01/11/2005,2.11,V ugm-3
01/11/2005,16/11/2005,2.8,V ugm-3
16/11/2005,30/11/2005,2.86,V ugm-3
30/11/2005,14/12/2005,3.25,V ugm-3
14/12/2005,28/12/2005,2.28,V ugm-3
28/12/2005,11/01/2006,2.89,V ugm-3
Data for year 2006,,,
Multi-day data,,,
Bristol Old Market,,,
Start Date,End Date,BENZENE,Status / units
11/01/2006,25/01/2006,2.76,V ugm-3
25/01/2006,08/02/2006,3.15,V ugm-3
08/02/2006,22/02/2006,3.32,V ugm-3
22/02/2006,09/03/2006,2.99,V ugm-3
09/03/2006,21/03/2006,2.76,V ugm-3
21/03/2006,05/04/2006,2.21,V ugm-3
05/04/2006,19/04/2006,1.59,V ugm-3
19/04/2006,03/05/2006,1.33,V ugm-3
03/05/2006,17/05/2006,1.53,V ugm-3
17/05/2006,31/05/2006,0.88,V ugm-3
31/05/2006,14/06/2006,1.37,V ugm-3
14/06/2006,28/06/2006,1.07,V ugm-3
28/06/2006,12/07/2006,1.43,V ugm-3
12/07/2006,26/07/2006,1.82,V ugm-3
26/07/2006,09/08/2006,0.94,V ugm-3
09/08/2006,23/08/2006,1.37,V ugm-3
23/08/2006,06/09/2006,1.3,V ugm-3
06/09/2006,20/09/2006,1.4,V ugm-3
20/09/2006,04/10/2006,1.59,V ugm-3
04/10/2006,18/10/2006,2.41,V ugm-3
18/10/2006,01/11/2006,1.11,V ugm-3
01/11/2006,15/11/2006,1.69,V ugm-3
15/11/2006,30/11/2006,1.11,V ugm-3
30/11/2006,13/12/2006,1.43,V ugm-3
13/12/2006,27/12/2006,2.6,V ugm-3
27/12/2006,10/01/2007,1.89,V ugm-3
Data for year 2007,,,
Multi-day data,,,
Bristol Old Market,,,
Start Date,End Date,BENZENE,Status / units
10/01/2007,24/01/2007,1.17,V ugm-3
24/01/2007,07/02/2007,2.21,V ugm-3
07/02/2007,21/02/2007,1.4,V ugm-3
21/02/2007,07/03/2007,1.01,V ugm-3
07/03/2007,21/03/2007,1.24,V ugm-3
21/03/2007,03/04/2007,1.69,V ugm-3
03/04/2007,18/04/2007,2.34,V ugm-3
18/04/2007,03/05/2007,0.94,V ugm-3
03/05/2007,16/05/2007,0.65,V ugm-3
16/05/2007,30/05/2007,0.94,V ugm-3
30/05/2007,13/06/2007,1.01,V ugm-3
13/06/2007,27/06/2007,0.75,V ugm-3
27/06/2007,11/07/2007,0.55,V ugm-3
11/07/2007,25/07/2007,0.78,V ugm-3
25/07/2007,08/08/2007,0.81,V ugm-3
08/08/2007,22/08/2007,0.94,V ugm-3
22/08/2007,05/09/2007,0.94,V ugm-3
05/09/2007,19/09/2007,1.2,V ugm-3
19/09/2007,03/10/2007,0.98,V ugm-3
03/10/2007,17/10/2007,1.37,V ugm-3
17/10/2007,01/11/2007,1.46,V ugm-3
01/11/2007,14/11/2007,1.56,V ugm-3
14/11/2007,26/11/2007,2.67,V ugm-3
26/11/2007,12/12/2007,1.2,V ugm-3
12/12/2007,27/12/2007,3.06,V ugm-3
27/12/2007,09/01/2008,1.82,V ugm-3
Data for year 2008,,,
Multi-day data,,,
Bristol Old Market,,,
Start Date,End Date,BENZENE,Status / units
09/01/2008,23/01/2008,0.88,V ugm-3
23/01/2008,06/02/2008,1.24,V ugm-3
06/02/2008,20/02/2008,3.28,V ugm-3
20/02/2008,05/03/2008,0.98,V ugm-3
05/03/2008,19/03/2008,0.75,V ugm-3
19/03/2008,03/04/2008,0.59,V ugm-3
03/04/2008,16/04/2008,1.24,V ugm-3
16/04/2008,30/04/2008,0.78,V ugm-3
30/04/2008,14/05/2008,1.2,V ugm-3
14/05/2008,28/05/2008,1.89,V ugm-3
28/05/2008,12/06/2008,1.01,V ugm-3
12/06/2008,25/06/2008,0.46,V ugm-3
25/06/2008,08/07/2008,0.42,V ugm-3
08/07/2008,23/07/2008,0.55,V ugm-3
23/07/2008,06/08/2008,0.75,V ugm-3
06/08/2008,20/08/2008,0.49,V ugm-3
20/08/2008,02/09/2008,0.55,V ugm-3
02/09/2008,17/09/2008,0.91,V ugm-3
17/09/2008,02/10/2008,1.07,V ugm-3
02/10/2008,15/10/2008,0.75,V ugm-3
15/10/2008,29/10/2008,0.81,V ugm-3
29/10/2008,11/11/2008,0.98,V ugm-3
11/11/2008,26/11/2008,1.01,V ugm-3
26/11/2008,10/12/2008,1.59,V ugm-3
10/12/2008,23/12/2008,1.66,V ugm-3
23/12/2008,07/01/2009,2.76,V ugm-3
Data for year 2009,,,
Multi-day data,,,
Bristol Old Market,,,
Start Date,End Date,BENZENE,Status / units
07/01/2009,21/01/2009,1.5,V ugm-3
21/01/2009,04/02/2009,1.43,V ugm-3
04/02/2009,18/02/2009,1.4,V ugm-3
18/02/2009,04/03/2009,1.17,V ugm-3
04/03/2009,18/03/2009,1.89,V ugm-3
18/03/2009,31/03/2009,0.88,V ugm-3
31/03/2009,15/04/2009,1.2,V ugm-3
15/04/2009,29/04/2009,1.01,V ugm-3
29/04/2009,13/05/2009,0.78,V ugm-3
13/05/2009,27/05/2009,0.75,V ugm-3
27/05/2009,10/06/2009,0.59,V ugm-3
10/06/2009,24/06/2009,0.62,V ugm-3
24/06/2009,08/07/2009,0.72,V ugm-3
08/07/2009,21/07/2009,0.55,V ugm-3
21/07/2009,05/08/2009,0.75,V ugm-3
05/08/2009,19/08/2009,1.11,V ugm-3
19/08/2009,02/09/2009,0.94,V ugm-3
02/09/2009,16/09/2009,1.33,V ugm-3
16/09/2009,01/10/2009,2.18,V ugm-3
01/10/2009,14/10/2009,1.17,V ugm-3
14/10/2009,28/10/2009,1.3,V ugm-3
28/10/2009,11/11/2009,1.4,V ugm-3
11/11/2009,25/11/2009,0.78,V ugm-3
25/11/2009,10/12/2009,0.94,V ugm-3
10/12/2009,23/12/2009,2.15,V ugm-3
23/12/2009,07/01/2010,1.76,V ugm-3
Data for year 2010,,,
Multi-day data,,,
Bristol Old Market,,,
Start Date,End Date,BENZENE,Status / units
07/01/2010,20/01/2010,2.63,V ugm-3
20/01/2010,03/02/2010,1.66,V ugm-3
03/02/2010,17/02/2010,1.66,V ugm-3
17/02/2010,03/03/2010,1.79,V ugm-3
03/03/2010,17/03/2010,0.88,V ugm-3
17/03/2010,31/03/2010,0.91,V ugm-3
31/03/2010,14/04/2010,1.04,V ugm-3
14/04/2010,28/04/2010,1.11,V ugm-3
28/04/2010,12/05/2010,0.94,V ugm-3
12/05/2010,26/05/2010,1.01,V ugm-3
26/05/2010,24/06/2010,0.79,V ugm-3
02/07/2010,26/07/2010,0.56,V ugm-3
26/07/2010,18/08/2010,0.5,V ugm-3
18/08/2010,01/09/2010,0.78,V ugm-3
01/09/2010,15/09/2010,0.84,V ugm-3
15/09/2010,29/09/2010,0.66,V ugm-3
29/09/2010,13/10/2010,1.46,V ugm-3
13/10/2010,27/10/2010,1.28,V ugm-3
27/10/2010,10/11/2010,0.83,V ugm-3
10/11/2010,24/11/2010,1.61,V ugm-3
24/11/2010,08/12/2010,2,V ugm-3
08/12/2010,22/12/2010,1.97,V ugm-3
22/12/2010,05/01/2011,1.51,V ugm-3
Data for year 2011,,,
Multi-day data,,,
Bristol Old Market,,,
Start Date,End Date,BENZENE,Status / units
05/01/2011,19/01/2011,1.43,V ugm-3
19/01/2011,02/02/2011,1.39,V ugm-3
02/02/2011,16/02/2011,0.98,V ugm-3
16/02/2011,02/03/2011,1.46,V ugm-3
02/03/2011,16/03/2011,1.59,V ugm-3
16/03/2011,30/03/2011,1.51,V ugm-3
30/03/2011,13/04/2011,0.87,V ugm-3
13/04/2011,27/04/2011,1.36,V ugm-3
27/04/2011,11/05/2011,0.75,V ugm-3
11/05/2011,25/05/2011,0.44,V ugm-3
25/05/2011,08/06/2011,0.49,V ugm-3
08/06/2011,22/06/2011,0.48,V ugm-3
22/06/2011,06/07/2011,0.44,V ugm-3
06/07/2011,20/07/2011,0.64,V ugm-3
20/07/2011,03/08/2011,0.81,V ugm-3
03/08/2011,17/08/2011,0.58,V ugm-3
17/08/2011,31/08/2011,0.34,V ugm-3
31/08/2011,14/09/2011,0.49,V ugm-3
14/09/2011,28/09/2011,0.82,V ugm-3
28/09/2011,12/10/2011,0.87,V ugm-3
12/10/2011,25/10/2011,1.24,V ugm-3
25/10/2011,09/11/2011,0.75,V ugm-3
09/11/2011,24/11/2011,1.01,V ugm-3
24/11/2011,07/12/2011,1,V ugm-3
07/12/2011,21/12/2011,1.16,V ugm-3
21/12/2011,04/01/2012,0.69,V ugm-3
Data for year 2012,,,
Multi-day data,,,
Bristol Old Market,,,
Start Date,End Date,BENZENE,Status / units
04/01/2012,18/01/2012,1.55,V ugm-3
18/01/2012,01/02/2012,1.24,V ugm-3
01/02/2012,15/02/2012,1.42,V ugm-3
15/02/2012,29/02/2012,0.76,V ugm-3
29/02/2012,14/03/2012,1.17,V ugm-3
14/03/2012,28/03/2012,1.59,V ugm-3
28/03/2012,11/04/2012,0.87,V ugm-3
25/04/2012,09/05/2012,0.79,V ugm-3
09/05/2012,23/05/2012,0.62,V ugm-3
23/05/2012,06/06/2012,0.61,V ugm-3
06/06/2012,20/06/2012,0.52,V ugm-3
20/06/2012,04/07/2012,0.54,V ugm-3
04/07/2012,18/07/2012,0.46,V ugm-3
18/07/2012,01/08/2012,0.57,V ugm-3
01/08/2012,15/08/2012,0.67,V ugm-3
15/08/2012,29/08/2012,0.49,V ugm-3
29/08/2012,12/09/2012,0.64,V ugm-3
12/09/2012,26/09/2012,0.55,V ugm-3
26/09/2012,03/10/2012,0.7,V ugm-3
Data for year 2008,,,
Multi-day data,,,
Bury Roadside,,,
Start Date,End Date,BENZENE,Status / units
24/01/2008,07/02/2008,1.11,V ugm-3
07/02/2008,21/02/2008,2.31,V ugm-3
21/02/2008,06/03/2008,1.01,V ugm-3
06/03/2008,19/03/2008,1.24,V ugm-3
19/03/2008,10/04/2008,0.81,V ugm-3
10/04/2008,24/04/2008,0.81,V ugm-3
24/04/2008,08/05/2008,0.75,V ugm-3
08/05/2008,22/05/2008,1.33,V ugm-3
22/05/2008,05/06/2008,0.68,V ugm-3
05/06/2008,19/06/2008,0.46,V ugm-3
19/06/2008,03/07/2008,0.46,V ugm-3
03/07/2008,17/07/2008,0.42,V ugm-3
17/07/2008,07/08/2008,0.49,V ugm-3
07/08/2008,04/09/2008,0.46,P ugm-3
04/09/2008,18/09/2008,0.78,P ugm-3
18/09/2008,01/10/2008,0.85,P ugm-3
01/10/2008,23/10/2008,0.55,V ugm-3
23/10/2008,06/11/2008,0.81,V ugm-3
06/11/2008,19/11/2008,0.62,V ugm-3
19/11/2008,09/12/2008,0.88,V ugm-3
09/12/2008,08/01/2009,1.3,V ugm-3
Data for year 2009,,,
Multi-day data,,,
Bury Roadside,,,
Start Date,End Date,BENZENE,Status / units
08/01/2009,23/01/2009,0.81,V ugm-3
23/01/2009,04/02/2009,1.14,V ugm-3
04/02/2009,12/02/2009,1.01,V ugm-3
12/02/2009,24/02/2009,0.75,V ugm-3
24/02/2009,12/03/2009,0.55,V ugm-3
12/03/2009,25/03/2009,1.14,V ugm-3
25/03/2009,08/04/2009,0.59,V ugm-3
08/04/2009,23/04/2009,0.55,V ugm-3
23/04/2009,11/05/2009,0.49,V ugm-3
11/05/2009,21/05/2009,0.59,V ugm-3
21/05/2009,04/06/2009,0.55,V ugm-3
04/06/2009,18/06/2009,0.46,V ugm-3
18/06/2009,02/07/2009,0.52,V ugm-3
02/07/2009,13/07/2009,0.36,V ugm-3
13/07/2009,30/07/2009,0.85,V ugm-3
30/07/2009,19/08/2009,0.88,V ugm-3
19/08/2009,03/09/2009,,
03/09/2009,17/09/2009,1.14,V ugm-3
17/09/2009,01/10/2009,1.07,V ugm-3
01/10/2009,15/10/2009,0.85,V ugm-3
15/10/2009,29/10/2009,0.94,V ugm-3
29/10/2009,12/11/2009,1.37,V ugm-3
12/11/2009,26/11/2009,0.72,V ugm-3
26/11/2009,09/12/2009,0.75,V ugm-3
09/12/2009,29/12/2009,1.37,V ugm-3
29/12/2009,14/01/2010,1.92,V ugm-3
Data for year 2010,,,
Multi-day data,,,
Bury Roadside,,,
Start Date,End Date,BENZENE,Status / units
14/01/2010,27/01/2010,1.46,V ugm-3
27/01/2010,22/04/2010,1.1,V ugm-3
22/04/2010,06/05/2010,0.69,V ugm-3
06/05/2010,20/05/2010,0.59,V ugm-3
20/05/2010,02/06/2010,0.61,V ugm-3
02/06/2010,29/06/2010,0.51,V ugm-3
05/07/2010,28/07/2010,0.45,V ugm-3
28/07/2010,11/08/2010,0.52,V ugm-3
11/08/2010,25/08/2010,0.24,V ugm-3
25/08/2010,16/09/2010,0.48,V ugm-3
16/09/2010,06/10/2010,0.2,V ugm-3
06/10/2010,19/10/2010,0.75,V ugm-3
19/10/2010,28/10/2010,2.15,V ugm-3
28/10/2010,25/11/2010,0.95,V ugm-3
25/11/2010,06/12/2010,1.29,V ugm-3
06/12/2010,20/12/2010,1.38,V ugm-3
20/12/2010,10/01/2011,1.68,V ugm-3
Data for year 2011,,,
Multi-day data,,,
Bury Roadside,,,
Start Date,End Date,BENZENE,Status / units
10/01/2011,27/01/2011,1.14,V ugm-3
27/01/2011,15/02/2011,1,V ugm-3
15/02/2011,10/03/2011,1.62,V ugm-3
10/03/2011,17/03/2011,1.25,V ugm-3
17/03/2011,31/03/2011,1.01,V ugm-3
31/03/2011,14/04/2011,0.69,V ugm-3
14/04/2011,05/05/2011,0.76,V ugm-3
05/05/2011,12/05/2011,0.69,V ugm-3
12/05/2011,19/05/2011,0.42,V ugm-3
19/05/2011,02/06/2011,0.31,V ugm-3
02/06/2011,16/06/2011,0.47,V ugm-3
16/06/2011,06/07/2011,0.36,V ugm-3
06/07/2011,15/07/2011,0.51,V ugm-3
15/07/2011,04/08/2011,0.3,V ugm-3
04/08/2011,18/08/2011,0.44,V ugm-3
18/08/2011,25/08/2011,0.62,V ugm-3
25/08/2011,09/09/2011,0.49,V ugm-3
09/09/2011,06/10/2011,0.59,V ugm-3
06/10/2011,20/10/2011,0.71,V ugm-3
20/10/2011,03/11/2011,0.66,V ugm-3
03/11/2011,17/11/2011,1.86,V ugm-3
17/11/2011,01/12/2011,0.6,V ugm-3
01/12/2011,15/12/2011,0.57,V ugm-3
15/12/2011,05/01/2012,0.76,V ugm-3
Data for year 2012,,,
Multi-day data,,,
Bury Roadside,,,
Start Date,End Date,BENZENE,Status / units
05/01/2012,19/01/2012,1.15,V ugm-3
19/01/2012,09/02/2012,1.33,V ugm-3
09/02/2012,23/02/2012,0.88,V ugm-3
23/02/2012,08/03/2012,0.73,V ugm-3
08/03/2012,22/03/2012,0.74,V ugm-3
22/03/2012,12/04/2012,0.74,V ugm-3
12/04/2012,26/04/2012,0.58,V ugm-3
26/04/2012,03/05/2012,0.61,V ugm-3
03/05/2012,10/05/2012,0.43,V ugm-3
10/05/2012,31/05/2012,0.43,V ugm-3
31/05/2012,07/06/2012,0.49,V ugm-3
07/06/2012,14/06/2012,0.38,V ugm-3
14/06/2012,28/06/2012,0.49,V ugm-3
28/06/2012,12/07/2012,0.37,V ugm-3
12/07/2012,27/07/2012,0.51,V ugm-3
27/07/2012,09/08/2012,0.43,V ugm-3
09/08/2012,23/08/2012,0.65,V ugm-3
23/08/2012,10/09/2012,0.53,V ugm-3
10/09/2012,25/09/2012,0.37,V ugm-3
25/09/2012,11/10/2012,0.6,V ugm-3
11/10/2012,25/10/2012,0.75,V ugm-3
25/10/2012,08/11/2012,0.82,V ugm-3
08/11/2012,29/11/2012,0.93,V ugm-3
29/11/2012,12/12/2012,1.57,V ugm-3
12/12/2012,03/01/2013,0.77,V ugm-3
Data for year 2013,,,
Multi-day data,,,
Bury Roadside,,,
Start Date,End Date,BENZENE,Status / units
03/01/2013,10/01/2013,1.03,V ugm-3
10/01/2013,24/01/2013,1.52,V ugm-3
24/01/2013,18/02/2013,1.26,V ugm-3
18/02/2013,28/02/2013,1.48,V ugm-3
28/02/2013,08/03/2013,0.99,V ugm-3
08/03/2013,15/03/2013,0.9,V ugm-3
15/03/2013,28/03/2013,0.89,V ugm-3
28/03/2013,15/04/2013,0.63,V ugm-3
15/04/2013,29/04/2013,0.58,V ugm-3
29/04/2013,13/05/2013,0.69,V ugm-3
13/05/2013,28/05/2013,0.63,V ugm-3
28/05/2013,10/06/2013,,
10/06/2013,24/06/2013,0.57,V ugm-3
24/06/2013,08/07/2013,0.57,V ugm-3
08/07/2013,22/07/2013,0.82,V ugm-3
22/07/2013,05/08/2013,0.5,V ugm-3
05/08/2013,20/08/2013,0.4,V ugm-3
20/08/2013,02/09/2013,1.07,V ugm-3
Data for year 2014,,,
Multi-day data,,,
Bury Whitefield Roadside,,,
Start Date,End Date,BENZENE,Status / units
11/07/2014,06/08/2014,0.43,V ugm-3
06/08/2014,22/08/2014,0.33,V ugm-3
22/08/2014,10/09/2014,0.68,V ugm-3
10/09/2014,24/09/2014,0.67,V ugm-3
24/09/2014,08/10/2014,0.8,V ugm-3
08/10/2014,22/10/2014,0.51,V ugm-3
22/10/2014,06/11/2014,0.72,V ugm-3
06/11/2014,26/11/2014,1.11,V ugm-3
26/11/2014,10/12/2014,1.56,V ugm-3
10/12/2014,30/12/2014,1.04,V ugm-3
30/12/2014,02/02/2015,0.89,V ugm-3
Data for year 2015,,,
Multi-day data,,,
Bury Whitefield Roadside,,,
Start Date,End Date,BENZENE,Status / units
02/02/2015,24/02/2015,0.81,V ugm-3
24/02/2015,11/03/2015,0.64,V ugm-3
11/03/2015,27/03/2015,1.07,V ugm-3
27/03/2015,15/04/2015,0.56,V ugm-3
15/04/2015,29/04/2015,0.56,V ugm-3
29/04/2015,13/05/2015,0.4,V ugm-3
13/05/2015,26/05/2015,0.32,V ugm-3
26/05/2015,09/06/2015,0.3,V ugm-3
09/06/2015,24/06/2015,0.32,V ugm-3
24/06/2015,08/07/2015,0.3,V ugm-3
08/07/2015,22/07/2015,0.25,V ugm-3
22/07/2015,04/08/2015,0.32,V ugm-3
04/08/2015,19/08/2015,0.47,V ugm-3
19/08/2015,01/09/2015,0.42,V ugm-3
01/09/2015,15/09/2015,0.45,V ugm-3
15/09/2015,30/09/2015,0.51,V ugm-3
30/09/2015,13/10/2015,0.94,V ugm-3
13/10/2015,27/10/2015,0.66,V ugm-3
27/10/2015,10/11/2015,2.28,V ugm-3
10/11/2015,24/11/2015,0.57,V ugm-3
24/11/2015,08/12/2015,0.65,V ugm-3
08/12/2015,21/12/2015,0.58,V ugm-3
21/12/2015,05/01/2016,0.56,V ugm-3
Data for year 2016,,,
Multi-day data,,,
Bury Whitefield Roadside,,,
Start Date,End Date,BENZENE,Status / units
05/01/2016,19/01/2016,0.86,V ugm-3
19/01/2016,02/02/2016,0.66,V ugm-3
02/02/2016,16/02/2016,0.77,V ugm-3
16/02/2016,01/03/2016,0.88,V ugm-3
01/03/2016,15/03/2016,0.9,V ugm-3
15/03/2016,29/03/2016,0.55,V ugm-3
29/03/2016,19/04/2016,0.58,V ugm-3
19/04/2016,04/05/2016,0.48,V ugm-3
04/05/2016,17/05/2016,0.43,V ugm-3
17/05/2016,01/06/2016,0.33,V ugm-3
01/06/2016,15/06/2016,,
15/06/2016,29/06/2016,0.3,V ugm-3
29/06/2016,13/07/2016,0.3,V ugm-3
13/07/2016,27/07/2016,,
27/07/2016,09/08/2016,0.21,V ugm-3
09/08/2016,22/08/2016,0.23,V ugm-3
22/08/2016,07/09/2016,0.36,V ugm-3
07/09/2016,21/09/2016,,
21/09/2016,05/10/2016,0.28,V ugm-3
05/10/2016,19/10/2016,0.39,V ugm-3
19/10/2016,02/11/2016,0.82,V ugm-3
02/11/2016,16/11/2016,0.7,V ugm-3
16/11/2016,01/12/2016,0.86,V ugm-3
01/12/2016,14/12/2016,0.83,V ugm-3
14/12/2016,04/01/2017,1.08,V ugm-3
Data for year 2017,,,
Multi-day data,,,
Bury Whitefield Roadside,,,
Start Date,End Date,BENZENE,Status / units
04/01/2017,18/01/2017,,
18/01/2017,01/02/2017,1.79,V ugm-3
01/02/2017,15/02/2017,1.04,V ugm-3
15/02/2017,01/03/2017,0.96,V ugm-3
01/03/2017,15/03/2017,0.68,V ugm-3
15/03/2017,29/03/2017,0.75,V ugm-3
29/03/2017,12/04/2017,0.6,V ugm-3
12/04/2017,26/04/2017,0.34,V ugm-3
26/04/2017,12/05/2017,0.34,V ugm-3
12/05/2017,25/05/2017,0.27,V ugm-3
25/05/2017,07/06/2017,0.21,V ugm-3
07/06/2017,21/06/2017,0.25,V ugm-3
21/06/2017,05/07/2017,0.22,V ugm-3
05/07/2017,21/07/2017,0.24,V ugm-3
21/07/2017,03/08/2017,0.23,V ugm-3
03/08/2017,16/08/2017,0.25,V ugm-3
16/08/2017,30/08/2017,0.44,V ugm-3
30/08/2017,13/09/2017,0.42,V ugm-3
13/09/2017,27/09/2017,0.51,V ugm-3
27/09/2017,11/10/2017,0.36,V ugm-3
11/10/2017,25/10/2017,0.47,V ugm-3
25/10/2017,08/11/2017,1.2,V ugm-3
08/11/2017,22/11/2017,0.81,V ugm-3
22/11/2017,07/12/2017,0.7,V ugm-3
07/12/2017,20/12/2017,1.3,V ugm-3
20/12/2017,03/01/2018,0.73,V ugm-3
Data for year 2018,,,
Multi-day data,,,
Bury Whitefield Roadside,,,
Start Date,End Date,BENZENE,Status / units
03/01/2018,18/01/2018,1.29,V ugm-3
18/01/2018,14/02/2018,,
14/02/2018,05/03/2018,0.88,V ugm-3
05/03/2018,19/03/2018,0.86,V ugm-3
19/03/2018,03/04/2018,0.65,V ugm-3
03/04/2018,19/04/2018,0.56,V ugm-3
19/04/2018,01/05/2018,0.39,V ugm-3
01/05/2018,15/05/2018,0.41,V ugm-3
15/05/2018,29/05/2018,0.33,V ugm-3
29/05/2018,13/06/2018,0.27,V ugm-3
13/06/2018,03/07/2018,0.22,V ugm-3
03/07/2018,17/07/2018,0.31,V ugm-3
17/07/2018,02/08/2018,0.26,V ugm-3
02/08/2018,23/08/2018,0.21,V ugm-3
23/08/2018,04/09/2018,0.32,V ugm-3
04/09/2018,18/09/2018,,
18/09/2018,02/10/2018,0.41,V ugm-3
02/10/2018,17/10/2018,0.38,V ugm-3
17/10/2018,30/10/2018,0.41,V ugm-3
30/10/2018,15/11/2018,0.59,V ugm-3
15/11/2018,27/11/2018,0.69,V ugm-3
27/11/2018,11/12/2018,0.58,V ugm-3
11/12/2018,19/12/2018,,
19/12/2018,03/01/2019,0.67,V ugm-3
Data for year 2019,,,
Multi-day data,,,
Bury Whitefield Roadside,,,
Start Date,End Date,BENZENE,Status / units
03/01/2019,18/01/2019,0.86,V ugm-3
18/01/2019,01/02/2019,0.87,V ugm-3
01/02/2019,12/02/2019,0.68,V ugm-3
12/02/2019,01/03/2019,0.8,V ugm-3
01/03/2019,12/03/2019,0.43,V ugm-3
12/03/2019,29/03/2019,0.5,V ugm-3
29/03/2019,09/04/2019,0.47,V ugm-3
09/04/2019,26/04/2019,0.54,V ugm-3
26/04/2019,10/05/2019,0.3,V ugm-3
10/05/2019,21/05/2019,0.25,V ugm-3
21/05/2019,06/06/2019,0.21,V ugm-3
06/06/2019,18/06/2019,0.23,V ugm-3
18/06/2019,02/07/2019,0.19,V ugm-3
02/07/2019,16/07/2019,0.19,V ugm-3
16/07/2019,31/07/2019,0.19,V ugm-3
31/07/2019,14/08/2019,0.22,V ugm-3
14/08/2019,29/08/2019,0.37,V ugm-3
29/08/2019,12/09/2019,0.33,V ugm-3
12/09/2019,26/09/2019,0.43,V ugm-3
26/09/2019,10/10/2019,0.33,V ugm-3
10/10/2019,22/10/2019,0.45,V ugm-3
22/10/2019,07/11/2019,0.78,V ugm-3
07/11/2019,22/11/2019,0.65,V ugm-3
22/11/2019,05/12/2019,1.17,V ugm-3
05/12/2019,17/12/2019,0.69,V ugm-3
17/12/2019,15/01/2020,0.76,V ugm-3
Data for year 2020,,,
Multi-day data,,,
Bury Whitefield Roadside,,,
Start Date,End Date,BENZENE,Status / units
15/01/2020,30/01/2020,0.71,V ugm-3
30/01/2020,12/02/2020,0.63,V ugm-3
12/02/2020,26/02/2020,0.49,V ugm-3
26/02/2020,12/03/2020,0.55,V ugm-3
12/03/2020,25/03/2020,0.46,V ugm-3
25/03/2020,08/04/2020,0.59,V ugm-3
08/04/2020,20/05/2020,0.33,V ugm-3
20/05/2020,03/06/2020,0.28,V ugm-3
03/06/2020,17/06/2020,0.19,V ugm-3
17/06/2020,01/07/2020,0.18,V ugm-3
01/07/2020,15/07/2020,0.19,V ugm-3
15/07/2020,29/07/2020,0.23,V ugm-3
29/07/2020,12/08/2020,0.26,V ugm-3
12/08/2020,26/08/2020,0.19,V ugm-3
26/08/2020,09/09/2020,0.28,V ugm-3
09/09/2020,23/09/2020,0.3,V ugm-3
23/09/2020,07/10/2020,0.32,V ugm-3
07/10/2020,21/10/2020,0.5,V ugm-3
21/10/2020,04/11/2020,0.49,V ugm-3
04/11/2020,19/11/2020,0.78,V ugm-3
19/11/2020,03/12/2020,0.95,V ugm-3
03/12/2020,16/12/2020,0.67,V ugm-3
16/12/2020,30/12/2020,0.71,V ugm-3
30/12/2020,14/01/2021,1.31,V ugm-3
Data for year 2021,,,
Multi-day data,,,
Bury Whitefield Roadside,,,
Start Date,End Date,BENZENE,Status / units
14/01/2021,27/01/2021,0.86,V ugm-3
27/01/2021,10/02/2021,0.79,V ugm-3
10/02/2021,25/02/2021,0.58,V ugm-3
25/02/2021,10/03/2021,1.09,V ugm-3
10/03/2021,25/03/2021,0.43,V ugm-3
25/03/2021,07/04/2021,0.51,V ugm-3
07/04/2021,21/04/2021,0.58,V ugm-3
21/04/2021,05/05/2021,0.44,V ugm-3
05/05/2021,19/05/2021,0.34,V ugm-3
19/05/2021,02/06/2021,0.33,V ugm-3
02/06/2021,16/06/2021,0.24,V ugm-3
16/06/2021,30/06/2021,0.19,V ugm-3
30/06/2021,14/07/2021,0.23,V ugm-3
14/07/2021,28/07/2021,0.37,V ugm-3
28/07/2021,10/08/2021,0.26,V ugm-3
10/08/2021,24/08/2021,0.24,V ugm-3
24/08/2021,07/09/2021,0.33,V ugm-3
07/09/2021,23/09/2021,0.46,V ugm-3
23/09/2021,12/10/2021,0.21,V ugm-3
12/10/2021,20/10/2021,0.28,V ugm-3
20/10/2021,03/11/2021,0.39,V ugm-3
03/11/2021,17/11/2021,0.57,V ugm-3
17/11/2021,02/12/2021,0.57,V ugm-3
02/12/2021,14/12/2021,0.53,V ugm-3
14/12/2021,21/12/2021,1.08,V ugm-3
21/12/2021,12/01/2022,0.66,V ugm-3
Data for year 2022,,,
Multi-day data,,,
Bury Whitefield Roadside,,,
Start Date,End Date,BENZENE,Status / units
12/01/2022,27/01/2022,1.16,V ugm-3
27/01/2022,09/02/2022,0.48,V ugm-3
09/02/2022,23/02/2022,0.5,V ugm-3
23/02/2022,09/03/2022,0.7,V ugm-3
09/03/2022,22/03/2022,0.66,V ugm-3
22/03/2022,07/04/2022,0.65,V ugm-3
07/04/2022,20/04/2022,0.6,V ugm-3
20/04/2022,04/05/2022,0.45,V ugm-3
04/05/2022,18/05/2022,0.18,V ugm-3
18/05/2022,01/06/2022,0.15,V ugm-3
01/06/2022,14/06/2022,0.2,V ugm-3
14/06/2022,29/06/2022,0.2,V ugm-3
29/06/2022,12/07/2022,0.17,V ugm-3
12/07/2022,27/07/2022,0.25,V ugm-3
27/07/2022,11/08/2022,0.21,V ugm-3
11/08/2022,25/08/2022,0.25,V ugm-3
25/08/2022,08/09/2022,0.22,V ugm-3
08/09/2022,21/09/2022,0.42,V ugm-3
21/09/2022,04/10/2022,0.36,V ugm-3
04/10/2022,19/10/2022,0.49,V ugm-3
19/10/2022,03/11/2022,0.33,V ugm-3
03/11/2022,16/11/2022,0.65,V ugm-3
16/11/2022,30/11/2022,0.73,V ugm-3
30/11/2022,20/12/2022,1.36,V ugm-3
20/12/2022,11/01/2023,0.5,V ugm-3
Data for year 2023,,,
Multi-day data,,,
Bury Whitefield Roadside,,,
Start Date,End Date,BENZENE,Status / units
11/01/2023,26/01/2023,0.8,V ugm-3
26/01/2023,09/02/2023,0.84,V ugm-3
09/02/2023,23/02/2023,0.7,V ugm-3
23/02/2023,08/03/2023,0.43,V ugm-3
08/03/2023,23/03/2023,0.5,V ugm-3
23/03/2023,06/04/2023,0.47,V ugm-3
06/04/2023,18/04/2023,0.45,V ugm-3
18/04/2023,04/05/2023,0.35,V ugm-3
04/05/2023,18/05/2023,0.34,V ugm-3
18/05/2023,01/06/2023,0.28,V ugm-3
01/06/2023,13/06/2023,0.28,V ugm-3
13/06/2023,29/06/2023,0.35,V ugm-3
29/06/2023,12/07/2023,0.3,V ugm-3
12/07/2023,27/07/2023,0.23,V ugm-3
27/07/2023,09/08/2023,0.3,V ugm-3
09/08/2023,22/08/2023,0.31,V ugm-3
22/08/2023,07/09/2023,0.4,V ugm-3
07/09/2023,21/09/2023,0.51,V ugm-3
21/09/2023,05/10/2023,0.53,V ugm-3
05/10/2023,17/10/2023,0.61,V ugm-3
17/10/2023,01/11/2023,0.57,V ugm-3
01/11/2023,14/11/2023,0.72,V ugm-3
14/11/2023,28/11/2023,0.76,V ugm-3
28/11/2023,14/12/2023,0.99,V ugm-3
14/12/2023,22/12/2023,0.52,V ugm-3
22/12/2023,11/01/2024,0.62,V ugm-3
Data for year 2024,,,
Multi-day data,,,
Bury Whitefield Roadside,,,
Start Date,End Date,BENZENE,Status / units
11/01/2024,25/01/2024,0.55,V ugm-3
25/01/2024,07/02/2024,0.59,V ugm-3
07/02/2024,22/02/2024,0.72,V ugm-3
22/02/2024,07/03/2024,0.91,V ugm-3
07/03/2024,19/03/2024,0.76,V ugm-3
19/03/2024,04/04/2024,0.57,V ugm-3
04/04/2024,17/04/2024,0.36,V ugm-3
17/04/2024,02/05/2024,0.49,V ugm-3
02/05/2024,15/05/2024,0.37,V ugm-3
15/05/2024,31/05/2024,0.27,V ugm-3
31/05/2024,11/06/2024,0.3,V ugm-3
11/06/2024,25/06/2024,0.22,V ugm-3
25/06/2024,10/07/2024,0.18,V ugm-3
10/07/2024,25/07/2024,0.29,V ugm-3
25/07/2024,06/08/2024,0.32,V ugm-3
06/08/2024,21/08/2024,0.38,V ugm-3
21/08/2024,05/09/2024,0.44,V ugm-3
05/09/2024,17/09/2024,0.43,V ugm-3
17/09/2024,01/10/2024,0.44,V ugm-3
01/10/2024,16/10/2024,0.48,V ugm-3
16/10/2024,01/11/2024,0.47,V ugm-3
01/11/2024,14/11/2024,0.71,V ugm-3
14/11/2024,26/11/2024,0.63,V ugm-3
26/11/2024,20/12/2024,0.41,V ugm-3
20/12/2024,08/01/2025,0.61,V ugm-3
Data for year 2025,,,
Multi-day data,,,
Bury Whitefield Roadside,,,
Start Date,End Date,BENZENE,Status / units
08/01/2025,22/01/2025,1.26,V ugm-3
22/01/2025,05/02/2025,0.62,V ugm-3
05/02/2025,19/02/2025,0.81,V ugm-3
19/02/2025,05/03/2025,0.62,V ugm-3
05/03/2025,19/03/2025,0.48,V ugm-3
19/03/2025,02/04/2025,0.45,V ugm-3
02/04/2025,17/04/2025,0.34,V ugm-3
17/04/2025,30/04/2025,0.3,V ugm-3
30/04/2025,13/05/2025,0.34,V ugm-3
13/05/2025,29/05/2025,0.14,V ugm-3
29/05/2025,12/06/2025,0.28,V ugm-3
12/06/2025,08/07/2025,0.23,V ugm-3
08/07/2025,23/07/2025,0.3,V ugm-3
23/07/2025,06/08/2025,0.29,V ugm-3
06/08/2025,21/08/2025,0.36,V ugm-3
21/08/2025,05/09/2025,0.25,V ugm-3
05/09/2025,19/09/2025,0.32,V ugm-3
19/09/2025,01/10/2025,0.51,V ugm-3
01/10/2025,15/10/2025,0.43,V ugm-3
15/10/2025,30/10/2025,0.36,V ugm-3
30/10/2025,12/11/2025,0.5,V ugm-3
12/11/2025,26/11/2025,0.49,V ugm-3
26/11/2025,11/12/2025,0.46,V ugm-3
11/12/2025,23/12/2025,0.73,V ugm-3
23/12/2025,07/01/2026,0.64,V ugm-3
Data for year 2008,,,
Multi-day data,,,
Cambridge Roadside,,,
Start Date,End Date,BENZENE,Status / units
04/02/2008,18/02/2008,1.53,V ugm-3
18/02/2008,03/03/2008,0.88,V ugm-3
03/03/2008,17/03/2008,0.75,V ugm-3
17/03/2008,31/03/2008,0.65,V ugm-3
31/03/2008,14/04/2008,0.91,V ugm-3
14/04/2008,28/04/2008,0.68,V ugm-3
28/04/2008,12/05/2008,0.85,V ugm-3
12/05/2008,27/05/2008,0.55,V ugm-3
27/05/2008,09/06/2008,0.72,V ugm-3
09/06/2008,23/06/2008,0.39,V ugm-3
23/06/2008,07/07/2008,0.46,V ugm-3
07/07/2008,21/07/2008,0.39,V ugm-3
21/07/2008,04/08/2008,0.55,V ugm-3
04/08/2008,18/08/2008,0.55,V ugm-3
18/08/2008,02/09/2008,0.59,V ugm-3
02/09/2008,15/09/2008,0.68,V ugm-3
15/09/2008,29/09/2008,0.85,V ugm-3
29/09/2008,13/10/2008,0.65,V ugm-3
13/10/2008,27/10/2008,0.59,V ugm-3
27/10/2008,10/11/2008,0.91,V ugm-3
10/11/2008,24/11/2008,0.62,V ugm-3
24/11/2008,08/12/2008,1.24,V ugm-3
08/12/2008,22/12/2008,1.01,V ugm-3
22/12/2008,06/01/2009,1.11,V ugm-3
Data for year 2009,,,
Multi-day data,,,
Cambridge Roadside,,,
Start Date,End Date,BENZENE,Status / units
06/01/2009,19/01/2009,1.07,V ugm-3
19/01/2009,02/02/2009,1.24,V ugm-3
02/02/2009,17/02/2009,1.07,V ugm-3
17/02/2009,02/03/2009,1.04,V ugm-3
02/03/2009,16/03/2009,0.91,V ugm-3
16/03/2009,30/03/2009,0.81,V ugm-3
30/03/2009,14/04/2009,0.78,V ugm-3
14/04/2009,27/04/2009,0.72,V ugm-3
27/04/2009,12/05/2009,0.52,V ugm-3
12/05/2009,26/05/2009,0.59,V ugm-3
26/05/2009,09/06/2009,0.46,V ugm-3
09/06/2009,22/06/2009,0.59,V ugm-3
22/06/2009,06/07/2009,0.65,V ugm-3
06/07/2009,20/07/2009,0.52,V ugm-3
20/07/2009,05/08/2009,0.49,V ugm-3
05/08/2009,17/08/2009,,
17/08/2009,01/09/2009,1.24,V ugm-3
01/09/2009,14/09/2009,0.98,V ugm-3
14/09/2009,28/09/2009,1.3,V ugm-3
28/09/2009,12/10/2009,0.72,V ugm-3
12/10/2009,26/10/2009,0.85,V ugm-3
26/10/2009,12/11/2009,0.98,V ugm-3
12/11/2009,26/11/2009,0.33,V ugm-3
26/11/2009,08/12/2009,0.68,V ugm-3
08/12/2009,21/12/2009,1.24,V ugm-3
21/12/2009,06/01/2010,1.17,V ugm-3
Data for year 2010,,,
Multi-day data,,,
Cambridge Roadside,,,
Start Date,End Date,BENZENE,Status / units
06/01/2010,19/01/2010,1.89,V ugm-3
19/01/2010,01/02/2010,1.37,V ugm-3
01/02/2010,15/02/2010,1.14,V ugm-3
15/02/2010,01/03/2010,1.33,V ugm-3
01/03/2010,15/03/2010,0.91,V ugm-3
15/03/2010,29/03/2010,0.91,V ugm-3
29/03/2010,13/04/2010,0.75,V ugm-3
13/04/2010,26/04/2010,0.84,V ugm-3
26/04/2010,12/05/2010,0.52,V ugm-3
12/05/2010,24/05/2010,0.67,V ugm-3
24/05/2010,07/06/2010,0.54,V ugm-3
07/06/2010,25/06/2010,0.45,V ugm-3
02/07/2010,04/08/2010,0.46,V ugm-3
04/08/2010,17/08/2010,0.58,V ugm-3
17/08/2010,01/09/2010,0.51,V ugm-3
01/09/2010,13/09/2010,0.65,V ugm-3
13/09/2010,27/09/2010,0.52,V ugm-3
27/09/2010,11/10/2010,1.01,V ugm-3
11/10/2010,22/10/2010,0.58,V ugm-3
22/10/2010,10/11/2010,0.76,V ugm-3
10/11/2010,22/11/2010,0.88,V ugm-3
22/11/2010,07/12/2010,1.1,V ugm-3
07/12/2010,22/12/2010,1.16,V ugm-3
Data for year 2011,,,
Multi-day data,,,
Cambridge Roadside,,,
Start Date,End Date,BENZENE,Status / units
06/01/2011,18/01/2011,0.89,V ugm-3
18/01/2011,02/02/2011,0.79,V ugm-3
02/02/2011,15/02/2011,0.81,V ugm-3
15/02/2011,01/03/2011,1.17,V ugm-3
01/03/2011,15/03/2011,0.99,V ugm-3
15/03/2011,29/03/2011,1.15,V ugm-3
29/03/2011,13/04/2011,0.82,V ugm-3
13/04/2011,27/04/2011,0.98,V ugm-3
27/04/2011,11/05/2011,0.53,V ugm-3
11/05/2011,25/05/2011,0.51,V ugm-3
25/05/2011,07/06/2011,0.47,V ugm-3
07/06/2011,20/06/2011,0.63,V ugm-3
20/06/2011,05/07/2011,0.43,V ugm-3
05/07/2011,19/07/2011,0.46,V ugm-3
19/07/2011,04/08/2011,0.47,V ugm-3
04/08/2011,15/08/2011,0.39,V ugm-3
15/08/2011,30/08/2011,0.56,V ugm-3
30/08/2011,13/09/2011,0.53,V ugm-3
13/09/2011,27/09/2011,0.64,V ugm-3
27/09/2011,11/10/2011,0.65,V ugm-3
11/10/2011,26/10/2011,0.93,V ugm-3
26/10/2011,11/11/2011,0.45,V ugm-3
11/11/2011,21/11/2011,1.81,V ugm-3
21/11/2011,07/12/2011,0.88,V ugm-3
07/12/2011,16/12/2011,0.79,V ugm-3
16/12/2011,04/01/2012,0.32,V ugm-3
Data for year 2012,,,
Multi-day data,,,
Cambridge Roadside,,,
Start Date,End Date,BENZENE,Status / units
04/01/2012,17/01/2012,0.38,V ugm-3
17/01/2012,31/01/2012,1.01,V ugm-3
31/01/2012,16/02/2012,1.4,V ugm-3
16/02/2012,29/02/2012,0.73,V ugm-3
29/02/2012,13/03/2012,0.87,V ugm-3
13/03/2012,27/03/2012,0.88,V ugm-3
27/03/2012,10/04/2012,0.61,V ugm-3
10/04/2012,24/04/2012,0.68,V ugm-3
24/04/2012,08/05/2012,0.55,V ugm-3
08/05/2012,24/05/2012,0.52,V ugm-3
24/05/2012,12/06/2012,0.46,V ugm-3
12/06/2012,26/06/2012,0.45,V ugm-3
26/06/2012,10/07/2012,0.59,V ugm-3
10/07/2012,24/07/2012,0.78,V ugm-3
24/07/2012,14/08/2012,0.58,V ugm-3
14/08/2012,06/09/2012,0.57,V ugm-3
06/09/2012,19/09/2012,0.44,V ugm-3
19/09/2012,02/10/2012,0.61,V ugm-3
02/10/2012,17/10/2012,0.68,V ugm-3
17/10/2012,31/10/2012,,
31/10/2012,23/11/2012,1.14,V ugm-3
23/11/2012,04/12/2012,1.19,V ugm-3
04/12/2012,14/12/2012,1.3,V ugm-3
14/12/2012,27/12/2012,1.06,V ugm-3
27/12/2012,10/01/2013,0.59,V ugm-3
Data for year 2013,,,
Multi-day data,,,
Cambridge Roadside,,,
Start Date,End Date,BENZENE,Status / units
10/01/2013,22/01/2013,1.49,V ugm-3
22/01/2013,05/02/2013,0.98,V ugm-3
05/02/2013,20/02/2013,1.55,V ugm-3
20/02/2013,07/03/2013,0.88,V ugm-3
07/03/2013,19/03/2013,0.86,V ugm-3
19/03/2013,04/04/2013,0.92,V ugm-3
04/04/2013,16/04/2013,0.68,V ugm-3
16/04/2013,03/05/2013,0.52,V ugm-3
03/05/2013,17/05/2013,0.72,V ugm-3
17/05/2013,30/05/2013,0.67,V ugm-3
30/05/2013,07/06/2013,,
07/06/2013,25/06/2013,0.68,V ugm-3
25/06/2013,12/07/2013,0.61,V ugm-3
12/07/2013,26/07/2013,0.6,V ugm-3
26/07/2013,07/08/2013,0.84,V ugm-3
07/08/2013,20/08/2013,0.48,V ugm-3
20/08/2013,06/09/2013,0.89,V ugm-3
06/09/2013,17/09/2013,1.03,V ugm-3
17/09/2013,03/10/2013,0.83,V ugm-3
03/10/2013,16/10/2013,0.74,V ugm-3
16/10/2013,30/10/2013,0.78,V ugm-3
30/10/2013,12/11/2013,1.4,V ugm-3
12/11/2013,13/12/2013,1.09,V ugm-3
13/12/2013,23/12/2013,0.64,V ugm-3
23/12/2013,10/01/2014,0.57,V ugm-3
Data for year 2014,,,
Multi-day data,,,
Cambridge Roadside,,,
Start Date,End Date,BENZENE,Status / units
10/01/2014,24/01/2014,1.31,V ugm-3
24/01/2014,10/02/2014,1.4,V ugm-3
10/02/2014,27/02/2014,1,V ugm-3
27/02/2014,12/03/2014,1.2,V ugm-3
12/03/2014,28/03/2014,0.67,V ugm-3
28/03/2014,11/04/2014,1.06,V ugm-3
11/04/2014,24/04/2014,0.85,V ugm-3
24/04/2014,07/05/2014,0.8,V ugm-3
07/05/2014,22/05/2014,0.58,V ugm-3
22/05/2014,05/06/2014,0.67,V ugm-3
05/06/2014,18/06/2014,0.45,V ugm-3
18/06/2014,02/07/2014,0.49,V ugm-3
02/07/2014,15/07/2014,0.52,V ugm-3
15/07/2014,29/07/2014,0.49,V ugm-3
29/07/2014,14/08/2014,0.61,V ugm-3
14/08/2014,29/08/2014,0.53,V ugm-3
29/08/2014,10/09/2014,0.94,V ugm-3
10/09/2014,24/09/2014,0.69,V ugm-3
24/09/2014,08/10/2014,0.91,V ugm-3
08/10/2014,24/10/2014,0.59,V ugm-3
24/10/2014,07/11/2014,0.82,V ugm-3
07/11/2014,18/11/2014,1.17,V ugm-3
18/11/2014,03/12/2014,1.89,V ugm-3
03/12/2014,17/12/2014,1,V ugm-3
17/12/2014,02/01/2015,0.68,V ugm-3
Data for year 2015,,,
Multi-day data,,,
Cambridge Roadside,,,
Start Date,End Date,BENZENE,Status / units
02/01/2015,14/01/2015,1.07,V ugm-3
14/01/2015,30/01/2015,1.07,V ugm-3
30/01/2015,11/02/2015,1.1,V ugm-3
11/02/2015,25/02/2015,1.05,V ugm-3
25/02/2015,11/03/2015,0.85,V ugm-3
11/03/2015,26/03/2015,1.26,V ugm-3
26/03/2015,23/04/2015,0.69,V ugm-3
23/04/2015,08/05/2015,0.53,V ugm-3
08/05/2015,21/05/2015,0.42,V ugm-3
21/05/2015,05/06/2015,0.38,V ugm-3
05/06/2015,18/06/2015,0.43,V ugm-3
18/06/2015,30/06/2015,0.53,V ugm-3
30/06/2015,16/07/2015,0.87,V ugm-3
16/07/2015,31/07/2015,0.47,V ugm-3
31/07/2015,12/08/2015,0.46,V ugm-3
12/08/2015,25/08/2015,0.55,V ugm-3
25/08/2015,09/09/2015,0.5,V ugm-3
09/09/2015,24/09/2015,0.37,V ugm-3
24/09/2015,07/10/2015,0.9,V ugm-3
07/10/2015,21/10/2015,0.83,V ugm-3
21/10/2015,04/11/2015,0.72,V ugm-3
04/11/2015,18/11/2015,0.51,V ugm-3
18/11/2015,02/12/2015,0.67,V ugm-3
02/12/2015,17/12/2015,0.66,V ugm-3
17/12/2015,30/12/2015,0.59,V ugm-3
30/12/2015,13/01/2016,0.7,V ugm-3
Data for year 2016,,,
Multi-day data,,,
Cambridge Roadside,,,
Start Date,End Date,BENZENE,Status / units
13/01/2016,28/01/2016,1.01,V ugm-3
28/01/2016,10/02/2016,0.55,V ugm-3
10/02/2016,25/02/2016,0.9,V ugm-3
25/02/2016,10/03/2016,0.68,V ugm-3
10/03/2016,23/03/2016,0.79,V ugm-3
23/03/2016,07/04/2016,0.55,V ugm-3
07/04/2016,20/04/2016,0.61,V ugm-3
20/04/2016,04/05/2016,0.46,V ugm-3
04/05/2016,19/05/2016,0.54,V ugm-3
19/05/2016,01/06/2016,0.37,V ugm-3
01/06/2016,14/06/2016,0.42,V ugm-3
14/06/2016,29/06/2016,0.32,V ugm-3
29/06/2016,12/07/2016,0.32,V ugm-3
12/07/2016,25/07/2016,,
25/07/2016,10/08/2016,0.26,V ugm-3
10/08/2016,25/08/2016,0.3,V ugm-3
25/08/2016,07/09/2016,0.45,V ugm-3
07/09/2016,23/09/2016,0.51,V ugm-3
23/09/2016,04/10/2016,0.37,V ugm-3
04/10/2016,20/10/2016,0.49,V ugm-3
20/10/2016,03/11/2016,0.9,V ugm-3
03/11/2016,17/11/2016,0.87,V ugm-3
17/11/2016,29/11/2016,0.55,V ugm-3
29/11/2016,15/12/2016,1.17,V ugm-3
15/12/2016,29/12/2016,0.92,V ugm-3
29/12/2016,11/01/2017,0.89,V ugm-3
Data for year 2017,,,
Multi-day data,,,
Cambridge Roadside,,,
Start Date,End Date,BENZENE,Status / units
11/01/2017,25/01/2017,1.42,V ugm-3
25/01/2017,09/02/2017,1.04,V ugm-3
09/02/2017,24/02/2017,1.31,V ugm-3
24/02/2017,10/03/2017,0.79,V ugm-3
10/03/2017,21/03/2017,0.84,V ugm-3
21/03/2017,04/04/2017,0.69,V ugm-3
04/04/2017,19/04/2017,0.53,V ugm-3
19/04/2017,02/05/2017,0.45,V ugm-3
02/05/2017,17/05/2017,0.37,V ugm-3
17/05/2017,31/05/2017,0.35,V ugm-3
31/05/2017,13/06/2017,0.26,V ugm-3
13/06/2017,28/06/2017,0.37,V ugm-3
28/06/2017,11/07/2017,0.36,V ugm-3
11/07/2017,26/07/2017,0.32,V ugm-3
26/07/2017,10/08/2017,0.32,V ugm-3
10/08/2017,23/08/2017,0.44,V ugm-3
23/08/2017,06/09/2017,0.47,V ugm-3
06/09/2017,21/09/2017,0.46,V ugm-3
21/09/2017,04/10/2017,0.58,V ugm-3
04/10/2017,17/10/2017,0.42,V ugm-3
17/10/2017,01/11/2017,0.66,V ugm-3
01/11/2017,14/11/2017,1.16,V ugm-3
14/11/2017,28/11/2017,0.84,V ugm-3
28/11/2017,12/12/2017,0.83,V ugm-3
12/12/2017,28/12/2017,0.88,V ugm-3
28/12/2017,11/01/2018,0.69,V ugm-3
Data for year 2018,,,
Multi-day data,,,
Cambridge Roadside,,,
Start Date,End Date,BENZENE,Status / units
11/01/2018,25/01/2018,0.78,V ugm-3
25/01/2018,08/02/2018,0.83,V ugm-3
08/02/2018,20/02/2018,0.89,V ugm-3
20/02/2018,08/03/2018,1,V ugm-3
08/03/2018,22/03/2018,0.81,V ugm-3
22/03/2018,04/04/2018,0.65,V ugm-3
04/04/2018,18/04/2018,0.68,V ugm-3
18/04/2018,02/05/2018,0.46,V ugm-3
02/05/2018,17/05/2018,0.45,V ugm-3
17/05/2018,30/05/2018,0.33,V ugm-3
30/05/2018,12/06/2018,0.29,V ugm-3
12/06/2018,27/06/2018,0.24,V ugm-3
27/06/2018,10/07/2018,0.21,V ugm-3
10/07/2018,24/07/2018,0.26,V ugm-3
24/07/2018,07/08/2018,0.3,V ugm-3
07/08/2018,22/08/2018,0.23,V ugm-3
22/08/2018,04/09/2018,0.39,V ugm-3
04/09/2018,18/09/2018,0.44,V ugm-3
18/09/2018,03/10/2018,0.52,V ugm-3
03/10/2018,18/10/2018,0.47,V ugm-3
18/10/2018,31/10/2018,0.58,V ugm-3
31/10/2018,14/11/2018,0.74,V ugm-3
14/11/2018,28/11/2018,0.94,V ugm-3
28/11/2018,12/12/2018,0.55,V ugm-3
12/12/2018,27/12/2018,0.76,V ugm-3
27/12/2018,11/01/2019,0.75,V ugm-3
Data for year 2019,,,
Multi-day data,,,
Cambridge Roadside,,,
Start Date,End Date,BENZENE,Status / units
11/01/2019,24/01/2019,0.93,V ugm-3
24/01/2019,06/02/2019,0.75,V ugm-3
06/02/2019,20/02/2019,0.95,V ugm-3
20/02/2019,06/03/2019,0.99,V ugm-3
06/03/2019,20/03/2019,0.57,V ugm-3
20/03/2019,03/04/2019,0.63,V ugm-3
03/04/2019,17/04/2019,0.6,V ugm-3
17/04/2019,03/05/2019,0.6,V ugm-3
03/05/2019,15/05/2019,0.32,V ugm-3
15/05/2019,29/05/2019,0.33,V ugm-3
29/05/2019,12/06/2019,0.29,V ugm-3
12/06/2019,26/06/2019,0.31,V ugm-3
26/06/2019,10/07/2019,0.25,V ugm-3
10/07/2019,24/07/2019,0.28,V ugm-3
24/07/2019,07/08/2019,0.27,V ugm-3
07/08/2019,21/08/2019,0.33,V ugm-3
21/08/2019,04/09/2019,0.39,V ugm-3
04/09/2019,20/09/2019,0.43,V ugm-3
20/09/2019,02/10/2019,0.39,V ugm-3
02/10/2019,16/10/2019,0.45,V ugm-3
16/10/2019,31/10/2019,0.6,V ugm-3
31/10/2019,12/11/2019,0.85,V ugm-3
12/11/2019,27/11/2019,0.84,V ugm-3
27/11/2019,11/12/2019,1.09,V ugm-3
11/12/2019,24/12/2019,0.82,V ugm-3
24/12/2019,08/01/2020,0.9,V ugm-3
Data for year 2020,,,
Multi-day data,,,
Cambridge Roadside,,,
Start Date,End Date,BENZENE,Status / units
08/01/2020,22/01/2020,0.8,V ugm-3
22/01/2020,04/02/2020,0.76,V ugm-3
04/02/2020,19/02/2020,0.69,V ugm-3
19/02/2020,05/03/2020,0.58,V ugm-3
05/03/2020,17/03/2020,0.41,V ugm-3
17/03/2020,01/04/2020,,
01/04/2020,15/04/2020,0.32,V ugm-3
15/04/2020,29/04/2020,0.33,V ugm-3
29/04/2020,13/05/2020,0.29,V ugm-3
13/05/2020,27/05/2020,0.22,V ugm-3
27/05/2020,11/06/2020,0.14,V ugm-3
11/06/2020,24/06/2020,0.17,V ugm-3
24/06/2020,08/07/2020,0.13,V ugm-3
08/07/2020,22/07/2020,0.25,V ugm-3
22/07/2020,05/08/2020,0.22,V ugm-3
05/08/2020,19/08/2020,0.27,V ugm-3
19/08/2020,02/09/2020,0.24,V ugm-3
02/09/2020,16/09/2020,0.3,V ugm-3
16/09/2020,07/10/2020,0.29,V ugm-3
07/10/2020,21/10/2020,0.68,V ugm-3
21/10/2020,04/11/2020,0.42,V ugm-3
04/11/2020,18/11/2020,0.7,V ugm-3
18/11/2020,02/12/2020,0.82,V ugm-3
02/12/2020,17/12/2020,0.73,V ugm-3
17/12/2020,30/12/2020,0.56,V ugm-3
30/12/2020,13/01/2021,0.96,V ugm-3
Data for year 2021,,,
Multi-day data,,,
Cambridge Roadside,,,
Start Date,End Date,BENZENE,Status / units
13/01/2021,27/01/2021,0.73,V ugm-3
27/01/2021,10/02/2021,0.68,V ugm-3
10/02/2021,24/02/2021,0.64,V ugm-3
24/02/2021,09/03/2021,0.81,V ugm-3
09/03/2021,23/03/2021,0.47,V ugm-3
23/03/2021,06/04/2021,0.51,V ugm-3
06/04/2021,21/04/2021,0.56,V ugm-3
21/04/2021,05/05/2021,0.35,V ugm-3
05/05/2021,19/05/2021,0.31,V ugm-3
19/05/2021,02/06/2021,0.33,V ugm-3
02/06/2021,16/06/2021,0.29,V ugm-3
16/06/2021,29/06/2021,0.25,V ugm-3
29/06/2021,14/07/2021,0.28,V ugm-3
14/07/2021,28/07/2021,0.3,V ugm-3
28/07/2021,11/08/2021,0.27,V ugm-3
11/08/2021,25/08/2021,0.3,V ugm-3
25/08/2021,08/09/2021,0.35,V ugm-3
08/09/2021,22/09/2021,0.49,V ugm-3
22/09/2021,06/10/2021,0.31,V ugm-3
06/10/2021,19/10/2021,0.36,V ugm-3
19/10/2021,03/11/2021,,
03/11/2021,17/11/2021,0.53,V ugm-3
17/11/2021,01/12/2021,0.5,V ugm-3
01/12/2021,14/12/2021,0.49,V ugm-3
14/12/2021,29/12/2021,0.63,V ugm-3
29/12/2021,12/01/2022,0.51,V ugm-3
Data for year 2022,,,
Multi-day data,,,
Cambridge Roadside,,,
Start Date,End Date,BENZENE,Status / units
12/01/2022,26/01/2022,0.93,V ugm-3
26/01/2022,09/02/2022,0.42,V ugm-3
09/02/2022,23/02/2022,0.49,V ugm-3
23/02/2022,09/03/2022,0.74,V ugm-3
09/03/2022,23/03/2022,0.64,V ugm-3
23/03/2022,06/04/2022,0.56,V ugm-3
06/04/2022,20/04/2022,0.52,V ugm-3
20/04/2022,04/05/2022,0.45,V ugm-3
04/05/2022,17/05/2022,0.19,V ugm-3
17/05/2022,01/06/2022,0.18,V ugm-3
01/06/2022,17/06/2022,0.28,V ugm-3
17/06/2022,29/06/2022,0.28,V ugm-3
29/06/2022,13/07/2022,0.14,V ugm-3
13/07/2022,27/07/2022,0.25,V ugm-3
27/07/2022,10/08/2022,0.19,V ugm-3
10/08/2022,24/08/2022,,
24/08/2022,07/09/2022,0.33,V ugm-3
07/09/2022,20/09/2022,0.42,V ugm-3
20/09/2022,05/10/2022,0.41,V ugm-3
05/10/2022,19/10/2022,0.58,V ugm-3
19/10/2022,01/11/2022,0.44,V ugm-3
01/11/2022,16/11/2022,0.53,V ugm-3
16/11/2022,30/11/2022,0.64,V ugm-3
30/11/2022,14/12/2022,1.16,V ugm-3
14/12/2022,28/12/2022,0.95,V ugm-3
28/12/2022,11/01/2023,0.42,V ugm-3
Data for year 2023,,,
Multi-day data,,,
Cambridge Roadside,,,
Start Date,End Date,BENZENE,Status / units
11/01/2023,24/01/2023,0.79,V ugm-3
24/01/2023,08/02/2023,0.71,V ugm-3
08/02/2023,22/02/2023,0.87,V ugm-3
22/02/2023,09/03/2023,0.67,V ugm-3
09/03/2023,22/03/2023,0.63,V ugm-3
22/03/2023,05/04/2023,0.51,V ugm-3
05/04/2023,19/04/2023,0.5,V ugm-3
19/04/2023,03/05/2023,0.44,V ugm-3
03/05/2023,16/05/2023,0.38,V ugm-3
16/05/2023,31/05/2023,0.29,V ugm-3
31/05/2023,13/06/2023,0.28,V ugm-3
13/06/2023,27/06/2023,0.35,V ugm-3
27/06/2023,13/07/2023,0.38,V ugm-3
13/07/2023,25/07/2023,0.47,V ugm-3
25/07/2023,09/08/2023,0.34,V ugm-3
09/08/2023,22/08/2023,0.41,V ugm-3
22/08/2023,05/09/2023,0.45,V ugm-3
05/09/2023,20/09/2023,0.5,V ugm-3
20/09/2023,04/10/2023,0.42,V ugm-3
04/10/2023,17/10/2023,0.63,V ugm-3
17/10/2023,01/11/2023,0.62,V ugm-3
01/11/2023,15/11/2023,0.64,V ugm-3
15/11/2023,29/11/2023,0.69,V ugm-3
29/11/2023,13/12/2023,0.87,V ugm-3
13/12/2023,27/12/2023,0.58,V ugm-3
27/12/2023,10/01/2024,0.58,V ugm-3
Data for year 2024,,,
Multi-day data,,,
Cambridge Roadside,,,
Start Date,End Date,BENZENE,Status / units
10/01/2024,23/01/2024,0.7,V ugm-3
23/01/2024,08/02/2024,0.51,V ugm-3
08/02/2024,20/02/2024,0.58,V ugm-3
20/02/2024,06/03/2024,0.77,V ugm-3
06/03/2024,19/03/2024,0.79,V ugm-3
19/03/2024,03/04/2024,0.55,V ugm-3
03/04/2024,17/04/2024,0.38,V ugm-3
17/04/2024,30/04/2024,0.41,V ugm-3
30/04/2024,14/05/2024,0.47,V ugm-3
14/05/2024,29/05/2024,0.31,V ugm-3
29/05/2024,12/06/2024,0.35,V ugm-3
12/06/2024,26/06/2024,0.35,V ugm-3
26/06/2024,10/07/2024,0.23,V ugm-3
10/07/2024,24/07/2024,0.33,V ugm-3
24/07/2024,06/08/2024,0.26,V ugm-3
06/08/2024,21/08/2024,0.38,V ugm-3
21/08/2024,05/09/2024,0.45,V ugm-3
05/09/2024,18/09/2024,0.45,V ugm-3
18/09/2024,02/10/2024,0.78,V ugm-3
02/10/2024,15/10/2024,0.46,V ugm-3
15/10/2024,30/10/2024,0.54,V ugm-3
30/10/2024,13/11/2024,0.72,V ugm-3
13/11/2024,28/11/2024,0.51,V ugm-3
28/11/2024,24/12/2024,0.41,V ugm-3
24/12/2024,07/01/2025,0.52,V ugm-3
Data for year 2025,,,
Multi-day data,,,
Cambridge Roadside,,,
Start Date,End Date,BENZENE,Status / units
07/01/2025,22/01/2025,1.22,V ugm-3
22/01/2025,06/02/2025,0.76,V ugm-3
06/02/2025,20/02/2025,0.96,V ugm-3
20/02/2025,05/03/2025,0.66,V ugm-3
05/03/2025,19/03/2025,0.51,V ugm-3
19/03/2025,02/04/2025,0.42,V ugm-3
02/04/2025,17/04/2025,0.34,V ugm-3
17/04/2025,30/04/2025,0.33,V ugm-3
30/04/2025,14/05/2025,0.34,V ugm-3
14/05/2025,28/05/2025,0.18,V ugm-3
28/05/2025,11/06/2025,0.31,V ugm-3
11/06/2025,25/06/2025,0.38,V ugm-3
25/06/2025,09/07/2025,0.23,V ugm-3
09/07/2025,23/07/2025,0.24,V ugm-3
23/07/2025,06/08/2025,0.39,V ugm-3
06/08/2025,19/08/2025,0.38,V ugm-3
19/08/2025,03/09/2025,0.27,V ugm-3
03/09/2025,16/09/2025,0.3,V ugm-3
16/09/2025,01/10/2025,0.52,V ugm-3
01/10/2025,15/10/2025,0.48,V ugm-3
15/10/2025,28/10/2025,0.36,V ugm-3
28/10/2025,11/11/2025,0.52,V ugm-3
11/11/2025,25/11/2025,0.66,V ugm-3
25/11/2025,10/12/2025,0.6,V ugm-3
10/12/2025,23/12/2025,0.8,V ugm-3
23/12/2025,06/01/2026,0.6,V ugm-3
Data for year 2007,,,
Multi-day data,,,
Camden Kerbside(Swiss Cottage),,,
Start Date,End Date,BENZENE,Status / units
27/12/2007,10/01/2008,2.37,V ugm-3
Data for year 2008,,,
Multi-day data,,,
Camden Kerbside(Swiss Cottage),,,
Start Date,End Date,BENZENE,Status / units
10/01/2008,24/01/2008,1.33,V ugm-3
24/01/2008,08/02/2008,1.3,V ugm-3
08/02/2008,22/02/2008,3.02,V ugm-3
22/02/2008,06/03/2008,0.91,V ugm-3
06/03/2008,20/03/2008,0.88,V ugm-3
20/03/2008,04/04/2008,0.94,V ugm-3
04/04/2008,22/04/2008,1.01,V ugm-3
22/04/2008,01/05/2008,1.37,V ugm-3
01/05/2008,15/05/2008,0.98,V ugm-3
15/05/2008,29/05/2008,1.27,V ugm-3
29/05/2008,12/06/2008,1.72,V ugm-3
12/06/2008,26/06/2008,0.72,V ugm-3
26/06/2008,10/07/2008,0.72,V ugm-3
10/07/2008,24/07/2008,0.78,V ugm-3
24/07/2008,07/08/2008,0.94,V ugm-3
07/08/2008,19/08/2008,0.62,V ugm-3
19/08/2008,07/09/2008,0.75,V ugm-3
07/09/2008,18/09/2008,1.4,V ugm-3
18/09/2008,02/10/2008,1.11,V ugm-3
02/10/2008,16/10/2008,1.01,V ugm-3
16/10/2008,30/10/2008,0.94,V ugm-3
30/10/2008,13/11/2008,1.17,V ugm-3
13/11/2008,27/11/2008,1.11,V ugm-3
27/11/2008,11/12/2008,1.85,V ugm-3
11/12/2008,23/12/2008,1.37,V ugm-3
23/12/2008,08/01/2009,2.15,V ugm-3
Data for year 2009,,,
Multi-day data,,,
Camden Kerbside(Swiss Cottage),,,
Start Date,End Date,BENZENE,Status / units
08/01/2009,22/01/2009,1.17,V ugm-3
22/01/2009,19/02/2009,1.43,V ugm-3
19/02/2009,05/03/2009,1.4,V ugm-3
05/03/2009,19/03/2009,1.37,V ugm-3
19/03/2009,02/04/2009,1.01,V ugm-3
02/04/2009,17/04/2009,0.94,V ugm-3
17/04/2009,30/04/2009,0.75,V ugm-3
30/04/2009,07/05/2009,0.78,V ugm-3
07/05/2009,28/05/2009,0.72,V ugm-3
28/05/2009,11/06/2009,1.17,V ugm-3
11/06/2009,25/06/2009,0.88,V ugm-3
25/06/2009,09/07/2009,1.89,V ugm-3
09/07/2009,24/07/2009,0.78,V ugm-3
24/07/2009,06/08/2009,0.72,V ugm-3
06/08/2009,25/08/2009,1.17,V ugm-3
25/08/2009,03/09/2009,1.04,V ugm-3
03/09/2009,30/09/2009,0.98,V ugm-3
30/09/2009,15/10/2009,1.3,V ugm-3
15/10/2009,29/10/2009,1.63,V ugm-3
29/10/2009,13/11/2009,1.4,V ugm-3
13/11/2009,24/11/2009,0.81,V ugm-3
24/11/2009,11/12/2009,1.01,V ugm-3
11/12/2009,22/12/2009,1.82,V ugm-3
22/12/2009,05/01/2010,1.53,V ugm-3
Data for year 2010,,,
Multi-day data,,,
Camden Kerbside(Swiss Cottage),,,
Start Date,End Date,BENZENE,Status / units
05/01/2010,22/01/2010,2.7,V ugm-3
22/01/2010,10/03/2010,1.66,V ugm-3
10/03/2010,24/03/2010,1.24,V ugm-3
24/03/2010,06/04/2010,1.11,V ugm-3
06/04/2010,20/04/2010,1.43,V ugm-3
20/04/2010,04/05/2010,1.24,V ugm-3
04/05/2010,18/05/2010,1.14,V ugm-3
18/05/2010,01/06/2010,1.1,V ugm-3
01/06/2010,15/06/2010,1.06,V ugm-3
15/06/2010,28/06/2010,1.13,V ugm-3
28/06/2010,01/07/2010,,
01/07/2010,21/07/2010,,
21/07/2010,04/08/2010,,
04/08/2010,24/08/2010,,
24/08/2010,07/09/2010,,
07/09/2010,21/09/2010,,
21/09/2010,05/10/2010,,
05/10/2010,20/10/2010,,
20/10/2010,02/11/2010,,
02/11/2010,16/11/2010,,
16/11/2010,30/11/2010,,
30/11/2010,14/12/2010,,
Data for year 2011,,,
Multi-day data,,,
Camden Kerbside(Swiss Cottage),,,
Start Date,End Date,BENZENE,Status / units
20/04/2011,04/05/2011,1.23,V ugm-3
04/05/2011,18/05/2011,0.67,V ugm-3
18/05/2011,02/06/2011,0.59,V ugm-3
02/06/2011,15/06/2011,0.36,V ugm-3
22/06/2011,30/06/2011,0.64,V ugm-3
30/06/2011,13/07/2011,0.74,V ugm-3
13/07/2011,27/07/2011,0.66,V ugm-3
27/07/2011,10/08/2011,0.62,V ugm-3
10/08/2011,24/08/2011,0.93,V ugm-3
24/08/2011,07/09/2011,0.9,V ugm-3
07/09/2011,21/09/2011,0.99,V ugm-3
21/09/2011,05/10/2011,1.46,V ugm-3
05/10/2011,19/10/2011,0.91,V ugm-3
19/10/2011,02/11/2011,0.94,V ugm-3
02/11/2011,16/11/2011,2.11,V ugm-3
16/11/2011,30/11/2011,1.3,V ugm-3
30/11/2011,14/12/2011,0.88,V ugm-3
14/12/2011,05/01/2012,0.92,V ugm-3
Data for year 2012,,,
Multi-day data,,,
Camden Kerbside(Swiss Cottage),,,
Start Date,End Date,BENZENE,Status / units
05/01/2012,11/01/2012,0.86,V ugm-3
11/01/2012,25/01/2012,1.55,V ugm-3
25/01/2012,08/02/2012,1.75,V ugm-3
08/02/2012,22/02/2012,1.5,V ugm-3
22/02/2012,07/03/2012,1.1,V ugm-3
07/03/2012,21/03/2012,1.31,V ugm-3
21/03/2012,04/04/2012,1.81,V ugm-3
04/04/2012,18/04/2012,0.86,V ugm-3
18/04/2012,09/05/2012,1,V ugm-3
09/05/2012,16/05/2012,0.58,V ugm-3
16/05/2012,30/05/2012,1.11,V ugm-3
30/05/2012,13/06/2012,0.73,V ugm-3
13/06/2012,27/06/2012,0.67,V ugm-3
27/06/2012,10/07/2012,0.77,V ugm-3
10/07/2012,25/07/2012,0.83,V ugm-3
25/07/2012,09/08/2012,0.84,V ugm-3
09/08/2012,28/08/2012,0.89,V ugm-3
28/08/2012,05/09/2012,0.99,V ugm-3
05/09/2012,19/09/2012,0.72,V ugm-3
19/09/2012,03/10/2012,0.83,V ugm-3
03/10/2012,17/10/2012,0.96,V ugm-3
17/10/2012,31/10/2012,0.89,V ugm-3
31/10/2012,14/11/2012,0.95,V ugm-3
14/11/2012,28/11/2012,2.08,V ugm-3
28/11/2012,12/12/2012,2.1,V ugm-3
12/12/2012,27/12/2012,0.99,V ugm-3
27/12/2012,09/01/2013,0.58,V ugm-3
Data for year 2013,,,
Multi-day data,,,
Camden Kerbside(Swiss Cottage),,,
Start Date,End Date,BENZENE,Status / units
09/01/2013,23/01/2013,2.07,V ugm-3
23/01/2013,06/02/2013,1.92,V ugm-3
06/02/2013,20/02/2013,2.24,V ugm-3
20/02/2013,06/03/2013,1.07,V ugm-3
06/03/2013,20/03/2013,1.33,V ugm-3
20/03/2013,04/04/2013,1.1,V ugm-3
04/04/2013,17/04/2013,0.95,V ugm-3
17/04/2013,01/05/2013,0.92,V ugm-3
01/05/2013,15/05/2013,0.82,V ugm-3
15/05/2013,29/05/2013,1.23,V ugm-3
29/05/2013,12/06/2013,1.04,V ugm-3
12/06/2013,26/06/2013,0.85,V ugm-3
26/06/2013,16/07/2013,0.39,V ugm-3
16/07/2013,24/07/2013,1.11,V ugm-3
24/07/2013,06/08/2013,0.88,V ugm-3
06/08/2013,20/08/2013,1.01,V ugm-3
20/08/2013,04/09/2013,1.48,V ugm-3
04/09/2013,18/09/2013,1.05,V ugm-3
18/09/2013,02/10/2013,1.43,V ugm-3
02/10/2013,16/10/2013,1.04,V ugm-3
16/10/2013,30/10/2013,0.82,V ugm-3
30/10/2013,13/11/2013,1.93,V ugm-3
13/11/2013,26/11/2013,1.78,V ugm-3
26/11/2013,11/12/2013,1.45,V ugm-3
11/12/2013,18/12/2013,1.2,V ugm-3
18/12/2013,15/01/2014,0.56,V ugm-3
Data for year 2014,,,
Multi-day data,,,
Camden Kerbside(Swiss Cottage),,,
Start Date,End Date,BENZENE,Status / units
15/01/2014,29/01/2014,,
29/01/2014,12/02/2014,1.03,V ugm-3
12/02/2014,26/02/2014,1.04,V ugm-3
26/02/2014,12/03/2014,1.62,V ugm-3
12/03/2014,26/03/2014,0.87,V ugm-3
26/03/2014,08/04/2014,1.55,V ugm-3
08/04/2014,23/04/2014,0.91,V ugm-3
23/04/2014,07/05/2014,,
07/05/2014,21/05/2014,,
21/05/2014,04/06/2014,,
04/06/2014,18/06/2014,,
18/06/2014,03/07/2014,,
03/07/2014,17/07/2014,,
17/07/2014,30/07/2014,,
30/07/2014,13/08/2014,,
13/08/2014,01/09/2014,,
01/09/2014,11/09/2014,1.73,V ugm-3
11/09/2014,23/09/2014,1.2,V ugm-3
23/09/2014,08/10/2014,1.34,V ugm-3
08/10/2014,23/10/2014,0.94,V ugm-3
23/10/2014,05/11/2014,1.13,V ugm-3
05/11/2014,20/11/2014,1.75,V ugm-3
20/11/2014,03/12/2014,2.45,V ugm-3
03/12/2014,18/12/2014,1.11,V ugm-3
18/12/2014,08/01/2015,1.34,V ugm-3
Data for year 2015,,,
Multi-day data,,,
Camden Kerbside(Swiss Cottage),,,
Start Date,End Date,BENZENE,Status / units
08/01/2015,21/01/2015,1.21,V ugm-3
21/01/2015,04/02/2015,1.44,V ugm-3
04/02/2015,18/02/2015,1.72,V ugm-3
18/02/2015,04/03/2015,0.93,V ugm-3
04/03/2015,19/03/2015,1.25,V ugm-3
19/03/2015,01/04/2015,1.12,V ugm-3
01/04/2015,16/04/2015,1.44,V ugm-3
16/04/2015,29/04/2015,0.95,V ugm-3
29/04/2015,14/05/2015,0.79,V ugm-3
14/05/2015,28/05/2015,0.6,V ugm-3
28/05/2015,11/06/2015,0.56,V ugm-3
11/06/2015,24/06/2015,0.74,V ugm-3
24/06/2015,08/07/2015,0.73,V ugm-3
08/07/2015,22/07/2015,0.66,V ugm-3
22/07/2015,05/08/2015,0.59,V ugm-3
05/08/2015,21/08/2015,0.95,V ugm-3
21/08/2015,02/09/2015,0.92,V ugm-3
02/09/2015,16/09/2015,1,V ugm-3
16/09/2015,01/10/2015,1.48,V ugm-3
01/10/2015,15/10/2015,1.34,V ugm-3
15/10/2015,28/10/2015,1.37,V ugm-3
28/10/2015,21/12/2015,0.93,V ugm-3
21/12/2015,05/01/2016,0.63,V ugm-3
Data for year 2016,,,
Multi-day data,,,
Camden Kerbside(Swiss Cottage),,,
Start Date,End Date,BENZENE,Status / units
05/01/2016,21/01/2016,1.47,V ugm-3
21/01/2016,03/02/2016,0.67,V ugm-3
03/02/2016,17/02/2016,1.1,V ugm-3
17/02/2016,01/03/2016,0.98,V ugm-3
01/03/2016,16/03/2016,1.23,V ugm-3
16/03/2016,31/03/2016,0.82,V ugm-3
31/03/2016,13/04/2016,0.61,V ugm-3
13/04/2016,27/04/2016,0.6,V ugm-3
27/04/2016,11/05/2016,0.86,V ugm-3
11/05/2016,26/05/2016,0.61,V ugm-3
26/05/2016,14/06/2016,0.81,V ugm-3
14/06/2016,28/06/2016,0.63,V ugm-3
28/06/2016,13/07/2016,0.41,V ugm-3
13/07/2016,26/07/2016,,
26/07/2016,10/08/2016,0.36,V ugm-3
10/08/2016,24/08/2016,0.5,V ugm-3
24/08/2016,07/09/2016,0.7,V ugm-3
07/09/2016,21/09/2016,0.78,V ugm-3
21/09/2016,05/10/2016,0.52,V ugm-3
05/10/2016,19/10/2016,0.78,V ugm-3
19/10/2016,02/11/2016,1.44,V ugm-3
02/11/2016,16/11/2016,0.78,V ugm-3
16/11/2016,29/11/2016,,
29/11/2016,15/12/2016,1.7,V ugm-3
15/12/2016,23/12/2016,,
23/12/2016,11/01/2017,1.33,V ugm-3
Data for year 2017,,,
Multi-day data,,,
Camden Kerbside(Swiss Cottage),,,
Start Date,End Date,BENZENE,Status / units
11/01/2017,25/01/2017,2.21,V ugm-3
25/01/2017,08/02/2017,1.32,V ugm-3
08/02/2017,22/02/2017,1.63,V ugm-3
22/02/2017,08/03/2017,0.84,V ugm-3
08/03/2017,22/03/2017,0.93,V ugm-3
22/03/2017,05/04/2017,0.93,V ugm-3
05/04/2017,20/04/2017,0.77,V ugm-3
20/04/2017,02/05/2017,0.73,V ugm-3
02/05/2017,17/05/2017,0.59,V ugm-3
17/05/2017,30/05/2017,0.83,V ugm-3
30/05/2017,14/06/2017,0.41,V ugm-3
14/06/2017,28/06/2017,0.65,V ugm-3
28/06/2017,12/07/2017,0.59,V ugm-3
12/07/2017,26/07/2017,0.42,V ugm-3
26/07/2017,10/08/2017,0.42,V ugm-3
10/08/2017,23/08/2017,0.61,V ugm-3
23/08/2017,07/09/2017,0.74,V ugm-3
07/09/2017,20/09/2017,0.62,V ugm-3
20/09/2017,04/10/2017,0.72,V ugm-3
04/10/2017,18/10/2017,0.58,V ugm-3
18/10/2017,01/11/2017,0.99,V ugm-3
01/11/2017,16/11/2017,1.51,V ugm-3
16/11/2017,30/11/2017,0.99,V ugm-3
30/11/2017,12/12/2017,1.04,V ugm-3
12/12/2017,27/12/2017,0.98,V ugm-3
27/12/2017,11/01/2018,0.99,V ugm-3
Data for year 2018,,,
Multi-day data,,,
Camden Kerbside(Swiss Cottage),,,
Start Date,End Date,BENZENE,Status / units
11/01/2018,23/01/2018,0.97,V ugm-3
23/01/2018,06/02/2018,0.92,V ugm-3
06/02/2018,21/02/2018,0.99,V ugm-3
21/02/2018,07/03/2018,0.83,V ugm-3
07/03/2018,20/03/2018,0.98,V ugm-3
20/03/2018,03/04/2018,0.94,V ugm-3
03/04/2018,17/04/2018,1.01,V ugm-3
17/04/2018,02/05/2018,0.8,V ugm-3
02/05/2018,15/05/2018,0.72,V ugm-3
15/05/2018,29/05/2018,,
29/05/2018,12/06/2018,0.66,V ugm-3
12/06/2018,26/06/2018,0.45,V ugm-3
26/06/2018,10/07/2018,0.41,V ugm-3
10/07/2018,24/07/2018,,
24/07/2018,07/08/2018,,
07/08/2018,21/08/2018,0.31,V ugm-3
21/08/2018,04/09/2018,0.74,V ugm-3
04/09/2018,17/09/2018,0.65,V ugm-3
17/09/2018,02/10/2018,0.82,V ugm-3
02/10/2018,16/10/2018,0.73,V ugm-3
16/10/2018,30/10/2018,0.99,V ugm-3
30/10/2018,13/11/2018,1.01,V ugm-3
13/11/2018,27/11/2018,1.4,V ugm-3
27/11/2018,11/12/2018,0.62,V ugm-3
11/12/2018,19/12/2018,,
19/12/2018,03/01/2019,0.84,V ugm-3
Data for year 2019,,,
Multi-day data,,,
Camden Kerbside(Swiss Cottage),,,
Start Date,End Date,BENZENE,Status / units
03/01/2019,16/01/2019,0.91,V ugm-3
16/01/2019,30/01/2019,1.25,V ugm-3
30/01/2019,13/02/2019,1.23,V ugm-3
13/02/2019,27/02/2019,1.44,V ugm-3
27/02/2019,13/03/2019,0.66,V ugm-3
13/03/2019,27/03/2019,0.73,V ugm-3
27/03/2019,09/04/2019,1.12,V ugm-3
09/04/2019,24/04/2019,1.08,V ugm-3
24/04/2019,05/06/2019,0.49,V ugm-3
05/06/2019,19/06/2019,,
19/06/2019,03/07/2019,0.56,V ugm-3
03/07/2019,17/07/2019,0.57,V ugm-3
17/07/2019,31/07/2019,0.46,V ugm-3
31/07/2019,14/08/2019,0.42,V ugm-3
14/08/2019,29/08/2019,0.67,V ugm-3
29/08/2019,11/09/2019,0.6,V ugm-3
11/09/2019,25/09/2019,0.8,V ugm-3
25/09/2019,09/10/2019,0.58,V ugm-3
09/10/2019,23/10/2019,0.78,V ugm-3
23/10/2019,06/11/2019,1.02,V ugm-3
06/11/2019,20/11/2019,1.28,V ugm-3
20/11/2019,13/12/2019,1.3,V ugm-3
13/12/2019,20/12/2019,1.01,V ugm-3
20/12/2019,03/01/2020,1.26,V ugm-3
Data for year 2020,,,
Multi-day data,,,
Camden Kerbside(Swiss Cottage),,,
Start Date,End Date,BENZENE,Status / units
03/01/2020,15/01/2020,0.98,V ugm-3
15/01/2020,20/01/2020,1.35,V ugm-3
Data for year 2021,,,
Multi-day data,,,
Carlisle Morton A595,,,
Start Date,End Date,BENZENE,Status / units
24/08/2021,08/09/2021,0.31,V ugm-3
08/09/2021,06/10/2021,,
06/10/2021,20/10/2021,0.22,V ugm-3
20/10/2021,03/11/2021,0.27,V ugm-3
03/11/2021,17/11/2021,0.38,V ugm-3
17/11/2021,01/12/2021,0.5,V ugm-3
01/12/2021,15/12/2021,0.49,V ugm-3
15/12/2021,29/12/2021,0.85,V ugm-3
29/12/2021,26/01/2022,0.52,V ugm-3
Data for year 2022,,,
Multi-day data,,,
Carlisle Morton A595,,,
Start Date,End Date,BENZENE,Status / units
26/01/2022,09/02/2022,0.38,V ugm-3
09/02/2022,23/02/2022,0.47,V ugm-3
23/02/2022,09/03/2022,0.66,V ugm-3
09/03/2022,23/03/2022,0.52,V ugm-3
23/03/2022,06/04/2022,0.62,V ugm-3
06/04/2022,20/04/2022,0.53,V ugm-3
20/04/2022,04/05/2022,,
04/05/2022,17/05/2022,0.18,V ugm-3
17/05/2022,01/06/2022,0.14,V ugm-3
01/06/2022,15/06/2022,0.16,V ugm-3
15/06/2022,29/06/2022,0.19,V ugm-3
29/06/2022,13/07/2022,0.16,V ugm-3
13/07/2022,27/07/2022,0.16,V ugm-3
27/07/2022,11/08/2022,0.16,V ugm-3
11/08/2022,24/08/2022,0.14,V ugm-3
24/08/2022,07/09/2022,0.23,V ugm-3
07/09/2022,21/09/2022,,
21/09/2022,05/10/2022,0.29,V ugm-3
05/10/2022,19/10/2022,0.34,V ugm-3
19/10/2022,02/11/2022,0.35,V ugm-3
02/11/2022,16/11/2022,0.45,V ugm-3
16/11/2022,30/11/2022,0.65,V ugm-3
30/11/2022,14/12/2022,1.46,V ugm-3
14/12/2022,28/12/2022,1.07,V ugm-3
28/12/2022,11/01/2023,0.4,V ugm-3
Data for year 2023,,,
Multi-day data,,,
Carlisle Morton A595,,,
Start Date,End Date,BENZENE,Status / units
11/01/2023,24/01/2023,0.54,V ugm-3
24/01/2023,08/02/2023,0.5,V ugm-3
08/02/2023,22/02/2023,0.54,V ugm-3
22/02/2023,08/03/2023,0.76,V ugm-3
08/03/2023,22/03/2023,0.41,V ugm-3
22/03/2023,05/04/2023,0.39,V ugm-3
05/04/2023,19/04/2023,0.43,V ugm-3
19/04/2023,02/05/2023,0.47,V ugm-3
02/05/2023,17/05/2023,0.26,V ugm-3
17/05/2023,31/05/2023,0.36,V ugm-3
31/05/2023,14/06/2023,0.24,V ugm-3
14/06/2023,28/06/2023,0.3,V ugm-3
28/06/2023,13/07/2023,0.19,V ugm-3
13/07/2023,26/07/2023,0.19,V ugm-3
26/07/2023,09/08/2023,0.28,V ugm-3
09/08/2023,25/08/2023,0.25,V ugm-3
25/08/2023,07/09/2023,0.37,V ugm-3
07/09/2023,20/09/2023,0.41,V ugm-3
20/09/2023,04/10/2023,0.38,V ugm-3
04/10/2023,18/10/2023,0.46,V ugm-3
18/10/2023,01/11/2023,0.67,V ugm-3
01/11/2023,15/11/2023,0.62,V ugm-3
15/11/2023,29/11/2023,0.65,V ugm-3
29/11/2023,13/12/2023,1.17,V ugm-3
13/12/2023,27/12/2023,0.54,V ugm-3
27/12/2023,10/01/2024,0.9,V ugm-3
Data for year 2024,,,
Multi-day data,,,
Carlisle Morton A595,,,
Start Date,End Date,BENZENE,Status / units
10/01/2024,24/01/2024,0.68,V ugm-3
24/01/2024,07/02/2024,0.57,V ugm-3
07/02/2024,21/02/2024,0.67,V ugm-3
21/02/2024,06/03/2024,0.7,V ugm-3
06/03/2024,20/03/2024,0.77,V ugm-3
20/03/2024,03/04/2024,0.52,V ugm-3
03/04/2024,17/04/2024,0.33,V ugm-3
17/04/2024,01/05/2024,0.41,V ugm-3
01/05/2024,14/05/2024,0.33,V ugm-3
14/05/2024,29/05/2024,0.28,V ugm-3
29/05/2024,12/06/2024,0.26,V ugm-3
12/06/2024,26/06/2024,0.16,V ugm-3
26/06/2024,11/07/2024,0.19,V ugm-3
11/07/2024,24/07/2024,0.24,V ugm-3
24/07/2024,07/08/2024,0.21,V ugm-3
07/08/2024,20/08/2024,0.28,V ugm-3
20/08/2024,05/09/2024,0.3,V ugm-3
05/09/2024,18/09/2024,0.34,V ugm-3
18/09/2024,03/10/2024,0.45,V ugm-3
03/10/2024,16/10/2024,0.48,V ugm-3
16/10/2024,30/10/2024,0.39,V ugm-3
30/10/2024,13/11/2024,1.25,V ugm-3
13/11/2024,27/11/2024,1.35,V ugm-3
27/11/2024,24/12/2024,0.42,V ugm-3
24/12/2024,08/01/2025,0.5,V ugm-3
Data for year 2025,,,
Multi-day data,,,
Carlisle Morton A595,,,
Start Date,End Date,BENZENE,Status / units
08/01/2025,22/01/2025,1.19,V ugm-3
22/01/2025,06/02/2025,0.51,V ugm-3
06/02/2025,19/02/2025,0.7,V ugm-3
19/02/2025,06/03/2025,0.41,V ugm-3
06/03/2025,19/03/2025,0.51,V ugm-3
19/03/2025,02/04/2025,,
02/04/2025,15/04/2025,,
15/04/2025,29/04/2025,0.26,V ugm-3
29/04/2025,14/05/2025,0.27,V ugm-3
14/05/2025,11/06/2025,0.17,V ugm-3
11/06/2025,27/06/2025,0.27,V ugm-3
27/06/2025,09/07/2025,0.18,V ugm-3
09/07/2025,24/07/2025,0.2,V ugm-3
24/07/2025,06/08/2025,0.2,V ugm-3
06/08/2025,20/08/2025,0.32,V ugm-3
20/08/2025,03/09/2025,0.21,V ugm-3
03/09/2025,18/09/2025,0.18,V ugm-3
18/09/2025,01/10/2025,0.36,V ugm-3
01/10/2025,16/10/2025,0.32,V ugm-3
16/10/2025,29/10/2025,0.31,V ugm-3
29/10/2025,12/11/2025,0.41,V ugm-3
12/11/2025,26/11/2025,0.53,V ugm-3
26/11/2025,11/12/2025,0.38,V ugm-3
11/12/2025,23/12/2025,0.53,V ugm-3
23/12/2025,06/01/2026,0.7,V ugm-3
Data for year 2008,,,
Multi-day data,,,
Carlisle Roadside,,,
Start Date,End Date,BENZENE,Status / units
02/04/2008,16/04/2008,1.14,V ugm-3
16/04/2008,30/04/2008,0.72,V ugm-3
30/04/2008,14/05/2008,1.14,V ugm-3
14/05/2008,28/05/2008,1.3,V ugm-3
28/05/2008,11/06/2008,0.91,V ugm-3
11/06/2008,25/06/2008,0.52,V ugm-3
25/06/2008,09/07/2008,0.49,V ugm-3
09/07/2008,23/07/2008,0.46,V ugm-3
23/07/2008,19/08/2008,0.62,V ugm-3
19/08/2008,27/08/2008,0.52,V ugm-3
27/08/2008,10/09/2008,0.81,V ugm-3
10/09/2008,24/09/2008,0.94,V ugm-3
24/09/2008,08/10/2008,0.91,V ugm-3
08/10/2008,22/10/2008,0.55,V ugm-3
22/10/2008,05/11/2008,1.24,V ugm-3
05/11/2008,19/11/2008,0.65,V ugm-3
19/11/2008,03/12/2008,1.4,V ugm-3
03/12/2008,17/12/2008,1.63,V ugm-3
17/12/2008,07/01/2009,2.44,V ugm-3
Data for year 2009,,,
Multi-day data,,,
Carlisle Roadside,,,
Start Date,End Date,BENZENE,Status / units
07/01/2009,21/01/2009,0.72,V ugm-3
21/01/2009,04/02/2009,1.3,V ugm-3
04/02/2009,25/02/2009,1.2,V ugm-3
25/02/2009,11/03/2009,0.81,V ugm-3
25/03/2009,08/04/2009,1.01,V ugm-3
08/04/2009,22/04/2009,0.62,V ugm-3
22/04/2009,06/05/2009,0.68,V ugm-3
06/05/2009,20/05/2009,0.59,V ugm-3
20/05/2009,03/06/2009,0.46,V ugm-3
03/06/2009,18/06/2009,0.65,V ugm-3
18/06/2009,01/07/2009,0.42,V ugm-3
01/07/2009,15/07/2009,0.49,V ugm-3
15/07/2009,05/08/2009,0.33,V ugm-3
05/08/2009,12/08/2009,0.65,V ugm-3
12/08/2009,26/08/2009,0.55,V ugm-3
26/08/2009,09/09/2009,0.72,V ugm-3
09/09/2009,23/09/2009,2.21,V ugm-3
23/09/2009,07/10/2009,0.78,V ugm-3
07/10/2009,21/10/2009,0.91,V ugm-3
21/10/2009,03/11/2009,0.81,V ugm-3
03/11/2009,17/11/2009,1.17,V ugm-3
17/11/2009,02/12/2009,0.65,V ugm-3
02/12/2009,16/12/2009,1.37,V ugm-3
16/12/2009,30/12/2009,1.5,V ugm-3
30/12/2009,13/01/2010,1.92,V ugm-3
Data for year 2010,,,
Multi-day data,,,
Carlisle Roadside,,,
Start Date,End Date,BENZENE,Status / units
13/01/2010,27/01/2010,1.59,V ugm-3
27/01/2010,10/02/2010,1.53,V ugm-3
10/02/2010,26/02/2010,1.92,V ugm-3
26/02/2010,10/03/2010,1.69,V ugm-3
10/03/2010,24/03/2010,0.98,V ugm-3
24/03/2010,07/04/2010,0.85,V ugm-3
07/04/2010,21/04/2010,1,V ugm-3
21/04/2010,05/05/2010,0.74,V ugm-3
05/05/2010,19/05/2010,0.77,V ugm-3
02/06/2010,24/06/2010,0.58,V ugm-3
05/07/2010,28/07/2010,0.65,V ugm-3
28/07/2010,11/08/2010,1.15,V ugm-3
11/08/2010,25/08/2010,0.39,V ugm-3
25/08/2010,08/09/2010,0.71,V ugm-3
08/09/2010,22/09/2010,0.51,V ugm-3
22/09/2010,06/10/2010,0.55,V ugm-3
06/10/2010,20/10/2010,0.92,V ugm-3
20/10/2010,03/11/2010,0.45,V ugm-3
03/11/2010,17/11/2010,0.77,V ugm-3
17/11/2010,01/12/2010,1.87,V ugm-3
01/12/2010,15/12/2010,1.96,V ugm-3
15/12/2010,05/01/2011,2.05,V ugm-3
Data for year 2011,,,
Multi-day data,,,
Carlisle Roadside,,,
Start Date,End Date,BENZENE,Status / units
05/01/2011,12/01/2011,1.59,V ugm-3
12/01/2011,26/01/2011,1.4,V ugm-3
26/01/2011,09/02/2011,0.92,V ugm-3
09/02/2011,24/02/2011,1.04,V ugm-3
24/02/2011,09/03/2011,1.27,V ugm-3
09/03/2011,23/03/2011,1.31,V ugm-3
23/03/2011,06/04/2011,0.65,V ugm-3
06/04/2011,20/04/2011,0.85,V ugm-3
20/04/2011,03/05/2011,0.87,V ugm-3
03/05/2011,18/05/2011,0.53,V ugm-3
18/05/2011,02/06/2011,0.34,V ugm-3
02/06/2011,14/06/2011,0.4,V ugm-3
14/06/2011,29/06/2011,0.41,V ugm-3
29/06/2011,13/07/2011,0.49,V ugm-3
13/07/2011,27/07/2011,0.43,V ugm-3
27/07/2011,10/08/2011,0.45,V ugm-3
10/08/2011,31/08/2011,0.41,V ugm-3
31/08/2011,07/09/2011,0.36,V ugm-3
07/09/2011,21/09/2011,0.39,V ugm-3
21/09/2011,05/10/2011,0.54,V ugm-3
05/10/2011,19/10/2011,0.62,V ugm-3
19/10/2011,02/11/2011,0.4,V ugm-3
02/11/2011,16/11/2011,1.92,V ugm-3
16/11/2011,01/12/2011,0.54,V ugm-3
01/12/2011,14/12/2011,1.18,V ugm-3
14/12/2011,28/12/2011,0.94,V ugm-3
28/12/2011,11/01/2012,0.68,V ugm-3
Data for year 2012,,,
Multi-day data,,,
Carlisle Roadside,,,
Start Date,End Date,BENZENE,Status / units
11/01/2012,25/01/2012,0.96,V ugm-3
25/01/2012,08/02/2012,1.62,V ugm-3
08/02/2012,22/02/2012,0.89,V ugm-3
22/02/2012,07/03/2012,0.61,V ugm-3
07/03/2012,21/03/2012,0.58,V ugm-3
21/03/2012,11/04/2012,0.88,V ugm-3
11/04/2012,18/04/2012,0.67,V ugm-3
18/04/2012,02/05/2012,0.91,V ugm-3
02/05/2012,16/05/2012,0.52,V ugm-3
16/05/2012,30/05/2012,0.63,V ugm-3
30/05/2012,12/06/2012,0.47,V ugm-3
12/06/2012,27/06/2012,0.43,V ugm-3
08/08/2012,22/08/2012,0.35,V ugm-3
22/08/2012,08/09/2012,0.31,V ugm-3
08/09/2012,19/09/2012,0.32,V ugm-3
19/09/2012,10/10/2012,0.66,V ugm-3
10/10/2012,17/10/2012,0.77,V ugm-3
17/10/2012,30/10/2012,0.74,V ugm-3
30/10/2012,14/11/2012,0.66,V ugm-3
14/11/2012,28/11/2012,0.92,V ugm-3
28/11/2012,12/12/2012,1.71,V ugm-3
12/12/2012,09/01/2013,0.75,V ugm-3
Data for year 2013,,,
Multi-day data,,,
Carlisle Roadside,,,
Start Date,End Date,BENZENE,Status / units
09/01/2013,16/01/2013,1.66,V ugm-3
16/01/2013,23/01/2013,1.79,V ugm-3
23/01/2013,06/02/2013,0.97,V ugm-3
06/02/2013,20/02/2013,1.73,V ugm-3
20/02/2013,06/03/2013,1.11,V ugm-3
06/03/2013,20/03/2013,1.66,V ugm-3
20/03/2013,05/04/2013,0.95,V ugm-3
05/04/2013,17/04/2013,0.76,V ugm-3
17/04/2013,01/05/2013,0.58,V ugm-3
01/05/2013,15/05/2013,0.54,V ugm-3
15/05/2013,29/05/2013,0.87,V ugm-3
29/05/2013,12/06/2013,,
12/06/2013,26/06/2013,0.59,V ugm-3
26/06/2013,10/07/2013,0.55,V ugm-3
10/07/2013,31/07/2013,0.38,V ugm-3
31/07/2013,21/08/2013,0.52,V ugm-3
21/08/2013,04/09/2013,0.75,V ugm-3
04/09/2013,18/09/2013,0.73,V ugm-3
18/09/2013,02/10/2013,0.76,V ugm-3
02/10/2013,16/10/2013,0.75,V ugm-3
16/10/2013,30/10/2013,0.71,V ugm-3
30/10/2013,13/11/2013,1.65,V ugm-3
13/11/2013,27/11/2013,1.33,V ugm-3
27/11/2013,11/12/2013,0.84,V ugm-3
11/12/2013,24/12/2013,0.51,V ugm-3
24/12/2013,16/01/2014,0.55,V ugm-3
Data for year 2014,,,
Multi-day data,,,
Carlisle Roadside,,,
Start Date,End Date,BENZENE,Status / units
16/01/2014,24/01/2014,1.08,V ugm-3
24/01/2014,05/02/2014,1.26,V ugm-3
05/02/2014,05/03/2014,,
05/03/2014,12/03/2014,1.07,V ugm-3
12/03/2014,19/03/2014,1.15,V ugm-3
19/03/2014,02/04/2014,0.7,V ugm-3
02/04/2014,16/04/2014,0.75,V ugm-3
16/04/2014,30/04/2014,0.51,V ugm-3
30/04/2014,14/05/2014,0.37,V ugm-3
14/05/2014,02/06/2014,0.79,V ugm-3
02/06/2014,11/06/2014,0.75,V ugm-3
11/06/2014,25/06/2014,0.58,V ugm-3
25/06/2014,14/07/2014,0.81,V ugm-3
14/07/2014,23/07/2014,0.47,V ugm-3
23/07/2014,11/08/2014,0.58,V ugm-3
11/08/2014,22/08/2014,0.5,V ugm-3
22/08/2014,03/09/2014,0.53,V ugm-3
03/09/2014,17/09/2014,0.95,V ugm-3
17/09/2014,02/10/2014,0.87,V ugm-3
02/10/2014,15/10/2014,0.75,V ugm-3
15/10/2014,03/11/2014,,
03/11/2014,12/11/2014,1.05,V ugm-3
12/11/2014,26/11/2014,1.65,V ugm-3
26/11/2014,10/12/2014,2.24,V ugm-3
10/12/2014,24/12/2014,0.59,V ugm-3
24/12/2014,07/01/2015,1.62,V ugm-3
Data for year 2015,,,
Multi-day data,,,
Carlisle Roadside,,,
Start Date,End Date,BENZENE,Status / units
07/01/2015,21/01/2015,0.86,V ugm-3
21/01/2015,04/02/2015,1.33,V ugm-3
04/02/2015,20/02/2015,1.38,V ugm-3
20/02/2015,04/03/2015,0.58,V ugm-3
04/03/2015,18/03/2015,1.04,V ugm-3
18/03/2015,01/04/2015,1.11,V ugm-3
01/04/2015,15/04/2015,0.84,V ugm-3
15/04/2015,29/04/2015,0.78,V ugm-3
29/04/2015,13/05/2015,0.63,V ugm-3
13/05/2015,27/05/2015,0.43,V ugm-3
27/05/2015,10/06/2015,0.3,V ugm-3
10/06/2015,24/06/2015,0.48,V ugm-3
24/06/2015,08/07/2015,0.49,V ugm-3
08/07/2015,22/07/2015,0.48,V ugm-3
22/07/2015,05/08/2015,0.57,V ugm-3
05/08/2015,24/08/2015,0.21,V ugm-3
24/08/2015,04/09/2015,0.61,V ugm-3
04/09/2015,16/09/2015,,
16/09/2015,07/10/2015,0.64,V ugm-3
07/10/2015,14/10/2015,1.13,V ugm-3
14/10/2015,28/10/2015,1.19,V ugm-3
28/10/2015,11/11/2015,1.29,V ugm-3
11/11/2015,25/11/2015,0.69,V ugm-3
25/11/2015,21/04/2016,,
Data for year 2016,,,
Multi-day data,,,
Carlisle Roadside,,,
Start Date,End Date,BENZENE,Status / units
21/04/2016,27/04/2016,0.81,V ugm-3
27/04/2016,11/05/2016,0.3,V ugm-3
11/05/2016,25/05/2016,0.39,V ugm-3
25/05/2016,08/06/2016,0.41,V ugm-3
08/06/2016,22/06/2016,0.4,V ugm-3
22/06/2016,06/07/2016,0.36,V ugm-3
06/07/2016,20/07/2016,0.2,V ugm-3
20/07/2016,03/08/2016,0.3,V ugm-3
03/08/2016,17/08/2016,0.3,V ugm-3
17/08/2016,31/08/2016,,
31/08/2016,14/09/2016,,
14/09/2016,28/09/2016,,
28/09/2016,12/10/2016,,
12/10/2016,26/10/2016,,
26/10/2016,09/11/2016,0.91,V ugm-3
09/11/2016,23/11/2016,0.85,V ugm-3
23/11/2016,07/12/2016,1.38,V ugm-3
07/12/2016,21/12/2016,0.87,V ugm-3
21/12/2016,04/01/2017,0.56,V ugm-3
Data for year 2017,,,
Multi-day data,,,
Carlisle Roadside,,,
Start Date,End Date,BENZENE,Status / units
04/01/2017,18/01/2017,0.83,V ugm-3
18/01/2017,01/02/2017,1.04,V ugm-3
01/02/2017,15/02/2017,1.01,V ugm-3
15/02/2017,01/03/2017,0.84,V ugm-3
01/03/2017,15/03/2017,0.8,V ugm-3
15/03/2017,29/03/2017,0.95,V ugm-3
29/03/2017,12/04/2017,0.65,V ugm-3
12/04/2017,26/04/2017,0.56,V ugm-3
26/04/2017,10/05/2017,0.44,V ugm-3
10/05/2017,24/05/2017,0.42,V ugm-3
24/05/2017,07/06/2017,0.36,V ugm-3
07/06/2017,21/06/2017,0.34,V ugm-3
21/06/2017,05/07/2017,0.4,V ugm-3
05/07/2017,19/07/2017,0.4,V ugm-3
19/07/2017,02/08/2017,0.38,V ugm-3
02/08/2017,16/08/2017,0.3,V ugm-3
16/08/2017,30/08/2017,0.4,V ugm-3
30/08/2017,13/09/2017,0.56,V ugm-3
13/09/2017,27/09/2017,0.65,V ugm-3
27/09/2017,11/10/2017,0.41,V ugm-3
11/10/2017,25/10/2017,0.56,V ugm-3
25/10/2017,08/11/2017,1.18,V ugm-3
08/11/2017,22/11/2017,0.92,V ugm-3
22/11/2017,06/12/2017,1.09,V ugm-3
06/12/2017,21/12/2017,1.63,V ugm-3
21/12/2017,03/01/2018,0.83,V ugm-3
Data for year 2018,,,
Multi-day data,,,
Carlisle Roadside,,,
Start Date,End Date,BENZENE,Status / units
03/01/2018,17/01/2018,1.23,V ugm-3
17/01/2018,31/01/2018,0.85,V ugm-3
31/01/2018,14/02/2018,1.03,V ugm-3
14/02/2018,28/02/2018,0.94,V ugm-3
28/02/2018,14/03/2018,1.23,V ugm-3
14/03/2018,28/03/2018,0.85,V ugm-3
28/03/2018,11/04/2018,0.76,V ugm-3
11/04/2018,25/04/2018,0.59,V ugm-3
25/04/2018,09/05/2018,0.54,V ugm-3
09/05/2018,23/05/2018,0.54,V ugm-3
23/05/2018,06/06/2018,0.49,V ugm-3
06/06/2018,20/06/2018,0.3,V ugm-3
20/06/2018,04/07/2018,0.42,V ugm-3
04/07/2018,18/07/2018,0.32,V ugm-3
18/07/2018,01/08/2018,0.2,V ugm-3
01/08/2018,15/08/2018,0.37,V ugm-3
15/08/2018,29/08/2018,0.26,V ugm-3
29/08/2018,11/09/2018,0.54,V ugm-3
11/09/2018,26/09/2018,0.46,V ugm-3
26/09/2018,10/10/2018,0.48,V ugm-3
10/10/2018,24/10/2018,0.87,V ugm-3
24/10/2018,09/11/2018,0.76,V ugm-3
09/11/2018,21/11/2018,0.6,V ugm-3
21/11/2018,05/12/2018,1.08,V ugm-3
05/12/2018,19/12/2018,0.75,V ugm-3
19/12/2018,02/01/2019,0.81,V ugm-3
Data for year 2019,,,
Multi-day data,,,
Carlisle Roadside,,,
Start Date,End Date,BENZENE,Status / units
02/01/2019,31/01/2019,1.1,V ugm-3
31/01/2019,13/02/2019,1.07,V ugm-3
13/02/2019,28/02/2019,1.07,V ugm-3
28/02/2019,13/03/2019,0.7,V ugm-3
13/03/2019,27/03/2019,,
27/03/2019,09/04/2019,0.68,V ugm-3
09/04/2019,24/04/2019,0.74,V ugm-3
24/04/2019,08/05/2019,0.54,V ugm-3
08/05/2019,22/05/2019,0.45,V ugm-3
22/05/2019,05/06/2019,0.28,V ugm-3
05/06/2019,19/06/2019,0.34,V ugm-3
19/06/2019,03/07/2019,0.36,V ugm-3
03/07/2019,17/07/2019,0.38,V ugm-3
17/07/2019,31/07/2019,0.39,V ugm-3
31/07/2019,14/08/2019,0.37,V ugm-3
14/08/2019,28/08/2019,0.39,V ugm-3
28/08/2019,11/09/2019,0.37,V ugm-3
11/09/2019,25/09/2019,0.61,V ugm-3
25/09/2019,09/10/2019,0.54,V ugm-3
09/10/2019,25/10/2019,0.59,V ugm-3
25/10/2019,07/11/2019,1.12,V ugm-3
07/11/2019,20/11/2019,1.1,V ugm-3
20/11/2019,04/12/2019,1.53,V ugm-3
04/12/2019,18/12/2019,0.74,V ugm-3
18/12/2019,02/01/2020,1.11,V ugm-3
Data for year 2020,,,
Multi-day data,,,
Carlisle Roadside,,,
Start Date,End Date,BENZENE,Status / units
02/01/2020,15/01/2020,0.68,V ugm-3
15/01/2020,29/01/2020,0.72,V ugm-3
29/01/2020,12/02/2020,0.58,V ugm-3
12/02/2020,26/02/2020,0.56,V ugm-3
26/02/2020,11/03/2020,0.61,V ugm-3
11/03/2020,08/04/2020,0.51,V ugm-3
08/04/2020,22/04/2020,0.41,V ugm-3
22/04/2020,06/05/2020,0.69,V ugm-3
06/05/2020,20/05/2020,0.31,V ugm-3
20/05/2020,03/06/2020,0.35,V ugm-3
03/06/2020,17/06/2020,0.25,V ugm-3
17/06/2020,01/07/2020,0.2,V ugm-3
01/07/2020,15/07/2020,0.31,V ugm-3
15/07/2020,31/07/2020,0.4,V ugm-3
31/07/2020,13/08/2020,,
13/08/2020,27/08/2020,,
27/08/2020,09/09/2020,,
09/09/2020,25/09/2020,,
01/10/2020,21/10/2020,,
21/10/2020,04/11/2020,0.55,V ugm-3
04/11/2020,18/11/2020,0.7,V ugm-3
18/11/2020,02/12/2020,0.72,V ugm-3
02/12/2020,16/12/2020,1.05,V ugm-3
16/12/2020,13/01/2021,0.8,V ugm-3
Data for year 2021,,,
Multi-day data,,,
Carlisle Roadside,,,
Start Date,End Date,BENZENE,Status / units
13/01/2021,27/01/2021,1.13,V ugm-3
27/01/2021,10/02/2021,0.99,V ugm-3
10/02/2021,24/02/2021,0.68,V ugm-3
24/02/2021,10/03/2021,0.92,V ugm-3
10/03/2021,25/03/2021,0.61,V ugm-3
25/03/2021,07/04/2021,0.55,V ugm-3
07/04/2021,21/04/2021,0.62,V ugm-3
21/04/2021,05/05/2021,0.55,V ugm-3
05/05/2021,19/05/2021,0.49,V ugm-3
19/05/2021,02/06/2021,0.5,V ugm-3
02/06/2021,09/06/2021,0.38,V ugm-3
09/06/2021,30/06/2021,0.31,V ugm-3
Data for year 2010,,,
Multi-day data,,,
Chatham Roadside,,,
Start Date,End Date,BENZENE,Status / units
25/03/2010,31/03/2010,0.85,V ugm-3
31/03/2010,21/04/2010,1.19,V ugm-3
21/04/2010,07/05/2010,1.57,V ugm-3
07/05/2010,19/05/2010,0.77,V ugm-3
19/05/2010,01/06/2010,0.71,V ugm-3
01/06/2010,16/06/2010,0.66,V ugm-3
16/06/2010,30/06/2010,0.66,V ugm-3
14/07/2010,28/07/2010,0.8,V ugm-3
28/07/2010,10/08/2010,0.73,V ugm-3
10/08/2010,24/08/2010,0.67,V ugm-3
24/08/2010,08/09/2010,0.63,V ugm-3
08/09/2010,23/09/2010,1.4,V ugm-3
23/09/2010,07/10/2010,0.58,V ugm-3
20/10/2010,02/11/2010,0.91,V ugm-3
02/11/2010,17/11/2010,0.93,V ugm-3
17/11/2010,08/12/2010,1.32,V ugm-3
08/12/2010,04/01/2011,1.37,V ugm-3
Data for year 2011,,,
Multi-day data,,,
Chatham Roadside,,,
Start Date,End Date,BENZENE,Status / units
04/01/2011,18/01/2011,1.06,V ugm-3
18/01/2011,02/02/2011,0.9,V ugm-3
02/02/2011,15/02/2011,0.83,V ugm-3
15/02/2011,28/02/2011,1.33,V ugm-3
28/02/2011,16/03/2011,1.25,V ugm-3
16/03/2011,29/03/2011,1.23,V ugm-3
29/03/2011,13/04/2011,0.84,V ugm-3
13/04/2011,03/05/2011,1.07,V ugm-3
03/05/2011,18/05/2011,0.65,V ugm-3
18/05/2011,31/05/2011,0.64,V ugm-3
31/05/2011,13/06/2011,0.31,V ugm-3
13/06/2011,27/06/2011,0.23,V ugm-3
27/06/2011,07/07/2011,0.54,V ugm-3
07/07/2011,20/07/2011,0.61,V ugm-3
20/07/2011,03/08/2011,0.64,V ugm-3
03/08/2011,23/08/2011,0.77,V ugm-3
23/08/2011,31/08/2011,0.94,V ugm-3
31/08/2011,28/09/2011,0.76,V ugm-3
28/09/2011,13/10/2011,0.89,V ugm-3
13/10/2011,25/10/2011,0.76,V ugm-3
25/10/2011,10/11/2011,0.46,V ugm-3
10/11/2011,01/12/2011,1.07,V ugm-3
01/12/2011,08/12/2011,0.92,V ugm-3
08/12/2011,20/12/2011,1,V ugm-3
20/12/2011,05/01/2012,0.93,V ugm-3
Data for year 2012,,,
Multi-day data,,,
Chatham Roadside,,,
Start Date,End Date,BENZENE,Status / units
17/01/2012,07/02/2012,1.43,V ugm-3
07/02/2012,22/02/2012,1.18,V ugm-3
22/02/2012,14/03/2012,1.03,V ugm-3
14/03/2012,29/03/2012,1.1,V ugm-3
29/03/2012,13/04/2012,0.77,V ugm-3
13/04/2012,25/04/2012,0.57,V ugm-3
25/04/2012,08/05/2012,0.55,V ugm-3
08/05/2012,25/05/2012,0.59,V ugm-3
25/05/2012,07/06/2012,0.6,V ugm-3
07/06/2012,21/06/2012,0.6,V ugm-3
21/06/2012,03/07/2012,0.49,V ugm-3
03/07/2012,18/07/2012,0.58,V ugm-3
18/07/2012,31/07/2012,0.76,V ugm-3
31/07/2012,15/08/2012,0.87,V ugm-3
15/08/2012,29/08/2012,0.61,V ugm-3
29/08/2012,12/09/2012,0.68,V ugm-3
12/09/2012,27/09/2012,0.65,V ugm-3
27/09/2012,10/10/2012,0.77,V ugm-3
10/10/2012,25/10/2012,0.81,V ugm-3
25/10/2012,07/11/2012,0.69,V ugm-3
07/11/2012,22/11/2012,1.01,V ugm-3
22/11/2012,04/12/2012,1.26,V ugm-3
04/12/2012,18/12/2012,1.34,V ugm-3
18/12/2012,07/01/2013,0.72,V ugm-3
Data for year 2013,,,
Multi-day data,,,
Chatham Roadside,,,
Start Date,End Date,BENZENE,Status / units
07/01/2013,22/01/2013,1.61,V ugm-3
22/01/2013,07/02/2013,1.05,V ugm-3
07/02/2013,19/02/2013,2.08,V ugm-3
19/02/2013,05/03/2013,0.97,V ugm-3
05/03/2013,18/03/2013,1.54,V ugm-3
18/03/2013,03/04/2013,1.26,V ugm-3
03/04/2013,15/04/2013,0.8,V ugm-3
15/04/2013,30/04/2013,0.73,V ugm-3
30/04/2013,15/05/2013,0.81,V ugm-3
15/05/2013,28/05/2013,0.86,V ugm-3
28/05/2013,13/06/2013,,
13/06/2013,24/06/2013,1.05,V ugm-3
24/06/2013,09/07/2013,0.78,V ugm-3
09/07/2013,24/07/2013,,
24/07/2013,07/08/2013,,
07/08/2013,20/08/2013,,
20/08/2013,04/09/2013,,
04/09/2013,16/09/2013,1.05,V ugm-3
16/09/2013,02/10/2013,1.46,V ugm-3
02/10/2013,14/10/2013,0.77,V ugm-3
14/10/2013,28/10/2013,0.75,V ugm-3
28/10/2013,11/11/2013,1.04,V ugm-3
11/11/2013,26/11/2013,0.98,V ugm-3
26/11/2013,10/12/2013,1.06,V ugm-3
10/12/2013,19/12/2013,0.93,V ugm-3
19/12/2013,08/01/2014,0.51,V ugm-3
Data for year 2014,,,
Multi-day data,,,
Chatham Roadside,,,
Start Date,End Date,BENZENE,Status / units
08/01/2014,22/01/2014,1,V ugm-3
22/01/2014,05/02/2014,0.91,V ugm-3
05/02/2014,19/02/2014,0.88,V ugm-3
19/02/2014,05/03/2014,1.06,V ugm-3
05/03/2014,19/03/2014,1.31,V ugm-3
19/03/2014,01/04/2014,0.79,V ugm-3
01/04/2014,16/04/2014,0.82,V ugm-3
16/04/2014,01/05/2014,0.76,V ugm-3
01/05/2014,19/05/2014,0.61,V ugm-3
19/05/2014,05/06/2014,0.86,V ugm-3
05/06/2014,19/06/2014,0.59,V ugm-3
19/06/2014,08/07/2014,0.55,V ugm-3
08/07/2014,24/07/2014,0.63,V ugm-3
24/07/2014,06/08/2014,0.76,V ugm-3
06/08/2014,21/08/2014,0.66,V ugm-3
21/08/2014,04/09/2014,0.56,V ugm-3
04/09/2014,18/09/2014,1.02,V ugm-3
18/09/2014,01/10/2014,1.13,V ugm-3
01/10/2014,15/10/2014,0.83,V ugm-3
15/10/2014,30/10/2014,0.77,V ugm-3
30/10/2014,12/11/2014,0.85,V ugm-3
12/11/2014,27/11/2014,1.66,V ugm-3
27/11/2014,11/12/2014,1.68,V ugm-3
11/12/2014,17/12/2014,1.09,V ugm-3
17/12/2014,07/01/2015,1.21,V ugm-3
Data for year 2015,,,
Multi-day data,,,
Chatham Roadside,,,
Start Date,End Date,BENZENE,Status / units
07/01/2015,21/01/2015,0.84,V ugm-3
21/01/2015,04/02/2015,1.16,V ugm-3
04/02/2015,17/02/2015,1.19,V ugm-3
17/02/2015,16/03/2015,0.89,V ugm-3
16/03/2015,30/03/2015,1.25,V ugm-3
30/03/2015,13/04/2015,0.78,V ugm-3
13/04/2015,30/04/2015,0.61,V ugm-3
30/04/2015,12/05/2015,0.68,V ugm-3
12/05/2015,29/05/2015,0.56,V ugm-3
29/05/2015,10/06/2015,0.72,V ugm-3
10/06/2015,22/06/2015,0.59,V ugm-3
22/06/2015,10/07/2015,0.56,V ugm-3
10/07/2015,22/07/2015,0.67,V ugm-3
22/07/2015,06/08/2015,0.54,V ugm-3
06/08/2015,17/08/2015,0.74,V ugm-3
17/08/2015,01/09/2015,0.76,V ugm-3
01/09/2015,16/09/2015,0.77,V ugm-3
16/09/2015,28/09/2015,0.94,V ugm-3
28/09/2015,16/10/2015,0.99,V ugm-3
16/10/2015,04/11/2015,1.08,V ugm-3
04/11/2015,12/11/2015,0.62,V ugm-3
12/11/2015,23/11/2015,0.65,V ugm-3
23/11/2015,18/12/2015,0.73,V ugm-3
18/12/2015,04/01/2016,0.63,V ugm-3
Data for year 2016,,,
Multi-day data,,,
Chatham Roadside,,,
Start Date,End Date,BENZENE,Status / units
04/01/2016,18/01/2016,1.12,V ugm-3
18/01/2016,04/02/2016,0.86,V ugm-3
04/02/2016,15/02/2016,0.94,V ugm-3
15/02/2016,02/03/2016,1.08,V ugm-3
02/03/2016,14/03/2016,1.1,V ugm-3
14/03/2016,29/03/2016,0.84,V ugm-3
29/03/2016,12/04/2016,0.52,V ugm-3
12/04/2016,27/04/2016,0.53,V ugm-3
27/04/2016,11/05/2016,0.6,V ugm-3
11/05/2016,23/05/2016,0.57,V ugm-3
23/05/2016,08/06/2016,0.91,V ugm-3
08/06/2016,20/06/2016,0.34,V ugm-3
20/06/2016,07/07/2016,0.54,V ugm-3
07/07/2016,20/07/2016,0.42,V ugm-3
20/07/2016,02/08/2016,1.16,V ugm-3
02/08/2016,16/08/2016,0.79,V ugm-3
16/08/2016,31/08/2016,,
31/08/2016,13/09/2016,0.57,V ugm-3
13/09/2016,27/09/2016,0.61,V ugm-3
27/09/2016,11/10/2016,0.38,V ugm-3
11/10/2016,26/10/2016,0.88,V ugm-3
26/10/2016,08/11/2016,0.92,V ugm-3
08/11/2016,24/11/2016,0.78,V ugm-3
24/11/2016,09/12/2016,1.22,V ugm-3
09/12/2016,20/12/2016,1.14,V ugm-3
20/12/2016,04/01/2017,0.6,V ugm-3
Data for year 2017,,,
Multi-day data,,,
Chatham Roadside,,,
Start Date,End Date,BENZENE,Status / units
04/01/2017,17/01/2017,0.89,V ugm-3
17/01/2017,01/02/2017,1.6,V ugm-3
01/02/2017,14/02/2017,1.29,V ugm-3
14/02/2017,01/03/2017,0.91,V ugm-3
01/03/2017,16/03/2017,0.93,V ugm-3
16/03/2017,29/03/2017,0.78,V ugm-3
29/03/2017,11/04/2017,0.75,V ugm-3
11/04/2017,25/04/2017,0.6,V ugm-3
25/04/2017,09/05/2017,0.43,V ugm-3
09/05/2017,24/05/2017,0.55,V ugm-3
24/05/2017,08/06/2017,0.42,V ugm-3
08/06/2017,21/06/2017,0.39,V ugm-3
21/06/2017,07/07/2017,0.67,V ugm-3
07/07/2017,19/07/2017,0.59,V ugm-3
19/07/2017,01/08/2017,0.66,V ugm-3
01/08/2017,15/08/2017,0.53,V ugm-3
15/08/2017,29/08/2017,0.64,V ugm-3
29/08/2017,13/09/2017,0.61,V ugm-3
13/09/2017,28/09/2017,0.67,V ugm-3
28/09/2017,24/10/2017,0.67,V ugm-3
24/10/2017,08/11/2017,1.06,V ugm-3
08/11/2017,28/11/2017,0.94,V ugm-3
28/11/2017,07/12/2017,0.93,V ugm-3
07/12/2017,19/12/2017,0.69,V ugm-3
19/12/2017,04/01/2018,0.78,V ugm-3
Data for year 2018,,,
Multi-day data,,,
Chatham Roadside,,,
Start Date,End Date,BENZENE,Status / units
04/01/2018,17/01/2018,0.87,V ugm-3
17/01/2018,30/01/2018,0.77,V ugm-3
30/01/2018,13/02/2018,0.82,V ugm-3
13/02/2018,05/03/2018,1.01,V ugm-3
05/03/2018,14/03/2018,0.9,V ugm-3
14/03/2018,29/03/2018,0.81,V ugm-3
29/03/2018,11/04/2018,0.62,V ugm-3
11/04/2018,26/04/2018,0.76,V ugm-3
26/04/2018,09/05/2018,0.62,V ugm-3
09/05/2018,23/05/2018,0.56,V ugm-3
23/05/2018,07/06/2018,0.49,V ugm-3
07/06/2018,21/06/2018,0.34,V ugm-3
21/06/2018,04/07/2018,0.33,V ugm-3
04/07/2018,17/07/2018,0.3,V ugm-3
17/07/2018,31/07/2018,0.23,V ugm-3
31/07/2018,14/08/2018,0.49,V ugm-3
14/08/2018,29/08/2018,0.37,V ugm-3
29/08/2018,13/09/2018,0.58,V ugm-3
13/09/2018,26/09/2018,0.51,V ugm-3
26/09/2018,11/10/2018,0.51,V ugm-3
11/10/2018,06/11/2018,0.67,V ugm-3
06/11/2018,22/11/2018,0.63,V ugm-3
22/11/2018,05/12/2018,0.69,V ugm-3
05/12/2018,19/12/2018,0.71,V ugm-3
19/12/2018,04/01/2019,0.75,V ugm-3
Data for year 2019,,,
Multi-day data,,,
Chatham Roadside,,,
Start Date,End Date,BENZENE,Status / units
04/01/2019,17/01/2019,0.73,V ugm-3
17/01/2019,29/01/2019,0.83,V ugm-3
29/01/2019,28/02/2019,1.04,V ugm-3
28/02/2019,14/03/2019,0.6,V ugm-3
14/03/2019,27/03/2019,0.68,V ugm-3
27/03/2019,10/04/2019,0.87,V ugm-3
10/04/2019,23/04/2019,0.92,V ugm-3
23/04/2019,09/05/2019,0.47,V ugm-3
09/05/2019,21/05/2019,0.44,V ugm-3
21/05/2019,05/06/2019,0.39,V ugm-3
05/06/2019,20/06/2019,0.39,V ugm-3
20/06/2019,03/07/2019,0.37,V ugm-3
03/07/2019,17/07/2019,0.36,V ugm-3
17/07/2019,02/08/2019,0.39,V ugm-3
02/08/2019,14/08/2019,0.33,V ugm-3
14/08/2019,29/08/2019,0.66,V ugm-3
29/08/2019,13/09/2019,0.51,V ugm-3
13/09/2019,30/09/2019,0.5,V ugm-3
30/09/2019,10/10/2019,0.51,V ugm-3
10/10/2019,22/10/2019,0.47,V ugm-3
22/10/2019,07/11/2019,0.74,V ugm-3
07/11/2019,19/11/2019,0.87,V ugm-3
19/11/2019,05/12/2019,0.96,V ugm-3
05/12/2019,19/12/2019,0.7,V ugm-3
19/12/2019,03/01/2020,0.97,V ugm-3
Data for year 2020,,,
Multi-day data,,,
Chatham Roadside,,,
Start Date,End Date,BENZENE,Status / units
03/01/2020,17/01/2020,0.72,V ugm-3
17/01/2020,30/01/2020,0.8,V ugm-3
30/01/2020,14/02/2020,,
14/02/2020,27/02/2020,0.49,V ugm-3
27/02/2020,13/03/2020,0.56,V ugm-3
13/03/2020,25/03/2020,0.61,V ugm-3
25/03/2020,07/04/2020,0.68,V ugm-3
07/04/2020,23/04/2020,0.69,V ugm-3
23/04/2020,05/05/2020,0.38,V ugm-3
05/05/2020,20/05/2020,0.42,V ugm-3
20/05/2020,08/06/2020,0.38,V ugm-3
08/06/2020,17/06/2020,0.37,V ugm-3
17/06/2020,29/06/2020,0.29,V ugm-3
29/06/2020,16/07/2020,0.3,V ugm-3
16/07/2020,28/07/2020,0.44,V ugm-3
28/07/2020,13/08/2020,0.47,V ugm-3
13/08/2020,28/08/2020,0.3,V ugm-3
28/08/2020,10/09/2020,0.42,V ugm-3
10/09/2020,23/09/2020,0.46,V ugm-3
23/09/2020,09/10/2020,0.61,V ugm-3
09/10/2020,22/10/2020,0.76,V ugm-3
22/10/2020,03/11/2020,0.48,V ugm-3
03/11/2020,18/11/2020,0.53,V ugm-3
18/11/2020,01/12/2020,0.62,V ugm-3
01/12/2020,17/12/2020,0.72,V ugm-3
17/12/2020,13/01/2021,1.01,V ugm-3
Data for year 2021,,,
Multi-day data,,,
Chatham Roadside,,,
Start Date,End Date,BENZENE,Status / units
13/01/2021,26/01/2021,0.99,V ugm-3
26/01/2021,10/02/2021,0.91,V ugm-3
10/02/2021,24/02/2021,0.71,V ugm-3
24/02/2021,11/03/2021,1.11,V ugm-3
11/03/2021,24/03/2021,0.77,V ugm-3
24/03/2021,06/04/2021,0.67,V ugm-3
06/04/2021,21/04/2021,0.78,V ugm-3
21/04/2021,05/05/2021,0.45,V ugm-3
05/05/2021,19/05/2021,0.41,V ugm-3
19/05/2021,01/06/2021,0.45,V ugm-3
01/06/2021,16/06/2021,0.45,V ugm-3
16/06/2021,29/06/2021,0.36,V ugm-3
29/06/2021,13/07/2021,0.32,V ugm-3
13/07/2021,28/07/2021,0.49,V ugm-3
28/07/2021,10/08/2021,0.3,V ugm-3
10/08/2021,25/08/2021,0.38,V ugm-3
25/08/2021,09/09/2021,0.46,V ugm-3
09/09/2021,23/09/2021,0.6,V ugm-3
23/09/2021,06/10/2021,0.33,V ugm-3
06/10/2021,20/10/2021,0.37,V ugm-3
20/10/2021,04/11/2021,0.45,V ugm-3
04/11/2021,17/11/2021,0.6,V ugm-3
17/11/2021,01/12/2021,0.61,V ugm-3
01/12/2021,16/12/2021,0.53,V ugm-3
16/12/2021,22/12/2021,0.64,V ugm-3
22/12/2021,06/01/2022,0.61,V ugm-3
Data for year 2022,,,
Multi-day data,,,
Chatham Roadside,,,
Start Date,End Date,BENZENE,Status / units
06/01/2022,26/01/2022,1.06,V ugm-3
26/01/2022,09/02/2022,0.55,V ugm-3
09/02/2022,24/02/2022,0.58,V ugm-3
24/02/2022,09/03/2022,0.84,V ugm-3
09/03/2022,23/03/2022,0.78,V ugm-3
23/03/2022,06/04/2022,0.79,V ugm-3
06/04/2022,20/04/2022,0.74,V ugm-3
20/04/2022,03/05/2022,0.53,V ugm-3
03/05/2022,18/05/2022,0.27,V ugm-3
18/05/2022,01/06/2022,0.24,V ugm-3
01/06/2022,14/06/2022,0.32,V ugm-3
14/06/2022,29/06/2022,,
29/06/2022,12/07/2022,0.27,V ugm-3
12/07/2022,26/07/2022,0.27,V ugm-3
26/07/2022,10/08/2022,0.3,V ugm-3
10/08/2022,25/08/2022,0.38,V ugm-3
25/08/2022,07/09/2022,0.34,V ugm-3
07/09/2022,20/09/2022,0.53,V ugm-3
20/09/2022,04/10/2022,0.48,V ugm-3
04/10/2022,18/10/2022,0.83,V ugm-3
18/10/2022,02/11/2022,0.36,V ugm-3
02/11/2022,15/11/2022,0.58,V ugm-3
15/11/2022,01/12/2022,0.68,V ugm-3
01/12/2022,22/12/2022,1.04,V ugm-3
22/12/2022,11/01/2023,0.39,V ugm-3
Data for year 2023,,,
Multi-day data,,,
Chatham Roadside,,,
Start Date,End Date,BENZENE,Status / units
11/01/2023,08/02/2023,0.92,V ugm-3
08/02/2023,21/02/2023,0.91,V ugm-3
21/02/2023,08/03/2023,0.78,V ugm-3
08/03/2023,23/03/2023,0.74,V ugm-3
23/03/2023,04/04/2023,0.39,V ugm-3
04/04/2023,19/04/2023,0.59,V ugm-3
19/04/2023,04/05/2023,0.53,V ugm-3
04/05/2023,16/05/2023,0.39,V ugm-3
16/05/2023,01/06/2023,0.38,V ugm-3
01/06/2023,14/06/2023,0.42,V ugm-3
14/06/2023,28/06/2023,0.5,V ugm-3
28/06/2023,13/07/2023,0.34,V ugm-3
13/07/2023,27/07/2023,0.38,V ugm-3
27/07/2023,07/08/2023,0.41,V ugm-3
07/08/2023,24/08/2023,0.51,V ugm-3
24/08/2023,21/09/2023,0.43,V ugm-3
21/09/2023,03/10/2023,0.55,V ugm-3
03/10/2023,19/10/2023,0.69,V ugm-3
19/10/2023,16/11/2023,0.62,V ugm-3
16/11/2023,29/11/2023,0.92,V ugm-3
29/11/2023,15/12/2023,0.8,V ugm-3
15/12/2023,10/01/2024,0.55,V ugm-3
Data for year 2024,,,
Multi-day data,,,
Chatham Roadside,,,
Start Date,End Date,BENZENE,Status / units
10/01/2024,25/01/2024,0.77,V ugm-3
25/01/2024,08/02/2024,0.5,V ugm-3
08/02/2024,23/02/2024,0.51,V ugm-3
23/02/2024,06/03/2024,0.73,V ugm-3
06/03/2024,21/03/2024,0.83,V ugm-3
21/03/2024,04/04/2024,0.61,V ugm-3
04/04/2024,24/04/2024,0.39,V ugm-3
24/04/2024,01/05/2024,0.57,V ugm-3
01/05/2024,16/05/2024,0.45,V ugm-3
16/05/2024,29/05/2024,0.39,V ugm-3
29/05/2024,18/06/2024,0.3,V ugm-3
18/06/2024,26/06/2024,0.4,V ugm-3
26/06/2024,11/07/2024,0.34,V ugm-3
11/07/2024,25/07/2024,0.33,V ugm-3
25/07/2024,12/08/2024,0.53,V ugm-3
12/08/2024,19/09/2024,0.48,V ugm-3
19/09/2024,04/10/2024,0.53,V ugm-3
04/10/2024,16/10/2024,0.48,V ugm-3
16/10/2024,14/11/2024,0.44,V ugm-3
14/11/2024,29/11/2024,0.65,V ugm-3
29/11/2024,03/01/2025,0.63,V ugm-3
Data for year 2025,,,
Multi-day data,,,
Chatham Roadside,,,
Start Date,End Date,BENZENE,Status / units
03/01/2025,08/01/2025,,
08/01/2025,05/02/2025,0.9,V ugm-3
05/02/2025,19/02/2025,1.16,V ugm-3
19/02/2025,05/03/2025,0.66,V ugm-3
05/03/2025,20/03/2025,0.63,V ugm-3
20/03/2025,03/04/2025,0.49,V ugm-3
03/04/2025,24/04/2025,0.37,V ugm-3
24/04/2025,01/05/2025,0.38,V ugm-3
01/05/2025,15/05/2025,0.37,V ugm-3
15/05/2025,29/05/2025,0.22,V ugm-3
29/05/2025,13/06/2025,0.33,V ugm-3
13/06/2025,26/06/2025,0.39,V ugm-3
26/06/2025,09/07/2025,0.3,V ugm-3
09/07/2025,31/07/2025,0.26,V ugm-3
31/07/2025,05/08/2025,0.3,V ugm-3
05/08/2025,30/09/2025,0.39,V ugm-3
30/09/2025,16/10/2025,0.5,V ugm-3
16/10/2025,07/11/2025,0.4,V ugm-3
07/11/2025,14/11/2025,0.65,V ugm-3
14/11/2025,27/11/2025,0.57,V ugm-3
27/11/2025,11/12/2025,0.48,V ugm-3
11/12/2025,22/12/2025,0.72,V ugm-3
22/12/2025,20/01/2026,0.69,V ugm-3
Data for year 2008,,,
Multi-day data,,,
Chesterfield Roadside,,,
Start Date,End Date,BENZENE,Status / units
27/05/2008,10/06/2008,0.59,V ugm-3
10/06/2008,26/06/2008,0.39,V ugm-3
26/06/2008,10/07/2008,0.36,V ugm-3
10/07/2008,24/07/2008,0.46,V ugm-3
24/07/2008,07/08/2008,0.62,V ugm-3
07/08/2008,21/08/2008,0.39,V ugm-3
21/08/2008,04/09/2008,0.72,V ugm-3
04/09/2008,18/09/2008,0.94,V ugm-3
18/09/2008,02/10/2008,0.46,V ugm-3
02/10/2008,14/10/2008,0.72,V ugm-3
14/10/2008,30/10/2008,0.55,V ugm-3
30/10/2008,13/11/2008,0.78,V ugm-3
13/11/2008,27/11/2008,0.52,V ugm-3
27/11/2008,15/12/2008,0.91,V ugm-3
15/12/2008,24/12/2008,0.78,V ugm-3
24/12/2008,09/01/2009,1.66,V ugm-3
Data for year 2009,,,
Multi-day data,,,
Chesterfield Roadside,,,
Start Date,End Date,BENZENE,Status / units
09/01/2009,22/01/2009,0.98,V ugm-3
22/01/2009,11/02/2009,1.37,V ugm-3
11/02/2009,19/02/2009,1.04,V ugm-3
19/02/2009,05/03/2009,1.04,V ugm-3
05/03/2009,19/03/2009,0.88,V ugm-3
19/03/2009,02/04/2009,0.62,V ugm-3
02/04/2009,16/04/2009,0.65,V ugm-3
16/04/2009,30/04/2009,0.98,V ugm-3
30/04/2009,14/05/2009,0.81,V ugm-3
14/05/2009,28/05/2009,0.52,V ugm-3
28/05/2009,11/06/2009,0.49,V ugm-3
11/06/2009,25/06/2009,0.42,V ugm-3
25/06/2009,09/07/2009,0.88,V ugm-3
09/07/2009,23/07/2009,0.49,V ugm-3
23/07/2009,06/08/2009,0.78,V ugm-3
03/09/2009,18/09/2009,1.07,V ugm-3
18/09/2009,01/10/2009,1.07,V ugm-3
01/10/2009,15/10/2009,0.78,V ugm-3
15/10/2009,29/10/2009,0.88,V ugm-3
29/10/2009,12/11/2009,1.11,V ugm-3
12/11/2009,26/11/2009,0.59,V ugm-3
26/11/2009,10/12/2009,0.46,V ugm-3
10/12/2009,31/12/2009,1.2,V ugm-3
31/12/2009,14/01/2010,1.27,V ugm-3
Data for year 2010,,,
Multi-day data,,,
Chesterfield Roadside,,,
Start Date,End Date,BENZENE,Status / units
14/01/2010,28/01/2010,1.53,V ugm-3
28/01/2010,11/02/2010,1.17,V ugm-3
11/02/2010,25/02/2010,1.3,V ugm-3
25/02/2010,11/03/2010,1.3,V ugm-3
11/03/2010,26/03/2010,0.68,V ugm-3
26/03/2010,09/04/2010,0.72,V ugm-3
09/04/2010,23/04/2010,0.84,V ugm-3
23/04/2010,07/05/2010,0.58,V ugm-3
07/05/2010,21/05/2010,0.61,V ugm-3
02/07/2010,19/08/2010,0.39,V ugm-3
19/08/2010,07/09/2010,0.51,V ugm-3
07/09/2010,16/09/2010,0.4,V ugm-3
16/09/2010,30/09/2010,0.4,V ugm-3
30/09/2010,14/10/2010,0.91,V ugm-3
14/10/2010,28/10/2010,0.53,V ugm-3
28/10/2010,11/11/2010,0.86,V ugm-3
11/11/2010,25/11/2010,1.28,V ugm-3
25/11/2010,09/12/2010,1.47,V ugm-3
09/12/2010,23/12/2010,1.28,V ugm-3
23/12/2010,06/01/2011,1.62,V ugm-3
Data for year 2011,,,
Multi-day data,,,
Chesterfield Roadside,,,
Start Date,End Date,BENZENE,Status / units
06/01/2011,20/01/2011,1.07,V ugm-3
20/01/2011,03/02/2011,0.98,V ugm-3
03/02/2011,17/02/2011,0.98,V ugm-3
17/02/2011,03/03/2011,1.27,V ugm-3
03/03/2011,17/03/2011,2.12,V ugm-3
17/03/2011,31/03/2011,1.56,V ugm-3
31/03/2011,28/04/2011,0.89,V ugm-3
28/04/2011,12/05/2011,0.94,V ugm-3
12/05/2011,26/05/2011,0.36,V ugm-3
26/05/2011,09/06/2011,0.56,V ugm-3
09/06/2011,23/06/2011,0.45,V ugm-3
23/06/2011,12/07/2011,0.98,V ugm-3
12/07/2011,21/07/2011,0.58,V ugm-3
21/07/2011,04/08/2011,1.94,V ugm-3
04/08/2011,18/08/2011,0.3,V ugm-3
18/08/2011,01/09/2011,1.03,V ugm-3
01/09/2011,15/09/2011,0.6,V ugm-3
15/09/2011,29/09/2011,3.38,V ugm-3
29/09/2011,13/10/2011,3.79,V ugm-3
13/10/2011,31/10/2011,1.62,V ugm-3
31/10/2011,09/11/2011,0.98,V ugm-3
09/11/2011,24/11/2011,2.15,V ugm-3
24/11/2011,07/12/2011,0.74,V ugm-3
07/12/2011,22/12/2011,1.22,V ugm-3
22/12/2011,05/01/2012,0.56,V ugm-3
Data for year 2012,,,
Multi-day data,,,
Chesterfield Roadside,,,
Start Date,End Date,BENZENE,Status / units
05/01/2012,19/01/2012,3.09,V ugm-3
19/01/2012,01/02/2012,1.21,V ugm-3
01/02/2012,15/02/2012,2.69,V ugm-3
15/02/2012,05/03/2012,0.73,V ugm-3
05/03/2012,15/03/2012,2.02,V ugm-3
15/03/2012,29/03/2012,4.07,V ugm-3
29/03/2012,12/04/2012,0.58,V ugm-3
12/04/2012,26/04/2012,0.87,V ugm-3
26/04/2012,10/05/2012,0.62,V ugm-3
10/05/2012,24/05/2012,0.46,V ugm-3
24/05/2012,07/06/2012,0.6,V ugm-3
07/06/2012,21/06/2012,0.54,V ugm-3
21/06/2012,05/07/2012,0.66,V ugm-3
05/07/2012,19/07/2012,0.48,V ugm-3
19/07/2012,02/08/2012,0.79,V ugm-3
02/08/2012,16/08/2012,0.6,V ugm-3
16/08/2012,30/08/2012,0.7,V ugm-3
30/08/2012,13/09/2012,0.82,V ugm-3
13/09/2012,27/09/2012,0.55,V ugm-3
27/09/2012,10/10/2012,0.91,V ugm-3
10/10/2012,25/10/2012,1.92,V ugm-3
25/10/2012,08/11/2012,,
08/11/2012,22/11/2012,,
22/11/2012,06/12/2012,,
20/12/2012,20/12/2012,,
06/12/2012,20/12/2012,,
20/12/2012,03/01/2013,,
Data for year 2013,,,
Multi-day data,,,
Chesterfield Roadside,,,
Start Date,End Date,BENZENE,Status / units
03/01/2013,17/01/2013,5.81,V ugm-3
17/01/2013,31/01/2013,3.17,V ugm-3
31/01/2013,14/02/2013,1.85,V ugm-3
14/02/2013,28/02/2013,2.98,V ugm-3
28/02/2013,14/03/2013,1.73,V ugm-3
14/03/2013,28/03/2013,1.21,V ugm-3
28/03/2013,11/04/2013,0.82,V ugm-3
11/04/2013,25/04/2013,1.32,V ugm-3
25/04/2013,09/05/2013,1.43,V ugm-3
09/05/2013,23/05/2013,,
23/05/2013,06/06/2013,,
06/06/2013,20/06/2013,0.7,V ugm-3
20/06/2013,04/07/2013,0.59,V ugm-3
04/07/2013,18/07/2013,0.98,V ugm-3
18/07/2013,01/08/2013,0.63,V ugm-3
01/08/2013,15/08/2013,0.59,V ugm-3
15/08/2013,29/08/2013,0.9,V ugm-3
29/08/2013,12/09/2013,0.89,V ugm-3
12/09/2013,27/09/2013,0.81,V ugm-3
27/09/2013,10/10/2013,1.08,V ugm-3
10/10/2013,24/10/2013,0.78,V ugm-3
24/10/2013,07/11/2013,1.08,V ugm-3
07/11/2013,21/11/2013,1.23,V ugm-3
21/11/2013,05/12/2013,1.23,V ugm-3
05/12/2013,19/12/2013,0.75,V ugm-3
19/12/2013,02/01/2014,0.51,V ugm-3
Data for year 2014,,,
Multi-day data,,,
Chesterfield Roadside,,,
Start Date,End Date,BENZENE,Status / units
02/01/2014,16/01/2014,0.63,V ugm-3
16/01/2014,29/01/2014,1.37,V ugm-3
29/01/2014,12/02/2014,1.23,V ugm-3
12/02/2014,27/02/2014,0.89,V ugm-3
27/02/2014,27/03/2014,0.83,V ugm-3
27/03/2014,10/04/2014,1.32,V ugm-3
10/04/2014,24/04/2014,0.81,V ugm-3
24/04/2014,08/05/2014,0.73,V ugm-3
08/05/2014,21/05/2014,0.52,V ugm-3
21/05/2014,05/06/2014,0.75,V ugm-3
05/06/2014,18/06/2014,0.46,V ugm-3
18/06/2014,03/07/2014,0.54,V ugm-3
03/07/2014,17/07/2014,0.49,V ugm-3
17/07/2014,31/07/2014,0.87,V ugm-3
31/07/2014,14/08/2014,0.54,V ugm-3
14/08/2014,28/08/2014,0.41,V ugm-3
28/08/2014,11/09/2014,0.94,V ugm-3
11/09/2014,09/10/2014,0.72,V ugm-3
09/10/2014,23/10/2014,0.63,V ugm-3
23/10/2014,06/11/2014,0.75,V ugm-3
06/11/2014,21/11/2014,1.39,V ugm-3
21/11/2014,04/12/2014,1.84,V ugm-3
04/12/2014,18/12/2014,,
18/12/2014,15/01/2015,,
Data for year 2015,,,
Multi-day data,,,
Chesterfield Roadside,,,
Start Date,End Date,BENZENE,Status / units
15/01/2015,29/01/2015,,
29/01/2015,12/02/2015,1,V ugm-3
12/02/2015,26/02/2015,0.91,V ugm-3
26/02/2015,12/03/2015,0.71,V ugm-3
12/03/2015,26/03/2015,1.38,V ugm-3
26/03/2015,09/04/2015,0.8,V ugm-3
09/04/2015,23/04/2015,0.82,V ugm-3
23/04/2015,07/05/2015,0.59,V ugm-3
07/05/2015,04/06/2015,0.36,V ugm-3
04/06/2015,18/06/2015,0.5,V ugm-3
18/06/2015,13/08/2015,0.39,V ugm-3
13/08/2015,27/08/2015,0.49,V ugm-3
27/08/2015,10/09/2015,0.5,V ugm-3
10/09/2015,24/09/2015,,
24/09/2015,08/10/2015,0.92,V ugm-3
08/10/2015,23/10/2015,0.78,V ugm-3
23/10/2015,05/11/2015,1.22,V ugm-3
05/11/2015,19/11/2015,0.45,V ugm-3
19/11/2015,03/12/2015,0.62,V ugm-3
03/12/2015,18/12/2015,0.72,V ugm-3
18/12/2015,31/12/2015,0.43,V ugm-3
31/12/2015,14/01/2016,0.89,V ugm-3
Data for year 2016,,,
Multi-day data,,,
Chesterfield Roadside,,,
Start Date,End Date,BENZENE,Status / units
14/01/2016,29/01/2016,0.86,V ugm-3
29/01/2016,11/02/2016,0.63,V ugm-3
11/02/2016,25/02/2016,0.88,V ugm-3
25/02/2016,10/03/2016,0.67,V ugm-3
10/03/2016,24/03/2016,0.87,V ugm-3
24/03/2016,07/04/2016,0.61,V ugm-3
07/04/2016,21/04/2016,0.68,V ugm-3
21/04/2016,05/05/2016,0.5,V ugm-3
05/05/2016,19/05/2016,0.62,V ugm-3
19/05/2016,02/06/2016,0.35,V ugm-3
02/06/2016,20/06/2016,0.45,V ugm-3
20/06/2016,30/06/2016,0.35,V ugm-3
30/06/2016,14/07/2016,0.3,V ugm-3
14/07/2016,28/07/2016,,
28/07/2016,11/08/2016,0.25,V ugm-3
11/08/2016,25/08/2016,,
25/08/2016,08/09/2016,0.45,V ugm-3
08/09/2016,22/09/2016,0.53,V ugm-3
22/09/2016,06/10/2016,0.43,V ugm-3
06/10/2016,20/10/2016,,
20/10/2016,03/11/2016,0.59,V ugm-3
03/11/2016,17/11/2016,0.39,V ugm-3
17/11/2016,01/12/2016,0.53,V ugm-3
01/12/2016,15/12/2016,1.05,V ugm-3
15/12/2016,04/01/2017,1.12,V ugm-3
Data for year 2017,,,
Multi-day data,,,
Chesterfield Roadside,,,
Start Date,End Date,BENZENE,Status / units
04/01/2017,13/01/2017,0.88,V ugm-3
13/01/2017,26/01/2017,1.16,V ugm-3
26/01/2017,09/02/2017,0.95,V ugm-3
09/02/2017,23/02/2017,0.99,V ugm-3
23/02/2017,09/03/2017,0.5,V ugm-3
09/03/2017,23/03/2017,0.46,V ugm-3
23/03/2017,06/04/2017,0.58,V ugm-3
06/04/2017,20/04/2017,0.45,V ugm-3
20/04/2017,04/05/2017,0.38,V ugm-3
04/05/2017,18/05/2017,0.35,V ugm-3
18/05/2017,01/06/2017,0.31,V ugm-3
01/06/2017,15/06/2017,0.19,V ugm-3
15/06/2017,29/06/2017,0.32,V ugm-3
29/06/2017,13/07/2017,0.29,V ugm-3
13/07/2017,27/07/2017,0.31,V ugm-3
27/07/2017,10/08/2017,0.22,V ugm-3
10/08/2017,25/08/2017,0.24,V ugm-3
25/08/2017,07/09/2017,0.34,V ugm-3
07/09/2017,21/09/2017,0.23,V ugm-3
21/09/2017,05/10/2017,0.4,V ugm-3
05/10/2017,19/10/2017,0.4,V ugm-3
19/10/2017,02/11/2017,0.76,V ugm-3
02/11/2017,16/11/2017,0.31,V ugm-3
16/11/2017,30/11/2017,0.34,V ugm-3
30/11/2017,14/12/2017,0.44,V ugm-3
14/12/2017,28/12/2017,,
28/12/2017,11/01/2018,0.34,V ugm-3
Data for year 2018,,,
Multi-day data,,,
Chesterfield Roadside,,,
Start Date,End Date,BENZENE,Status / units
11/01/2018,29/01/2018,0.39,V ugm-3
29/01/2018,08/02/2018,0.6,V ugm-3
08/02/2018,22/02/2018,0.54,V ugm-3
22/02/2018,08/03/2018,0.66,V ugm-3
08/03/2018,22/03/2018,,
22/03/2018,05/04/2018,,
05/04/2018,19/04/2018,0.61,V ugm-3
19/04/2018,04/05/2018,0.35,V ugm-3
04/05/2018,18/05/2018,,
18/05/2018,31/05/2018,,
31/05/2018,14/06/2018,,
14/06/2018,28/06/2018,,
28/06/2018,12/07/2018,,
12/07/2018,26/07/2018,0.34,V ugm-3
26/07/2018,09/08/2018,0.35,V ugm-3
09/08/2018,23/08/2018,0.17,V ugm-3
23/08/2018,06/09/2018,0.14,V ugm-3
06/09/2018,21/09/2018,0.17,V ugm-3
21/09/2018,04/10/2018,0.29,V ugm-3
04/10/2018,10/10/2018,0.67,V ugm-3
10/10/2018,23/10/2018,0.68,V ugm-3
23/10/2018,07/11/2018,0.63,V ugm-3
07/11/2018,20/11/2018,0.61,V ugm-3
20/11/2018,05/12/2018,0.85,V ugm-3
05/12/2018,19/12/2018,0.95,V ugm-3
19/12/2018,02/01/2019,0.7,V ugm-3
Data for year 2019,,,
Multi-day data,,,
Chesterfield Roadside,,,
Start Date,End Date,BENZENE,Status / units
02/01/2019,16/01/2019,0.57,V ugm-3
16/01/2019,29/01/2019,0.39,V ugm-3
29/01/2019,13/02/2019,1.01,V ugm-3
13/02/2019,28/02/2019,1.14,V ugm-3
28/02/2019,13/03/2019,0.61,V ugm-3
13/03/2019,27/03/2019,0.51,V ugm-3
27/03/2019,11/04/2019,0.82,V ugm-3
11/04/2019,24/04/2019,0.83,V ugm-3
24/04/2019,08/05/2019,0.39,V ugm-3
08/05/2019,21/05/2019,0.37,V ugm-3
21/05/2019,05/06/2019,0.23,V ugm-3
05/06/2019,19/06/2019,0.29,V ugm-3
19/06/2019,04/07/2019,0.31,V ugm-3
04/07/2019,17/07/2019,0.24,V ugm-3
17/07/2019,31/07/2019,0.23,V ugm-3
31/07/2019,14/08/2019,0.25,V ugm-3
14/08/2019,28/08/2019,0.35,V ugm-3
28/08/2019,10/09/2019,0.35,V ugm-3
10/09/2019,25/09/2019,0.42,V ugm-3
25/09/2019,10/10/2019,0.42,V ugm-3
10/10/2019,23/10/2019,0.55,V ugm-3
23/10/2019,06/11/2019,0.95,V ugm-3
06/11/2019,20/11/2019,0.94,V ugm-3
20/11/2019,05/12/2019,1.14,V ugm-3
05/12/2019,18/12/2019,0.86,V ugm-3
18/12/2019,02/01/2020,0.97,V ugm-3
Data for year 2020,,,
Multi-day data,,,
Chesterfield Roadside,,,
Start Date,End Date,BENZENE,Status / units
02/01/2020,16/01/2020,0.54,V ugm-3
16/01/2020,28/01/2020,1.09,V ugm-3
28/01/2020,11/02/2020,0.66,V ugm-3
11/02/2020,25/02/2020,0.44,V ugm-3
25/02/2020,10/03/2020,0.59,V ugm-3
10/03/2020,25/03/2020,0.6,V ugm-3
25/03/2020,07/04/2020,0.59,V ugm-3
07/04/2020,22/04/2020,0.55,V ugm-3
22/04/2020,05/05/2020,0.39,V ugm-3
05/05/2020,19/05/2020,0.23,V ugm-3
19/05/2020,02/06/2020,0.36,V ugm-3
02/06/2020,17/06/2020,0.28,V ugm-3
17/06/2020,02/07/2020,0.19,V ugm-3
02/07/2020,14/07/2020,0.28,V ugm-3
14/07/2020,29/07/2020,0.21,V ugm-3
29/07/2020,11/08/2020,0.31,V ugm-3
11/08/2020,25/08/2020,0.29,V ugm-3
25/08/2020,10/09/2020,0.29,V ugm-3
10/09/2020,06/10/2020,0.4,V ugm-3
06/10/2020,20/10/2020,0.74,V ugm-3
20/10/2020,03/11/2020,0.34,V ugm-3
03/11/2020,17/11/2020,0.91,V ugm-3
17/11/2020,01/12/2020,0.76,V ugm-3
01/12/2020,15/12/2020,0.89,V ugm-3
15/12/2020,30/12/2020,0.63,V ugm-3
30/12/2020,12/01/2021,1.18,V ugm-3
Data for year 2021,,,
Multi-day data,,,
Chesterfield Roadside,,,
Start Date,End Date,BENZENE,Status / units
12/01/2021,26/01/2021,0.96,V ugm-3
26/01/2021,09/02/2021,1.03,V ugm-3
09/02/2021,23/02/2021,0.73,V ugm-3
23/02/2021,09/03/2021,1.01,V ugm-3
09/03/2021,23/03/2021,0.61,V ugm-3
23/03/2021,06/04/2021,0.88,V ugm-3
06/04/2021,20/04/2021,0.77,V ugm-3
20/04/2021,05/05/2021,0.44,V ugm-3
05/05/2021,18/05/2021,0.36,V ugm-3
18/05/2021,02/06/2021,0.38,V ugm-3
02/06/2021,15/06/2021,0.26,V ugm-3
15/06/2021,29/06/2021,0.3,V ugm-3
29/06/2021,13/07/2021,0.24,V ugm-3
13/07/2021,27/07/2021,0.33,V ugm-3
27/07/2021,10/08/2021,0.27,V ugm-3
10/08/2021,24/08/2021,0.27,V ugm-3
24/08/2021,08/09/2021,0.43,V ugm-3
08/09/2021,22/09/2021,0.48,V ugm-3
22/09/2021,05/10/2021,0.28,V ugm-3
05/10/2021,19/10/2021,0.26,V ugm-3
19/10/2021,02/11/2021,0.3,V ugm-3
02/11/2021,16/11/2021,0.53,V ugm-3
16/11/2021,30/11/2021,0.54,V ugm-3
30/11/2021,14/12/2021,0.51,V ugm-3
14/12/2021,29/12/2021,1.01,V ugm-3
29/12/2021,11/01/2022,0.58,V ugm-3
Data for year 2022,,,
Multi-day data,,,
Chesterfield Roadside,,,
Start Date,End Date,BENZENE,Status / units
11/01/2022,25/01/2022,1.47,V ugm-3
25/01/2022,08/02/2022,0.49,V ugm-3
08/02/2022,22/02/2022,0.56,V ugm-3
22/02/2022,08/03/2022,0.78,V ugm-3
08/03/2022,22/03/2022,0.77,V ugm-3
22/03/2022,05/04/2022,0.89,V ugm-3
05/04/2022,19/04/2022,0.71,V ugm-3
19/04/2022,04/05/2022,0.6,V ugm-3
04/05/2022,17/05/2022,0.19,V ugm-3
17/05/2022,30/05/2022,0.17,V ugm-3
30/05/2022,14/06/2022,0.23,V ugm-3
14/06/2022,28/06/2022,0.3,V ugm-3
28/06/2022,12/07/2022,0.18,V ugm-3
12/07/2022,26/07/2022,0.3,V ugm-3
26/07/2022,08/08/2022,0.18,V ugm-3
08/08/2022,24/08/2022,0.25,V ugm-3
24/08/2022,06/09/2022,0.3,V ugm-3
06/09/2022,20/09/2022,0.34,V ugm-3
20/09/2022,04/10/2022,0.43,V ugm-3
04/10/2022,19/10/2022,0.59,V ugm-3
19/10/2022,02/11/2022,0.49,V ugm-3
02/11/2022,14/11/2022,0.72,V ugm-3
14/11/2022,29/11/2022,0.81,V ugm-3
29/11/2022,13/12/2022,1.12,V ugm-3
13/12/2022,29/12/2022,0.89,V ugm-3
29/12/2022,10/01/2023,0.51,V ugm-3
Data for year 2023,,,
Multi-day data,,,
Chesterfield Roadside,,,
Start Date,End Date,BENZENE,Status / units
10/01/2023,25/01/2023,1.15,V ugm-3
25/01/2023,07/02/2023,0.82,V ugm-3
07/02/2023,22/02/2023,0.94,V ugm-3
22/02/2023,07/03/2023,0.67,V ugm-3
07/03/2023,21/03/2023,0.72,V ugm-3
21/03/2023,04/04/2023,0.44,V ugm-3
04/04/2023,17/04/2023,0.63,V ugm-3
17/04/2023,03/05/2023,0.47,V ugm-3
03/05/2023,16/05/2023,0.34,V ugm-3
16/05/2023,30/05/2023,0.39,V ugm-3
30/05/2023,12/06/2023,0.44,V ugm-3
12/06/2023,26/06/2023,0.36,V ugm-3
26/06/2023,11/07/2023,0.33,V ugm-3
11/07/2023,25/07/2023,0.29,V ugm-3
25/07/2023,07/08/2023,0.38,V ugm-3
07/08/2023,22/08/2023,0.34,V ugm-3
22/08/2023,05/09/2023,0.46,V ugm-3
05/09/2023,20/09/2023,0.53,V ugm-3
20/09/2023,03/10/2023,0.44,V ugm-3
03/10/2023,17/10/2023,0.64,V ugm-3
17/10/2023,31/10/2023,0.74,V ugm-3
31/10/2023,14/11/2023,0.78,V ugm-3
14/11/2023,28/11/2023,0.73,V ugm-3
28/11/2023,13/12/2023,1.26,V ugm-3
13/12/2023,28/12/2023,0.61,V ugm-3
28/12/2023,10/01/2024,0.89,V ugm-3
Data for year 2024,,,
Multi-day data,,,
Chesterfield Roadside,,,
Start Date,End Date,BENZENE,Status / units
10/01/2024,24/01/2024,0.7,V ugm-3
24/01/2024,06/02/2024,0.57,V ugm-3
06/02/2024,21/02/2024,0.81,V ugm-3
21/02/2024,05/03/2024,0.84,V ugm-3
05/03/2024,20/03/2024,0.98,V ugm-3
20/03/2024,03/04/2024,0.79,V ugm-3
03/04/2024,16/04/2024,0.44,V ugm-3
16/04/2024,01/05/2024,0.47,V ugm-3
01/05/2024,14/05/2024,0.39,V ugm-3
14/05/2024,28/05/2024,0.32,V ugm-3
28/05/2024,11/06/2024,0.21,V ugm-3
11/06/2024,26/06/2024,0.21,V ugm-3
26/06/2024,09/07/2024,0.16,V ugm-3
09/07/2024,24/07/2024,0.21,V ugm-3
24/07/2024,06/08/2024,0.33,V ugm-3
06/08/2024,20/08/2024,0.34,V ugm-3
20/08/2024,04/09/2024,0.46,V ugm-3
04/09/2024,17/09/2024,0.45,V ugm-3
17/09/2024,01/10/2024,0.47,V ugm-3
01/10/2024,15/10/2024,0.62,V ugm-3
15/10/2024,30/10/2024,0.71,V ugm-3
30/10/2024,13/11/2024,0.65,V ugm-3
13/11/2024,27/11/2024,0.72,V ugm-3
27/11/2024,23/12/2024,0.56,V ugm-3
23/12/2024,07/01/2025,0.82,V ugm-3
Data for year 2025,,,
Multi-day data,,,
Chesterfield Roadside,,,
Start Date,End Date,BENZENE,Status / units
07/01/2025,22/01/2025,1.64,V ugm-3
22/01/2025,04/02/2025,0.69,V ugm-3
04/02/2025,18/02/2025,1.08,V ugm-3
18/02/2025,04/03/2025,0.62,V ugm-3
04/03/2025,18/03/2025,0.71,V ugm-3
18/03/2025,02/04/2025,0.59,V ugm-3
02/04/2025,14/04/2025,0.44,V ugm-3
14/04/2025,29/04/2025,0.37,V ugm-3
29/04/2025,12/05/2025,0.41,V ugm-3
12/05/2025,27/05/2025,0.22,V ugm-3
27/05/2025,11/06/2025,0.45,V ugm-3
11/06/2025,25/06/2025,0.34,V ugm-3
25/06/2025,08/07/2025,0.2,V ugm-3
08/07/2025,23/07/2025,0.23,V ugm-3
23/07/2025,05/08/2025,0.32,V ugm-3
05/08/2025,19/08/2025,0.61,V ugm-3
19/08/2025,03/09/2025,0.34,V ugm-3
03/09/2025,16/09/2025,0.36,V ugm-3
16/09/2025,30/09/2025,0.52,V ugm-3
30/09/2025,15/10/2025,0.47,V ugm-3
15/10/2025,28/10/2025,0.44,V ugm-3
28/10/2025,11/11/2025,0.62,V ugm-3
11/11/2025,25/11/2025,0.53,V ugm-3
25/11/2025,09/12/2025,0.6,V ugm-3
09/12/2025,22/12/2025,0.85,V ugm-3
22/12/2025,06/01/2026,0.76,V ugm-3
Data for year 2002,,,
Multi-day data,,,
Coventry Memorial Park,,,
Start Date,End Date,BENZENE,Status / units
18/06/2002,02/07/2002,0.36,V ugm-3
02/07/2002,16/07/2002,0.29,V ugm-3
16/07/2002,13/08/2002,0.75,V ugm-3
13/08/2002,28/08/2002,0.59,V ugm-3
28/08/2002,10/09/2002,0.65,V ugm-3
10/09/2002,24/09/2002,1.2,V ugm-3
24/09/2002,08/10/2002,0.91,V ugm-3
08/10/2002,22/10/2002,1.17,V ugm-3
22/10/2002,05/11/2002,1.01,V ugm-3
05/11/2002,19/11/2002,1.24,V ugm-3
19/11/2002,03/12/2002,0.75,V ugm-3
03/12/2002,17/12/2002,1.76,V ugm-3
17/12/2002,30/12/2002,1.56,V ugm-3
30/12/2002,14/01/2003,1.2,V ugm-3
Data for year 2003,,,
Multi-day data,,,
Coventry Memorial Park,,,
Start Date,End Date,BENZENE,Status / units
14/01/2003,28/01/2003,0.75,V ugm-3
28/01/2003,11/02/2003,0.78,V ugm-3
11/02/2003,25/02/2003,2.11,V ugm-3
25/02/2003,11/03/2003,1.04,V ugm-3
11/03/2003,25/03/2003,1.53,V ugm-3
25/03/2003,08/04/2003,0.94,V ugm-3
08/04/2003,23/04/2003,1.01,V ugm-3
23/04/2003,06/05/2003,0.59,V ugm-3
06/05/2003,20/05/2003,0.36,V ugm-3
20/05/2003,03/06/2003,0.42,V ugm-3
03/06/2003,18/06/2003,0.39,V ugm-3
18/06/2003,01/07/2003,0.68,V ugm-3
01/07/2003,15/07/2003,0.49,V ugm-3
15/07/2003,30/07/2003,0.29,V ugm-3
10/09/2003,23/09/2003,0.39,V ugm-3
23/09/2003,07/10/2003,0.72,V ugm-3
07/10/2003,13/10/2003,0.62,V ugm-3
13/10/2003,21/10/2003,1.11,V ugm-3
21/10/2003,12/11/2003,1.72,V ugm-3
12/11/2003,18/11/2003,1.5,V ugm-3
18/11/2003,02/12/2003,1.66,V ugm-3
02/12/2003,30/12/2003,2.6,V ugm-3
30/12/2003,13/01/2004,0.78,V ugm-3
Data for year 2004,,,
Multi-day data,,,
Coventry Memorial Park,,,
Start Date,End Date,BENZENE,Status / units
13/01/2004,27/01/2004,1.3,V ugm-3
27/01/2004,11/02/2004,0.98,V ugm-3
11/02/2004,24/02/2004,1.72,V ugm-3
24/02/2004,09/03/2004,1.37,V ugm-3
09/03/2004,23/03/2004,1.11,V ugm-3
23/03/2004,06/04/2004,1.11,V ugm-3
06/04/2004,20/04/2004,1.01,V ugm-3
20/04/2004,04/05/2004,1.24,V ugm-3
04/05/2004,19/05/2004,1.04,V ugm-3
19/05/2004,02/06/2004,0.52,V ugm-3
02/06/2004,15/06/2004,0.49,V ugm-3
15/06/2004,29/06/2004,0.36,V ugm-3
29/06/2004,13/07/2004,0.42,V ugm-3
13/07/2004,27/07/2004,0.55,V ugm-3
27/07/2004,10/08/2004,1.01,V ugm-3
10/08/2004,24/08/2004,0.85,V ugm-3
24/08/2004,07/09/2004,0.85,V ugm-3
07/09/2004,21/09/2004,1.07,V ugm-3
21/09/2004,05/10/2004,0.91,V ugm-3
05/10/2004,19/10/2004,2.63,V ugm-3
19/10/2004,02/11/2004,3.64,V ugm-3
02/11/2004,16/11/2004,2.89,V ugm-3
16/11/2004,30/11/2004,1.4,V ugm-3
30/11/2004,14/12/2004,1.53,V ugm-3
14/12/2004,11/01/2005,1.04,V ugm-3
Data for year 2005,,,
Multi-day data,,,
Coventry Memorial Park,,,
Start Date,End Date,BENZENE,Status / units
11/01/2005,25/01/2005,0.98,V ugm-3
25/01/2005,08/02/2005,1.04,V ugm-3
08/02/2005,22/02/2005,1.3,V ugm-3
22/02/2005,08/03/2005,1.82,V ugm-3
08/03/2005,22/03/2005,1.56,V ugm-3
22/03/2005,05/04/2005,2.21,V ugm-3
05/04/2005,20/04/2005,0.75,V ugm-3
20/04/2005,03/05/2005,0.94,V ugm-3
03/05/2005,17/05/2005,0.98,V ugm-3
17/05/2005,01/06/2005,0.55,V ugm-3
01/06/2005,14/06/2005,0.52,V ugm-3
14/06/2005,29/06/2005,0.46,V ugm-3
29/06/2005,12/07/2005,0.29,V ugm-3
12/07/2005,26/07/2005,0.72,V ugm-3
26/07/2005,09/08/2005,0.46,V ugm-3
09/08/2005,23/08/2005,0.59,V ugm-3
23/08/2005,06/09/2005,0.39,V ugm-3
06/09/2005,20/09/2005,0.55,V ugm-3
20/09/2005,04/10/2005,0.59,V ugm-3
04/10/2005,18/10/2005,1.04,V ugm-3
18/10/2005,01/11/2005,0.62,V ugm-3
01/11/2005,15/11/2005,0.85,V ugm-3
15/11/2005,29/11/2005,1.56,V ugm-3
29/11/2005,13/12/2005,1.3,V ugm-3
13/12/2005,29/12/2005,0.98,V ugm-3
29/12/2005,10/01/2006,1.92,V ugm-3
Data for year 2006,,,
Multi-day data,,,
Coventry Memorial Park,,,
Start Date,End Date,BENZENE,Status / units
10/01/2006,24/01/2006,1.37,V ugm-3
24/01/2006,07/02/2006,1.3,V ugm-3
07/02/2006,21/02/2006,1.33,V ugm-3
21/02/2006,21/03/2006,0.91,V ugm-3
21/03/2006,04/04/2006,0.78,V ugm-3
04/04/2006,19/04/2006,0.78,V ugm-3
19/04/2006,03/05/2006,0.59,V ugm-3
03/05/2006,16/05/2006,0.65,V ugm-3
16/05/2006,30/05/2006,0.29,V ugm-3
30/05/2006,13/06/2006,0.36,V ugm-3
13/06/2006,28/06/2006,0.46,V ugm-3
28/06/2006,11/07/2006,0.52,V ugm-3
11/07/2006,08/08/2006,0.39,V ugm-3
08/08/2006,22/08/2006,0.52,V ugm-3
22/08/2006,05/09/2006,0.29,V ugm-3
05/09/2006,19/09/2006,0.65,V ugm-3
19/09/2006,03/10/2006,0.52,V ugm-3
03/10/2006,17/10/2006,0.65,V ugm-3
17/10/2006,31/10/2006,0.29,V ugm-3
31/10/2006,14/11/2006,0.55,V ugm-3
14/11/2006,28/11/2006,0.39,V ugm-3
28/11/2006,12/12/2006,0.33,V ugm-3
12/12/2006,22/12/2006,1.04,V ugm-3
22/12/2006,11/01/2007,1.2,V ugm-3
Data for year 2007,,,
Multi-day data,,,
Coventry Memorial Park,,,
Start Date,End Date,BENZENE,Status / units
11/01/2007,23/01/2007,0.55,V ugm-3
23/01/2007,06/02/2007,1.24,V ugm-3
06/02/2007,21/02/2007,0.68,V ugm-3
21/02/2007,06/03/2007,0.42,V ugm-3
06/03/2007,20/03/2007,0.62,V ugm-3
20/03/2007,17/04/2007,1.04,V ugm-3
17/04/2007,01/05/2007,0.46,V ugm-3
01/05/2007,15/05/2007,0.2,V ugm-3
15/05/2007,30/05/2007,0.42,V ugm-3
30/05/2007,12/06/2007,0.55,V ugm-3
12/06/2007,27/06/2007,0.29,V ugm-3
27/06/2007,10/07/2007,0.16,V ugm-3
10/07/2007,24/07/2007,0.33,V ugm-3
24/07/2007,07/08/2007,0.29,V ugm-3
07/08/2007,21/08/2007,0.39,V ugm-3
21/08/2007,18/09/2007,0.36,V ugm-3
18/09/2007,02/10/2007,0.33,V ugm-3
02/10/2007,17/10/2007,0.46,V ugm-3
17/10/2007,30/10/2007,0.81,V ugm-3
30/10/2007,13/11/2007,0.78,V ugm-3
13/11/2007,27/11/2007,0.72,V ugm-3
27/11/2007,11/12/2007,0.52,V ugm-3
11/12/2007,27/12/2007,1.69,V ugm-3
27/12/2007,08/01/2008,0.91,V ugm-3
Data for year 2008,,,
Multi-day data,,,
Coventry Memorial Park,,,
Start Date,End Date,BENZENE,Status / units
08/01/2008,22/01/2008,0.42,V ugm-3
22/01/2008,05/02/2008,0.65,V ugm-3
05/02/2008,19/02/2008,1.56,V ugm-3
19/02/2008,05/03/2008,0.55,V ugm-3
05/03/2008,26/03/2008,0.62,V ugm-3
26/03/2008,01/04/2008,0.52,V ugm-3
01/04/2008,15/04/2008,0.65,V ugm-3
15/04/2008,29/04/2008,0.59,V ugm-3
29/04/2008,13/05/2008,0.55,V ugm-3
13/05/2008,28/05/2008,0.42,V ugm-3
28/05/2008,10/06/2008,0.42,V ugm-3
10/06/2008,26/06/2008,0.23,V ugm-3
26/06/2008,08/07/2008,0.16,V ugm-3
08/07/2008,23/07/2008,0.23,V ugm-3
23/07/2008,05/08/2008,0.29,V ugm-3
05/08/2008,20/08/2008,0.2,V ugm-3
20/08/2008,02/09/2008,0.29,V ugm-3
02/09/2008,16/09/2008,0.26,V ugm-3
16/09/2008,30/09/2008,0.55,V ugm-3
30/09/2008,16/10/2008,0.36,V ugm-3
16/10/2008,28/10/2008,0.26,V ugm-3
28/10/2008,11/11/2008,0.55,V ugm-3
11/11/2008,25/11/2008,0.46,V ugm-3
25/11/2008,16/12/2008,0.75,V ugm-3
16/12/2008,23/12/2008,0.46,V ugm-3
23/12/2008,07/01/2009,1.43,V ugm-3
Data for year 2009,,,
Multi-day data,,,
Coventry Memorial Park,,,
Start Date,End Date,BENZENE,Status / units
07/01/2009,21/01/2009,0.65,V ugm-3
21/01/2009,10/02/2009,0.78,V ugm-3
10/02/2009,17/02/2009,0.85,V ugm-3
17/02/2009,03/03/2009,0.55,V ugm-3
03/03/2009,17/03/2009,0.59,V ugm-3
17/03/2009,31/03/2009,0.75,V ugm-3
31/03/2009,16/04/2009,0.62,V ugm-3
16/04/2009,28/04/2009,0.36,V ugm-3
28/04/2009,14/05/2009,0.52,V ugm-3
14/05/2009,26/05/2009,0.26,V ugm-3
26/05/2009,10/06/2009,0.26,V ugm-3
10/06/2009,23/06/2009,0.23,V ugm-3
23/06/2009,07/07/2009,0.33,V ugm-3
07/07/2009,22/07/2009,0.26,V ugm-3
22/07/2009,05/08/2009,0.16,V ugm-3
05/08/2009,18/08/2009,0.62,V ugm-3
18/08/2009,02/09/2009,0.33,V ugm-3
02/09/2009,15/09/2009,0.52,V ugm-3
15/09/2009,02/10/2009,0.46,V ugm-3
02/10/2009,14/10/2009,0.59,V ugm-3
14/10/2009,28/10/2009,0.52,V ugm-3
28/10/2009,11/11/2009,0.72,V ugm-3
11/11/2009,26/11/2009,0.36,V ugm-3
26/11/2009,09/12/2009,0.39,V ugm-3
09/12/2009,22/12/2009,0.94,V ugm-3
22/12/2009,06/01/2010,0.91,V ugm-3
Data for year 2010,,,
Multi-day data,,,
Coventry Memorial Park,,,
Start Date,End Date,BENZENE,Status / units
06/01/2010,19/01/2010,1.63,V ugm-3
19/01/2010,02/02/2010,1.01,V ugm-3
02/02/2010,19/02/2010,0.94,V ugm-3
19/02/2010,02/03/2010,0.94,V ugm-3
02/03/2010,18/03/2010,0.68,V ugm-3
18/03/2010,31/03/2010,0.46,V ugm-3
31/03/2010,13/04/2010,0.55,V ugm-3
13/04/2010,28/04/2010,0.65,V ugm-3
28/04/2010,07/05/2010,0.42,V ugm-3
07/05/2010,25/05/2010,0.39,V ugm-3
25/05/2010,16/07/2010,0.29,V ugm-3
16/07/2010,28/07/2010,0.23,V ugm-3
28/07/2010,10/08/2010,0.27,V ugm-3
10/08/2010,25/08/2010,0.13,V ugm-3
25/08/2010,08/09/2010,0.38,V ugm-3
08/09/2010,21/09/2010,0.26,V ugm-3
21/09/2010,06/10/2010,,
06/10/2010,20/10/2010,,
20/10/2010,05/11/2010,,
05/11/2010,18/11/2010,,
Data for year 2011,,,
Multi-day data,,,
Coventry Memorial Park,,,
Start Date,End Date,BENZENE,Status / units
26/01/2011,10/02/2011,0.57,V ugm-3
10/02/2011,25/02/2011,0.86,V ugm-3
25/02/2011,09/03/2011,0.66,V ugm-3
09/03/2011,23/03/2011,0.97,V ugm-3
23/03/2011,07/04/2011,0.51,V ugm-3
07/04/2011,19/04/2011,0.61,V ugm-3
19/04/2011,04/05/2011,0.62,V ugm-3
04/05/2011,18/05/2011,0.3,V ugm-3
18/05/2011,03/06/2011,0.22,V ugm-3
03/06/2011,14/06/2011,0.16,V ugm-3
14/06/2011,28/06/2011,0.16,V ugm-3
28/06/2011,13/07/2011,0.26,V ugm-3
13/07/2011,27/07/2011,0.28,V ugm-3
27/07/2011,10/08/2011,0.28,V ugm-3
10/08/2011,24/08/2011,0.3,V ugm-3
24/08/2011,07/09/2011,0.25,V ugm-3
07/09/2011,21/09/2011,0.29,V ugm-3
21/09/2011,04/10/2011,0.38,V ugm-3
04/10/2011,18/10/2011,0.37,V ugm-3
18/10/2011,02/11/2011,0.34,V ugm-3
02/11/2011,16/11/2011,1.38,V ugm-3
16/11/2011,30/11/2011,0.55,V ugm-3
30/11/2011,14/12/2011,0.62,V ugm-3
14/12/2011,28/12/2011,0.53,V ugm-3
28/12/2011,11/01/2012,0.45,V ugm-3
Data for year 2012,,,
Multi-day data,,,
Coventry Memorial Park,,,
Start Date,End Date,BENZENE,Status / units
11/01/2012,25/01/2012,1.17,V ugm-3
25/01/2012,08/02/2012,1.26,V ugm-3
08/02/2012,22/02/2012,0.72,V ugm-3
22/02/2012,07/03/2012,0.58,V ugm-3
07/03/2012,21/03/2012,0.46,V ugm-3
21/03/2012,03/04/2012,0.75,V ugm-3
03/04/2012,18/04/2012,0.36,V ugm-3
18/04/2012,03/05/2012,0.44,V ugm-3
03/05/2012,16/05/2012,0.25,V ugm-3
16/05/2012,29/05/2012,0.38,V ugm-3
29/05/2012,13/06/2012,0.22,V ugm-3
13/06/2012,26/06/2012,0.25,V ugm-3
26/06/2012,11/07/2012,0.19,V ugm-3
11/07/2012,25/07/2012,0.32,V ugm-3
25/07/2012,09/08/2012,0.22,V ugm-3
09/08/2012,23/08/2012,0.33,V ugm-3
23/08/2012,06/09/2012,0.3,V ugm-3
06/09/2012,19/09/2012,0.22,V ugm-3
19/09/2012,04/10/2012,0.32,V ugm-3
04/10/2012,17/10/2012,0.41,V ugm-3
17/10/2012,02/11/2012,0.35,V ugm-3
02/11/2012,14/11/2012,0.76,V ugm-3
14/11/2012,28/11/2012,0.81,V ugm-3
28/11/2012,13/12/2012,1.32,V ugm-3
13/12/2012,09/01/2013,0.44,V ugm-3
Data for year 2002,,,
Multi-day data,,,
Cwmbran,,,
Start Date,End Date,BENZENE,Status / units
05/07/2002,19/07/2002,0.26,V ugm-3
19/07/2002,02/08/2002,0.33,V ugm-3
02/08/2002,23/08/2002,0.36,V ugm-3
23/08/2002,04/09/2002,0.55,V ugm-3
04/09/2002,30/09/2002,0.68,V ugm-3
30/09/2002,23/10/2002,0.91,V ugm-3
23/10/2002,18/11/2002,1.24,V ugm-3
18/11/2002,11/12/2002,1.24,V ugm-3
11/12/2002,08/01/2003,1.24,V ugm-3
Data for year 2003,,,
Multi-day data,,,
Cwmbran,,,
Start Date,End Date,BENZENE,Status / units
08/01/2003,31/01/2003,0.91,V ugm-3
31/01/2003,17/02/2003,0.85,V ugm-3
17/02/2003,10/03/2003,1.07,V ugm-3
10/03/2003,25/03/2003,1.37,V ugm-3
25/03/2003,22/04/2003,0.68,V ugm-3
01/05/2003,27/05/2003,0.36,V ugm-3
27/05/2003,11/06/2003,0.59,V ugm-3
11/06/2003,30/06/2003,0.59,V ugm-3
30/06/2003,14/07/2003,0.49,V ugm-3
14/07/2003,23/07/2003,0.46,V ugm-3
23/07/2003,06/08/2003,0.59,V ugm-3
06/08/2003,21/08/2003,0.85,V ugm-3
21/08/2003,08/09/2003,0.78,V ugm-3
08/09/2003,30/09/2003,0.88,V ugm-3
30/09/2003,15/10/2003,1.01,V ugm-3
15/10/2003,27/10/2003,1.89,V ugm-3
27/10/2003,11/11/2003,1.76,V ugm-3
11/11/2003,05/12/2003,1.11,V ugm-3
05/12/2003,19/12/2003,3.38,V ugm-3
19/12/2003,05/01/2004,1.5,V ugm-3
Data for year 2004,,,
Multi-day data,,,
Cwmbran,,,
Start Date,End Date,BENZENE,Status / units
05/01/2004,13/01/2004,1.17,V ugm-3
13/01/2004,27/01/2004,0.85,V ugm-3
27/01/2004,12/02/2004,1.3,V ugm-3
12/02/2004,02/03/2004,0.98,V ugm-3
02/03/2004,16/03/2004,1.37,V ugm-3
16/03/2004,30/03/2004,0.98,V ugm-3
30/03/2004,14/04/2004,0.94,V ugm-3
14/04/2004,05/05/2004,0.62,V ugm-3
05/05/2004,18/05/2004,1.24,V ugm-3
18/05/2004,02/06/2004,0.55,V ugm-3
02/06/2004,16/06/2004,0.49,V ugm-3
16/06/2004,29/06/2004,0.33,V ugm-3
29/06/2004,15/07/2004,0.33,V ugm-3
15/07/2004,27/07/2004,0.46,V ugm-3
27/07/2004,10/08/2004,0.59,V ugm-3
10/08/2004,25/08/2004,0.49,V ugm-3
25/08/2004,07/09/2004,0.65,V ugm-3
07/09/2004,23/09/2004,0.59,V ugm-3
23/09/2004,11/10/2004,1.17,V ugm-3
11/10/2004,27/10/2004,0.29,V ugm-3
27/10/2004,15/11/2004,0.91,V ugm-3
15/11/2004,07/12/2004,1.2,V ugm-3
07/12/2004,17/12/2004,1.3,V ugm-3
17/12/2004,04/01/2005,1.24,V ugm-3
Data for year 2005,,,
Multi-day data,,,
Cwmbran,,,
Start Date,End Date,BENZENE,Status / units
04/01/2005,24/01/2005,0.81,V ugm-3
24/01/2005,07/02/2005,1.37,V ugm-3
07/02/2005,23/02/2005,0.65,V ugm-3
23/02/2005,10/03/2005,1.24,V ugm-3
10/03/2005,30/03/2005,0.68,V ugm-3
30/03/2005,11/04/2005,1.01,V ugm-3
11/04/2005,27/04/2005,0.88,V ugm-3
27/04/2005,18/05/2005,0.59,V ugm-3
18/05/2005,14/06/2005,0.46,V ugm-3
14/06/2005,04/07/2005,0.42,V ugm-3
04/07/2005,20/07/2005,0.46,V ugm-3
20/07/2005,04/08/2005,0.68,V ugm-3
04/08/2005,16/08/2005,0.26,V ugm-3
16/08/2005,05/09/2005,0.78,V ugm-3
05/09/2005,23/09/2005,0.42,V ugm-3
23/09/2005,07/10/2005,0.94,V ugm-3
07/10/2005,24/10/2005,0.62,V ugm-3
24/10/2005,07/11/2005,0.55,V ugm-3
07/11/2005,24/11/2005,1.04,V ugm-3
24/11/2005,13/12/2005,1.33,V ugm-3
13/12/2005,03/01/2006,1.46,V ugm-3
Data for year 2006,,,
Multi-day data,,,
Cwmbran,,,
Start Date,End Date,BENZENE,Status / units
03/01/2006,19/01/2006,1.5,V ugm-3
19/01/2006,01/02/2006,2.41,V ugm-3
01/02/2006,22/02/2006,0.39,V ugm-3
22/02/2006,06/03/2006,1.11,V ugm-3
06/03/2006,22/03/2006,0.91,V ugm-3
22/03/2006,04/04/2006,0.78,V ugm-3
04/04/2006,20/04/2006,0.72,V ugm-3
20/04/2006,05/05/2006,0.42,V ugm-3
05/05/2006,16/05/2006,0.49,V ugm-3
16/05/2006,30/05/2006,0.23,V ugm-3
30/05/2006,12/06/2006,0.33,V ugm-3
12/06/2006,28/06/2006,0.29,V ugm-3
28/06/2006,12/07/2006,0.62,V ugm-3
12/07/2006,26/07/2006,0.49,V ugm-3
26/07/2006,07/08/2006,0.26,V ugm-3
07/08/2006,23/08/2006,0.42,V ugm-3
23/08/2006,06/09/2006,0.52,V ugm-3
06/09/2006,21/09/2006,0.36,V ugm-3
21/09/2006,05/10/2006,0.52,V ugm-3
05/10/2006,19/10/2006,0.46,V ugm-3
19/10/2006,01/11/2006,0.55,V ugm-3
01/11/2006,08/12/2006,0.72,V ugm-3
08/12/2006,19/12/2006,0.62,V ugm-3
19/12/2006,02/01/2007,1.5,V ugm-3
Data for year 2007,,,
Multi-day data,,,
Cwmbran,,,
Start Date,End Date,BENZENE,Status / units
02/01/2007,18/01/2007,1.2,V ugm-3
18/01/2007,05/02/2007,0.46,V ugm-3
05/02/2007,22/02/2007,1.01,V ugm-3
22/02/2007,08/03/2007,0.49,V ugm-3
08/03/2007,27/03/2007,0.72,V ugm-3
27/03/2007,11/04/2007,0.78,V ugm-3
11/04/2007,23/04/2007,0.46,V ugm-3
23/04/2007,08/05/2007,0.42,V ugm-3
08/05/2007,21/05/2007,0.33,V ugm-3
21/05/2007,06/06/2007,0.46,V ugm-3
06/06/2007,21/06/2007,0.33,V ugm-3
21/06/2007,06/07/2007,0.16,V ugm-3
06/07/2007,24/07/2007,0.2,V ugm-3
24/07/2007,08/08/2007,0.26,V ugm-3
08/08/2007,24/08/2007,0.23,V ugm-3
24/08/2007,10/09/2007,0.33,V ugm-3
10/09/2007,26/09/2007,0.2,V ugm-3
26/09/2007,15/10/2007,0.65,V ugm-3
Data for year 2000,,,
Multi-day data,,,
Edinburgh Med. Sch.,,,
Start Date,End Date,BENZENE,Status / units
06/12/2000,20/12/2000,1.69,V ugm-3
20/12/2000,14/02/2001,1.66,V ugm-3
Data for year 2001,,,
Multi-day data,,,
Edinburgh Med. Sch.,,,
Start Date,End Date,BENZENE,Status / units
14/02/2001,28/02/2001,1.2,V ugm-3
28/02/2001,14/03/2001,1.53,V ugm-3
14/03/2001,28/03/2001,1.56,V ugm-3
28/03/2001,11/04/2001,1.2,V ugm-3
11/04/2001,25/04/2001,0.91,V ugm-3
25/04/2001,09/05/2001,0.78,V ugm-3
09/05/2001,23/05/2001,0.94,V ugm-3
23/05/2001,06/06/2001,0.55,V ugm-3
06/06/2001,20/06/2001,0.52,V ugm-3
20/06/2001,04/07/2001,0.68,V ugm-3
04/07/2001,18/07/2001,0.62,V ugm-3
18/07/2001,15/08/2001,0.85,V ugm-3
15/08/2001,29/08/2001,0.91,V ugm-3
29/08/2001,12/09/2001,0.59,V ugm-3
12/09/2001,26/09/2001,0.78,V ugm-3
26/09/2001,21/11/2001,0.88,V ugm-3
21/11/2001,05/12/2001,0.81,V ugm-3
05/12/2001,19/12/2001,3.61,V ugm-3
19/12/2001,02/01/2002,1.17,V ugm-3
Data for year 2002,,,
Multi-day data,,,
Edinburgh Med. Sch.,,,
Start Date,End Date,BENZENE,Status / units
02/01/2002,16/01/2002,1.46,V ugm-3
16/01/2002,30/01/2002,0.75,V ugm-3
30/01/2002,13/02/2002,0.75,V ugm-3
13/02/2002,27/02/2002,0.94,V ugm-3
27/02/2002,13/03/2002,0.75,V ugm-3
13/03/2002,27/03/2002,0.98,V ugm-3
27/03/2002,10/04/2002,1.04,V ugm-3
10/04/2002,24/04/2002,0.78,V ugm-3
24/04/2002,08/05/2002,0.49,V ugm-3
08/05/2002,22/05/2002,0.49,V ugm-3
22/05/2002,05/06/2002,0.42,V ugm-3
05/06/2002,19/06/2002,0.36,V ugm-3
19/06/2002,03/07/2002,0.29,V ugm-3
03/07/2002,17/07/2002,0.46,V ugm-3
17/07/2002,31/07/2002,0.55,V ugm-3
31/07/2002,14/08/2002,0.62,V ugm-3
14/08/2002,28/08/2002,0.81,V ugm-3
28/08/2002,11/09/2002,0.59,V ugm-3
11/09/2002,25/09/2002,0.88,V ugm-3
25/09/2002,09/10/2002,0.91,V ugm-3
09/10/2002,23/10/2002,0.98,V ugm-3
23/10/2002,06/11/2002,1.24,V ugm-3
06/11/2002,20/11/2002,1.33,V ugm-3
20/11/2002,04/12/2002,0.98,V ugm-3
04/12/2002,18/12/2002,1.43,V ugm-3
18/12/2002,31/12/2002,3.28,V ugm-3
31/12/2002,15/01/2003,1.27,V ugm-3
Data for year 2003,,,
Multi-day data,,,
Edinburgh Med. Sch.,,,
Start Date,End Date,BENZENE,Status / units
15/01/2003,29/01/2003,0.81,V ugm-3
29/01/2003,12/02/2003,0.78,V ugm-3
12/02/2003,26/02/2003,2.31,V ugm-3
26/02/2003,12/03/2003,1.14,V ugm-3
12/03/2003,26/03/2003,1.89,V ugm-3
26/03/2003,09/04/2003,0.88,V ugm-3
09/04/2003,23/04/2003,1.14,V ugm-3
23/04/2003,07/05/2003,0.65,V ugm-3
07/05/2003,21/05/2003,0.42,V ugm-3
21/05/2003,04/06/2003,0.59,V ugm-3
04/06/2003,18/06/2003,0.49,V ugm-3
18/06/2003,02/07/2003,0.59,V ugm-3
02/07/2003,16/07/2003,0.49,V ugm-3
16/07/2003,30/07/2003,0.39,V ugm-3
30/07/2003,13/08/2003,0.72,V ugm-3
13/08/2003,27/08/2003,0.75,V ugm-3
27/08/2003,10/09/2003,0.49,V ugm-3
10/09/2003,24/09/2003,0.65,V ugm-3
24/09/2003,08/10/2003,0.55,V ugm-3
08/10/2003,22/10/2003,0.91,V ugm-3
22/10/2003,19/11/2003,1.5,V ugm-3
19/11/2003,03/12/2003,1.37,V ugm-3
03/12/2003,17/12/2003,1.85,V ugm-3
17/12/2003,31/12/2003,1.07,V ugm-3
31/12/2003,14/01/2004,0.91,V ugm-3
Data for year 2004,,,
Multi-day data,,,
Edinburgh Med. Sch.,,,
Start Date,End Date,BENZENE,Status / units
14/01/2004,28/01/2004,1.24,V ugm-3
28/01/2004,11/02/2004,1.07,V ugm-3
11/02/2004,25/02/2004,1.92,V ugm-3
25/02/2004,10/03/2004,1.4,V ugm-3
10/03/2004,24/03/2004,1.04,V ugm-3
24/03/2004,07/04/2004,1.01,V ugm-3
07/04/2004,21/04/2004,0.68,V ugm-3
21/04/2004,05/05/2004,0.78,V ugm-3
05/05/2004,19/05/2004,0.68,V ugm-3
19/05/2004,02/06/2004,0.55,V ugm-3
02/06/2004,16/06/2004,0.39,V ugm-3
16/06/2004,30/06/2004,0.39,V ugm-3
30/06/2004,14/07/2004,0.52,V ugm-3
14/07/2004,28/07/2004,0.46,V ugm-3
28/07/2004,11/08/2004,0.88,V ugm-3
11/08/2004,25/08/2004,0.59,V ugm-3
25/08/2004,08/09/2004,0.46,V ugm-3
08/09/2004,22/09/2004,0.75,V ugm-3
22/09/2004,06/10/2004,0.46,V ugm-3
06/10/2004,20/10/2004,1.37,V ugm-3
20/10/2004,03/11/2004,1.07,V ugm-3
03/11/2004,17/11/2004,0.49,V ugm-3
17/11/2004,01/12/2004,0.85,V ugm-3
01/12/2004,15/12/2004,0.91,V ugm-3
15/12/2004,29/12/2004,0.94,V ugm-3
29/12/2004,12/01/2005,0.52,V ugm-3
Data for year 2005,,,
Multi-day data,,,
Edinburgh Med. Sch.,,,
Start Date,End Date,BENZENE,Status / units
12/01/2005,26/01/2005,0.91,V ugm-3
26/01/2005,09/02/2005,1.07,V ugm-3
09/02/2005,23/02/2005,0.94,V ugm-3
23/02/2005,09/03/2005,1.11,V ugm-3
09/03/2005,23/03/2005,1.17,V ugm-3
23/03/2005,06/04/2005,1.01,V ugm-3
06/04/2005,20/04/2005,0.68,V ugm-3
20/04/2005,04/05/2005,0.65,V ugm-3
04/05/2005,18/05/2005,0.59,V ugm-3
18/05/2005,01/06/2005,0.39,V ugm-3
01/06/2005,15/06/2005,0.46,V ugm-3
15/06/2005,29/06/2005,0.42,V ugm-3
29/06/2005,13/07/2005,0.39,V ugm-3
13/07/2005,27/07/2005,0.36,V ugm-3
27/07/2005,10/08/2005,0.52,V ugm-3
10/08/2005,24/08/2005,0.39,V ugm-3
24/08/2005,07/09/2005,0.55,V ugm-3
07/09/2005,21/09/2005,0.42,V ugm-3
21/09/2005,05/10/2005,0.39,V ugm-3
Data for year 2005,,,
Multi-day data,,,
Edinburgh St Leonards,,,
Start Date,End Date,BENZENE,Status / units
20/10/2005,03/11/2005,0.72,V ugm-3
03/11/2005,17/11/2005,1.01,V ugm-3
17/11/2005,01/12/2005,1.04,V ugm-3
01/12/2005,15/12/2005,1.14,V ugm-3
15/12/2005,29/12/2005,0.88,V ugm-3
29/12/2005,12/01/2006,1.53,V ugm-3
Data for year 2006,,,
Multi-day data,,,
Edinburgh St Leonards,,,
Start Date,End Date,BENZENE,Status / units
12/01/2006,26/01/2006,1.11,V ugm-3
26/01/2006,09/02/2006,1.53,V ugm-3
09/02/2006,23/02/2006,1.5,V ugm-3
23/02/2006,09/03/2006,1.3,V ugm-3
09/03/2006,23/03/2006,0.98,V ugm-3
23/03/2006,06/04/2006,1.11,V ugm-3
06/04/2006,20/04/2006,0.78,V ugm-3
20/04/2006,04/05/2006,0.59,V ugm-3
04/05/2006,18/05/2006,0.59,V ugm-3
18/05/2006,01/06/2006,0.36,V ugm-3
01/06/2006,15/06/2006,0.49,V ugm-3
15/06/2006,29/06/2006,0.49,P ugm-3
29/06/2006,13/07/2006,0.55,V ugm-3
13/07/2006,27/07/2006,0.62,V ugm-3
27/07/2006,10/08/2006,0.39,V ugm-3
10/08/2006,24/08/2006,0.55,V ugm-3
24/08/2006,15/09/2006,0.55,V ugm-3
15/09/2006,21/09/2006,0.62,V ugm-3
21/09/2006,05/10/2006,0.75,V ugm-3
05/10/2006,17/10/2006,0.62,P ugm-3
17/10/2006,02/11/2006,0.78,P ugm-3
02/11/2006,16/11/2006,0.42,V ugm-3
16/11/2006,30/11/2006,0.52,V ugm-3
30/11/2006,14/12/2006,0.68,V ugm-3
14/12/2006,28/12/2006,0.88,V ugm-3
28/12/2006,11/01/2007,0.91,V ugm-3
Data for year 2007,,,
Multi-day data,,,
Edinburgh St Leonards,,,
Start Date,End Date,BENZENE,Status / units
11/01/2007,25/01/2007,0.65,V ugm-3
25/01/2007,08/02/2007,0.78,V ugm-3
08/02/2007,22/02/2007,0.85,V ugm-3
22/02/2007,08/03/2007,0.52,V ugm-3
08/03/2007,22/03/2007,0.65,V ugm-3
22/03/2007,05/04/2007,0.78,V ugm-3
05/04/2007,19/04/2007,0.72,V ugm-3
19/04/2007,03/05/2007,0.36,V ugm-3
03/05/2007,17/05/2007,0.23,V ugm-3
17/05/2007,31/05/2007,0.33,V ugm-3
31/05/2007,14/06/2007,0.62,V ugm-3
14/06/2007,28/06/2007,0.33,V ugm-3
28/06/2007,12/07/2007,0.42,V ugm-3
12/07/2007,26/07/2007,0.26,V ugm-3
26/07/2007,09/08/2007,0.36,V ugm-3
09/08/2007,24/08/2007,0.36,V ugm-3
24/08/2007,06/09/2007,0.39,V ugm-3
06/09/2007,20/09/2007,0.33,V ugm-3
Data for year 2010,,,
Multi-day data,,,
Glasgow Kerbside,,,
Start Date,End Date,BENZENE,Status / units
18/08/2010,01/09/2010,0.47,V ugm-3
01/09/2010,14/09/2010,0.7,V ugm-3
14/09/2010,28/09/2010,0.59,V ugm-3
28/09/2010,13/10/2010,1.09,V ugm-3
13/10/2010,28/10/2010,0.85,V ugm-3
28/10/2010,10/11/2010,0.84,V ugm-3
10/11/2010,24/11/2010,1.31,V ugm-3
24/11/2010,10/12/2010,1.45,V ugm-3
10/12/2010,22/12/2010,2.36,V ugm-3
22/12/2010,05/01/2011,2.58,V ugm-3
Data for year 2011,,,
Multi-day data,,,
Glasgow Kerbside,,,
Start Date,End Date,BENZENE,Status / units
05/01/2011,20/01/2011,1.13,V ugm-3
20/01/2011,04/02/2011,1.22,V ugm-3
04/02/2011,17/02/2011,1.55,V ugm-3
17/02/2011,02/03/2011,1.34,V ugm-3
02/03/2011,18/03/2011,1.52,V ugm-3
18/03/2011,01/04/2011,0.84,V ugm-3
01/04/2011,14/04/2011,0.68,V ugm-3
14/04/2011,28/04/2011,1.1,V ugm-3
28/04/2011,11/05/2011,0.84,V ugm-3
11/05/2011,25/05/2011,0.3,V ugm-3
25/05/2011,08/06/2011,0.33,V ugm-3
08/06/2011,26/06/2011,0.76,V ugm-3
26/06/2011,05/07/2011,0.36,V ugm-3
05/07/2011,21/07/2011,0.71,V ugm-3
21/07/2011,02/08/2011,0.63,V ugm-3
02/08/2011,18/08/2011,0.7,V ugm-3
18/08/2011,30/08/2011,0.66,V ugm-3
30/08/2011,14/09/2011,0.5,V ugm-3
14/09/2011,29/09/2011,0.61,V ugm-3
29/09/2011,13/10/2011,0.66,V ugm-3
13/10/2011,27/10/2011,0.79,V ugm-3
27/10/2011,09/11/2011,0.63,V ugm-3
09/11/2011,23/11/2011,1.21,V ugm-3
23/11/2011,07/12/2011,0.57,V ugm-3
07/12/2011,21/12/2011,1.13,V ugm-3
21/12/2011,05/01/2012,0.58,V ugm-3
Data for year 2012,,,
Multi-day data,,,
Glasgow Kerbside,,,
Start Date,End Date,BENZENE,Status / units
05/01/2012,19/01/2012,1.06,V ugm-3
19/01/2012,02/02/2012,1.28,V ugm-3
02/02/2012,16/02/2012,1.48,V ugm-3
16/02/2012,01/03/2012,0.5,V ugm-3
01/03/2012,15/03/2012,0.77,V ugm-3
15/03/2012,28/03/2012,1.64,V ugm-3
28/03/2012,11/04/2012,0.62,V ugm-3
11/04/2012,26/04/2012,0.79,V ugm-3
26/04/2012,15/05/2012,0.26,V ugm-3
15/05/2012,24/05/2012,0.49,V ugm-3
24/05/2012,06/06/2012,0.7,V ugm-3
06/06/2012,20/06/2012,0.62,V ugm-3
20/06/2012,02/07/2012,0.72,V ugm-3
02/07/2012,18/07/2012,1.03,V ugm-3
18/07/2012,02/08/2012,0.58,V ugm-3
02/08/2012,16/08/2012,1.13,V ugm-3
16/08/2012,29/08/2012,1.03,V ugm-3
29/08/2012,12/09/2012,0.63,V ugm-3
12/09/2012,26/09/2012,0.76,V ugm-3
26/09/2012,08/10/2012,0.76,V ugm-3
08/10/2012,26/10/2012,0.67,V ugm-3
26/10/2012,07/11/2012,,
07/11/2012,23/11/2012,,
23/11/2012,07/12/2012,1.48,V ugm-3
07/12/2012,21/12/2012,1.88,V ugm-3
21/12/2012,03/01/2013,0.83,V ugm-3
Data for year 2013,,,
Multi-day data,,,
Glasgow Kerbside,,,
Start Date,End Date,BENZENE,Status / units
03/01/2013,17/01/2013,1.57,V ugm-3
17/01/2013,31/01/2013,1.76,V ugm-3
31/01/2013,13/02/2013,1.39,V ugm-3
13/02/2013,01/03/2013,0.87,V ugm-3
01/03/2013,13/03/2013,,
13/03/2013,27/03/2013,,
27/03/2013,10/04/2013,,
10/04/2013,24/04/2013,,
24/04/2013,08/05/2013,0.78,V ugm-3
08/05/2013,23/05/2013,0.55,V ugm-3
23/05/2013,06/06/2013,,
06/06/2013,19/06/2013,0.94,V ugm-3
19/06/2013,04/07/2013,0.5,V ugm-3
04/07/2013,17/07/2013,0.58,V ugm-3
17/07/2013,31/07/2013,0.67,V ugm-3
31/07/2013,15/08/2013,0.53,V ugm-3
15/08/2013,28/08/2013,0.76,V ugm-3
28/08/2013,11/09/2013,0.67,V ugm-3
11/09/2013,25/09/2013,0.75,V ugm-3
25/09/2013,09/10/2013,0.83,V ugm-3
09/10/2013,23/10/2013,1.07,V ugm-3
23/10/2013,06/11/2013,0.98,V ugm-3
06/11/2013,20/11/2013,0.94,V ugm-3
20/11/2013,05/12/2013,1.23,V ugm-3
05/12/2013,18/12/2013,0.69,V ugm-3
18/12/2013,03/01/2014,0.58,V ugm-3
Data for year 2014,,,
Multi-day data,,,
Glasgow Kerbside,,,
Start Date,End Date,BENZENE,Status / units
03/01/2014,16/01/2014,0.8,V ugm-3
16/01/2014,29/01/2014,1.13,V ugm-3
29/01/2014,12/02/2014,1.33,V ugm-3
12/02/2014,26/02/2014,1.18,V ugm-3
26/02/2014,14/03/2014,1.04,V ugm-3
14/03/2014,02/04/2014,,
02/04/2014,16/04/2014,0.97,V ugm-3
16/04/2014,30/04/2014,1.14,V ugm-3
30/04/2014,14/05/2014,0.45,V ugm-3
14/05/2014,28/05/2014,0.84,V ugm-3
28/05/2014,12/06/2014,0.73,V ugm-3
12/06/2014,24/06/2014,0.51,V ugm-3
24/06/2014,09/07/2014,0.59,V ugm-3
09/07/2014,24/07/2014,0.62,V ugm-3
24/07/2014,07/08/2014,0.65,V ugm-3
07/08/2014,20/08/2014,0.42,V ugm-3
20/08/2014,03/09/2014,0.47,V ugm-3
03/09/2014,18/09/2014,0.86,V ugm-3
18/09/2014,02/10/2014,0.79,V ugm-3
02/10/2014,16/10/2014,0.92,V ugm-3
16/10/2014,29/10/2014,0.69,V ugm-3
29/10/2014,13/11/2014,1.08,V ugm-3
13/11/2014,27/11/2014,1.52,V ugm-3
27/11/2014,11/12/2014,1.17,V ugm-3
11/12/2014,24/12/2014,0.56,V ugm-3
24/12/2014,08/01/2015,1.32,V ugm-3
Data for year 2015,,,
Multi-day data,,,
Glasgow Kerbside,,,
Start Date,End Date,BENZENE,Status / units
08/01/2015,22/01/2015,1.1,V ugm-3
22/01/2015,05/02/2015,0.98,V ugm-3
05/02/2015,19/02/2015,1.09,V ugm-3
19/02/2015,04/03/2015,0.75,V ugm-3
04/03/2015,20/03/2015,1.15,V ugm-3
20/03/2015,31/03/2015,0.75,V ugm-3
31/03/2015,15/04/2015,0.65,V ugm-3
15/04/2015,29/04/2015,0.7,V ugm-3
29/04/2015,13/05/2015,0.57,V ugm-3
13/05/2015,26/05/2015,0.37,V ugm-3
26/05/2015,10/06/2015,0.37,V ugm-3
10/06/2015,26/06/2015,0.43,V ugm-3
26/06/2015,08/07/2015,0.45,V ugm-3
08/07/2015,23/07/2015,0.36,V ugm-3
23/07/2015,06/08/2015,0.44,V ugm-3
06/08/2015,01/09/2015,0.57,V ugm-3
01/09/2015,16/09/2015,0.67,V ugm-3
16/09/2015,01/10/2015,0.81,V ugm-3
01/10/2015,15/10/2015,,
15/10/2015,29/10/2015,0.96,V ugm-3
29/10/2015,12/11/2015,1.54,V ugm-3
12/11/2015,26/11/2015,0.66,V ugm-3
26/11/2015,09/12/2015,0.78,V ugm-3
09/12/2015,24/12/2015,0.8,V ugm-3
24/12/2015,06/01/2016,0.96,V ugm-3
Data for year 2016,,,
Multi-day data,,,
Glasgow Kerbside,,,
Start Date,End Date,BENZENE,Status / units
06/01/2016,21/01/2016,1.27,V ugm-3
21/01/2016,03/02/2016,0.55,V ugm-3
03/02/2016,18/02/2016,0.91,V ugm-3
18/02/2016,03/03/2016,0.92,V ugm-3
03/03/2016,21/03/2016,0.79,V ugm-3
21/03/2016,31/03/2016,0.58,V ugm-3
31/03/2016,14/04/2016,0.52,V ugm-3
14/04/2016,28/04/2016,0.61,V ugm-3
28/04/2016,12/05/2016,0.7,V ugm-3
12/05/2016,26/05/2016,0.45,V ugm-3
26/05/2016,09/06/2016,0.68,V ugm-3
09/06/2016,23/06/2016,0.46,V ugm-3
23/06/2016,07/07/2016,0.39,V ugm-3
07/07/2016,21/07/2016,0.3,V ugm-3
21/07/2016,04/08/2016,0.53,V ugm-3
04/08/2016,01/09/2016,0.45,V ugm-3
01/09/2016,29/09/2016,0.32,V ugm-3
29/09/2016,13/10/2016,0.59,V ugm-3
13/10/2016,27/10/2016,0.99,V ugm-3
27/10/2016,10/11/2016,0.73,V ugm-3
10/11/2016,24/11/2016,0.82,V ugm-3
24/11/2016,08/12/2016,1.52,V ugm-3
08/12/2016,22/12/2016,0.85,V ugm-3
22/12/2016,05/01/2017,0.94,V ugm-3
Data for year 2017,,,
Multi-day data,,,
Glasgow Kerbside,,,
Start Date,End Date,BENZENE,Status / units
05/01/2017,19/01/2017,0.72,V ugm-3
19/01/2017,01/02/2017,1.22,V ugm-3
01/02/2017,20/02/2017,1.21,V ugm-3
20/02/2017,01/03/2017,0.8,V ugm-3
01/03/2017,16/03/2017,0.83,V ugm-3
16/03/2017,29/03/2017,0.92,V ugm-3
29/03/2017,13/04/2017,0.5,V ugm-3
13/04/2017,27/04/2017,0.43,V ugm-3
27/04/2017,11/05/2017,0.46,V ugm-3
11/05/2017,24/05/2017,0.45,V ugm-3
24/05/2017,07/06/2017,0.32,V ugm-3
07/06/2017,21/06/2017,0.3,V ugm-3
21/06/2017,06/07/2017,0.4,V ugm-3
06/07/2017,19/07/2017,0.35,V ugm-3
19/07/2017,02/08/2017,0.47,V ugm-3
02/08/2017,16/08/2017,0.32,V ugm-3
16/08/2017,30/08/2017,0.52,V ugm-3
30/08/2017,13/09/2017,0.5,V ugm-3
13/09/2017,28/09/2017,0.63,V ugm-3
28/09/2017,11/10/2017,0.41,V ugm-3
11/10/2017,25/10/2017,0.66,V ugm-3
25/10/2017,08/11/2017,0.91,V ugm-3
08/11/2017,23/11/2017,0.96,V ugm-3
23/11/2017,06/12/2017,0.78,V ugm-3
06/12/2017,21/12/2017,1.45,V ugm-3
21/12/2017,03/01/2018,0.99,V ugm-3
Data for year 2018,,,
Multi-day data,,,
Glasgow Kerbside,,,
Start Date,End Date,BENZENE,Status / units
03/01/2018,17/01/2018,1.28,V ugm-3
17/01/2018,31/01/2018,0.78,V ugm-3
31/01/2018,14/02/2018,0.86,V ugm-3
14/02/2018,05/03/2018,1.05,V ugm-3
05/03/2018,14/03/2018,1.35,V ugm-3
14/03/2018,29/03/2018,0.76,V ugm-3
29/03/2018,11/04/2018,0.83,V ugm-3
11/04/2018,25/04/2018,0.64,V ugm-3
25/04/2018,09/05/2018,0.47,V ugm-3
09/05/2018,23/05/2018,0.51,V ugm-3
23/05/2018,06/06/2018,0.67,V ugm-3
06/06/2018,20/06/2018,0.38,V ugm-3
20/06/2018,05/07/2018,0.42,V ugm-3
05/07/2018,18/07/2018,0.28,V ugm-3
18/07/2018,01/08/2018,0.25,V ugm-3
01/08/2018,15/08/2018,0.22,V ugm-3
15/08/2018,29/08/2018,0.26,V ugm-3
29/08/2018,12/09/2018,0.32,V ugm-3
12/09/2018,26/09/2018,0.37,V ugm-3
26/09/2018,10/10/2018,0.32,V ugm-3
10/10/2018,26/10/2018,0.57,V ugm-3
26/10/2018,07/11/2018,0.82,V ugm-3
07/11/2018,22/11/2018,0.69,V ugm-3
22/11/2018,05/12/2018,0.89,V ugm-3
05/12/2018,21/12/2018,0.85,V ugm-3
21/12/2018,03/01/2019,0.88,V ugm-3
Data for year 2019,,,
Multi-day data,,,
Glasgow Kerbside,,,
Start Date,End Date,BENZENE,Status / units
03/01/2019,16/01/2019,0.67,V ugm-3
16/01/2019,30/01/2019,0.95,V ugm-3
30/01/2019,25/02/2019,0.86,V ugm-3
25/02/2019,12/03/2019,0.94,V ugm-3
12/03/2019,27/03/2019,0.48,V ugm-3
27/03/2019,10/04/2019,0.73,V ugm-3
10/04/2019,24/04/2019,0.88,V ugm-3
24/04/2019,08/05/2019,0.57,V ugm-3
08/05/2019,23/05/2019,0.51,V ugm-3
23/05/2019,05/06/2019,0.38,V ugm-3
05/06/2019,19/06/2019,0.35,V ugm-3
19/06/2019,03/07/2019,0.4,V ugm-3
03/07/2019,22/07/2019,0.31,V ugm-3
22/07/2019,31/07/2019,0.46,V ugm-3
31/07/2019,14/08/2019,0.47,V ugm-3
14/08/2019,28/08/2019,0.43,V ugm-3
28/08/2019,11/09/2019,0.36,V ugm-3
11/09/2019,25/09/2019,0.54,V ugm-3
25/09/2019,09/10/2019,0.34,V ugm-3
09/10/2019,23/10/2019,0.49,V ugm-3
23/10/2019,06/11/2019,0.99,V ugm-3
06/11/2019,18/11/2019,1.27,V ugm-3
18/11/2019,04/12/2019,1.62,V ugm-3
04/12/2019,18/12/2019,0.77,V ugm-3
18/12/2019,31/12/2019,1.03,V ugm-3
31/12/2019,15/01/2020,0.79,V ugm-3
Data for year 2020,,,
Multi-day data,,,
Glasgow Kerbside,,,
Start Date,End Date,BENZENE,Status / units
15/01/2020,29/01/2020,0.66,V ugm-3
29/01/2020,12/02/2020,0.65,V ugm-3
12/02/2020,26/02/2020,0.58,V ugm-3
26/02/2020,11/03/2020,0.75,V ugm-3
11/03/2020,25/03/2020,0.56,V ugm-3
25/03/2020,08/04/2020,0.41,V ugm-3
08/04/2020,22/04/2020,0.4,V ugm-3
22/04/2020,06/05/2020,0.35,V ugm-3
06/05/2020,20/05/2020,0.15,V ugm-3
20/05/2020,03/06/2020,0.31,V ugm-3
03/06/2020,17/06/2020,0.28,V ugm-3
17/06/2020,01/07/2020,0.18,V ugm-3
01/07/2020,15/07/2020,0.19,V ugm-3
15/07/2020,29/07/2020,0.22,V ugm-3
29/07/2020,12/08/2020,0.33,V ugm-3
12/08/2020,26/08/2020,0.32,V ugm-3
26/08/2020,23/09/2020,0.33,V ugm-3
23/09/2020,07/10/2020,0.44,V ugm-3
07/10/2020,21/10/2020,0.52,V ugm-3
21/10/2020,04/11/2020,0.43,V ugm-3
04/11/2020,18/11/2020,0.74,V ugm-3
18/11/2020,02/12/2020,0.76,V ugm-3
02/12/2020,16/12/2020,1.2,V ugm-3
16/12/2020,31/12/2020,0.77,V ugm-3
31/12/2020,13/01/2021,1.46,V ugm-3
Data for year 2021,,,
Multi-day data,,,
Glasgow Kerbside,,,
Start Date,End Date,BENZENE,Status / units
13/01/2021,27/01/2021,0.96,V ugm-3
27/01/2021,10/02/2021,0.96,V ugm-3
10/02/2021,24/02/2021,0.74,V ugm-3
24/02/2021,10/03/2021,0.73,V ugm-3
10/03/2021,24/03/2021,0.44,V ugm-3
24/03/2021,07/04/2021,0.49,V ugm-3
07/04/2021,21/04/2021,0.6,V ugm-3
21/04/2021,05/05/2021,0.63,V ugm-3
05/05/2021,19/05/2021,0.43,V ugm-3
19/05/2021,03/06/2021,0.48,V ugm-3
03/06/2021,30/06/2021,0.24,V ugm-3
30/06/2021,15/07/2021,0.29,V ugm-3
15/07/2021,28/07/2021,0.35,V ugm-3
28/07/2021,10/08/2021,0.21,V ugm-3
10/08/2021,25/08/2021,0.44,V ugm-3
25/08/2021,08/09/2021,0.51,V ugm-3
08/09/2021,22/09/2021,0.54,V ugm-3
22/09/2021,06/10/2021,0.26,V ugm-3
06/10/2021,20/10/2021,0.29,V ugm-3
20/10/2021,03/11/2021,0.27,V ugm-3
03/11/2021,17/11/2021,0.23,V ugm-3
17/11/2021,30/11/2021,0.25,V ugm-3
30/11/2021,15/12/2021,0.37,V ugm-3
15/12/2021,28/12/2021,0.6,V ugm-3
28/12/2021,11/01/2022,0.44,V ugm-3
Data for year 2022,,,
Multi-day data,,,
Glasgow Kerbside,,,
Start Date,End Date,BENZENE,Status / units
11/01/2022,25/01/2022,0.45,V ugm-3
25/01/2022,09/02/2022,0.33,V ugm-3
09/02/2022,22/02/2022,0.45,V ugm-3
22/02/2022,10/03/2022,0.62,V ugm-3
10/03/2022,24/03/2022,0.74,V ugm-3
24/03/2022,07/04/2022,0.59,V ugm-3
07/04/2022,21/04/2022,0.55,V ugm-3
21/04/2022,05/05/2022,0.4,V ugm-3
05/05/2022,19/05/2022,0.18,V ugm-3
19/05/2022,01/06/2022,0.18,V ugm-3
01/06/2022,15/06/2022,0.27,V ugm-3
15/06/2022,30/06/2022,0.13,V ugm-3
30/06/2022,14/07/2022,0.19,V ugm-3
14/07/2022,26/07/2022,0.25,V ugm-3
26/07/2022,25/08/2022,0.3,V ugm-3
25/08/2022,08/09/2022,0.39,V ugm-3
08/09/2022,21/09/2022,0.44,V ugm-3
21/09/2022,05/10/2022,0.33,V ugm-3
05/10/2022,19/10/2022,0.35,V ugm-3
19/10/2022,03/11/2022,0.35,V ugm-3
03/11/2022,16/11/2022,0.52,V ugm-3
16/11/2022,30/11/2022,0.72,V ugm-3
30/11/2022,14/12/2022,1.26,V ugm-3
14/12/2022,28/12/2022,0.7,V ugm-3
28/12/2022,11/01/2023,0.49,V ugm-3
Data for year 2023,,,
Multi-day data,,,
Glasgow Kerbside,,,
Start Date,End Date,BENZENE,Status / units
11/01/2023,08/02/2023,0.66,V ugm-3
08/02/2023,22/02/2023,0.49,V ugm-3
22/02/2023,08/03/2023,0.75,V ugm-3
08/03/2023,22/03/2023,0.79,V ugm-3
22/03/2023,05/04/2023,0.51,V ugm-3
05/04/2023,19/04/2023,0.51,V ugm-3
19/04/2023,03/05/2023,0.51,V ugm-3
03/05/2023,17/05/2023,0.29,V ugm-3
17/05/2023,31/05/2023,0.39,V ugm-3
31/05/2023,14/06/2023,0.71,V ugm-3
14/06/2023,28/06/2023,0.61,V ugm-3
28/06/2023,12/07/2023,0.26,V ugm-3
12/07/2023,25/07/2023,0.32,V ugm-3
25/07/2023,09/08/2023,0.35,V ugm-3
09/08/2023,23/08/2023,0.38,V ugm-3
23/08/2023,06/09/2023,0.52,V ugm-3
06/09/2023,20/09/2023,0.47,V ugm-3
20/09/2023,04/10/2023,0.41,V ugm-3
04/10/2023,18/10/2023,0.67,V ugm-3
18/10/2023,01/11/2023,0.65,V ugm-3
01/11/2023,29/11/2023,0.79,V ugm-3
29/11/2023,13/12/2023,1.21,V ugm-3
13/12/2023,28/12/2023,0.55,V ugm-3
28/12/2023,10/01/2024,1.18,V ugm-3
Data for year 2024,,,
Multi-day data,,,
Glasgow Kerbside,,,
Start Date,End Date,BENZENE,Status / units
10/01/2024,25/01/2024,0.48,V ugm-3
25/01/2024,07/02/2024,0.41,V ugm-3
07/02/2024,21/02/2024,1,V ugm-3
21/02/2024,06/03/2024,0.64,V ugm-3
06/03/2024,20/03/2024,1.05,V ugm-3
20/03/2024,03/04/2024,,
03/04/2024,17/04/2024,0.39,V ugm-3
17/04/2024,01/05/2024,0.39,V ugm-3
01/05/2024,15/05/2024,0.54,V ugm-3
15/05/2024,29/05/2024,0.43,V ugm-3
29/05/2024,12/06/2024,0.27,V ugm-3
12/06/2024,26/06/2024,0.26,V ugm-3
26/06/2024,10/07/2024,0.18,V ugm-3
10/07/2024,24/07/2024,0.28,V ugm-3
24/07/2024,07/08/2024,0.31,V ugm-3
07/08/2024,21/08/2024,0.36,V ugm-3
21/08/2024,04/09/2024,0.41,V ugm-3
04/09/2024,18/09/2024,0.47,V ugm-3
18/09/2024,02/10/2024,0.52,V ugm-3
02/10/2024,16/10/2024,0.56,V ugm-3
16/10/2024,30/10/2024,0.46,V ugm-3
30/10/2024,13/11/2024,0.64,V ugm-3
13/11/2024,27/11/2024,0.62,V ugm-3
27/11/2024,23/12/2024,0.56,V ugm-3
23/12/2024,08/01/2025,0.51,V ugm-3
Data for year 2025,,,
Multi-day data,,,
Glasgow Kerbside,,,
Start Date,End Date,BENZENE,Status / units
08/01/2025,22/01/2025,0.99,V ugm-3
22/01/2025,05/02/2025,0.7,V ugm-3
05/02/2025,19/02/2025,0.84,V ugm-3
19/02/2025,05/03/2025,0.46,V ugm-3
05/03/2025,19/03/2025,0.57,V ugm-3
19/03/2025,02/04/2025,0.48,V ugm-3
02/04/2025,16/04/2025,0.69,V ugm-3
16/04/2025,30/04/2025,0.4,V ugm-3
30/04/2025,14/05/2025,0.4,V ugm-3
14/05/2025,28/05/2025,0.29,V ugm-3
28/05/2025,11/06/2025,0.34,V ugm-3
11/06/2025,25/06/2025,0.42,V ugm-3
25/06/2025,10/07/2025,0.21,V ugm-3
10/07/2025,23/07/2025,0.52,V ugm-3
23/07/2025,06/08/2025,0.23,V ugm-3
06/08/2025,20/08/2025,0.5,V ugm-3
20/08/2025,03/09/2025,0.42,V ugm-3
03/09/2025,17/09/2025,0.35,V ugm-3
17/09/2025,01/10/2025,0.54,V ugm-3
01/10/2025,15/10/2025,0.24,V ugm-3
15/10/2025,29/10/2025,0.49,V ugm-3
29/10/2025,12/11/2025,0.65,V ugm-3
12/11/2025,26/11/2025,0.77,V ugm-3
26/11/2025,10/12/2025,0.67,V ugm-3
10/12/2025,24/12/2025,0.72,V ugm-3
24/12/2025,07/01/2026,0.81,V ugm-3
Data for year 2002,,,
Multi-day data,,,
Grangemouth,,,
Start Date,End Date,BENZENE,Status / units
20/02/2002,06/03/2002,1.14,V ugm-3
06/03/2002,20/03/2002,1.79,V ugm-3
20/03/2002,03/04/2002,2.08,V ugm-3
03/04/2002,18/04/2002,2.99,V ugm-3
18/04/2002,02/05/2002,0.91,V ugm-3
02/05/2002,15/05/2002,1.63,V ugm-3
15/05/2002,29/05/2002,1.63,V ugm-3
29/05/2002,13/06/2002,1.3,V ugm-3
10/07/2002,24/07/2002,1.07,V ugm-3
Data for year 2003,,,
Multi-day data,,,
Grangemouth,,,
Start Date,End Date,BENZENE,Status / units
02/01/2003,16/01/2003,2.37,V ugm-3
16/01/2003,28/01/2003,1.11,V ugm-3
28/01/2003,12/02/2003,0.91,V ugm-3
12/02/2003,27/02/2003,3.93,V ugm-3
27/02/2003,13/03/2003,1.56,V ugm-3
13/03/2003,02/04/2003,2.18,V ugm-3
02/04/2003,09/04/2003,1.37,V ugm-3
09/04/2003,25/04/2003,2.7,V ugm-3
25/04/2003,07/05/2003,1.2,V ugm-3
07/05/2003,26/05/2003,0.72,V ugm-3
26/05/2003,05/06/2003,0.68,V ugm-3
05/06/2003,20/06/2003,0.85,V ugm-3
20/06/2003,04/07/2003,2.5,V ugm-3
04/07/2003,23/07/2003,1.33,V ugm-3
23/07/2003,31/07/2003,0.65,V ugm-3
31/07/2003,18/08/2003,1.98,V ugm-3
18/08/2003,02/09/2003,0.98,V ugm-3
02/09/2003,11/09/2003,1.04,V ugm-3
11/09/2003,29/09/2003,0.65,V ugm-3
29/09/2003,10/10/2003,0.88,V ugm-3
10/10/2003,24/10/2003,2.8,V ugm-3
24/10/2003,07/11/2003,2.37,V ugm-3
07/11/2003,21/11/2003,1.59,V ugm-3
21/11/2003,11/12/2003,2.83,V ugm-3
11/12/2003,18/12/2003,1.66,V ugm-3
18/12/2003,06/01/2004,1.53,V ugm-3
Data for year 2004,,,
Multi-day data,,,
Grangemouth,,,
Start Date,End Date,BENZENE,Status / units
06/01/2004,15/01/2004,1.24,V ugm-3
15/01/2004,11/02/2004,1.56,V ugm-3
11/02/2004,02/03/2004,2.21,V ugm-3
02/03/2004,17/03/2004,2.37,V ugm-3
17/03/2004,25/03/2004,0.94,V ugm-3
25/03/2004,08/04/2004,2.31,V ugm-3
08/04/2004,26/04/2004,1.01,V ugm-3
26/04/2004,07/05/2004,3.28,V ugm-3
07/05/2004,21/05/2004,1.2,V ugm-3
21/05/2004,17/06/2004,1.11,V ugm-3
17/06/2004,02/07/2004,1.3,V ugm-3
02/07/2004,19/07/2004,0.75,V ugm-3
19/07/2004,29/07/2004,1.27,V ugm-3
29/07/2004,13/08/2004,2.99,V ugm-3
13/08/2004,27/08/2004,2.57,V ugm-3
27/08/2004,16/09/2004,1.33,V ugm-3
16/09/2004,07/10/2004,1.01,V ugm-3
07/10/2004,14/10/2004,3.48,V ugm-3
14/10/2004,21/10/2004,1.27,V ugm-3
21/10/2004,09/11/2004,1.89,V ugm-3
09/11/2004,23/11/2004,0.98,V ugm-3
23/11/2004,10/12/2004,0.88,V ugm-3
10/12/2004,24/12/2004,1.46,V ugm-3
24/12/2004,10/01/2005,1.14,V ugm-3
Data for year 2005,,,
Multi-day data,,,
Grangemouth,,,
Start Date,End Date,BENZENE,Status / units
10/01/2005,21/01/2005,1.14,V ugm-3
21/01/2005,04/02/2005,1.69,V ugm-3
04/02/2005,18/02/2005,1.53,V ugm-3
18/02/2005,10/03/2005,2.37,V ugm-3
10/03/2005,24/03/2005,2.54,V ugm-3
24/03/2005,11/04/2005,2.57,V ugm-3
11/04/2005,27/04/2005,2.15,V ugm-3
27/04/2005,12/05/2005,0.91,V ugm-3
12/05/2005,02/06/2005,1.4,V ugm-3
02/06/2005,16/06/2005,1.92,V ugm-3
16/06/2005,08/07/2005,1.3,V ugm-3
08/07/2005,27/07/2005,1.95,V ugm-3
27/07/2005,24/08/2005,1.2,V ugm-3
24/08/2005,14/09/2005,2.08,V ugm-3
14/09/2005,29/09/2005,0.72,V ugm-3
29/09/2005,26/10/2005,2.37,V ugm-3
26/10/2005,10/11/2005,2.21,V ugm-3
10/11/2005,02/12/2005,1.37,V ugm-3
02/12/2005,09/12/2005,3.35,V ugm-3
09/12/2005,10/01/2006,2.86,V ugm-3
Data for year 2006,,,
Multi-day data,,,
Grangemouth,,,
Start Date,End Date,BENZENE,Status / units
10/01/2006,27/01/2006,1.69,V ugm-3
27/01/2006,09/02/2006,1.98,V ugm-3
09/02/2006,09/03/2006,1.82,V ugm-3
09/03/2006,20/03/2006,3.09,V ugm-3
20/03/2006,06/04/2006,2.08,V ugm-3
06/04/2006,20/04/2006,0.68,V ugm-3
20/04/2006,11/05/2006,2.96,V ugm-3
11/05/2006,24/05/2006,1.37,V ugm-3
24/05/2006,14/06/2006,0.94,V ugm-3
14/06/2006,07/07/2006,2.8,V ugm-3
07/07/2006,27/07/2006,2.93,V ugm-3
27/07/2006,11/08/2006,0.49,V ugm-3
11/08/2006,25/08/2006,2.47,V ugm-3
25/08/2006,15/09/2006,1.01,V ugm-3
15/09/2006,02/10/2006,1.98,V ugm-3
02/10/2006,19/10/2006,1.46,V ugm-3
19/10/2006,09/11/2006,1.07,V ugm-3
09/11/2006,24/11/2006,1.3,V ugm-3
24/11/2006,08/12/2006,0.42,V ugm-3
08/12/2006,04/01/2007,1.07,V ugm-3
Data for year 2007,,,
Multi-day data,,,
Grangemouth,,,
Start Date,End Date,BENZENE,Status / units
04/01/2007,25/01/2007,0.75,V ugm-3
25/01/2007,05/02/2007,0.46,V ugm-3
05/02/2007,07/03/2007,0.91,V ugm-3
07/03/2007,23/03/2007,0.75,V ugm-3
23/03/2007,13/04/2007,2.11,V ugm-3
13/04/2007,27/04/2007,1.24,V ugm-3
27/04/2007,18/05/2007,2.02,V ugm-3
18/05/2007,11/06/2007,2.18,V ugm-3
11/06/2007,05/07/2007,1.79,V ugm-3
05/07/2007,23/07/2007,0.62,V ugm-3
23/07/2007,06/08/2007,0.46,V ugm-3
06/08/2007,23/08/2007,1.33,V ugm-3
23/08/2007,06/09/2007,0.39,V ugm-3
06/09/2007,20/09/2007,0.29,V ugm-3
20/09/2007,10/10/2007,1.33,V ugm-3
25/10/2007,23/11/2007,0.91,V ugm-3
27/11/2007,11/12/2007,0.88,V ugm-3
11/12/2007,18/01/2008,1.3,V ugm-3
Data for year 2008,,,
Multi-day data,,,
Grangemouth,,,
Start Date,End Date,BENZENE,Status / units
18/01/2008,07/02/2008,0.88,V ugm-3
07/02/2008,07/03/2008,1.01,V ugm-3
07/03/2008,20/03/2008,0.91,V ugm-3
20/03/2008,04/04/2008,0.65,V ugm-3
04/04/2008,24/04/2008,1.37,V ugm-3
24/04/2008,20/05/2008,2.57,V ugm-3
20/05/2008,04/06/2008,2.76,V ugm-3
04/06/2008,19/06/2008,0.55,V ugm-3
19/06/2008,09/07/2008,1.04,V ugm-3
09/07/2008,16/07/2008,0.55,V ugm-3
16/07/2008,29/07/2008,1.66,V ugm-3
29/07/2008,12/08/2008,1.72,V ugm-3
12/08/2008,26/08/2008,1.85,V ugm-3
26/08/2008,10/09/2008,0.68,V ugm-3
10/09/2008,23/09/2008,1.14,V ugm-3
23/09/2008,06/10/2008,1.24,V ugm-3
06/10/2008,21/10/2008,0.62,V ugm-3
21/10/2008,03/11/2008,0.94,V ugm-3
03/11/2008,18/11/2008,0.85,V ugm-3
18/11/2008,02/12/2008,0.52,V ugm-3
02/12/2008,16/12/2008,1.66,V ugm-3
16/12/2008,29/12/2008,1.07,V ugm-3
29/12/2008,13/01/2009,0.91,V ugm-3
Data for year 2009,,,
Multi-day data,,,
Grangemouth,,,
Start Date,End Date,BENZENE,Status / units
13/01/2009,27/01/2009,2.02,V ugm-3
27/01/2009,09/02/2009,2.5,V ugm-3
09/02/2009,24/02/2009,1.04,V ugm-3
24/02/2009,11/03/2009,0.68,V ugm-3
11/03/2009,23/03/2009,1.3,V ugm-3
23/03/2009,07/04/2009,0.91,V ugm-3
07/04/2009,22/04/2009,1.4,V ugm-3
22/04/2009,05/05/2009,1.3,V ugm-3
05/05/2009,19/05/2009,2.18,V ugm-3
19/05/2009,02/06/2009,1.85,V ugm-3
02/06/2009,16/06/2009,1.46,V ugm-3
16/06/2009,30/06/2009,1.04,V ugm-3
30/06/2009,14/07/2009,1.11,V ugm-3
14/07/2009,28/07/2009,0.98,V ugm-3
28/07/2009,11/08/2009,1.2,V ugm-3
11/08/2009,24/08/2009,0.78,V ugm-3
24/08/2009,08/09/2009,0.62,V ugm-3
08/09/2009,23/09/2009,1.17,V ugm-3
23/09/2009,06/10/2009,0.52,V ugm-3
06/10/2009,20/10/2009,0.88,V ugm-3
20/10/2009,03/11/2009,2.02,V ugm-3
03/11/2009,17/11/2009,1.53,V ugm-3
17/11/2009,30/11/2009,0.59,V ugm-3
30/11/2009,15/12/2009,1.63,V ugm-3
15/12/2009,29/12/2009,1.3,V ugm-3
29/12/2009,12/01/2010,2.76,V ugm-3
Data for year 2010,,,
Multi-day data,,,
Grangemouth,,,
Start Date,End Date,BENZENE,Status / units
12/01/2010,26/01/2010,3.02,V ugm-3
26/01/2010,09/02/2010,,
09/02/2010,23/02/2010,1.85,V ugm-3
23/02/2010,09/03/2010,2.02,V ugm-3
09/03/2010,23/03/2010,0.62,V ugm-3
23/03/2010,06/04/2010,1.23,V ugm-3
06/04/2010,20/04/2010,1.09,V ugm-3
20/04/2010,04/05/2010,1.01,V ugm-3
04/05/2010,18/05/2010,1.01,V ugm-3
01/06/2010,15/06/2010,1.36,V ugm-3
15/06/2010,29/06/2010,0.64,V ugm-3
05/07/2010,27/07/2010,1.12,V ugm-3
27/07/2010,10/08/2010,0.51,V ugm-3
10/08/2010,24/08/2010,0.58,V ugm-3
24/08/2010,07/09/2010,1.27,V ugm-3
07/09/2010,21/09/2010,1.14,V ugm-3
21/09/2010,05/10/2010,1.14,V ugm-3
05/10/2010,19/10/2010,1.53,V ugm-3
19/10/2010,02/11/2010,0.66,V ugm-3
02/11/2010,16/11/2010,0.79,V ugm-3
16/11/2010,02/12/2010,3.52,V ugm-3
02/12/2010,14/12/2010,1.33,V ugm-3
14/12/2010,30/12/2010,2.42,V ugm-3
30/12/2010,11/01/2011,0.89,V ugm-3
Data for year 2011,,,
Multi-day data,,,
Grangemouth,,,
Start Date,End Date,BENZENE,Status / units
11/01/2011,25/01/2011,1.41,V ugm-3
25/01/2011,08/02/2011,0.92,V ugm-3
08/02/2011,22/02/2011,2.36,V ugm-3
22/02/2011,09/03/2011,0.75,V ugm-3
09/03/2011,23/03/2011,1.25,V ugm-3
23/03/2011,05/04/2011,1.1,V ugm-3
05/04/2011,19/04/2011,1.31,V ugm-3
19/04/2011,03/05/2011,3.5,V ugm-3
03/05/2011,17/05/2011,1.47,V ugm-3
17/05/2011,31/05/2011,0.32,V ugm-3
31/05/2011,14/06/2011,1.09,V ugm-3
14/06/2011,28/06/2011,1.25,V ugm-3
28/06/2011,12/07/2011,1.41,V ugm-3
12/07/2011,26/07/2011,0.83,V ugm-3
26/07/2011,09/08/2011,2.15,V ugm-3
09/08/2011,23/08/2011,1.4,V ugm-3
23/08/2011,07/09/2011,1.51,V ugm-3
07/09/2011,21/09/2011,0.68,V ugm-3
21/09/2011,04/10/2011,1.25,V ugm-3
04/10/2011,18/10/2011,0.44,V ugm-3
18/10/2011,01/11/2011,0.55,V ugm-3
01/11/2011,16/11/2011,3.07,V ugm-3
16/11/2011,01/12/2011,0.59,V ugm-3
01/12/2011,14/12/2011,0.43,V ugm-3
14/12/2011,28/12/2011,0.89,V ugm-3
28/12/2011,10/01/2012,0.52,V ugm-3
Data for year 2012,,,
Multi-day data,,,
Grangemouth,,,
Start Date,End Date,BENZENE,Status / units
10/01/2012,23/01/2012,1.31,V ugm-3
23/01/2012,07/02/2012,1.75,V ugm-3
07/02/2012,21/02/2012,1.15,V ugm-3
21/02/2012,06/03/2012,0.78,V ugm-3
06/03/2012,20/03/2012,0.42,V ugm-3
20/03/2012,03/04/2012,1.56,V ugm-3
03/04/2012,16/04/2012,1.04,V ugm-3
16/04/2012,02/05/2012,1.86,V ugm-3
02/05/2012,15/05/2012,0.74,V ugm-3
15/05/2012,29/05/2012,1.93,V ugm-3
29/05/2012,11/06/2012,1.68,V ugm-3
11/06/2012,25/06/2012,1.03,V ugm-3
25/06/2012,09/07/2012,1.28,V ugm-3
09/07/2012,23/07/2012,2.17,V ugm-3
23/07/2012,06/08/2012,18.59,V ugm-3
06/08/2012,20/08/2012,2.84,V ugm-3
20/08/2012,04/09/2012,0.84,V ugm-3
04/09/2012,18/09/2012,0.29,V ugm-3
18/09/2012,02/10/2012,0.91,V ugm-3
02/10/2012,16/10/2012,0.85,V ugm-3
16/10/2012,30/10/2012,1.47,V ugm-3
30/10/2012,14/11/2012,1.09,V ugm-3
14/11/2012,27/11/2012,1.15,V ugm-3
27/11/2012,11/12/2012,1.58,V ugm-3
11/12/2012,24/12/2012,2.48,V ugm-3
24/12/2012,08/01/2013,0.7,V ugm-3
Data for year 2013,,,
Multi-day data,,,
Grangemouth,,,
Start Date,End Date,BENZENE,Status / units
08/01/2013,23/01/2013,1.82,V ugm-3
23/01/2013,05/02/2013,0.74,V ugm-3
05/02/2013,18/02/2013,1.43,V ugm-3
18/02/2013,05/03/2013,1.33,V ugm-3
05/03/2013,19/03/2013,1.37,V ugm-3
19/03/2013,02/04/2013,1.95,V ugm-3
02/04/2013,16/04/2013,1.07,V ugm-3
16/04/2013,30/04/2013,1.99,V ugm-3
30/04/2013,13/05/2013,0.61,V ugm-3
13/05/2013,28/05/2013,0.77,V ugm-3
28/05/2013,11/06/2013,1,V ugm-3
11/06/2013,24/06/2013,0.95,V ugm-3
24/06/2013,09/07/2013,0.6,V ugm-3
09/07/2013,23/07/2013,1.55,V ugm-3
23/07/2013,06/08/2013,1.04,V ugm-3
06/08/2013,20/08/2013,0.34,V ugm-3
20/08/2013,03/09/2013,1.21,V ugm-3
03/09/2013,17/09/2013,0.88,V ugm-3
17/09/2013,03/10/2013,1.82,V ugm-3
03/10/2013,15/10/2013,1.11,V ugm-3
15/10/2013,29/10/2013,1.64,V ugm-3
29/10/2013,13/11/2013,1.29,V ugm-3
13/11/2013,26/11/2013,1.27,V ugm-3
26/11/2013,11/12/2013,0.52,V ugm-3
11/12/2013,23/12/2013,0.46,V ugm-3
23/12/2013,14/01/2014,0.78,V ugm-3
Data for year 2014,,,
Multi-day data,,,
Grangemouth,,,
Start Date,End Date,BENZENE,Status / units
14/01/2014,21/01/2014,2,V ugm-3
21/01/2014,03/02/2014,1.75,V ugm-3
03/02/2014,17/02/2014,1.63,V ugm-3
17/02/2014,04/03/2014,1.18,V ugm-3
04/03/2014,18/03/2014,0.8,V ugm-3
18/03/2014,01/04/2014,1.28,V ugm-3
01/04/2014,15/04/2014,1.38,V ugm-3
15/04/2014,29/04/2014,0.6,V ugm-3
29/04/2014,13/05/2014,0.36,V ugm-3
13/05/2014,27/05/2014,0.91,V ugm-3
27/05/2014,10/06/2014,1.48,V ugm-3
10/06/2014,24/06/2014,0.55,V ugm-3
24/06/2014,08/07/2014,0.8,V ugm-3
08/07/2014,23/07/2014,0.82,V ugm-3
23/07/2014,05/08/2014,0.83,V ugm-3
05/08/2014,19/08/2014,0.7,V ugm-3
19/08/2014,02/09/2014,0.5,V ugm-3
02/09/2014,16/09/2014,1.21,V ugm-3
16/09/2014,30/09/2014,0.55,V ugm-3
30/09/2014,14/10/2014,0.77,V ugm-3
14/10/2014,28/10/2014,0.54,V ugm-3
28/10/2014,11/11/2014,0.97,V ugm-3
11/11/2014,25/11/2014,1.54,V ugm-3
25/11/2014,10/12/2014,1.43,V ugm-3
10/12/2014,23/12/2014,0.42,V ugm-3
23/12/2014,06/01/2015,0.99,V ugm-3
Data for year 2015,,,
Multi-day data,,,
Grangemouth,,,
Start Date,End Date,BENZENE,Status / units
06/01/2015,20/01/2015,0.66,V ugm-3
20/01/2015,03/02/2015,0.4,V ugm-3
03/02/2015,17/02/2015,1.26,V ugm-3
17/02/2015,03/03/2015,0.53,V ugm-3
03/03/2015,17/03/2015,0.8,V ugm-3
17/03/2015,31/03/2015,0.9,V ugm-3
31/03/2015,14/04/2015,0.56,V ugm-3
14/04/2015,28/04/2015,0.71,V ugm-3
28/04/2015,12/05/2015,0.57,V ugm-3
12/05/2015,27/05/2015,0.28,V ugm-3
27/05/2015,09/06/2015,0.27,V ugm-3
09/06/2015,23/06/2015,0.4,V ugm-3
23/06/2015,07/07/2015,0.87,V ugm-3
07/07/2015,21/07/2015,0.55,V ugm-3
21/07/2015,04/08/2015,0.48,V ugm-3
04/08/2015,01/09/2015,0.6,V ugm-3
01/09/2015,15/09/2015,0.89,V ugm-3
15/09/2015,29/09/2015,0.52,V ugm-3
29/09/2015,13/10/2015,1.28,V ugm-3
13/10/2015,27/10/2015,0.73,V ugm-3
27/10/2015,12/11/2015,1.69,V ugm-3
12/11/2015,24/11/2015,1.06,V ugm-3
24/11/2015,08/12/2015,0.61,V ugm-3
08/12/2015,22/12/2015,0.52,V ugm-3
22/12/2015,05/01/2016,0.74,V ugm-3
Data for year 2016,,,
Multi-day data,,,
Grangemouth,,,
Start Date,End Date,BENZENE,Status / units
05/01/2016,19/01/2016,1.13,V ugm-3
19/01/2016,02/02/2016,0.54,V ugm-3
02/02/2016,16/02/2016,0.69,V ugm-3
16/02/2016,01/03/2016,0.84,V ugm-3
01/03/2016,15/03/2016,0.94,V ugm-3
15/03/2016,29/03/2016,0.52,V ugm-3
29/03/2016,12/04/2016,0.54,V ugm-3
12/04/2016,26/04/2016,0.53,V ugm-3
26/04/2016,10/05/2016,0.57,V ugm-3
10/05/2016,24/05/2016,0.46,V ugm-3
24/05/2016,07/06/2016,0.73,V ugm-3
07/06/2016,21/06/2016,0.59,V ugm-3
21/06/2016,05/07/2016,0.3,V ugm-3
05/07/2016,19/07/2016,0.21,V ugm-3
19/07/2016,02/08/2016,0.45,V ugm-3
02/08/2016,18/08/2016,0.4,V ugm-3
18/08/2016,30/08/2016,,
30/08/2016,13/09/2016,0.42,V ugm-3
13/09/2016,27/09/2016,0.41,V ugm-3
27/09/2016,11/10/2016,0.7,V ugm-3
11/10/2016,25/10/2016,0.84,V ugm-3
25/10/2016,08/11/2016,0.53,V ugm-3
08/11/2016,22/11/2016,0.63,V ugm-3
22/11/2016,06/12/2016,1.67,V ugm-3
06/12/2016,20/12/2016,0.91,V ugm-3
20/12/2016,04/01/2017,0.38,V ugm-3
Data for year 2017,,,
Multi-day data,,,
Grangemouth,,,
Start Date,End Date,BENZENE,Status / units
04/01/2017,17/01/2017,0.6,V ugm-3
17/01/2017,31/01/2017,1.03,V ugm-3
31/01/2017,14/02/2017,1.25,V ugm-3
14/02/2017,28/02/2017,0.8,V ugm-3
28/02/2017,14/03/2017,0.91,V ugm-3
14/03/2017,28/03/2017,0.96,V ugm-3
28/03/2017,11/04/2017,0.49,V ugm-3
11/04/2017,25/04/2017,0.36,V ugm-3
25/04/2017,09/05/2017,0.59,V ugm-3
09/05/2017,23/05/2017,0.44,V ugm-3
23/05/2017,06/06/2017,0.58,V ugm-3
06/06/2017,20/06/2017,0.2,V ugm-3
20/06/2017,04/07/2017,0.63,V ugm-3
04/07/2017,18/07/2017,0.4,V ugm-3
18/07/2017,01/08/2017,0.59,V ugm-3
01/08/2017,15/08/2017,0.26,V ugm-3
15/08/2017,29/08/2017,0.36,V ugm-3
29/08/2017,12/09/2017,0.46,V ugm-3
12/09/2017,26/09/2017,0.8,V ugm-3
26/09/2017,10/10/2017,0.56,V ugm-3
10/10/2017,24/10/2017,0.52,V ugm-3
24/10/2017,06/11/2017,0.78,V ugm-3
06/11/2017,21/11/2017,0.78,V ugm-3
21/11/2017,05/12/2017,0.67,V ugm-3
05/12/2017,19/12/2017,1.33,V ugm-3
19/12/2017,03/01/2018,0.74,V ugm-3
Data for year 2018,,,
Multi-day data,,,
Grangemouth,,,
Start Date,End Date,BENZENE,Status / units
03/01/2018,16/01/2018,1.4,V ugm-3
16/01/2018,30/01/2018,0.67,V ugm-3
30/01/2018,13/02/2018,0.69,V ugm-3
13/02/2018,27/02/2018,1.16,V ugm-3
27/02/2018,13/03/2018,1.62,V ugm-3
13/03/2018,27/03/2018,0.98,V ugm-3
27/03/2018,10/04/2018,1,V ugm-3
10/04/2018,24/04/2018,1.33,V ugm-3
24/04/2018,08/05/2018,0.37,V ugm-3
08/05/2018,22/05/2018,0.52,V ugm-3
22/05/2018,05/06/2018,0.89,V ugm-3
05/06/2018,19/06/2018,0.39,V ugm-3
19/06/2018,03/07/2018,0.73,V ugm-3
03/07/2018,17/07/2018,0.46,V ugm-3
17/07/2018,31/07/2018,0.23,V ugm-3
31/07/2018,14/08/2018,0.49,V ugm-3
14/08/2018,28/08/2018,0.25,V ugm-3
28/08/2018,11/09/2018,0.35,V ugm-3
11/09/2018,25/09/2018,0.3,V ugm-3
25/09/2018,09/10/2018,0.29,V ugm-3
09/10/2018,23/10/2018,0.47,V ugm-3
23/10/2018,06/11/2018,0.65,V ugm-3
06/11/2018,20/11/2018,0.76,V ugm-3
20/11/2018,04/12/2018,1.34,V ugm-3
04/12/2018,18/12/2018,1.07,V ugm-3
18/12/2018,03/01/2019,0.78,V ugm-3
Data for year 2019,,,
Multi-day data,,,
Grangemouth,,,
Start Date,End Date,BENZENE,Status / units
03/01/2019,15/01/2019,,
15/01/2019,29/01/2019,0.91,V ugm-3
29/01/2019,12/02/2019,0.85,V ugm-3
12/02/2019,27/02/2019,0.98,V ugm-3
27/02/2019,12/03/2019,0.82,V ugm-3
12/03/2019,26/03/2019,0.41,V ugm-3
26/03/2019,09/04/2019,0.85,V ugm-3
09/04/2019,23/04/2019,1.83,V ugm-3
23/04/2019,07/05/2019,0.66,V ugm-3
07/05/2019,21/05/2019,0.54,V ugm-3
21/05/2019,04/06/2019,0.37,V ugm-3
04/06/2019,18/06/2019,0.39,V ugm-3
18/06/2019,02/07/2019,0.5,V ugm-3
02/07/2019,16/07/2019,0.35,V ugm-3
16/07/2019,30/07/2019,0.41,V ugm-3
30/07/2019,13/08/2019,0.74,V ugm-3
13/08/2019,27/08/2019,0.97,V ugm-3
27/08/2019,10/09/2019,0.29,V ugm-3
10/09/2019,24/09/2019,0.57,V ugm-3
24/09/2019,08/10/2019,0.58,V ugm-3
08/10/2019,22/10/2019,0.61,V ugm-3
22/10/2019,05/11/2019,0.86,V ugm-3
05/11/2019,19/11/2019,1.7,V ugm-3
19/11/2019,03/12/2019,1.82,V ugm-3
03/12/2019,17/12/2019,0.51,V ugm-3
17/12/2019,30/12/2019,1.07,V ugm-3
30/12/2019,14/01/2020,0.66,V ugm-3
Data for year 2020,,,
Multi-day data,,,
Grangemouth,,,
Start Date,End Date,BENZENE,Status / units
14/01/2020,28/01/2020,0.44,V ugm-3
28/01/2020,11/02/2020,0.57,V ugm-3
11/02/2020,25/02/2020,0.45,V ugm-3
25/02/2020,11/03/2020,0.61,V ugm-3
11/03/2020,26/03/2020,0.61,V ugm-3
26/03/2020,21/04/2020,0.66,V ugm-3
21/04/2020,05/05/2020,0.74,V ugm-3
05/05/2020,19/05/2020,0.36,V ugm-3
19/05/2020,02/06/2020,0.73,V ugm-3
02/06/2020,16/06/2020,0.46,V ugm-3
16/06/2020,30/06/2020,0.34,V ugm-3
30/06/2020,14/07/2020,0.29,V ugm-3
14/07/2020,28/07/2020,0.2,V ugm-3
28/07/2020,10/08/2020,0.49,V ugm-3
10/08/2020,25/08/2020,0.67,V ugm-3
25/08/2020,24/09/2020,0.5,V ugm-3
24/09/2020,09/10/2020,0.5,V ugm-3
09/10/2020,20/10/2020,0.74,V ugm-3
20/10/2020,04/11/2020,0.54,V ugm-3
04/11/2020,18/11/2020,0.68,V ugm-3
18/11/2020,01/12/2020,0.94,V ugm-3
01/12/2020,18/12/2020,0.9,V ugm-3
18/12/2020,05/01/2021,0.88,V ugm-3
Data for year 2021,,,
Multi-day data,,,
Grangemouth,,,
Start Date,End Date,BENZENE,Status / units
05/01/2021,27/01/2021,1.08,V ugm-3
27/01/2021,10/02/2021,0.99,V ugm-3
10/02/2021,24/02/2021,0.81,V ugm-3
24/02/2021,11/03/2021,0.79,V ugm-3
11/03/2021,24/03/2021,0.68,V ugm-3
24/03/2021,08/04/2021,0.56,V ugm-3
08/04/2021,21/04/2021,0.91,V ugm-3
21/04/2021,04/05/2021,0.79,V ugm-3
04/05/2021,18/05/2021,0.59,V ugm-3
18/05/2021,01/06/2021,0.91,V ugm-3
01/06/2021,17/06/2021,0.31,V ugm-3
17/06/2021,29/06/2021,0.66,V ugm-3
29/06/2021,13/07/2021,0.69,V ugm-3
13/07/2021,28/07/2021,0.73,V ugm-3
28/07/2021,10/08/2021,0.36,V ugm-3
10/08/2021,25/08/2021,0.72,V ugm-3
25/08/2021,08/09/2021,1.07,V ugm-3
08/09/2021,22/09/2021,0.98,V ugm-3
22/09/2021,05/10/2021,0.31,V ugm-3
05/10/2021,20/10/2021,0.25,V ugm-3
20/10/2021,02/11/2021,0.38,V ugm-3
02/11/2021,16/11/2021,0.43,V ugm-3
16/11/2021,01/12/2021,0.4,V ugm-3
01/12/2021,15/12/2021,0.52,V ugm-3
15/12/2021,30/12/2021,0.89,V ugm-3
30/12/2021,11/01/2022,0.59,V ugm-3
Data for year 2022,,,
Multi-day data,,,
Grangemouth,,,
Start Date,End Date,BENZENE,Status / units
11/01/2022,25/01/2022,0.53,V ugm-3
25/01/2022,08/02/2022,0.36,V ugm-3
08/02/2022,22/02/2022,0.57,V ugm-3
22/02/2022,08/03/2022,0.88,V ugm-3
08/03/2022,22/03/2022,0.85,V ugm-3
22/03/2022,07/04/2022,1.17,V ugm-3
07/04/2022,19/04/2022,,
19/04/2022,03/05/2022,,
03/05/2022,17/05/2022,0.47,V ugm-3
17/05/2022,31/05/2022,0.17,V ugm-3
31/05/2022,14/06/2022,0.44,V ugm-3
14/06/2022,29/06/2022,0.24,V ugm-3
29/06/2022,12/07/2022,0.28,V ugm-3
12/07/2022,27/07/2022,0.25,V ugm-3
27/07/2022,09/08/2022,0.29,V ugm-3
09/08/2022,24/08/2022,0.64,V ugm-3
24/08/2022,07/09/2022,0.79,V ugm-3
07/09/2022,20/09/2022,1.4,V ugm-3
20/09/2022,04/10/2022,0.34,V ugm-3
04/10/2022,18/10/2022,0.43,V ugm-3
18/10/2022,01/11/2022,0.88,V ugm-3
01/11/2022,15/11/2022,0.68,V ugm-3
15/11/2022,30/11/2022,1.08,V ugm-3
30/11/2022,13/12/2022,1.54,V ugm-3
13/12/2022,29/12/2022,0.94,V ugm-3
29/12/2022,10/01/2023,0.61,V ugm-3
Data for year 2023,,,
Multi-day data,,,
Grangemouth,,,
Start Date,End Date,BENZENE,Status / units
10/01/2023,24/01/2023,0.94,V ugm-3
24/01/2023,07/02/2023,0.67,V ugm-3
07/02/2023,21/02/2023,0.49,V ugm-3
21/02/2023,07/03/2023,0.82,V ugm-3
07/03/2023,21/03/2023,0.96,V ugm-3
21/03/2023,04/04/2023,0.94,V ugm-3
04/04/2023,18/04/2023,0.87,V ugm-3
18/04/2023,02/05/2023,1.05,V ugm-3
02/05/2023,16/05/2023,0.92,V ugm-3
16/05/2023,30/05/2023,0.41,V ugm-3
30/05/2023,13/06/2023,0.96,V ugm-3
13/06/2023,27/06/2023,0.84,V ugm-3
27/06/2023,11/07/2023,0.35,V ugm-3
11/07/2023,26/07/2023,0.46,V ugm-3
26/07/2023,08/08/2023,0.44,V ugm-3
08/08/2023,22/08/2023,0.5,V ugm-3
22/08/2023,05/09/2023,0.41,V ugm-3
05/09/2023,20/09/2023,0.81,V ugm-3
20/09/2023,03/10/2023,0.5,V ugm-3
03/10/2023,17/10/2023,0.64,V ugm-3
17/10/2023,01/11/2023,1.04,V ugm-3
01/11/2023,14/11/2023,0.92,V ugm-3
14/11/2023,28/11/2023,0.96,V ugm-3
28/11/2023,12/12/2023,1.72,V ugm-3
12/12/2023,27/12/2023,0.53,V ugm-3
27/12/2023,09/01/2024,1.55,V ugm-3
Data for year 2024,,,
Multi-day data,,,
Grangemouth,,,
Start Date,End Date,BENZENE,Status / units
09/01/2024,23/01/2024,0.65,V ugm-3
23/01/2024,06/02/2024,0.5,V ugm-3
06/02/2024,20/02/2024,0.84,V ugm-3
20/02/2024,05/03/2024,0.83,V ugm-3
05/03/2024,20/03/2024,1.48,V ugm-3
20/03/2024,02/04/2024,1.12,V ugm-3
02/04/2024,16/04/2024,0.54,V ugm-3
16/04/2024,30/04/2024,0.59,V ugm-3
30/04/2024,15/05/2024,0.68,V ugm-3
15/05/2024,28/05/2024,0.65,V ugm-3
28/05/2024,11/06/2024,0.26,V ugm-3
11/06/2024,27/06/2024,0.65,V ugm-3
27/06/2024,09/07/2024,0.24,V ugm-3
09/07/2024,24/07/2024,0.73,V ugm-3
24/07/2024,07/08/2024,0.3,V ugm-3
07/08/2024,20/08/2024,0.4,V ugm-3
20/08/2024,03/09/2024,0.57,V ugm-3
03/09/2024,17/09/2024,0.69,V ugm-3
17/09/2024,01/10/2024,0.93,V ugm-3
01/10/2024,15/10/2024,0.7,V ugm-3
15/10/2024,29/10/2024,0.52,V ugm-3
29/10/2024,12/11/2024,1,V ugm-3
12/11/2024,26/11/2024,0.6,V ugm-3
26/11/2024,23/12/2024,0.58,V ugm-3
23/12/2024,07/01/2025,0.46,V ugm-3
Data for year 2025,,,
Multi-day data,,,
Grangemouth,,,
Start Date,End Date,BENZENE,Status / units
07/01/2025,22/01/2025,1.07,V ugm-3
22/01/2025,04/02/2025,0.67,V ugm-3
04/02/2025,19/02/2025,0.88,V ugm-3
19/02/2025,04/03/2025,0.4,V ugm-3
04/03/2025,19/03/2025,0.68,V ugm-3
19/03/2025,01/04/2025,0.69,V ugm-3
01/04/2025,16/04/2025,0.91,V ugm-3
16/04/2025,29/04/2025,0.64,V ugm-3
29/04/2025,14/05/2025,0.51,V ugm-3
14/05/2025,27/05/2025,0.44,V ugm-3
27/05/2025,11/06/2025,0.49,V ugm-3
11/06/2025,24/06/2025,0.57,V ugm-3
24/06/2025,08/07/2025,0.52,V ugm-3
08/07/2025,23/07/2025,0.69,V ugm-3
23/07/2025,05/08/2025,0.37,V ugm-3
05/08/2025,19/08/2025,0.62,V ugm-3
19/08/2025,02/09/2025,0.8,V ugm-3
02/09/2025,16/09/2025,0.43,V ugm-3
16/09/2025,30/09/2025,0.63,V ugm-3
30/09/2025,15/10/2025,0.36,V ugm-3
15/10/2025,29/10/2025,0.53,V ugm-3
29/10/2025,12/11/2025,,
12/11/2025,25/11/2025,0.7,V ugm-3
25/11/2025,09/12/2025,0.92,V ugm-3
09/12/2025,23/12/2025,0.58,V ugm-3
23/12/2025,06/01/2026,0.84,V ugm-3
Data for year 2002,,,
Multi-day data,,,
Haringey Roadside,,,
Start Date,End Date,BENZENE,Status / units
08/03/2002,22/03/2002,2.63,V ugm-3
22/03/2002,04/04/2002,3.61,V ugm-3
04/04/2002,18/04/2002,2.31,V ugm-3
18/04/2002,16/05/2002,1.66,V ugm-3
16/05/2002,31/05/2002,1.89,V ugm-3
31/05/2002,10/06/2002,2.28,V ugm-3
10/06/2002,27/06/2002,1.72,V ugm-3
27/06/2002,11/07/2002,1.79,V ugm-3
11/07/2002,24/07/2002,1.89,V ugm-3
24/07/2002,08/08/2002,2.47,V ugm-3
08/08/2002,19/08/2002,2.57,V ugm-3
19/08/2002,04/09/2002,2.5,V ugm-3
04/09/2002,20/09/2002,2.37,V ugm-3
20/09/2002,04/10/2002,3.67,V ugm-3
04/10/2002,17/10/2002,2.67,V ugm-3
17/10/2002,31/10/2002,3.12,V ugm-3
31/10/2002,14/11/2002,4.03,V ugm-3
14/11/2002,28/11/2002,3.58,V ugm-3
28/11/2002,12/12/2002,3.12,V ugm-3
12/12/2002,23/12/2002,4.23,V ugm-3
23/12/2002,10/01/2003,1.66,V ugm-3
Data for year 2003,,,
Multi-day data,,,
Haringey Roadside,,,
Start Date,End Date,BENZENE,Status / units
10/01/2003,20/01/2003,1.4,V ugm-3
20/01/2003,04/02/2003,2.02,V ugm-3
04/02/2003,17/02/2003,3.25,V ugm-3
17/02/2003,17/03/2003,3.58,V ugm-3
17/03/2003,31/03/2003,3.41,V ugm-3
31/03/2003,15/04/2003,2.73,V ugm-3
15/04/2003,29/04/2003,2.57,V ugm-3
29/04/2003,15/05/2003,1.63,V ugm-3
15/05/2003,29/05/2003,2.02,V ugm-3
29/05/2003,12/06/2003,2.24,V ugm-3
12/06/2003,07/07/2003,2.11,V ugm-3
07/07/2003,22/07/2003,2.44,V ugm-3
22/07/2003,04/08/2003,1.53,V ugm-3
04/08/2003,19/08/2003,2.44,V ugm-3
19/08/2003,02/09/2003,1.98,V ugm-3
02/09/2003,18/09/2003,4,V ugm-3
18/09/2003,02/10/2003,3.28,V ugm-3
02/10/2003,13/10/2003,2.24,V ugm-3
13/10/2003,24/10/2003,2.73,V ugm-3
24/10/2003,14/11/2003,5.53,V ugm-3
14/11/2003,26/11/2003,2.37,V ugm-3
26/11/2003,15/12/2003,4.58,V ugm-3
15/12/2003,23/12/2003,8.35,V ugm-3
23/12/2003,07/01/2004,4.1,V ugm-3
Data for year 2004,,,
Multi-day data,,,
Haringey Roadside,,,
Start Date,End Date,BENZENE,Status / units
07/01/2004,20/01/2004,1.89,V ugm-3
20/01/2004,04/02/2004,2.02,V ugm-3
04/02/2004,17/02/2004,3.54,V ugm-3
17/02/2004,02/03/2004,2.63,V ugm-3
02/03/2004,15/03/2004,3.8,V ugm-3
15/03/2004,02/04/2004,2.93,V ugm-3
02/04/2004,16/04/2004,3.35,V ugm-3
16/04/2004,27/04/2004,4.1,V ugm-3
27/04/2004,10/05/2004,2.7,V ugm-3
10/05/2004,13/05/2004,3.45,V ugm-3
13/05/2004,25/05/2004,1.79,V ugm-3
25/05/2004,11/06/2004,1.59,V ugm-3
11/06/2004,30/06/2004,1.46,V ugm-3
30/06/2004,09/07/2004,1.3,V ugm-3
09/07/2004,27/07/2004,2.02,V ugm-3
27/07/2004,13/08/2004,1.98,V ugm-3
13/08/2004,01/09/2004,1.79,V ugm-3
01/09/2004,14/09/2004,2.76,V ugm-3
14/09/2004,01/10/2004,2.57,V ugm-3
01/10/2004,13/10/2004,3.41,V ugm-3
13/10/2004,26/10/2004,2.18,V ugm-3
26/10/2004,11/11/2004,3.25,V ugm-3
11/11/2004,23/11/2004,2.67,V ugm-3
23/11/2004,10/12/2004,5.36,V ugm-3
10/12/2004,23/12/2004,3.71,V ugm-3
23/12/2004,11/01/2005,2.28,V ugm-3
Data for year 2005,,,
Multi-day data,,,
Haringey Roadside,,,
Start Date,End Date,BENZENE,Status / units
11/01/2005,25/01/2005,2.31,V ugm-3
25/01/2005,11/02/2005,3.35,V ugm-3
11/02/2005,24/02/2005,2.47,V ugm-3
24/02/2005,08/03/2005,2.8,V ugm-3
08/03/2005,24/03/2005,3.28,V ugm-3
24/03/2005,13/04/2005,2.31,V ugm-3
13/04/2005,12/05/2005,1.4,V ugm-3
12/05/2005,26/05/2005,1.33,V ugm-3
26/05/2005,07/06/2005,1.56,V ugm-3
07/06/2005,23/06/2005,2.21,V ugm-3
23/06/2005,01/07/2005,1.66,V ugm-3
01/07/2005,21/07/2005,1.56,V ugm-3
21/07/2005,01/08/2005,1.82,V ugm-3
01/08/2005,16/08/2005,1.14,V ugm-3
16/08/2005,01/09/2005,1.2,V ugm-3
01/09/2005,13/09/2005,1.85,V ugm-3
13/09/2005,27/09/2005,2.57,V ugm-3
27/09/2005,13/10/2005,2.47,V ugm-3
13/10/2005,25/10/2005,2.76,V ugm-3
25/10/2005,14/11/2005,2.7,V ugm-3
14/11/2005,24/11/2005,4.49,V ugm-3
24/11/2005,06/12/2005,1.24,V ugm-3
06/12/2005,20/12/2005,3.19,V ugm-3
20/12/2005,06/01/2006,2.86,V ugm-3
Data for year 2006,,,
Multi-day data,,,
Haringey Roadside,,,
Start Date,End Date,BENZENE,Status / units
06/01/2006,19/01/2006,3.93,V ugm-3
19/01/2006,01/02/2006,2.37,V ugm-3
01/02/2006,16/02/2006,2.67,V ugm-3
16/02/2006,28/02/2006,1.63,V ugm-3
28/02/2006,14/03/2006,2.5,V ugm-3
14/03/2006,29/03/2006,2.34,V ugm-3
29/03/2006,11/04/2006,1.72,V ugm-3
11/04/2006,25/04/2006,1.89,V ugm-3
25/04/2006,09/05/2006,1.69,V ugm-3
09/05/2006,26/05/2006,1.17,V ugm-3
26/05/2006,13/06/2006,1.14,V ugm-3
13/06/2006,29/06/2006,0.81,V ugm-3
29/06/2006,11/07/2006,1.59,V ugm-3
11/07/2006,03/08/2006,1.27,V ugm-3
03/08/2006,17/08/2006,0.98,V ugm-3
17/08/2006,08/09/2006,0.88,V ugm-3
08/09/2006,22/09/2006,1.98,V ugm-3
22/09/2006,10/10/2006,1.69,V ugm-3
10/10/2006,19/10/2006,2.93,V ugm-3
19/10/2006,03/11/2006,0.91,V ugm-3
03/11/2006,16/11/2006,1.46,V ugm-3
16/11/2006,01/12/2006,1.66,V ugm-3
01/12/2006,14/12/2006,1.11,V ugm-3
14/12/2006,29/12/2006,2.5,V ugm-3
29/12/2006,19/01/2007,1.69,V ugm-3
Data for year 2007,,,
Multi-day data,,,
Haringey Roadside,,,
Start Date,End Date,BENZENE,Status / units
19/01/2007,01/02/2007,1.24,V ugm-3
01/02/2007,20/02/2007,2.6,V ugm-3
13/03/2007,30/03/2007,1.82,V ugm-3
30/03/2007,13/04/2007,1.43,V ugm-3
13/04/2007,27/04/2007,1.04,V ugm-3
27/04/2007,10/05/2007,0.81,V ugm-3
10/05/2007,25/05/2007,1.3,V ugm-3
25/05/2007,08/06/2007,1.89,V ugm-3
08/06/2007,22/06/2007,1.17,V ugm-3
22/06/2007,06/07/2007,0.91,V ugm-3
06/07/2007,24/07/2007,0.91,V ugm-3
24/07/2007,03/08/2007,1.07,V ugm-3
14/08/2007,16/08/2007,1.07,V ugm-3
16/08/2007,30/08/2007,1.11,V ugm-3
30/08/2007,14/09/2007,1.56,V ugm-3
14/09/2007,28/09/2007,0.68,V ugm-3
28/09/2007,12/10/2007,1.11,V ugm-3
12/10/2007,25/10/2007,1.66,V ugm-3
25/10/2007,09/11/2007,1.82,V ugm-3
09/11/2007,20/11/2007,2.7,V ugm-3
20/11/2007,06/12/2007,0.91,V ugm-3
06/12/2007,21/12/2007,3.58,V ugm-3
21/12/2007,04/01/2008,2.37,V ugm-3
Data for year 2008,,,
Multi-day data,,,
Haringey Roadside,,,
Start Date,End Date,BENZENE,Status / units
04/01/2008,01/02/2008,1.3,V ugm-3
01/02/2008,15/02/2008,3.38,V ugm-3
15/02/2008,28/02/2008,1.27,V ugm-3
28/02/2008,14/03/2008,0.85,V ugm-3
14/03/2008,28/03/2008,1.14,V ugm-3
28/03/2008,10/04/2008,1.4,V ugm-3
10/04/2008,22/04/2008,1.37,V ugm-3
22/04/2008,09/05/2008,1.59,V ugm-3
09/05/2008,20/05/2008,0.88,V ugm-3
20/05/2008,06/06/2008,0.72,V ugm-3
06/06/2008,20/06/2008,0.59,V ugm-3
20/06/2008,03/07/2008,0.62,V ugm-3
03/07/2008,18/07/2008,0.55,V ugm-3
18/07/2008,01/08/2008,0.88,V ugm-3
01/08/2008,14/08/2008,0.72,V ugm-3
14/08/2008,29/08/2008,0.62,V ugm-3
29/08/2008,11/09/2008,0.81,V ugm-3
11/09/2008,23/09/2008,1.17,V ugm-3
23/09/2008,09/10/2008,0.62,V ugm-3
09/10/2008,24/10/2008,1.4,V ugm-3
24/10/2008,06/11/2008,1.27,V ugm-3
06/11/2008,20/11/2008,0.88,V ugm-3
20/11/2008,04/12/2008,1.07,V ugm-3
04/12/2008,18/12/2008,1.76,V ugm-3
18/12/2008,29/12/2008,0.81,V ugm-3
29/12/2008,15/01/2009,1.89,V ugm-3
Data for year 2009,,,
Multi-day data,,,
Haringey Roadside,,,
Start Date,End Date,BENZENE,Status / units
15/01/2009,29/01/2009,1.27,V ugm-3
29/01/2009,12/02/2009,1.46,V ugm-3
12/02/2009,24/02/2009,1.01,V ugm-3
24/02/2009,12/03/2009,1.14,V ugm-3
12/03/2009,27/03/2009,1.07,V ugm-3
09/04/2009,23/04/2009,1.2,V ugm-3
23/04/2009,07/05/2009,1.01,V ugm-3
07/05/2009,22/05/2009,0.75,V ugm-3
22/05/2009,05/06/2009,0.68,V ugm-3
05/06/2009,16/06/2009,0.65,V ugm-3
16/06/2009,30/06/2009,0.88,V ugm-3
30/06/2009,16/07/2009,0.36,V ugm-3
16/07/2009,28/07/2009,0.52,V ugm-3
28/07/2009,13/08/2009,0.94,V ugm-3
13/08/2009,28/08/2009,1.46,V ugm-3
28/08/2009,10/09/2009,1.01,V ugm-3
10/09/2009,29/09/2009,2.08,V ugm-3
29/09/2009,14/10/2009,1.11,V ugm-3
14/10/2009,27/10/2009,1.72,V ugm-3
27/10/2009,18/11/2009,1.14,V ugm-3
18/11/2009,04/12/2009,0.94,V ugm-3
04/12/2009,18/12/2009,1.4,V ugm-3
18/12/2009,07/01/2010,1.66,V ugm-3
Data for year 2010,,,
Multi-day data,,,
Haringey Roadside,,,
Start Date,End Date,BENZENE,Status / units
07/01/2010,27/01/2010,1.98,V ugm-3
27/01/2010,09/02/2010,1.46,V ugm-3
09/02/2010,01/03/2010,1.59,V ugm-3
01/03/2010,09/03/2010,1.53,V ugm-3
09/03/2010,24/03/2010,1.17,V ugm-3
24/03/2010,06/04/2010,0.98,V ugm-3
06/04/2010,19/04/2010,1.37,V ugm-3
19/04/2010,05/05/2010,1.04,V ugm-3
05/05/2010,17/05/2010,0.88,V ugm-3
17/05/2010,03/06/2010,0.94,V ugm-3
03/06/2010,14/06/2010,0.88,V ugm-3
14/06/2010,29/06/2010,0.75,V ugm-3
29/06/2010,13/07/2010,0.68,V ugm-3
13/07/2010,27/07/2010,0.9,V ugm-3
27/07/2010,13/08/2010,0.55,V ugm-3
13/08/2010,09/09/2010,0.85,V ugm-3
09/09/2010,20/09/2010,0.57,V ugm-3
20/09/2010,07/10/2010,1.3,V ugm-3
02/12/2010,22/12/2010,1.11,V ugm-3
22/12/2010,07/01/2011,2,V ugm-3
Data for year 2011,,,
Multi-day data,,,
Haringey Roadside,,,
Start Date,End Date,BENZENE,Status / units
07/01/2011,20/01/2011,1.74,V ugm-3
20/01/2011,03/02/2011,0.95,V ugm-3
03/02/2011,17/02/2011,1.11,V ugm-3
17/02/2011,03/03/2011,1.47,V ugm-3
03/03/2011,16/03/2011,1.29,V ugm-3
16/03/2011,30/03/2011,1.63,V ugm-3
30/03/2011,15/04/2011,0.9,V ugm-3
15/04/2011,27/04/2011,1.52,V ugm-3
27/04/2011,12/05/2011,0.77,V ugm-3
12/05/2011,26/05/2011,0.53,V ugm-3
26/05/2011,10/06/2011,0.52,V ugm-3
10/06/2011,24/06/2011,0.57,V ugm-3
24/06/2011,07/07/2011,0.81,V ugm-3
07/07/2011,22/07/2011,0.47,V ugm-3
22/07/2011,04/08/2011,0.99,V ugm-3
31/10/2011,17/11/2011,1.86,V ugm-3
17/11/2011,02/12/2011,1.15,V ugm-3
02/12/2011,13/01/2012,0.79,V ugm-3
Data for year 2012,,,
Multi-day data,,,
Haringey Roadside,,,
Start Date,End Date,BENZENE,Status / units
13/01/2012,30/01/2012,1.6,V ugm-3
30/01/2012,14/02/2012,1.77,V ugm-3
14/02/2012,20/03/2012,1.02,V ugm-3
20/03/2012,05/04/2012,1.4,V ugm-3
05/04/2012,11/05/2012,0.9,V ugm-3
11/05/2012,22/05/2012,0.67,V ugm-3
22/05/2012,06/06/2012,0.79,V ugm-3
06/06/2012,21/06/2012,0.59,V ugm-3
21/06/2012,05/07/2012,0.81,V ugm-3
05/07/2012,18/07/2012,0.71,V ugm-3
18/07/2012,01/08/2012,0.93,V ugm-3
01/08/2012,15/08/2012,1.04,V ugm-3
15/08/2012,28/08/2012,1.02,V ugm-3
28/08/2012,11/09/2012,0.8,V ugm-3
11/09/2012,08/10/2012,0.75,V ugm-3
08/10/2012,22/10/2012,0.95,V ugm-3
22/10/2012,08/11/2012,0.96,V ugm-3
08/11/2012,19/11/2012,1.58,V ugm-3
19/11/2012,06/12/2012,1.75,V ugm-3
06/12/2012,20/12/2012,,
20/12/2012,10/01/2013,,
Data for year 2013,,,
Multi-day data,,,
Haringey Roadside,,,
Start Date,End Date,BENZENE,Status / units
10/01/2013,23/01/2013,,
23/01/2013,05/02/2013,,
05/02/2013,21/02/2013,,
21/02/2013,07/03/2013,,
07/03/2013,20/03/2013,,
20/03/2013,04/04/2013,,
04/04/2013,19/04/2013,,
19/04/2013,01/05/2013,1.15,V ugm-3
01/05/2013,14/05/2013,1.15,V ugm-3
14/05/2013,24/05/2013,0.77,V ugm-3
24/05/2013,11/06/2013,,
11/06/2013,26/06/2013,0.96,V ugm-3
26/06/2013,10/07/2013,0.92,V ugm-3
10/07/2013,24/07/2013,1.1,V ugm-3
24/07/2013,06/08/2013,1.06,V ugm-3
06/08/2013,21/08/2013,0.82,V ugm-3
21/08/2013,02/09/2013,1.26,V ugm-3
02/09/2013,18/09/2013,1.26,V ugm-3
18/09/2013,02/10/2013,1.5,V ugm-3
02/10/2013,15/10/2013,1.01,V ugm-3
15/10/2013,30/10/2013,1.06,V ugm-3
30/10/2013,13/11/2013,2.09,V ugm-3
13/11/2013,27/11/2013,1.24,V ugm-3
27/11/2013,11/12/2013,1.51,V ugm-3
11/12/2013,23/12/2013,1.54,V ugm-3
23/12/2013,23/01/2014,1.31,V ugm-3
Data for year 2014,,,
Multi-day data,,,
Haringey Roadside,,,
Start Date,End Date,BENZENE,Status / units
23/01/2014,06/02/2014,1.09,V ugm-3
06/02/2014,18/02/2014,1.19,V ugm-3
18/02/2014,03/03/2014,1.37,V ugm-3
03/03/2014,19/03/2014,1.88,V ugm-3
19/03/2014,31/03/2014,1.08,V ugm-3
31/03/2014,17/04/2014,1.01,V ugm-3
17/04/2014,30/04/2014,0.95,V ugm-3
30/04/2014,13/05/2014,0.88,V ugm-3
13/05/2014,28/05/2014,0.95,V ugm-3
28/05/2014,12/06/2014,1.08,V ugm-3
12/06/2014,24/06/2014,0.58,V ugm-3
24/06/2014,10/07/2014,0.63,V ugm-3
10/07/2014,23/07/2014,0.89,V ugm-3
23/07/2014,07/08/2014,0.69,V ugm-3
07/08/2014,21/08/2014,0.79,V ugm-3
21/08/2014,03/09/2014,0.66,V ugm-3
03/09/2014,17/09/2014,1.7,V ugm-3
17/09/2014,01/10/2014,1.14,V ugm-3
01/10/2014,17/10/2014,1.2,V ugm-3
17/10/2014,29/10/2014,0.97,V ugm-3
29/10/2014,12/11/2014,1.57,V ugm-3
12/11/2014,26/11/2014,2.3,V ugm-3
26/11/2014,10/12/2014,1.97,V ugm-3
10/12/2014,07/01/2015,1.22,V ugm-3
Data for year 2015,,,
Multi-day data,,,
Haringey Roadside,,,
Start Date,End Date,BENZENE,Status / units
07/01/2015,23/01/2015,1.25,V ugm-3
23/01/2015,04/02/2015,1.05,V ugm-3
04/02/2015,17/02/2015,1.63,V ugm-3
17/02/2015,05/03/2015,1.03,V ugm-3
05/03/2015,18/03/2015,1.33,V ugm-3
18/03/2015,01/04/2015,1.06,V ugm-3
01/04/2015,16/04/2015,1.06,V ugm-3
16/04/2015,30/04/2015,0.77,V ugm-3
30/04/2015,13/05/2015,0.91,V ugm-3
13/05/2015,27/05/2015,0.55,V ugm-3
27/05/2015,11/06/2015,0.49,V ugm-3
11/06/2015,24/06/2015,0.71,V ugm-3
24/06/2015,08/07/2015,0.69,V ugm-3
08/07/2015,24/07/2015,0.71,V ugm-3
24/07/2015,06/08/2015,0.69,V ugm-3
06/08/2015,19/08/2015,1.01,V ugm-3
19/08/2015,02/09/2015,0.97,V ugm-3
02/09/2015,15/09/2015,,
15/09/2015,30/09/2015,0.85,V ugm-3
30/09/2015,14/10/2015,1.32,V ugm-3
14/10/2015,28/10/2015,1.67,V ugm-3
28/10/2015,12/11/2015,1.67,V ugm-3
12/11/2015,25/11/2015,0.74,V ugm-3
25/11/2015,09/12/2015,0.93,V ugm-3
09/12/2015,22/12/2015,0.88,V ugm-3
22/12/2015,05/01/2016,0.91,V ugm-3
Data for year 2016,,,
Multi-day data,,,
Haringey Roadside,,,
Start Date,End Date,BENZENE,Status / units
05/01/2016,20/01/2016,1.52,V ugm-3
20/01/2016,03/02/2016,0.99,V ugm-3
03/02/2016,19/02/2016,1.17,V ugm-3
19/02/2016,02/03/2016,1.3,V ugm-3
02/03/2016,15/03/2016,1.17,V ugm-3
15/03/2016,30/03/2016,0.81,V ugm-3
30/03/2016,13/04/2016,0.7,V ugm-3
13/04/2016,27/04/2016,0.65,V ugm-3
27/04/2016,12/05/2016,0.99,V ugm-3
12/05/2016,24/05/2016,0.67,V ugm-3
24/05/2016,09/06/2016,0.68,V ugm-3
09/06/2016,23/06/2016,0.52,V ugm-3
23/06/2016,05/07/2016,0.42,V ugm-3
05/07/2016,19/07/2016,0.4,V ugm-3
19/07/2016,03/08/2016,0.69,V ugm-3
03/08/2016,17/08/2016,0.31,V ugm-3
17/08/2016,31/08/2016,,
31/08/2016,14/09/2016,0.71,V ugm-3
14/09/2016,27/09/2016,0.78,V ugm-3
27/09/2016,10/10/2016,0.41,V ugm-3
10/10/2016,27/10/2016,0.46,V ugm-3
27/10/2016,09/11/2016,1.65,V ugm-3
09/11/2016,23/11/2016,1.05,V ugm-3
30/11/2016,07/12/2016,2.22,V ugm-3
07/12/2016,21/12/2016,0.92,V ugm-3
21/12/2016,04/01/2017,,
Data for year 2017,,,
Multi-day data,,,
Haringey Roadside,,,
Start Date,End Date,BENZENE,Status / units
04/01/2017,18/01/2017,1.46,V ugm-3
18/01/2017,01/02/2017,2.76,V ugm-3
01/02/2017,16/02/2017,1.61,V ugm-3
16/02/2017,28/02/2017,0.98,V ugm-3
28/02/2017,15/03/2017,1.08,V ugm-3
15/03/2017,29/03/2017,0.9,V ugm-3
29/03/2017,12/04/2017,0.91,V ugm-3
12/04/2017,27/04/2017,0.53,V ugm-3
27/04/2017,11/05/2017,0.51,V ugm-3
11/05/2017,25/05/2017,0.69,V ugm-3
25/05/2017,08/06/2017,0.48,V ugm-3
08/06/2017,22/06/2017,0.88,V ugm-3
22/06/2017,06/07/2017,0.52,V ugm-3
06/07/2017,19/07/2017,0.51,V ugm-3
19/07/2017,01/08/2017,0.53,V ugm-3
01/08/2017,17/08/2017,0.53,V ugm-3
17/08/2017,30/08/2017,0.84,V ugm-3
30/08/2017,14/09/2017,0.71,V ugm-3
14/09/2017,28/09/2017,0.81,V ugm-3
28/09/2017,11/10/2017,0.76,V ugm-3
11/10/2017,26/10/2017,1.18,V ugm-3
26/10/2017,08/11/2017,1.65,V ugm-3
08/11/2017,16/11/2017,1.26,V ugm-3
16/11/2017,30/11/2017,1.08,V ugm-3
30/11/2017,12/12/2017,1.05,V ugm-3
12/12/2017,04/01/2018,1.04,V ugm-3
Data for year 2018,,,
Multi-day data,,,
Haringey Roadside,,,
Start Date,End Date,BENZENE,Status / units
04/01/2018,11/01/2018,1.5,V ugm-3
11/01/2018,25/01/2018,0.95,V ugm-3
25/01/2018,06/02/2018,0.96,V ugm-3
06/02/2018,23/02/2018,1.04,V ugm-3
23/02/2018,07/03/2018,1.29,V ugm-3
07/03/2018,20/03/2018,1.12,V ugm-3
20/03/2018,03/04/2018,0.93,V ugm-3
03/04/2018,17/04/2018,1,V ugm-3
17/04/2018,02/05/2018,0.71,V ugm-3
02/05/2018,15/05/2018,0.73,V ugm-3
15/05/2018,29/05/2018,0.69,V ugm-3
29/05/2018,12/06/2018,0.5,V ugm-3
12/06/2018,26/06/2018,0.69,V ugm-3
26/06/2018,10/07/2018,0.44,V ugm-3
10/07/2018,24/07/2018,0.39,V ugm-3
24/07/2018,07/08/2018,0.44,V ugm-3
07/08/2018,21/08/2018,0.35,V ugm-3
21/08/2018,04/09/2018,0.66,V ugm-3
04/09/2018,17/09/2018,0.66,V ugm-3
17/09/2018,02/10/2018,0.82,V ugm-3
02/10/2018,16/10/2018,0.79,V ugm-3
16/10/2018,31/10/2018,0.99,V ugm-3
31/10/2018,13/11/2018,1.26,V ugm-3
13/11/2018,27/11/2018,1.3,V ugm-3
27/11/2018,11/12/2018,0.67,V ugm-3
11/12/2018,19/12/2018,1.2,V ugm-3
19/12/2018,03/01/2019,1.14,V ugm-3
Data for year 2019,,,
Multi-day data,,,
Haringey Roadside,,,
Start Date,End Date,BENZENE,Status / units
03/01/2019,16/01/2019,0.69,V ugm-3
16/01/2019,30/01/2019,1.05,V ugm-3
30/01/2019,13/02/2019,1.09,V ugm-3
13/02/2019,27/02/2019,1.68,V ugm-3
27/02/2019,13/03/2019,0.75,V ugm-3
13/03/2019,27/03/2019,0.71,V ugm-3
27/03/2019,09/04/2019,1.01,V ugm-3
09/04/2019,24/04/2019,1.01,V ugm-3
24/04/2019,08/05/2019,0.53,V ugm-3
08/05/2019,22/05/2019,0.54,V ugm-3
22/05/2019,05/06/2019,0.47,V ugm-3
05/06/2019,19/06/2019,0.47,V ugm-3
19/06/2019,03/07/2019,0.44,V ugm-3
03/07/2019,17/07/2019,0.44,V ugm-3
17/07/2019,31/07/2019,0.5,V ugm-3
31/07/2019,14/08/2019,0.47,V ugm-3
14/08/2019,29/08/2019,0.69,V ugm-3
29/08/2019,11/09/2019,0.43,V ugm-3
11/09/2019,25/09/2019,0.6,V ugm-3
25/09/2019,09/10/2019,0.63,V ugm-3
09/10/2019,23/10/2019,0.63,V ugm-3
23/10/2019,06/11/2019,0.9,V ugm-3
06/11/2019,20/11/2019,1.38,V ugm-3
20/11/2019,13/12/2019,1,V ugm-3
13/12/2019,20/12/2019,1.08,V ugm-3
20/12/2019,03/01/2020,1,V ugm-3
Data for year 2020,,,
Multi-day data,,,
Haringey Roadside,,,
Start Date,End Date,BENZENE,Status / units
03/01/2020,15/01/2020,0.83,V ugm-3
15/01/2020,29/01/2020,1.44,V ugm-3
29/01/2020,12/02/2020,0.46,V ugm-3
12/02/2020,26/02/2020,,
26/02/2020,11/03/2020,0.38,V ugm-3
11/03/2020,25/03/2020,0.82,V ugm-3
25/03/2020,08/04/2020,0.77,V ugm-3
08/04/2020,22/04/2020,,
22/04/2020,06/05/2020,0.5,V ugm-3
06/05/2020,20/05/2020,0.44,V ugm-3
20/05/2020,03/06/2020,0.54,V ugm-3
03/06/2020,17/06/2020,0.33,V ugm-3
17/06/2020,01/07/2020,0.29,V ugm-3
01/07/2020,16/07/2020,0.35,V ugm-3
16/07/2020,29/07/2020,0.26,V ugm-3
29/07/2020,12/08/2020,0.56,V ugm-3
12/08/2020,26/08/2020,0.56,V ugm-3
26/08/2020,23/09/2020,0.72,V ugm-3
23/09/2020,07/10/2020,1.52,V ugm-3
07/10/2020,21/10/2020,1.35,V ugm-3
21/10/2020,04/11/2020,0.92,V ugm-3
04/11/2020,17/11/2020,1.73,V ugm-3
17/11/2020,02/12/2020,1.34,V ugm-3
02/12/2020,16/12/2020,1.23,V ugm-3
16/12/2020,30/12/2020,1.2,V ugm-3
30/12/2020,13/01/2021,1.52,V ugm-3
Data for year 2021,,,
Multi-day data,,,
Haringey Roadside,,,
Start Date,End Date,BENZENE,Status / units
13/01/2021,27/01/2021,1.16,V ugm-3
27/01/2021,09/02/2021,0.98,V ugm-3
09/02/2021,24/02/2021,0.99,V ugm-3
24/02/2021,10/03/2021,1.25,V ugm-3
10/03/2021,24/03/2021,0.84,V ugm-3
24/03/2021,07/04/2021,0.87,V ugm-3
07/04/2021,21/04/2021,0.95,V ugm-3
21/04/2021,05/05/2021,0.71,V ugm-3
05/05/2021,18/05/2021,0.59,V ugm-3
18/05/2021,02/06/2021,0.61,V ugm-3
02/06/2021,16/06/2021,0.45,V ugm-3
16/06/2021,30/06/2021,0.48,V ugm-3
30/06/2021,14/07/2021,0.54,V ugm-3
14/07/2021,28/07/2021,1.06,V ugm-3
28/07/2021,11/08/2021,0.62,V ugm-3
11/08/2021,25/08/2021,0.5,V ugm-3
25/08/2021,08/09/2021,0.61,V ugm-3
08/09/2021,22/09/2021,0.57,V ugm-3
22/09/2021,07/10/2021,0.47,V ugm-3
07/10/2021,20/10/2021,0.53,V ugm-3
20/10/2021,02/11/2021,0.59,V ugm-3
02/11/2021,17/11/2021,0.77,V ugm-3
17/11/2021,01/12/2021,0.73,V ugm-3
01/12/2021,15/12/2021,0.72,V ugm-3
15/12/2021,06/01/2022,0.75,V ugm-3
Data for year 2022,,,
Multi-day data,,,
Haringey Roadside,,,
Start Date,End Date,BENZENE,Status / units
06/01/2022,20/01/2022,1.97,V ugm-3
20/01/2022,03/02/2022,0.74,V ugm-3
03/02/2022,23/02/2022,0.63,V ugm-3
23/02/2022,10/03/2022,1.21,V ugm-3
10/03/2022,23/03/2022,1,V ugm-3
23/03/2022,06/04/2022,0.83,V ugm-3
06/04/2022,21/04/2022,0.68,V ugm-3
21/04/2022,04/05/2022,0.64,V ugm-3
04/05/2022,18/05/2022,0.4,V ugm-3
18/05/2022,01/06/2022,0.29,V ugm-3
01/06/2022,16/06/2022,0.4,V ugm-3
16/06/2022,28/06/2022,0.55,V ugm-3
28/06/2022,14/07/2022,0.37,V ugm-3
14/07/2022,28/07/2022,0.46,V ugm-3
28/07/2022,11/08/2022,0.4,V ugm-3
11/08/2022,25/08/2022,0.4,V ugm-3
25/08/2022,08/09/2022,0.58,V ugm-3
08/09/2022,21/09/2022,0.8,V ugm-3
21/09/2022,05/10/2022,0.68,V ugm-3
05/10/2022,20/10/2022,1.08,V ugm-3
20/10/2022,02/11/2022,0.67,V ugm-3
02/11/2022,16/11/2022,0.91,V ugm-3
16/11/2022,30/11/2022,0.93,V ugm-3
30/11/2022,21/12/2022,1.81,V ugm-3
21/12/2022,11/01/2023,0.54,V ugm-3
Data for year 2023,,,
Multi-day data,,,
Haringey Roadside,,,
Start Date,End Date,BENZENE,Status / units
11/01/2023,26/01/2023,2.35,V ugm-3
26/01/2023,09/02/2023,1.35,V ugm-3
09/02/2023,23/02/2023,,
23/02/2023,09/03/2023,1.12,V ugm-3
09/03/2023,22/03/2023,1.11,V ugm-3
22/03/2023,04/04/2023,0.56,V ugm-3
04/04/2023,19/04/2023,0.66,V ugm-3
19/04/2023,05/05/2023,0.9,V ugm-3
05/05/2023,18/05/2023,0.57,V ugm-3
18/05/2023,31/05/2023,0.48,V ugm-3
31/05/2023,15/06/2023,0.49,V ugm-3
15/06/2023,28/06/2023,0.81,V ugm-3
28/06/2023,12/07/2023,0.59,V ugm-3
12/07/2023,28/07/2023,0.57,V ugm-3
28/07/2023,10/08/2023,0.45,V ugm-3
10/08/2023,23/08/2023,0.52,V ugm-3
23/08/2023,07/09/2023,0.87,V ugm-3
07/09/2023,20/09/2023,0.84,V ugm-3
20/09/2023,05/10/2023,0.71,V ugm-3
05/10/2023,17/10/2023,1,V ugm-3
17/10/2023,31/10/2023,1.32,V ugm-3
31/10/2023,16/11/2023,0.94,V ugm-3
16/11/2023,30/11/2023,1.01,V ugm-3
30/11/2023,13/12/2023,1.16,V ugm-3
13/12/2023,28/12/2023,0.75,V ugm-3
28/12/2023,10/01/2024,0.79,V ugm-3
Data for year 2024,,,
Multi-day data,,,
Haringey Roadside,,,
Start Date,End Date,BENZENE,Status / units
10/01/2024,24/01/2024,1.12,V ugm-3
24/01/2024,07/02/2024,0.82,V ugm-3
07/02/2024,21/02/2024,0.81,V ugm-3
21/02/2024,06/03/2024,1.2,V ugm-3
06/03/2024,19/03/2024,1.19,V ugm-3
19/03/2024,04/04/2024,0.87,V ugm-3
04/04/2024,17/04/2024,0.46,V ugm-3
17/04/2024,01/05/2024,0.57,V ugm-3
01/05/2024,14/05/2024,0.73,V ugm-3
14/05/2024,29/05/2024,0.5,V ugm-3
29/05/2024,12/06/2024,,
12/06/2024,25/06/2024,0.56,V ugm-3
25/06/2024,09/07/2024,0.35,V ugm-3
09/07/2024,24/07/2024,0.41,V ugm-3
24/07/2024,08/08/2024,0.47,V ugm-3
08/08/2024,22/08/2024,0.52,V ugm-3
22/08/2024,05/09/2024,0.59,V ugm-3
05/09/2024,18/09/2024,0.66,V ugm-3
18/09/2024,02/10/2024,0.66,V ugm-3
02/10/2024,16/10/2024,0.75,V ugm-3
16/10/2024,30/10/2024,0.89,V ugm-3
30/10/2024,14/11/2024,0.6,V ugm-3
14/11/2024,28/11/2024,0.74,V ugm-3
28/11/2024,23/12/2024,0.71,V ugm-3
23/12/2024,08/01/2025,0.74,V ugm-3
Data for year 2025,,,
Multi-day data,,,
Haringey Roadside,,,
Start Date,End Date,BENZENE,Status / units
08/01/2025,22/01/2025,1.97,V ugm-3
22/01/2025,06/02/2025,1.03,V ugm-3
06/02/2025,19/02/2025,1.28,V ugm-3
19/02/2025,05/03/2025,0.79,V ugm-3
05/03/2025,19/03/2025,0.74,V ugm-3
19/03/2025,03/04/2025,0.59,V ugm-3
03/04/2025,15/04/2025,0.52,V ugm-3
15/04/2025,30/04/2025,0.44,V ugm-3
30/04/2025,28/05/2025,,
28/05/2025,10/06/2025,0.42,V ugm-3
10/06/2025,26/06/2025,0.46,V ugm-3
26/06/2025,08/07/2025,0.34,V ugm-3
08/07/2025,22/07/2025,0.51,V ugm-3
22/07/2025,06/08/2025,0.53,V ugm-3
06/08/2025,21/08/2025,0.53,V ugm-3
21/08/2025,04/09/2025,0.51,V ugm-3
04/09/2025,16/09/2025,0.64,V ugm-3
16/09/2025,03/10/2025,0.7,V ugm-3
03/10/2025,14/10/2025,0.68,V ugm-3
14/10/2025,29/10/2025,0.48,V ugm-3
29/10/2025,12/11/2025,0.65,V ugm-3
12/11/2025,27/11/2025,0.85,V ugm-3
27/11/2025,10/12/2025,0.74,V ugm-3
10/12/2025,23/12/2025,1.02,V ugm-3
23/12/2025,07/01/2026,0.75,V ugm-3
Data for year 2002,,,
Multi-day data,,,
Hove Roadside,,,
Start Date,End Date,BENZENE,Status / units
27/02/2002,13/03/2002,2.08,V ugm-3
13/03/2002,26/03/2002,1.89,V ugm-3
26/03/2002,10/04/2002,1.95,V ugm-3
10/04/2002,24/04/2002,2.02,V ugm-3
24/04/2002,08/05/2002,1.04,V ugm-3
08/05/2002,23/05/2002,1.17,V ugm-3
23/05/2002,05/06/2002,0.88,V ugm-3
05/06/2002,20/06/2002,0.78,V ugm-3
20/06/2002,03/07/2002,0.81,V ugm-3
03/07/2002,18/07/2002,1.11,V ugm-3
18/07/2002,31/07/2002,1.24,V ugm-3
31/07/2002,14/08/2002,1.53,V ugm-3
14/08/2002,28/08/2002,1.66,V ugm-3
28/08/2002,25/09/2002,1.92,V ugm-3
25/09/2002,09/10/2002,1.95,V ugm-3
09/10/2002,23/10/2002,2.11,V ugm-3
23/10/2002,06/11/2002,1.72,V ugm-3
06/11/2002,20/11/2002,1.82,V ugm-3
20/11/2002,05/12/2002,1.4,V ugm-3
05/12/2002,18/12/2002,3.35,V ugm-3
18/12/2002,03/01/2003,2.47,V ugm-3
Data for year 2003,,,
Multi-day data,,,
Hove Roadside,,,
Start Date,End Date,BENZENE,Status / units
03/01/2003,15/01/2003,0.65,V ugm-3
15/01/2003,29/01/2003,1.69,V ugm-3
29/01/2003,12/02/2003,1.59,V ugm-3
12/02/2003,26/02/2003,3.54,V ugm-3
26/02/2003,12/03/2003,1.59,V ugm-3
12/03/2003,26/03/2003,2.63,V ugm-3
26/03/2003,09/04/2003,2.11,V ugm-3
09/04/2003,23/04/2003,2.08,V ugm-3
23/04/2003,07/05/2003,1.33,V ugm-3
07/05/2003,22/05/2003,0.85,V ugm-3
22/05/2003,04/06/2003,1.4,V ugm-3
04/06/2003,18/06/2003,1.43,V ugm-3
18/06/2003,02/07/2003,1.46,V ugm-3
02/07/2003,16/07/2003,1.76,V ugm-3
16/07/2003,30/07/2003,0.91,V ugm-3
30/07/2003,14/08/2003,1.95,V ugm-3
14/08/2003,28/08/2003,1.4,V ugm-3
28/08/2003,11/09/2003,2.05,V ugm-3
11/09/2003,24/09/2003,2.63,V ugm-3
24/09/2003,08/10/2003,1.56,V ugm-3
08/10/2003,21/10/2003,2.34,V ugm-3
21/10/2003,20/11/2003,3.06,V ugm-3
20/11/2003,04/12/2003,2.8,V ugm-3
04/12/2003,17/12/2003,3.12,V ugm-3
17/12/2003,06/01/2004,1.82,V ugm-3
Data for year 2004,,,
Multi-day data,,,
Hove Roadside,,,
Start Date,End Date,BENZENE,Status / units
06/01/2004,21/01/2004,1.82,V ugm-3
21/01/2004,04/02/2004,1.53,V ugm-3
04/02/2004,20/02/2004,2.89,V ugm-3
20/02/2004,03/03/2004,1.95,V ugm-3
03/03/2004,17/03/2004,2.83,V ugm-3
17/03/2004,30/03/2004,1.89,V ugm-3
30/03/2004,14/04/2004,2.24,V ugm-3
14/04/2004,29/04/2004,2.6,V ugm-3
29/04/2004,12/05/2004,1.63,V ugm-3
12/05/2004,27/05/2004,1.95,V ugm-3
27/05/2004,09/06/2004,1.72,V ugm-3
09/06/2004,23/06/2004,1.17,V ugm-3
23/06/2004,08/07/2004,0.98,V ugm-3
08/07/2004,22/07/2004,1.24,V ugm-3
22/07/2004,04/08/2004,1.72,V ugm-3
04/08/2004,18/08/2004,1.24,V ugm-3
18/08/2004,01/09/2004,0.75,V ugm-3
01/09/2004,16/09/2004,1.72,V ugm-3
16/09/2004,30/09/2004,1.5,V ugm-3
30/09/2004,13/10/2004,1.5,V ugm-3
13/10/2004,28/10/2004,1.5,V ugm-3
28/10/2004,10/11/2004,2.57,V ugm-3
10/11/2004,25/11/2004,2.5,V ugm-3
25/11/2004,07/12/2004,4.23,V ugm-3
07/12/2004,21/12/2004,2.15,V ugm-3
21/12/2004,05/01/2005,2.21,V ugm-3
Data for year 2005,,,
Multi-day data,,,
Hove Roadside,,,
Start Date,End Date,BENZENE,Status / units
05/01/2005,19/01/2005,1.11,V ugm-3
19/01/2005,02/02/2005,1.82,V ugm-3
02/02/2005,15/02/2005,2.93,V ugm-3
15/02/2005,01/03/2005,3.48,V ugm-3
01/03/2005,17/03/2005,2.02,V ugm-3
17/03/2005,29/03/2005,2.89,V ugm-3
29/03/2005,12/04/2005,2.34,V ugm-3
12/04/2005,26/04/2005,2.31,V ugm-3
26/04/2005,11/05/2005,1.01,V ugm-3
11/05/2005,24/05/2005,0.88,V ugm-3
24/05/2005,08/06/2005,1.3,V ugm-3
08/06/2005,21/06/2005,1.24,V ugm-3
21/06/2005,05/07/2005,0.88,V ugm-3
05/07/2005,19/07/2005,1.53,V ugm-3
19/07/2005,02/08/2005,1.01,V ugm-3
02/08/2005,16/08/2005,1.01,V ugm-3
16/08/2005,30/08/2005,1.43,P ugm-3
30/08/2005,13/09/2005,1.76,V ugm-3
13/09/2005,28/09/2005,1.3,V ugm-3
28/09/2005,11/10/2005,1.95,V ugm-3
11/10/2005,26/10/2005,1.5,V ugm-3
26/10/2005,16/11/2005,1.5,V ugm-3
16/11/2005,23/11/2005,4.36,V ugm-3
23/11/2005,07/12/2005,1.11,V ugm-3
07/12/2005,22/12/2005,3.35,V ugm-3
22/12/2005,11/01/2006,1.92,V ugm-3
Data for year 2006,,,
Multi-day data,,,
Hove Roadside,,,
Start Date,End Date,BENZENE,Status / units
11/01/2006,25/01/2006,1.66,V ugm-3
25/01/2006,07/02/2006,2.34,V ugm-3
07/02/2006,02/03/2006,1.46,V ugm-3
02/03/2006,13/03/2006,1.82,V ugm-3
13/03/2006,12/04/2006,1.14,V ugm-3
12/04/2006,13/04/2006,1.07,V ugm-3
13/04/2006,06/05/2006,1.43,V ugm-3
06/05/2006,20/05/2006,1.04,V ugm-3
20/05/2006,31/05/2006,0.49,V ugm-3
31/05/2006,14/06/2006,0.98,V ugm-3
14/06/2006,12/07/2006,1.07,V ugm-3
12/07/2006,02/08/2006,0.75,V ugm-3
02/08/2006,31/08/2006,0.52,V ugm-3
31/08/2006,22/09/2006,0.75,V ugm-3
22/09/2006,06/10/2006,0.94,V ugm-3
06/10/2006,25/10/2006,0.91,V ugm-3
25/10/2006,09/11/2006,1.11,V ugm-3
09/11/2006,20/11/2006,0.55,V ugm-3
20/11/2006,06/12/2006,0.62,V ugm-3
06/12/2006,19/12/2006,1.17,V ugm-3
19/12/2006,03/01/2007,2.99,V ugm-3
Data for year 2007,,,
Multi-day data,,,
Hove Roadside,,,
Start Date,End Date,BENZENE,Status / units
03/01/2007,02/02/2007,1.72,V ugm-3
02/02/2007,21/02/2007,0.85,V ugm-3
21/02/2007,15/03/2007,0.75,V ugm-3
15/03/2007,05/04/2007,1.3,V ugm-3
05/04/2007,23/04/2007,0.75,V ugm-3
23/04/2007,03/05/2007,0.91,V ugm-3
03/05/2007,21/05/2007,0.75,V ugm-3
21/05/2007,14/06/2007,0.72,V ugm-3
14/06/2007,28/06/2007,0.55,V ugm-3
28/06/2007,12/07/2007,0.55,V ugm-3
12/07/2007,25/07/2007,0.52,V ugm-3
25/07/2007,08/08/2007,0.75,V ugm-3
08/08/2007,21/08/2007,0.72,V ugm-3
21/08/2007,05/09/2007,1.04,V ugm-3
05/09/2007,19/09/2007,0.91,V ugm-3
19/09/2007,03/10/2007,1.04,V ugm-3
03/10/2007,31/10/2007,1.24,V ugm-3
31/10/2007,20/11/2007,1.04,V ugm-3
Data for year 2002,,,
Multi-day data,,,
Hull Freetown,,,
Start Date,End Date,BENZENE,Status / units
24/10/2002,07/11/2002,1.63,V ugm-3
07/11/2002,14/11/2002,1.85,V ugm-3
14/11/2002,28/11/2002,2.21,V ugm-3
28/11/2002,12/12/2002,1.76,V ugm-3
12/12/2002,30/12/2002,2.47,V ugm-3
30/12/2002,14/01/2003,1.43,V ugm-3
Data for year 2003,,,
Multi-day data,,,
Hull Freetown,,,
Start Date,End Date,BENZENE,Status / units
14/01/2003,23/01/2003,1.07,V ugm-3
23/01/2003,06/02/2003,1.01,V ugm-3
06/02/2003,20/02/2003,1.95,V ugm-3
20/02/2003,06/03/2003,1.95,V ugm-3
06/03/2003,20/03/2003,1.85,V ugm-3
20/03/2003,03/04/2003,1.92,V ugm-3
03/04/2003,17/04/2003,1.43,V ugm-3
17/04/2003,30/04/2003,1.11,V ugm-3
30/04/2003,15/05/2003,0.88,V ugm-3
15/05/2003,12/06/2003,1.59,V ugm-3
12/06/2003,26/06/2003,0.72,V ugm-3
26/06/2003,10/07/2003,1.14,V ugm-3
10/07/2003,24/07/2003,0.81,V ugm-3
24/07/2003,11/08/2003,1.11,V ugm-3
11/08/2003,21/08/2003,1.04,V ugm-3
21/08/2003,04/09/2003,1.01,V ugm-3
04/09/2003,18/09/2003,1.79,V ugm-3
18/09/2003,02/10/2003,1.14,V ugm-3
02/10/2003,16/10/2003,1.01,V ugm-3
16/10/2003,30/10/2003,1.2,V ugm-3
30/10/2003,13/11/2003,1.79,V ugm-3
13/11/2003,27/11/2003,1.72,V ugm-3
27/11/2003,11/12/2003,2.99,V ugm-3
11/12/2003,23/12/2003,1.85,V ugm-3
23/12/2003,07/01/2004,2.21,V ugm-3
Data for year 2004,,,
Multi-day data,,,
Hull Freetown,,,
Start Date,End Date,BENZENE,Status / units
07/01/2004,27/01/2004,1.95,V ugm-3
27/01/2004,05/02/2004,1.14,V ugm-3
05/02/2004,19/02/2004,1.33,V ugm-3
19/02/2004,04/03/2004,1.27,V ugm-3
04/03/2004,18/03/2004,2.08,V ugm-3
18/03/2004,01/04/2004,1.4,V ugm-3
01/04/2004,15/04/2004,0.91,V ugm-3
15/04/2004,29/04/2004,1.56,V ugm-3
29/04/2004,13/05/2004,1.24,V ugm-3
13/05/2004,27/05/2004,1.14,V ugm-3
27/05/2004,10/06/2004,0.81,V ugm-3
10/06/2004,24/06/2004,0.65,V ugm-3
24/06/2004,08/07/2004,0.98,V ugm-3
08/07/2004,22/07/2004,0.91,V ugm-3
22/07/2004,05/08/2004,1.11,V ugm-3
05/08/2004,19/08/2004,1.07,V ugm-3
19/08/2004,02/09/2004,0.94,V ugm-3
02/09/2004,16/09/2004,1.2,V ugm-3
16/09/2004,30/09/2004,1.04,V ugm-3
30/09/2004,14/10/2004,0.88,V ugm-3
14/10/2004,28/10/2004,0.98,V ugm-3
28/10/2004,11/11/2004,1.4,V ugm-3
11/11/2004,02/12/2004,1.01,V ugm-3
02/12/2004,09/12/2004,1.95,V ugm-3
09/12/2004,22/12/2004,1.53,V ugm-3
22/12/2004,06/01/2005,1.69,V ugm-3
Data for year 2005,,,
Multi-day data,,,
Hull Freetown,,,
Start Date,End Date,BENZENE,Status / units
06/01/2005,20/01/2005,1.27,V ugm-3
20/01/2005,03/02/2005,1.43,V ugm-3
03/02/2005,17/02/2005,2.76,V ugm-3
17/02/2005,03/03/2005,1.82,V ugm-3
03/03/2005,17/03/2005,1.46,V ugm-3
17/03/2005,31/03/2005,1.79,V ugm-3
31/03/2005,14/04/2005,1.69,V ugm-3
14/04/2005,28/04/2005,1.01,V ugm-3
28/04/2005,12/05/2005,0.78,V ugm-3
12/05/2005,26/05/2005,0.65,V ugm-3
26/05/2005,09/06/2005,1.07,V ugm-3
09/06/2005,23/06/2005,0.78,V ugm-3
23/06/2005,07/07/2005,0.39,V ugm-3
07/07/2005,21/07/2005,0.81,V ugm-3
21/07/2005,04/08/2005,0.65,V ugm-3
04/08/2005,18/08/2005,0.75,V ugm-3
18/08/2005,01/09/2005,0.59,V ugm-3
01/09/2005,15/09/2005,2.05,V ugm-3
15/09/2005,29/09/2005,1.3,V ugm-3
29/09/2005,13/10/2005,1.4,V ugm-3
13/10/2005,27/10/2005,1.17,V ugm-3
27/10/2005,10/11/2005,1.2,V ugm-3
10/11/2005,24/11/2005,3.06,V ugm-3
24/11/2005,08/12/2005,1.37,V ugm-3
08/12/2005,22/12/2005,2.54,V ugm-3
22/12/2005,05/01/2006,2.41,V ugm-3
Data for year 2006,,,
Multi-day data,,,
Hull Freetown,,,
Start Date,End Date,BENZENE,Status / units
05/01/2006,19/01/2006,1.59,V ugm-3
19/01/2006,02/02/2006,3.28,V ugm-3
02/02/2006,16/02/2006,1.59,V ugm-3
16/02/2006,02/03/2006,1.07,V ugm-3
02/03/2006,16/03/2006,1.53,V ugm-3
16/03/2006,30/03/2006,1.53,V ugm-3
30/03/2006,13/04/2006,1.04,V ugm-3
19/06/2006,22/06/2006,0.39,V ugm-3
22/06/2006,07/07/2006,0.85,V ugm-3
07/07/2006,20/07/2006,0.59,V ugm-3
20/07/2006,03/08/2006,0.72,V ugm-3
03/08/2006,17/08/2006,0.39,V ugm-3
17/08/2006,31/08/2006,0.49,V ugm-3
31/08/2006,14/09/2006,1.17,V ugm-3
14/09/2006,28/09/2006,1.07,V ugm-3
28/09/2006,12/10/2006,0.85,V ugm-3
12/10/2006,26/10/2006,0.98,V ugm-3
26/10/2006,09/11/2006,0.81,V ugm-3
09/11/2006,23/11/2006,0.55,V ugm-3
23/11/2006,07/12/2006,0.78,V ugm-3
07/12/2006,21/12/2006,3.06,V ugm-3
21/12/2006,04/01/2007,2.28,V ugm-3
Data for year 2007,,,
Multi-day data,,,
Hull Freetown,,,
Start Date,End Date,BENZENE,Status / units
04/01/2007,01/02/2007,0.81,V ugm-3
01/02/2007,01/03/2007,1.14,V ugm-3
01/03/2007,15/03/2007,1.92,V ugm-3
15/03/2007,29/03/2007,1.11,V ugm-3
29/03/2007,12/04/2007,0.75,V ugm-3
12/04/2007,26/04/2007,0.62,V ugm-3
26/04/2007,10/05/2007,0.65,V ugm-3
10/05/2007,24/05/2007,0.91,V ugm-3
24/05/2007,07/06/2007,0.49,V ugm-3
07/06/2007,21/06/2007,0.68,V ugm-3
21/06/2007,05/07/2007,0.55,V ugm-3
05/07/2007,19/07/2007,0.59,V ugm-3
19/07/2007,02/08/2007,0.42,V ugm-3
02/08/2007,16/08/2007,0.49,V ugm-3
16/08/2007,30/08/2007,0.29,V ugm-3
30/08/2007,13/09/2007,0.59,V ugm-3
13/09/2007,27/09/2007,0.39,V ugm-3
27/09/2007,11/10/2007,0.81,V ugm-3
11/10/2007,25/10/2007,1.07,V ugm-3
25/10/2007,08/11/2007,1.59,V ugm-3
08/11/2007,14/11/2007,0.98,V ugm-3
Data for year 2008,,,
Multi-day data,,,
Killingholme,,,
Start Date,End Date,BENZENE,Status / units
02/09/2008,16/09/2008,0.85,V ugm-3
16/09/2008,30/09/2008,1.07,V ugm-3
30/09/2008,14/10/2008,0.46,V ugm-3
14/10/2008,29/10/2008,0.39,V ugm-3
29/10/2008,12/11/2008,1.07,V ugm-3
12/11/2008,25/11/2008,0.36,V ugm-3
25/11/2008,10/12/2008,0.81,V ugm-3
10/12/2008,23/12/2008,0.75,V ugm-3
23/12/2008,06/01/2009,1.95,V ugm-3
Data for year 2009,,,
Multi-day data,,,
Killingholme,,,
Start Date,End Date,BENZENE,Status / units
06/01/2009,20/01/2009,0.78,V ugm-3
20/01/2009,03/02/2009,1.3,V ugm-3
03/02/2009,17/02/2009,1.2,V ugm-3
17/02/2009,03/03/2009,0.78,V ugm-3
03/03/2009,17/03/2009,0.85,V ugm-3
17/03/2009,31/03/2009,0.65,V ugm-3
31/03/2009,15/04/2009,1.07,V ugm-3
15/04/2009,28/04/2009,1.24,V ugm-3
28/04/2009,12/05/2009,0.42,V ugm-3
12/05/2009,26/05/2009,0.88,V ugm-3
26/05/2009,09/06/2009,1.01,V ugm-3
09/06/2009,25/06/2009,0.85,V ugm-3
25/06/2009,07/07/2009,1.07,V ugm-3
07/07/2009,21/07/2009,0.49,V ugm-3
21/07/2009,04/08/2009,0.29,V ugm-3
04/08/2009,12/08/2009,0.72,V ugm-3
12/08/2009,01/09/2009,0.46,V ugm-3
01/09/2009,16/09/2009,1.63,V ugm-3
16/09/2009,30/09/2009,1.37,V ugm-3
30/09/2009,14/10/2009,0.68,V ugm-3
14/10/2009,30/10/2009,0.55,V ugm-3
30/10/2009,13/11/2009,0.94,V ugm-3
13/11/2009,25/11/2009,0.36,V ugm-3
25/11/2009,13/12/2009,0.91,V ugm-3
13/12/2009,04/01/2010,2.93,V ugm-3
Data for year 2010,,,
Multi-day data,,,
Killingholme,,,
Start Date,End Date,BENZENE,Status / units
04/01/2010,19/01/2010,2.7,V ugm-3
19/01/2010,01/02/2010,1.24,V ugm-3
01/02/2010,22/02/2010,1.3,V ugm-3
22/02/2010,05/03/2010,1.56,V ugm-3
05/03/2010,17/03/2010,0.85,V ugm-3
Data for year 2002,,,
Multi-day data,,,
Leamington Spa,,,
Start Date,End Date,BENZENE,Status / units
13/06/2002,27/06/2002,0.85,V ugm-3
27/06/2002,11/07/2002,0.81,V ugm-3
08/08/2002,22/08/2002,0.91,V ugm-3
22/08/2002,05/09/2002,0.91,V ugm-3
05/09/2002,19/09/2002,0.98,V ugm-3
19/09/2002,03/10/2002,0.98,V ugm-3
03/10/2002,17/10/2002,1.11,V ugm-3
17/10/2002,30/10/2002,1.14,V ugm-3
30/10/2002,14/11/2002,1.24,V ugm-3
14/11/2002,28/11/2002,1.37,V ugm-3
28/11/2002,12/12/2002,1.72,V ugm-3
12/12/2002,02/01/2003,1.5,V ugm-3
Data for year 2003,,,
Multi-day data,,,
Leamington Spa,,,
Start Date,End Date,BENZENE,Status / units
02/01/2003,30/01/2003,1.43,V ugm-3
30/01/2003,13/02/2003,1.46,V ugm-3
13/02/2003,27/02/2003,1.95,V ugm-3
27/02/2003,12/03/2003,0.98,V ugm-3
12/03/2003,02/04/2003,1.53,V ugm-3
02/04/2003,17/04/2003,1.01,V ugm-3
17/04/2003,30/04/2003,1.01,V ugm-3
30/04/2003,15/05/2003,0.72,V ugm-3
15/05/2003,29/05/2003,0.78,V ugm-3
29/05/2003,16/06/2003,0.78,V ugm-3
16/06/2003,02/07/2003,0.81,V ugm-3
02/07/2003,21/07/2003,0.59,V ugm-3
21/07/2003,31/07/2003,0.78,V ugm-3
31/07/2003,18/08/2003,0.81,V ugm-3
18/08/2003,01/09/2003,0.98,V ugm-3
01/09/2003,10/09/2003,1.17,V ugm-3
10/09/2003,25/09/2003,1.4,V ugm-3
25/09/2003,09/10/2003,1.24,V ugm-3
09/10/2003,23/10/2003,1.2,V ugm-3
23/10/2003,20/11/2003,2.47,V ugm-3
20/11/2003,04/12/2003,2.47,V ugm-3
04/12/2003,18/12/2003,2.11,V ugm-3
18/12/2003,05/01/2004,2.44,V ugm-3
Data for year 2004,,,
Multi-day data,,,
Leamington Spa,,,
Start Date,End Date,BENZENE,Status / units
05/01/2004,22/01/2004,1.4,V ugm-3
22/01/2004,05/02/2004,1.07,V ugm-3
05/02/2004,19/02/2004,1.82,V ugm-3
19/02/2004,04/03/2004,1.92,V ugm-3
04/03/2004,18/03/2004,1.46,V ugm-3
18/03/2004,01/04/2004,1.4,V ugm-3
01/04/2004,15/04/2004,1.3,V ugm-3
15/04/2004,29/04/2004,1.27,V ugm-3
29/04/2004,13/05/2004,1.43,V ugm-3
13/05/2004,27/05/2004,1.14,V ugm-3
27/05/2004,10/06/2004,0.88,V ugm-3
10/06/2004,24/06/2004,0.85,V ugm-3
24/06/2004,08/07/2004,0.72,V ugm-3
08/07/2004,22/07/2004,1.3,V ugm-3
22/07/2004,05/08/2004,0.91,V ugm-3
05/08/2004,19/08/2004,0.81,V ugm-3
19/08/2004,02/09/2004,0.94,V ugm-3
02/09/2004,23/09/2004,0.88,V ugm-3
23/09/2004,07/10/2004,1.17,V ugm-3
07/10/2004,21/10/2004,2.02,V ugm-3
21/10/2004,04/11/2004,1.07,V ugm-3
04/11/2004,18/11/2004,1.56,V ugm-3
18/11/2004,02/12/2004,2.31,V ugm-3
02/12/2004,16/12/2004,1.79,V ugm-3
Data for year 2005,,,
Multi-day data,,,
Leamington Spa,,,
Start Date,End Date,BENZENE,Status / units
07/01/2005,21/01/2005,1.33,V ugm-3
21/01/2005,04/02/2005,1.56,V ugm-3
04/02/2005,17/02/2005,2.34,V ugm-3
17/02/2005,07/03/2005,1.69,V ugm-3
07/03/2005,21/03/2005,1.92,V ugm-3
21/03/2005,31/03/2005,1.2,V ugm-3
31/03/2005,14/04/2005,1.3,V ugm-3
14/04/2005,28/04/2005,0.91,V ugm-3
28/04/2005,12/05/2005,0.55,V ugm-3
12/05/2005,26/05/2005,0.62,V ugm-3
26/05/2005,09/06/2005,1.04,V ugm-3
09/06/2005,23/06/2005,0.88,V ugm-3
23/06/2005,04/07/2005,0.68,V ugm-3
04/07/2005,25/07/2005,0.75,V ugm-3
21/10/2005,28/11/2005,1.43,V ugm-3
28/11/2005,14/12/2005,1.5,V ugm-3
14/12/2005,28/12/2005,1.79,V ugm-3
28/12/2005,12/01/2006,2.15,V ugm-3
Data for year 2006,,,
Multi-day data,,,
Leamington Spa,,,
Start Date,End Date,BENZENE,Status / units
12/01/2006,23/01/2006,1.33,V ugm-3
23/01/2006,06/02/2006,1.37,V ugm-3
06/02/2006,20/02/2006,1.63,V ugm-3
20/02/2006,06/03/2006,1.59,V ugm-3
06/03/2006,20/03/2006,1.11,V ugm-3
20/03/2006,03/04/2006,0.91,V ugm-3
03/04/2006,19/04/2006,0.98,V ugm-3
19/04/2006,04/05/2006,0.81,V ugm-3
04/05/2006,15/05/2006,0.72,V ugm-3
15/05/2006,26/05/2006,0.72,V ugm-3
26/05/2006,12/06/2006,0.36,V ugm-3
12/06/2006,26/06/2006,0.52,V ugm-3
26/06/2006,10/07/2006,0.68,V ugm-3
10/07/2006,24/07/2006,0.75,V ugm-3
24/07/2006,04/08/2006,0.42,V ugm-3
04/08/2006,21/08/2006,0.68,V ugm-3
21/08/2006,04/09/2006,0.49,V ugm-3
04/09/2006,18/09/2006,0.88,V ugm-3
18/09/2006,02/10/2006,0.85,V ugm-3
02/10/2006,16/10/2006,1.07,V ugm-3
16/10/2006,01/11/2006,0.49,V ugm-3
01/11/2006,13/11/2006,1.07,V ugm-3
13/11/2006,27/11/2006,0.42,V ugm-3
27/11/2006,11/12/2006,0.55,V ugm-3
11/12/2006,28/12/2006,1.01,V ugm-3
28/12/2006,08/01/2007,0.81,V ugm-3
Data for year 2007,,,
Multi-day data,,,
Leamington Spa,,,
Start Date,End Date,BENZENE,Status / units
08/01/2007,23/01/2007,1.17,V ugm-3
23/01/2007,05/02/2007,1.4,V ugm-3
05/02/2007,19/02/2007,0.94,V ugm-3
19/02/2007,05/03/2007,0.78,V ugm-3
05/03/2007,19/03/2007,0.75,V ugm-3
19/03/2007,02/04/2007,0.98,V ugm-3
02/04/2007,16/04/2007,0.65,V ugm-3
16/04/2007,30/04/2007,0.33,V ugm-3
30/04/2007,14/05/2007,0.29,V ugm-3
14/05/2007,29/05/2007,0.65,V ugm-3
29/05/2007,11/06/2007,0.52,V ugm-3
11/06/2007,09/07/2007,0.42,V ugm-3
09/07/2007,23/07/2007,0.42,V ugm-3
23/07/2007,06/08/2007,0.42,V ugm-3
06/08/2007,20/08/2007,0.42,V ugm-3
20/08/2007,03/09/2007,0.42,V ugm-3
03/09/2007,10/09/2007,0.55,V ugm-3
10/09/2007,01/10/2007,0.39,V ugm-3
01/10/2007,15/10/2007,0.72,V ugm-3
15/10/2007,30/10/2007,0.72,V ugm-3
30/10/2007,12/11/2007,1.33,V ugm-3
12/11/2007,26/11/2007,1.37,V ugm-3
26/11/2007,10/12/2007,0.46,V ugm-3
10/12/2007,21/12/2007,2.11,V ugm-3
21/12/2007,07/01/2008,1.11,V ugm-3
Data for year 2008,,,
Multi-day data,,,
Leamington Spa,,,
Start Date,End Date,BENZENE,Status / units
07/01/2008,21/01/2008,0.78,V ugm-3
21/01/2008,04/02/2008,0.62,V ugm-3
04/02/2008,18/02/2008,1.92,V ugm-3
18/02/2008,03/03/2008,0.81,V ugm-3
03/03/2008,17/03/2008,0.42,V ugm-3
17/03/2008,31/03/2008,0.49,V ugm-3
31/03/2008,14/04/2008,0.75,V ugm-3
14/04/2008,28/04/2008,0.42,V ugm-3
28/04/2008,12/05/2008,0.62,V ugm-3
12/05/2008,27/05/2008,0.42,V ugm-3
27/05/2008,09/06/2008,0.49,V ugm-3
09/06/2008,23/06/2008,0.33,V ugm-3
23/06/2008,07/07/2008,0.26,V ugm-3
07/07/2008,21/07/2008,0.26,V ugm-3
21/07/2008,04/08/2008,0.36,V ugm-3
04/08/2008,19/08/2008,0.26,V ugm-3
19/08/2008,01/09/2008,0.42,V ugm-3
01/09/2008,15/09/2008,0.33,V ugm-3
15/09/2008,29/09/2008,0.59,V ugm-3
29/09/2008,13/10/2008,0.52,V ugm-3
13/10/2008,28/10/2008,0.52,V ugm-3
28/10/2008,13/11/2008,0.65,V ugm-3
13/11/2008,24/11/2008,0.46,V ugm-3
24/11/2008,10/12/2008,0.98,V ugm-3
10/12/2008,22/12/2008,0.91,V ugm-3
22/12/2008,05/01/2009,1.04,V ugm-3
Data for year 2009,,,
Multi-day data,,,
Leamington Spa,,,
Start Date,End Date,BENZENE,Status / units
05/01/2009,19/01/2009,0.85,V ugm-3
19/01/2009,02/02/2009,0.85,V ugm-3
02/02/2009,16/02/2009,1.01,V ugm-3
16/02/2009,02/03/2009,0.78,V ugm-3
02/03/2009,16/03/2009,0.72,V ugm-3
16/03/2009,30/03/2009,0.62,V ugm-3
30/03/2009,23/04/2009,0.65,V ugm-3
23/04/2009,07/05/2009,0.52,V ugm-3
07/05/2009,21/05/2009,0.39,V ugm-3
21/05/2009,04/06/2009,0.49,V ugm-3
04/06/2009,18/06/2009,0.29,V ugm-3
18/06/2009,02/07/2009,0.26,V ugm-3
02/07/2009,16/07/2009,0.2,V ugm-3
16/07/2009,30/07/2009,0.52,V ugm-3
30/07/2009,13/08/2009,0.59,V ugm-3
13/08/2009,27/08/2009,0.59,V ugm-3
27/08/2009,10/09/2009,0.68,V ugm-3
10/09/2009,24/09/2009,1.04,V ugm-3
24/09/2009,08/10/2009,0.85,V ugm-3
08/10/2009,22/10/2009,0.91,V ugm-3
22/10/2009,06/11/2009,0.68,V ugm-3
06/11/2009,18/11/2009,0.62,V ugm-3
18/11/2009,03/12/2009,0.39,V ugm-3
03/12/2009,17/12/2009,0.88,V ugm-3
17/12/2009,31/12/2009,1.01,V ugm-3
31/12/2009,14/01/2010,1.5,V ugm-3
Data for year 2010,,,
Multi-day data,,,
Leamington Spa,,,
Start Date,End Date,BENZENE,Status / units
14/01/2010,29/01/2010,1.43,V ugm-3
29/01/2010,11/02/2010,1.14,V ugm-3
11/02/2010,25/02/2010,1.3,V ugm-3
25/02/2010,11/03/2010,1.01,V ugm-3
11/03/2010,25/03/2010,0.75,V ugm-3
25/03/2010,08/04/2010,0.72,V ugm-3
08/04/2010,22/04/2010,0.68,V ugm-3
22/04/2010,07/05/2010,0.52,V ugm-3
07/05/2010,20/05/2010,0.46,V ugm-3
20/05/2010,03/06/2010,0.49,V ugm-3
03/06/2010,17/06/2010,0.36,V ugm-3
17/06/2010,24/06/2010,0.52,V ugm-3
09/07/2010,29/07/2010,0.28,V ugm-3
29/07/2010,12/08/2010,0.29,V ugm-3
12/08/2010,26/08/2010,0.26,V ugm-3
26/08/2010,09/09/2010,0.45,V ugm-3
09/09/2010,23/09/2010,0.35,V ugm-3
23/09/2010,07/10/2010,0.3,V ugm-3
07/10/2010,21/10/2010,,
21/10/2010,04/11/2010,0.38,V ugm-3
04/11/2010,18/11/2010,0.65,V ugm-3
02/12/2010,16/12/2010,1.09,V ugm-3
16/12/2010,30/12/2010,1.38,V ugm-3
30/12/2010,13/01/2011,0.92,V ugm-3
Data for year 2011,,,
Multi-day data,,,
Leamington Spa,,,
Start Date,End Date,BENZENE,Status / units
13/01/2011,27/01/2011,0.68,V ugm-3
27/01/2011,10/02/2011,0.71,V ugm-3
10/02/2011,24/02/2011,1.05,V ugm-3
24/02/2011,10/03/2011,0.8,V ugm-3
10/03/2011,24/03/2011,1.05,V ugm-3
24/03/2011,07/04/2011,0.59,V ugm-3
19/05/2011,02/06/2011,0.33,V ugm-3
02/06/2011,14/06/2011,0.27,V ugm-3
14/06/2011,16/06/2011,0.32,V ugm-3
16/06/2011,30/06/2011,0.22,V ugm-3
30/06/2011,14/07/2011,0.41,V ugm-3
14/07/2011,28/07/2011,0.26,V ugm-3
28/07/2011,11/08/2011,0.27,V ugm-3
11/08/2011,25/08/2011,0.36,V ugm-3
25/08/2011,08/09/2011,0.25,V ugm-3
08/09/2011,22/09/2011,0.38,V ugm-3
22/09/2011,06/10/2011,0.51,V ugm-3
06/10/2011,20/10/2011,0.51,V ugm-3
20/10/2011,03/11/2011,0.46,V ugm-3
03/11/2011,17/11/2011,1.38,V ugm-3
17/11/2011,01/12/2011,0.57,V ugm-3
01/12/2011,15/12/2011,0.7,V ugm-3
15/12/2011,28/12/2011,0.7,V ugm-3
28/12/2011,12/01/2012,0.61,V ugm-3
Data for year 2012,,,
Multi-day data,,,
Leamington Spa,,,
Start Date,End Date,BENZENE,Status / units
12/01/2012,26/01/2012,1.27,V ugm-3
09/02/2012,23/02/2012,0.98,V ugm-3
23/02/2012,08/03/2012,0.83,V ugm-3
08/03/2012,22/03/2012,0.76,V ugm-3
22/03/2012,05/04/2012,0.85,V ugm-3
05/04/2012,19/04/2012,0.51,V ugm-3
19/04/2012,03/05/2012,0.61,V ugm-3
03/05/2012,16/05/2012,0.36,V ugm-3
16/05/2012,31/05/2012,0.48,V ugm-3
31/05/2012,14/06/2012,0.28,V ugm-3
14/06/2012,28/06/2012,0.31,V ugm-3
28/06/2012,12/07/2012,0.27,V ugm-3
12/07/2012,26/07/2012,0.37,V ugm-3
26/07/2012,09/08/2012,0.37,V ugm-3
09/08/2012,23/08/2012,0.33,V ugm-3
23/08/2012,06/09/2012,0.37,V ugm-3
06/09/2012,20/09/2012,0.32,V ugm-3
20/09/2012,05/10/2012,0.32,V ugm-3
05/10/2012,18/10/2012,0.48,V ugm-3
18/10/2012,01/11/2012,0.35,V ugm-3
01/11/2012,15/11/2012,0.82,V ugm-3
15/11/2012,28/11/2012,0.86,V ugm-3
28/11/2012,13/12/2012,1.66,V ugm-3
13/12/2012,02/01/2013,0.59,V ugm-3
Data for year 2013,,,
Multi-day data,,,
Leamington Spa,,,
Start Date,End Date,BENZENE,Status / units
02/01/2013,10/01/2013,0.61,V ugm-3
10/01/2013,25/01/2013,1.53,V ugm-3
25/01/2013,07/02/2013,0.71,V ugm-3
07/02/2013,21/02/2013,1.56,V ugm-3
21/02/2013,07/03/2013,0.76,V ugm-3
07/03/2013,25/03/2013,1.17,V ugm-3
25/03/2013,04/04/2013,0.71,V ugm-3
04/04/2013,18/04/2013,0.46,V ugm-3
18/04/2013,02/05/2013,0.47,V ugm-3
02/05/2013,16/05/2013,0.44,V ugm-3
16/05/2013,30/05/2013,0.55,V ugm-3
30/05/2013,13/06/2013,0.31,V ugm-3
13/06/2013,27/06/2013,0.38,V ugm-3
27/06/2013,12/07/2013,0.49,V ugm-3
12/07/2013,25/07/2013,0.41,V ugm-3
25/07/2013,08/08/2013,0.44,V ugm-3
08/08/2013,22/08/2013,0.52,V ugm-3
22/08/2013,06/09/2013,0.59,V ugm-3
06/09/2013,19/09/2013,0.63,V ugm-3
19/09/2013,04/10/2013,0.56,V ugm-3
04/10/2013,18/10/2013,0.63,V ugm-3
18/10/2013,04/11/2013,0.41,V ugm-3
04/11/2013,14/11/2013,1.47,V ugm-3
14/11/2013,28/11/2013,0.93,V ugm-3
28/11/2013,13/12/2013,0.78,V ugm-3
13/12/2013,30/12/2013,0.44,V ugm-3
30/12/2013,10/01/2014,0.45,V ugm-3
Data for year 2014,,,
Multi-day data,,,
Leamington Spa,,,
Start Date,End Date,BENZENE,Status / units
10/01/2014,23/01/2014,1.03,V ugm-3
23/01/2014,06/02/2014,0.91,V ugm-3
06/02/2014,20/02/2014,0.8,V ugm-3
20/02/2014,06/03/2014,0.96,V ugm-3
06/03/2014,20/03/2014,1.04,V ugm-3
20/03/2014,03/04/2014,0.55,V ugm-3
03/04/2014,17/04/2014,0.68,V ugm-3
17/04/2014,02/05/2014,0.53,V ugm-3
02/05/2014,16/05/2014,,
16/05/2014,29/05/2014,0.59,V ugm-3
29/05/2014,12/06/2014,0.44,V ugm-3
12/06/2014,27/06/2014,0.32,V ugm-3
27/06/2014,11/07/2014,0.3,V ugm-3
11/07/2014,24/07/2014,0.4,V ugm-3
24/07/2014,07/08/2014,0.38,V ugm-3
07/08/2014,22/08/2014,0.29,V ugm-3
22/08/2014,04/09/2014,0.31,V ugm-3
04/09/2014,18/09/2014,0.64,V ugm-3
18/09/2014,02/10/2014,0.6,V ugm-3
02/10/2014,20/10/2014,0.48,V ugm-3
20/10/2014,30/10/2014,0.4,V ugm-3
30/10/2014,13/11/2014,0.79,V ugm-3
13/11/2014,27/11/2014,1.3,V ugm-3
27/11/2014,11/12/2014,1.23,V ugm-3
11/12/2014,23/12/2014,0.54,V ugm-3
23/12/2014,09/01/2015,1.14,V ugm-3
Data for year 2015,,,
Multi-day data,,,
Leamington Spa,,,
Start Date,End Date,BENZENE,Status / units
09/01/2015,23/01/2015,0.83,V ugm-3
23/01/2015,04/02/2015,0.8,V ugm-3
04/02/2015,19/02/2015,1.1,V ugm-3
19/02/2015,05/03/2015,0.63,V ugm-3
05/03/2015,19/03/2015,0.88,V ugm-3
19/03/2015,02/04/2015,0.75,V ugm-3
02/04/2015,17/04/2015,0.51,V ugm-3
17/04/2015,30/04/2015,0.46,V ugm-3
30/04/2015,14/05/2015,0.42,V ugm-3
14/05/2015,29/05/2015,0.33,V ugm-3
29/05/2015,16/06/2015,0.24,V ugm-3
16/06/2015,26/06/2015,0.37,V ugm-3
26/06/2015,09/07/2015,0.38,V ugm-3
09/07/2015,24/07/2015,0.33,V ugm-3
24/07/2015,06/08/2015,0.32,V ugm-3
06/08/2015,20/08/2015,0.53,P ugm-3
20/08/2015,02/09/2015,0.74,V ugm-3
02/09/2015,18/09/2015,0.36,V ugm-3
18/09/2015,01/10/2015,0.52,V ugm-3
01/10/2015,16/10/2015,0.81,V ugm-3
16/10/2015,30/10/2015,0.69,V ugm-3
30/10/2015,13/11/2015,0.94,V ugm-3
13/11/2015,26/11/2015,0.55,V ugm-3
26/11/2015,11/12/2015,0.9,V ugm-3
11/12/2015,23/12/2015,,
23/12/2015,07/01/2016,0.55,V ugm-3
Data for year 2016,,,
Multi-day data,,,
Leamington Spa,,,
Start Date,End Date,BENZENE,Status / units
07/01/2016,21/01/2016,1.06,V ugm-3
21/01/2016,04/02/2016,0.46,V ugm-3
04/02/2016,18/02/2016,0.82,V ugm-3
18/02/2016,03/03/2016,0.75,V ugm-3
03/03/2016,18/03/2016,0.89,V ugm-3
18/03/2016,01/04/2016,0.51,V ugm-3
01/04/2016,14/04/2016,0.33,V ugm-3
14/04/2016,29/04/2016,0.38,V ugm-3
29/04/2016,13/05/2016,0.4,V ugm-3
13/05/2016,27/05/2016,0.3,V ugm-3
27/05/2016,10/06/2016,0.3,V ugm-3
10/06/2016,23/06/2016,0.21,V ugm-3
23/06/2016,08/07/2016,0.23,V ugm-3
08/07/2016,21/07/2016,,
21/07/2016,11/08/2016,0.2,V ugm-3
11/08/2016,18/08/2016,0.19,V ugm-3
18/08/2016,01/09/2016,0.31,V ugm-3
01/09/2016,15/09/2016,0.36,V ugm-3
15/09/2016,30/09/2016,0.27,V ugm-3
30/09/2016,14/10/2016,0.31,V ugm-3
14/10/2016,28/10/2016,0.61,V ugm-3
28/10/2016,11/11/2016,0.84,V ugm-3
11/11/2016,24/11/2016,0.6,V ugm-3
24/11/2016,08/12/2016,1.09,V ugm-3
08/12/2016,22/12/2016,0.87,V ugm-3
22/12/2016,06/01/2017,0.94,V ugm-3
Data for year 2017,,,
Multi-day data,,,
Leamington Spa,,,
Start Date,End Date,BENZENE,Status / units
06/01/2017,19/01/2017,0.7,V ugm-3
19/01/2017,03/02/2017,1.07,V ugm-3
03/02/2017,16/02/2017,1.14,V ugm-3
16/02/2017,03/03/2017,0.61,V ugm-3
03/03/2017,17/03/2017,0.65,V ugm-3
17/03/2017,31/03/2017,0.5,V ugm-3
31/03/2017,13/04/2017,0.45,V ugm-3
13/04/2017,28/04/2017,0.35,V ugm-3
28/04/2017,12/05/2017,0.29,V ugm-3
12/05/2017,25/05/2017,0.26,V ugm-3
25/05/2017,09/06/2017,0.16,V ugm-3
09/06/2017,23/06/2017,0.25,V ugm-3
23/06/2017,07/07/2017,0.22,V ugm-3
07/07/2017,20/07/2017,0.23,V ugm-3
20/07/2017,03/08/2017,0.2,V ugm-3
03/08/2017,17/08/2017,0.22,V ugm-3
17/08/2017,30/08/2017,0.35,V ugm-3
30/08/2017,14/09/2017,0.4,V ugm-3
14/09/2017,29/09/2017,0.42,V ugm-3
29/09/2017,12/10/2017,0.32,V ugm-3
12/10/2017,27/10/2017,0.43,V ugm-3
27/10/2017,08/11/2017,1.13,V ugm-3
08/11/2017,23/11/2017,0.8,V ugm-3
23/11/2017,08/12/2017,0.72,V ugm-3
08/12/2017,22/12/2017,1.01,V ugm-3
22/12/2017,08/01/2018,0.67,V ugm-3
Data for year 2018,,,
Multi-day data,,,
Leamington Spa,,,
Start Date,End Date,BENZENE,Status / units
08/01/2018,18/01/2018,0.92,V ugm-3
18/01/2018,01/02/2018,0.74,V ugm-3
01/02/2018,15/02/2018,0.81,V ugm-3
15/02/2018,01/03/2018,0.84,V ugm-3
01/03/2018,15/03/2018,1.02,V ugm-3
15/03/2018,28/03/2018,0.71,V ugm-3
28/03/2018,16/04/2018,0.57,V ugm-3
16/04/2018,27/04/2018,0.38,V ugm-3
27/04/2018,10/05/2018,0.34,V ugm-3
10/05/2018,24/05/2018,0.35,V ugm-3
24/05/2018,07/06/2018,0.3,V ugm-3
07/06/2018,21/06/2018,0.18,V ugm-3
21/06/2018,06/07/2018,0.19,V ugm-3
06/07/2018,20/07/2018,0.2,V ugm-3
20/07/2018,03/08/2018,0.24,V ugm-3
03/08/2018,16/08/2018,,
16/08/2018,30/08/2018,0.18,V ugm-3
30/08/2018,14/09/2018,0.47,V ugm-3
14/09/2018,28/09/2018,0.37,V ugm-3
28/09/2018,17/10/2018,0.27,V ugm-3
17/10/2018,31/10/2018,0.58,V ugm-3
31/10/2018,14/11/2018,0.77,V ugm-3
14/11/2018,28/11/2018,0.78,V ugm-3
28/11/2018,12/12/2018,0.43,V ugm-3
12/12/2018,27/12/2018,0.59,V ugm-3
27/12/2018,09/01/2019,0.57,V ugm-3
Data for year 2019,,,
Multi-day data,,,
Leamington Spa,,,
Start Date,End Date,BENZENE,Status / units
09/01/2019,23/01/2019,0.64,V ugm-3
23/01/2019,06/02/2019,0.7,V ugm-3
06/02/2019,20/02/2019,0.67,V ugm-3
20/02/2019,06/03/2019,0.9,V ugm-3
06/03/2019,20/03/2019,0.4,V ugm-3
20/03/2019,03/04/2019,0.56,V ugm-3
03/04/2019,17/04/2019,0.54,V ugm-3
17/04/2019,01/05/2019,0.45,V ugm-3
01/05/2019,15/05/2019,0.29,V ugm-3
15/05/2019,29/05/2019,0.25,V ugm-3
29/05/2019,12/06/2019,0.19,V ugm-3
12/06/2019,26/06/2019,0.21,V ugm-3
26/06/2019,10/07/2019,0.18,V ugm-3
10/07/2019,24/07/2019,0.18,V ugm-3
24/07/2019,07/08/2019,0.24,V ugm-3
07/08/2019,21/08/2019,0.25,V ugm-3
21/08/2019,04/09/2019,0.29,V ugm-3
04/09/2019,18/09/2019,0.37,V ugm-3
18/09/2019,02/10/2019,0.33,V ugm-3
02/10/2019,16/10/2019,0.34,V ugm-3
16/10/2019,30/10/2019,0.51,V ugm-3
30/10/2019,13/11/2019,0.61,V ugm-3
13/11/2019,27/11/2019,0.7,V ugm-3
27/11/2019,11/12/2019,1.04,V ugm-3
11/12/2019,24/12/2019,0.68,V ugm-3
24/12/2019,08/01/2020,0.67,V ugm-3
Data for year 2020,,,
Multi-day data,,,
Leamington Spa,,,
Start Date,End Date,BENZENE,Status / units
08/01/2020,22/01/2020,0.67,V ugm-3
22/01/2020,05/02/2020,0.49,V ugm-3
05/02/2020,19/02/2020,0.57,V ugm-3
19/02/2020,04/03/2020,0.43,V ugm-3
04/03/2020,18/03/2020,0.35,V ugm-3
18/03/2020,01/04/2020,0.52,V ugm-3
01/04/2020,21/04/2020,0.4,V ugm-3
21/04/2020,05/05/2020,0.28,V ugm-3
05/05/2020,20/05/2020,0.24,V ugm-3
20/05/2020,02/06/2020,0.14,V ugm-3
02/06/2020,17/06/2020,0.15,V ugm-3
17/06/2020,01/07/2020,0.12,V ugm-3
01/07/2020,15/07/2020,0.18,V ugm-3
15/07/2020,30/07/2020,0.21,V ugm-3
30/07/2020,11/08/2020,0.17,V ugm-3
11/08/2020,26/08/2020,0.17,V ugm-3
26/08/2020,23/09/2020,0.26,V ugm-3
23/09/2020,07/10/2020,0.46,V ugm-3
07/10/2020,21/10/2020,0.5,V ugm-3
21/10/2020,12/11/2020,0.39,V ugm-3
12/11/2020,19/11/2020,0.31,V ugm-3
19/11/2020,02/12/2020,0.73,V ugm-3
02/12/2020,15/12/2020,0.34,V ugm-3
15/12/2020,30/12/2020,0.52,V ugm-3
30/12/2020,13/01/2021,1.03,V ugm-3
Data for year 2021,,,
Multi-day data,,,
Leamington Spa,,,
Start Date,End Date,BENZENE,Status / units
13/01/2021,27/01/2021,0.67,V ugm-3
27/01/2021,10/02/2021,0.68,V ugm-3
10/02/2021,24/02/2021,0.61,V ugm-3
24/02/2021,10/03/2021,0.8,V ugm-3
10/03/2021,24/03/2021,0.47,V ugm-3
24/03/2021,07/04/2021,0.43,V ugm-3
07/04/2021,21/04/2021,0.45,V ugm-3
21/04/2021,05/05/2021,0.31,V ugm-3
05/05/2021,19/05/2021,0.26,V ugm-3
19/05/2021,03/06/2021,0.26,V ugm-3
03/06/2021,16/06/2021,0.19,V ugm-3
16/06/2021,30/06/2021,0.21,V ugm-3
30/06/2021,14/07/2021,0.26,V ugm-3
14/07/2021,28/07/2021,0.31,V ugm-3
28/07/2021,11/08/2021,0.22,V ugm-3
11/08/2021,25/08/2021,0.23,V ugm-3
25/08/2021,09/09/2021,0.35,V ugm-3
09/09/2021,22/09/2021,0.42,V ugm-3
22/09/2021,06/10/2021,0.17,V ugm-3
06/10/2021,20/10/2021,0.24,V ugm-3
20/10/2021,03/11/2021,0.29,V ugm-3
03/11/2021,17/11/2021,0.47,V ugm-3
17/11/2021,02/12/2021,0.46,V ugm-3
02/12/2021,15/12/2021,0.4,V ugm-3
15/12/2021,29/12/2021,0.53,V ugm-3
29/12/2021,12/01/2022,0.48,V ugm-3
Data for year 2022,,,
Multi-day data,,,
Leamington Spa,,,
Start Date,End Date,BENZENE,Status / units
12/01/2022,26/01/2022,1.09,V ugm-3
26/01/2022,09/02/2022,,
09/02/2022,22/02/2022,0.43,V ugm-3
22/02/2022,09/03/2022,0.6,V ugm-3
09/03/2022,23/03/2022,0.56,V ugm-3
23/03/2022,06/04/2022,0.67,V ugm-3
06/04/2022,21/04/2022,0.27,V ugm-3
21/04/2022,04/05/2022,0.19,V ugm-3
04/05/2022,19/05/2022,0.14,V ugm-3
19/05/2022,31/05/2022,0.18,V ugm-3
31/05/2022,15/06/2022,0.19,V ugm-3
15/06/2022,29/06/2022,0.24,V ugm-3
29/06/2022,13/07/2022,0.18,V ugm-3
13/07/2022,27/07/2022,0.2,V ugm-3
27/07/2022,11/08/2022,0.15,V ugm-3
11/08/2022,25/08/2022,0.21,V ugm-3
25/08/2022,07/09/2022,0.22,V ugm-3
07/09/2022,21/09/2022,0.47,V ugm-3
21/09/2022,05/10/2022,0.33,V ugm-3
05/10/2022,19/10/2022,0.43,V ugm-3
19/10/2022,02/11/2022,0.25,V ugm-3
02/11/2022,17/11/2022,0.46,V ugm-3
17/11/2022,30/11/2022,0.54,V ugm-3
30/11/2022,14/12/2022,1.03,V ugm-3
14/12/2022,28/12/2022,0.83,V ugm-3
28/12/2022,11/01/2023,0.33,V ugm-3
Data for year 2023,,,
Multi-day data,,,
Leamington Spa,,,
Start Date,End Date,BENZENE,Status / units
11/01/2023,25/01/2023,0.9,V ugm-3
25/01/2023,07/02/2023,0.73,V ugm-3
07/02/2023,22/02/2023,0.71,V ugm-3
22/02/2023,08/03/2023,0.64,V ugm-3
08/03/2023,22/03/2023,0.55,V ugm-3
22/03/2023,05/04/2023,0.38,V ugm-3
05/04/2023,19/04/2023,0.47,V ugm-3
19/04/2023,03/05/2023,0.39,V ugm-3
03/05/2023,16/05/2023,0.25,V ugm-3
16/05/2023,31/05/2023,0.26,V ugm-3
31/05/2023,14/06/2023,0.36,V ugm-3
14/06/2023,27/06/2023,0.35,V ugm-3
27/06/2023,12/07/2023,0.25,V ugm-3
12/07/2023,26/07/2023,0.27,V ugm-3
26/07/2023,09/08/2023,0.25,V ugm-3
09/08/2023,23/08/2023,0.28,V ugm-3
23/08/2023,06/09/2023,0.29,V ugm-3
06/09/2023,20/09/2023,0.55,V ugm-3
20/09/2023,04/10/2023,,
04/10/2023,17/10/2023,0.63,V ugm-3
17/10/2023,01/11/2023,0.72,V ugm-3
01/11/2023,15/11/2023,0.61,V ugm-3
15/11/2023,29/11/2023,0.69,V ugm-3
29/11/2023,12/12/2023,0.83,V ugm-3
12/12/2023,27/12/2023,0.53,V ugm-3
27/12/2023,10/01/2024,0.59,V ugm-3
Data for year 2024,,,
Multi-day data,,,
Leamington Spa,,,
Start Date,End Date,BENZENE,Status / units
10/01/2024,24/01/2024,0.81,V ugm-3
24/01/2024,07/02/2024,0.42,V ugm-3
07/02/2024,21/02/2024,0.53,V ugm-3
21/02/2024,06/03/2024,0.66,V ugm-3
06/03/2024,20/03/2024,0.78,V ugm-3
20/03/2024,04/04/2024,0.6,V ugm-3
04/04/2024,18/04/2024,0.33,V ugm-3
18/04/2024,01/05/2024,0.38,V ugm-3
01/05/2024,16/05/2024,0.39,V ugm-3
16/05/2024,29/05/2024,0.3,V ugm-3
29/05/2024,12/06/2024,0.3,V ugm-3
12/06/2024,25/06/2024,0.27,V ugm-3
25/06/2024,10/07/2024,0.18,V ugm-3
10/07/2024,25/07/2024,0.2,V ugm-3
25/07/2024,07/08/2024,0.27,V ugm-3
07/08/2024,22/08/2024,0.31,V ugm-3
22/08/2024,05/09/2024,0.36,V ugm-3
05/09/2024,18/09/2024,0.39,V ugm-3
18/09/2024,02/10/2024,0.43,V ugm-3
02/10/2024,16/10/2024,0.41,V ugm-3
16/10/2024,30/10/2024,0.47,V ugm-3
30/10/2024,13/11/2024,0.83,V ugm-3
13/11/2024,27/11/2024,0.56,V ugm-3
27/11/2024,23/12/2024,0.51,V ugm-3
23/12/2024,07/01/2025,0.54,V ugm-3
Data for year 2025,,,
Multi-day data,,,
Leamington Spa,,,
Start Date,End Date,BENZENE,Status / units
07/01/2025,21/01/2025,1.39,V ugm-3
21/01/2025,05/02/2025,0.68,V ugm-3
05/02/2025,19/02/2025,1.08,V ugm-3
19/02/2025,05/03/2025,0.58,V ugm-3
05/03/2025,20/03/2025,0.46,V ugm-3
20/03/2025,01/04/2025,0.37,V ugm-3
01/04/2025,15/04/2025,0.34,V ugm-3
15/04/2025,30/04/2025,0.22,V ugm-3
30/04/2025,14/05/2025,0.27,V ugm-3
14/05/2025,28/05/2025,0.13,V ugm-3
28/05/2025,12/06/2025,0.26,V ugm-3
12/06/2025,26/06/2025,0.23,V ugm-3
26/06/2025,09/07/2025,0.24,V ugm-3
09/07/2025,23/07/2025,0.23,V ugm-3
23/07/2025,06/08/2025,0.31,V ugm-3
06/08/2025,20/08/2025,0.33,V ugm-3
20/08/2025,03/09/2025,0.21,V ugm-3
03/09/2025,17/09/2025,0.22,V ugm-3
17/09/2025,02/10/2025,0.51,V ugm-3
02/10/2025,15/10/2025,0.59,V ugm-3
15/10/2025,28/10/2025,0.37,V ugm-3
28/10/2025,12/11/2025,0.39,V ugm-3
12/11/2025,26/11/2025,0.58,V ugm-3
26/11/2025,11/12/2025,0.51,V ugm-3
11/12/2025,24/12/2025,0.66,V ugm-3
24/12/2025,08/01/2026,0.64,V ugm-3
Data for year 2002,,,
Multi-day data,,,
Leeds Centre,,,
Start Date,End Date,BENZENE,Status / units
12/02/2002,26/02/2002,1.5,V ugm-3
26/02/2002,13/03/2002,1.24,V ugm-3
13/03/2002,26/03/2002,1.33,V ugm-3
26/03/2002,10/04/2002,1.66,V ugm-3
10/04/2002,24/04/2002,1.33,V ugm-3
24/04/2002,08/05/2002,0.94,V ugm-3
08/05/2002,22/05/2002,1.04,V ugm-3
22/05/2002,06/06/2002,0.91,V ugm-3
06/06/2002,19/06/2002,0.91,V ugm-3
19/06/2002,03/07/2002,0.72,V ugm-3
03/07/2002,18/07/2002,1.01,V ugm-3
18/07/2002,31/07/2002,0.88,V ugm-3
31/07/2002,14/08/2002,1.5,V ugm-3
14/08/2002,11/09/2002,1.46,V ugm-3
11/09/2002,25/09/2002,1.33,V ugm-3
25/09/2002,09/10/2002,1.66,V ugm-3
09/10/2002,25/10/2002,1.43,V ugm-3
25/10/2002,11/11/2002,1.92,V ugm-3
11/11/2002,27/11/2002,2.57,V ugm-3
27/11/2002,12/12/2002,1.82,V ugm-3
12/12/2002,24/12/2002,3.48,V ugm-3
24/12/2002,07/01/2003,1.69,V ugm-3
Data for year 2003,,,
Multi-day data,,,
Leeds Centre,,,
Start Date,End Date,BENZENE,Status / units
07/01/2003,22/01/2003,1.66,V ugm-3
22/01/2003,05/02/2003,0.94,V ugm-3
05/02/2003,19/02/2003,2.18,V ugm-3
19/02/2003,05/03/2003,3.02,V ugm-3
05/03/2003,19/03/2003,1.82,V ugm-3
19/03/2003,02/04/2003,2.41,V ugm-3
02/04/2003,16/04/2003,1.17,V ugm-3
16/04/2003,30/04/2003,1.07,V ugm-3
30/04/2003,14/05/2003,0.65,V ugm-3
14/05/2003,28/05/2003,0.94,V ugm-3
28/05/2003,11/06/2003,1.24,V ugm-3
11/06/2003,25/06/2003,1.01,V ugm-3
25/06/2003,09/07/2003,0.91,V ugm-3
09/07/2003,23/07/2003,0.94,V ugm-3
23/07/2003,06/08/2003,1.07,V ugm-3
06/08/2003,20/08/2003,1.33,V ugm-3
20/08/2003,03/09/2003,0.85,V ugm-3
03/09/2003,17/09/2003,1.63,V ugm-3
17/09/2003,01/10/2003,1.53,V ugm-3
01/10/2003,17/10/2003,1.24,V ugm-3
17/10/2003,29/10/2003,1.07,V ugm-3
29/10/2003,12/11/2003,2.83,V ugm-3
12/11/2003,01/12/2003,2.86,V ugm-3
01/12/2003,10/12/2003,3.8,V ugm-3
10/12/2003,23/12/2003,2.63,V ugm-3
23/12/2003,07/01/2004,2.24,V ugm-3
Data for year 2004,,,
Multi-day data,,,
Leeds Centre,,,
Start Date,End Date,BENZENE,Status / units
07/01/2004,21/01/2004,1.66,V ugm-3
21/01/2004,05/02/2004,1.89,V ugm-3
05/02/2004,18/02/2004,1.33,V ugm-3
18/02/2004,03/03/2004,1.63,V ugm-3
03/03/2004,17/03/2004,1.33,V ugm-3
17/03/2004,31/03/2004,1.59,V ugm-3
31/03/2004,14/04/2004,1.33,V ugm-3
14/04/2004,28/04/2004,1.63,V ugm-3
28/04/2004,12/05/2004,1.2,V ugm-3
12/05/2004,25/05/2004,0.98,V ugm-3
25/05/2004,07/06/2004,1.14,V ugm-3
07/06/2004,23/06/2004,0.88,V ugm-3
23/06/2004,08/07/2004,0.81,V ugm-3
08/07/2004,21/07/2004,1.01,V ugm-3
21/07/2004,04/08/2004,0.78,V ugm-3
04/08/2004,25/08/2004,1.07,V ugm-3
25/08/2004,15/09/2004,1.72,V ugm-3
15/09/2004,29/09/2004,0.72,V ugm-3
29/09/2004,13/10/2004,1.07,V ugm-3
13/10/2004,27/10/2004,1.5,V ugm-3
27/10/2004,10/11/2004,1.53,V ugm-3
10/11/2004,24/11/2004,1.33,V ugm-3
24/11/2004,09/12/2004,2.41,V ugm-3
09/12/2004,22/12/2004,2.7,V ugm-3
22/12/2004,05/01/2005,1.04,V ugm-3
Data for year 2005,,,
Multi-day data,,,
Leeds Centre,,,
Start Date,End Date,BENZENE,Status / units
05/01/2005,19/01/2005,1.3,V ugm-3
19/01/2005,03/02/2005,1.2,V ugm-3
03/02/2005,09/03/2005,1.4,V ugm-3
09/03/2005,30/03/2005,1.11,V ugm-3
30/03/2005,06/04/2005,2.8,V ugm-3
06/04/2005,20/04/2005,1.33,V ugm-3
20/04/2005,04/05/2005,1.43,V ugm-3
04/05/2005,18/05/2005,0.91,V ugm-3
18/05/2005,01/06/2005,0.75,V ugm-3
01/06/2005,15/06/2005,0.91,V ugm-3
15/06/2005,29/06/2005,0.98,V ugm-3
29/06/2005,13/07/2005,0.78,V ugm-3
13/07/2005,26/07/2005,0.52,V ugm-3
26/07/2005,10/08/2005,0.85,V ugm-3
10/08/2005,26/08/2005,0.78,V ugm-3
26/08/2005,07/09/2005,1.04,V ugm-3
07/09/2005,21/09/2005,1.53,V ugm-3
21/09/2005,05/10/2005,1.14,V ugm-3
05/10/2005,13/10/2005,1.95,V ugm-3
13/10/2005,02/11/2005,1.76,V ugm-3
02/11/2005,16/11/2005,1.04,V ugm-3
16/11/2005,29/11/2005,1.92,V ugm-3
29/11/2005,15/12/2005,1.95,V ugm-3
15/12/2005,03/01/2006,1.2,V ugm-3
Data for year 2006,,,
Multi-day data,,,
Leeds Centre,,,
Start Date,End Date,BENZENE,Status / units
03/01/2006,18/01/2006,1.59,V ugm-3
18/01/2006,01/02/2006,1.53,V ugm-3
01/02/2006,15/02/2006,1.63,V ugm-3
15/02/2006,01/03/2006,1.11,V ugm-3
01/03/2006,15/03/2006,1.79,V ugm-3
15/03/2006,29/03/2006,1.5,V ugm-3
29/03/2006,12/04/2006,0.94,V ugm-3
19/07/2006,01/08/2006,0.94,V ugm-3
01/08/2006,16/08/2006,0.65,V ugm-3
16/08/2006,30/08/2006,0.49,V ugm-3
30/08/2006,13/09/2006,0.88,V ugm-3
13/09/2006,27/09/2006,1.07,V ugm-3
27/09/2006,11/10/2006,0.81,V ugm-3
11/10/2006,25/10/2006,1.63,V ugm-3
25/10/2006,08/11/2006,0.75,V ugm-3
08/11/2006,22/11/2006,0.88,V ugm-3
22/11/2006,06/12/2006,0.98,V ugm-3
06/12/2006,20/12/2006,1.56,V ugm-3
20/12/2006,03/01/2007,1.3,V ugm-3
Data for year 2007,,,
Multi-day data,,,
Leeds Centre,,,
Start Date,End Date,BENZENE,Status / units
03/01/2007,17/01/2007,0.88,V ugm-3
17/01/2007,31/01/2007,1.11,V ugm-3
31/01/2007,14/02/2007,1.11,V ugm-3
14/02/2007,28/02/2007,1.27,V ugm-3
28/02/2007,14/03/2007,0.62,V ugm-3
14/03/2007,28/03/2007,0.98,V ugm-3
28/03/2007,11/04/2007,0.72,V ugm-3
11/04/2007,25/04/2007,0.46,V ugm-3
25/04/2007,09/05/2007,0.72,V ugm-3
09/05/2007,23/05/2007,0.85,V ugm-3
23/05/2007,06/06/2007,0.55,V ugm-3
06/06/2007,20/06/2007,0.52,V ugm-3
20/06/2007,04/07/2007,0.59,V ugm-3
04/07/2007,18/07/2007,0.55,V ugm-3
18/07/2007,01/08/2007,0.42,V ugm-3
01/08/2007,15/08/2007,0.62,V ugm-3
15/08/2007,29/08/2007,0.46,V ugm-3
29/08/2007,14/09/2007,0.46,V ugm-3
14/09/2007,26/09/2007,0.59,V ugm-3
26/09/2007,10/10/2007,0.65,V ugm-3
10/10/2007,24/10/2007,0.91,V ugm-3
24/10/2007,07/11/2007,1.01,V ugm-3
07/11/2007,21/11/2007,0.65,V ugm-3
21/11/2007,05/12/2007,1.01,V ugm-3
05/12/2007,19/12/2007,1.95,V ugm-3
19/12/2007,02/01/2008,0.91,V ugm-3
Data for year 2008,,,
Multi-day data,,,
Leeds Centre,,,
Start Date,End Date,BENZENE,Status / units
02/01/2008,16/01/2008,0.98,V ugm-3
16/01/2008,30/01/2008,0.94,V ugm-3
30/01/2008,13/02/2008,1.92,V ugm-3
13/02/2008,27/02/2008,1.11,V ugm-3
27/02/2008,12/03/2008,0.52,V ugm-3
12/03/2008,26/03/2008,0.59,V ugm-3
26/03/2008,09/04/2008,0.78,V ugm-3
09/04/2008,23/04/2008,0.81,V ugm-3
23/04/2008,07/05/2008,0.88,V ugm-3
07/05/2008,21/05/2008,1.04,V ugm-3
21/05/2008,04/06/2008,0.42,V ugm-3
04/06/2008,18/06/2008,0.42,V ugm-3
18/06/2008,02/07/2008,0.36,V ugm-3
02/07/2008,18/07/2008,0.42,V ugm-3
18/07/2008,30/07/2008,0.52,V ugm-3
30/07/2008,13/08/2008,0.49,V ugm-3
13/08/2008,28/08/2008,0.42,V ugm-3
28/08/2008,10/09/2008,0.52,V ugm-3
10/09/2008,24/09/2008,0.85,V ugm-3
24/09/2008,08/10/2008,0.52,V ugm-3
08/10/2008,29/10/2008,0.46,V ugm-3
29/10/2008,19/11/2008,0.81,V ugm-3
19/11/2008,03/12/2008,0.75,V ugm-3
03/12/2008,18/12/2008,1.24,V ugm-3
18/12/2008,05/01/2009,0.94,V ugm-3
Data for year 2009,,,
Multi-day data,,,
Leeds Centre,,,
Start Date,End Date,BENZENE,Status / units
05/01/2009,21/01/2009,0.94,V ugm-3
21/01/2009,04/02/2009,0.75,V ugm-3
04/02/2009,18/02/2009,0.88,V ugm-3
18/02/2009,04/03/2009,0.55,V ugm-3
05/03/2009,18/03/2009,0.75,V ugm-3
18/03/2009,01/04/2009,0.65,V ugm-3
01/04/2009,17/04/2009,0.55,V ugm-3
17/04/2009,29/04/2009,0.59,V ugm-3
29/04/2009,13/05/2009,0.52,V ugm-3
13/05/2009,28/05/2009,0.42,V ugm-3
28/05/2009,10/06/2009,0.39,V ugm-3
10/06/2009,24/06/2009,0.39,V ugm-3
24/06/2009,15/07/2009,0.72,V ugm-3
15/07/2009,29/07/2009,0.55,V ugm-3
29/07/2009,13/08/2009,0.65,V ugm-3
13/08/2009,26/08/2009,0.52,V ugm-3
26/08/2009,09/09/2009,0.49,V ugm-3
09/09/2009,23/09/2009,1.01,V ugm-3
23/09/2009,07/10/2009,0.75,V ugm-3
07/10/2009,21/10/2009,0.65,V ugm-3
21/10/2009,27/10/2009,0.65,V ugm-3
27/10/2009,30/10/2009,,
30/10/2009,11/11/2009,1.24,V ugm-3
11/11/2009,25/11/2009,0.65,V ugm-3
25/11/2009,09/12/2009,0.68,V ugm-3
09/12/2009,22/12/2009,1.01,V ugm-3
22/12/2009,07/01/2010,0.85,V ugm-3
Data for year 2010,,,
Multi-day data,,,
Leeds Centre,,,
Start Date,End Date,BENZENE,Status / units
07/01/2010,20/01/2010,1.37,V ugm-3
20/01/2010,03/02/2010,1.11,V ugm-3
03/02/2010,17/02/2010,1.14,V ugm-3
17/02/2010,03/03/2010,1.24,V ugm-3
03/03/2010,17/03/2010,0.88,V ugm-3
17/03/2010,31/03/2010,0.72,V ugm-3
31/03/2010,13/04/2010,0.68,V ugm-3
13/04/2010,28/04/2010,0.64,V ugm-3
28/04/2010,12/05/2010,0.46,V ugm-3
12/05/2010,26/05/2010,0.51,V ugm-3
26/05/2010,09/06/2010,0.51,V ugm-3
09/06/2010,25/06/2010,0.35,V ugm-3
09/07/2010,28/07/2010,0.31,V ugm-3
28/07/2010,11/08/2010,0.3,V ugm-3
11/08/2010,25/08/2010,0.37,V ugm-3
25/08/2010,08/09/2010,0.46,V ugm-3
08/09/2010,22/09/2010,0.46,V ugm-3
22/09/2010,06/10/2010,0.41,V ugm-3
06/10/2010,20/10/2010,,
20/10/2010,03/11/2010,0.59,V ugm-3
03/11/2010,17/11/2010,1,V ugm-3
17/11/2010,03/12/2010,0.71,V ugm-3
03/12/2010,15/12/2010,0.86,V ugm-3
15/12/2010,05/01/2011,1.3,V ugm-3
Data for year 2011,,,
Multi-day data,,,
Leeds Centre,,,
Start Date,End Date,BENZENE,Status / units
05/01/2011,12/01/2011,1.13,V ugm-3
12/01/2011,26/01/2011,0.8,V ugm-3
26/01/2011,09/02/2011,0.73,V ugm-3
09/02/2011,23/02/2011,1.2,V ugm-3
23/02/2011,09/03/2011,0.82,V ugm-3
09/03/2011,23/03/2011,1,V ugm-3
23/03/2011,06/04/2011,0.93,V ugm-3
06/04/2011,21/04/2011,0.75,V ugm-3
21/04/2011,04/05/2011,0.59,V ugm-3
04/05/2011,19/05/2011,0.42,V ugm-3
19/05/2011,01/06/2011,0.28,V ugm-3
01/06/2011,15/06/2011,0.32,V ugm-3
15/06/2011,28/06/2011,0.4,V ugm-3
28/06/2011,12/07/2011,0.42,V ugm-3
12/07/2011,27/07/2011,0.21,V ugm-3
27/07/2011,10/08/2011,0.34,V ugm-3
10/08/2011,30/08/2011,0.37,V ugm-3
30/08/2011,07/09/2011,0.38,V ugm-3
07/09/2011,21/09/2011,0.56,V ugm-3
21/09/2011,05/10/2011,0.92,V ugm-3
05/10/2011,20/10/2011,0.65,V ugm-3
20/10/2011,03/11/2011,0.48,V ugm-3
03/11/2011,15/11/2011,1.5,V ugm-3
15/11/2011,01/12/2011,0.73,V ugm-3
01/12/2011,14/12/2011,0.82,V ugm-3
14/12/2011,29/12/2011,0.68,V ugm-3
29/12/2011,16/01/2012,0.7,V ugm-3
Data for year 2012,,,
Multi-day data,,,
Leeds Centre,,,
Start Date,End Date,BENZENE,Status / units
16/01/2012,30/01/2012,1.33,V ugm-3
30/01/2012,09/02/2012,1.33,V ugm-3
09/02/2012,23/02/2012,0.9,V ugm-3
23/02/2012,08/03/2012,0.53,V ugm-3
08/03/2012,22/03/2012,0.7,V ugm-3
22/03/2012,05/04/2012,0.49,V ugm-3
05/04/2012,19/04/2012,0.37,V ugm-3
19/04/2012,03/05/2012,0.52,V ugm-3
03/05/2012,17/05/2012,0.34,V ugm-3
17/05/2012,31/05/2012,0.49,V ugm-3
31/05/2012,19/06/2012,0.37,V ugm-3
19/06/2012,28/06/2012,0.4,V ugm-3
28/06/2012,12/07/2012,0.39,V ugm-3
12/07/2012,26/07/2012,0.57,V ugm-3
26/07/2012,08/08/2012,0.52,V ugm-3
08/08/2012,23/08/2012,0.46,V ugm-3
23/08/2012,06/09/2012,0.44,V ugm-3
06/09/2012,20/09/2012,0.36,V ugm-3
20/09/2012,05/10/2012,0.39,V ugm-3
05/10/2012,18/10/2012,0.65,V ugm-3
18/10/2012,01/11/2012,0.52,V ugm-3
01/11/2012,14/11/2012,0.76,V ugm-3
14/11/2012,29/11/2012,1.04,V ugm-3
29/11/2012,12/12/2012,1.04,V ugm-3
12/12/2012,02/01/2013,0.82,V ugm-3
Data for year 2013,,,
Multi-day data,,,
Leeds Centre,,,
Start Date,End Date,BENZENE,Status / units
02/01/2013,09/01/2013,0.47,V ugm-3
09/01/2013,23/01/2013,1.29,V ugm-3
23/01/2013,06/02/2013,0.79,V ugm-3
06/02/2013,20/02/2013,1.47,V ugm-3
20/02/2013,06/03/2013,0.73,V ugm-3
06/03/2013,20/03/2013,0.71,V ugm-3
20/03/2013,05/04/2013,0.5,V ugm-3
05/04/2013,17/04/2013,0.6,V ugm-3
17/04/2013,01/05/2013,0.55,V ugm-3
01/05/2013,15/05/2013,0.48,V ugm-3
15/05/2013,29/05/2013,0.5,V ugm-3
29/05/2013,12/06/2013,0.62,V ugm-3
12/06/2013,25/06/2013,0.41,V ugm-3
25/06/2013,11/07/2013,0.63,V ugm-3
11/07/2013,24/07/2013,0.49,V ugm-3
24/07/2013,07/08/2013,0.54,V ugm-3
07/08/2013,21/08/2013,0.51,V ugm-3
21/08/2013,04/09/2013,0.69,V ugm-3
04/09/2013,18/09/2013,0.54,V ugm-3
18/09/2013,23/10/2013,0.46,V ugm-3
23/10/2013,31/10/2013,0.63,V ugm-3
31/10/2013,13/11/2013,0.93,V ugm-3
13/11/2013,27/11/2013,0.54,V ugm-3
27/11/2013,11/12/2013,0.66,V ugm-3
11/12/2013,23/12/2013,0.8,V ugm-3
23/12/2013,10/01/2014,0.5,V ugm-3
Data for year 2014,,,
Multi-day data,,,
Leeds Centre,,,
Start Date,End Date,BENZENE,Status / units
10/01/2014,21/01/2014,1.16,V ugm-3
21/01/2014,04/02/2014,0.77,V ugm-3
04/02/2014,19/02/2014,0.85,V ugm-3
19/02/2014,05/03/2014,0.85,V ugm-3
05/03/2014,19/03/2014,0.91,V ugm-3
19/03/2014,02/04/2014,0.6,V ugm-3
02/04/2014,16/04/2014,0.52,V ugm-3
16/04/2014,30/04/2014,0.61,V ugm-3
30/04/2014,14/05/2014,,
14/05/2014,29/05/2014,0.64,V ugm-3
29/05/2014,11/06/2014,0.56,V ugm-3
11/06/2014,25/06/2014,0.38,V ugm-3
25/06/2014,09/07/2014,0.35,V ugm-3
09/07/2014,23/07/2014,0.42,V ugm-3
23/07/2014,07/08/2014,0.52,V ugm-3
07/08/2014,21/08/2014,0.29,V ugm-3
21/08/2014,03/09/2014,0.37,V ugm-3
03/09/2014,17/09/2014,0.6,V ugm-3
17/09/2014,01/10/2014,0.85,V ugm-3
01/10/2014,15/10/2014,0.64,V ugm-3
15/10/2014,31/10/2014,0.55,V ugm-3
31/10/2014,12/11/2014,1.24,V ugm-3
12/11/2014,26/11/2014,1.52,V ugm-3
26/11/2014,10/12/2014,1.11,V ugm-3
10/12/2014,22/12/2014,0.52,V ugm-3
22/12/2014,07/01/2015,1.14,V ugm-3
Data for year 2015,,,
Multi-day data,,,
Leeds Centre,,,
Start Date,End Date,BENZENE,Status / units
07/01/2015,21/01/2015,0.66,V ugm-3
21/01/2015,04/02/2015,0.76,V ugm-3
04/02/2015,18/02/2015,1,V ugm-3
18/02/2015,04/03/2015,0.63,V ugm-3
04/03/2015,18/03/2015,0.91,V ugm-3
18/03/2015,01/04/2015,0.79,V ugm-3
01/04/2015,15/04/2015,0.6,V ugm-3
15/04/2015,29/04/2015,0.61,V ugm-3
29/04/2015,13/05/2015,0.65,V ugm-3
13/05/2015,27/05/2015,0.39,V ugm-3
27/05/2015,10/06/2015,0.3,V ugm-3
10/06/2015,24/06/2015,0.4,V ugm-3
24/06/2015,08/07/2015,0.44,V ugm-3
08/07/2015,22/07/2015,0.4,V ugm-3
22/07/2015,05/08/2015,0.39,V ugm-3
05/08/2015,19/08/2015,0.44,V ugm-3
19/08/2015,02/09/2015,0.44,V ugm-3
02/09/2015,17/09/2015,,
17/09/2015,01/10/2015,0.66,V ugm-3
01/10/2015,14/10/2015,1.1,V ugm-3
14/10/2015,29/10/2015,0.77,V ugm-3
29/10/2015,12/11/2015,1.28,V ugm-3
12/11/2015,25/11/2015,0.42,V ugm-3
25/11/2015,09/12/2015,0.65,V ugm-3
09/12/2015,23/12/2015,0.62,V ugm-3
23/12/2015,06/01/2016,0.64,V ugm-3
Data for year 2016,,,
Multi-day data,,,
Leeds Centre,,,
Start Date,End Date,BENZENE,Status / units
06/01/2016,21/01/2016,0.94,V ugm-3
21/01/2016,02/02/2016,0.47,V ugm-3
02/02/2016,17/02/2016,1.79,V ugm-3
17/02/2016,02/03/2016,0.76,V ugm-3
02/03/2016,16/03/2016,0.87,V ugm-3
16/03/2016,30/03/2016,0.51,V ugm-3
30/03/2016,13/04/2016,,
13/04/2016,27/04/2016,0.4,V ugm-3
27/04/2016,11/05/2016,1.07,V ugm-3
11/05/2016,25/05/2016,0.34,V ugm-3
25/05/2016,09/06/2016,0.42,V ugm-3
09/06/2016,23/06/2016,0.39,V ugm-3
23/06/2016,06/07/2016,0.21,V ugm-3
06/07/2016,21/07/2016,0.19,V ugm-3
21/07/2016,03/08/2016,0.48,V ugm-3
03/08/2016,18/08/2016,0.28,V ugm-3
18/08/2016,31/08/2016,,
31/08/2016,14/09/2016,0.39,V ugm-3
14/09/2016,29/09/2016,0.31,V ugm-3
29/09/2016,12/10/2016,0.22,V ugm-3
12/10/2016,26/10/2016,0.29,V ugm-3
26/10/2016,10/11/2016,0.82,V ugm-3
10/11/2016,24/11/2016,0.59,V ugm-3
24/11/2016,07/12/2016,1.07,V ugm-3
07/12/2016,21/12/2016,0.84,V ugm-3
21/12/2016,04/01/2017,0.74,V ugm-3
Data for year 2017,,,
Multi-day data,,,
Leeds Centre,,,
Start Date,End Date,BENZENE,Status / units
04/01/2017,19/01/2017,0.71,V ugm-3
19/01/2017,03/02/2017,1.11,V ugm-3
03/02/2017,15/02/2017,1.13,V ugm-3
15/02/2017,01/03/2017,0.63,V ugm-3
01/03/2017,15/03/2017,0.64,V ugm-3
15/03/2017,29/03/2017,0.61,V ugm-3
29/03/2017,12/04/2017,0.51,V ugm-3
12/04/2017,26/04/2017,0.31,V ugm-3
26/04/2017,11/05/2017,0.27,V ugm-3
11/05/2017,24/05/2017,0.36,V ugm-3
24/05/2017,07/06/2017,0.21,V ugm-3
07/06/2017,21/06/2017,0.25,V ugm-3
21/06/2017,06/07/2017,0.23,V ugm-3
06/07/2017,19/07/2017,0.24,V ugm-3
19/07/2017,02/08/2017,0.26,V ugm-3
02/08/2017,16/08/2017,0.23,V ugm-3
16/08/2017,30/08/2017,0.35,V ugm-3
30/08/2017,13/09/2017,0.41,V ugm-3
13/09/2017,28/09/2017,0.46,V ugm-3
28/09/2017,12/10/2017,0.34,V ugm-3
12/10/2017,26/10/2017,0.51,V ugm-3
26/10/2017,08/11/2017,1.02,V ugm-3
08/11/2017,22/11/2017,0.7,V ugm-3
22/11/2017,06/12/2017,0.57,V ugm-3
06/12/2017,21/12/2017,0.85,V ugm-3
21/12/2017,03/01/2018,0.58,V ugm-3
Data for year 2018,,,
Multi-day data,,,
Leeds Centre,,,
Start Date,End Date,BENZENE,Status / units
03/01/2018,18/01/2018,0.82,V ugm-3
18/01/2018,31/01/2018,0.57,V ugm-3
31/01/2018,15/02/2018,0.73,V ugm-3
15/02/2018,02/03/2018,0.74,V ugm-3
02/03/2018,15/03/2018,1.26,V ugm-3
15/03/2018,28/03/2018,0.63,V ugm-3
28/03/2018,12/04/2018,0.66,V ugm-3
12/04/2018,26/04/2018,0.45,V ugm-3
26/04/2018,09/05/2018,0.3,V ugm-3
09/05/2018,24/05/2018,0.42,V ugm-3
24/05/2018,06/06/2018,0.35,V ugm-3
06/06/2018,20/06/2018,0.23,V ugm-3
20/06/2018,04/07/2018,0.25,V ugm-3
04/07/2018,18/07/2018,0.23,V ugm-3
18/07/2018,01/08/2018,0.2,V ugm-3
01/08/2018,15/08/2018,0.34,V ugm-3
15/08/2018,30/08/2018,0.18,V ugm-3
30/08/2018,13/09/2018,0.4,V ugm-3
13/09/2018,27/09/2018,0.38,V ugm-3
27/09/2018,10/10/2018,0.31,V ugm-3
10/10/2018,24/10/2018,0.47,V ugm-3
24/10/2018,09/11/2018,0.66,V ugm-3
09/11/2018,21/11/2018,0.61,V ugm-3
21/11/2018,07/12/2018,0.78,V ugm-3
07/12/2018,19/12/2018,0.78,V ugm-3
19/12/2018,07/01/2019,0.64,V ugm-3
Data for year 2019,,,
Multi-day data,,,
Leeds Centre,,,
Start Date,End Date,BENZENE,Status / units
07/01/2019,16/01/2019,0.46,V ugm-3
16/01/2019,31/01/2019,0.7,V ugm-3
31/01/2019,12/02/2019,0.79,V ugm-3
12/02/2019,28/02/2019,1.26,V ugm-3
28/02/2019,13/03/2019,0.56,V ugm-3
13/03/2019,27/03/2019,0.47,V ugm-3
27/03/2019,10/04/2019,0.56,V ugm-3
10/04/2019,24/04/2019,0.55,V ugm-3
24/04/2019,09/05/2019,0.28,V ugm-3
09/05/2019,22/05/2019,0.32,V ugm-3
22/05/2019,05/06/2019,0.21,V ugm-3
05/06/2019,20/06/2019,0.26,V ugm-3
20/06/2019,03/07/2019,0.22,V ugm-3
03/07/2019,19/07/2019,0.22,V ugm-3
19/07/2019,31/07/2019,0.27,V ugm-3
31/07/2019,14/08/2019,0.25,V ugm-3
14/08/2019,29/08/2019,0.4,V ugm-3
29/08/2019,12/09/2019,0.3,V ugm-3
12/09/2019,25/09/2019,0.47,V ugm-3
25/09/2019,10/10/2019,0.38,V ugm-3
10/10/2019,29/10/2019,0.54,V ugm-3
29/10/2019,06/11/2019,0.94,V ugm-3
06/11/2019,20/11/2019,0.71,V ugm-3
20/11/2019,05/12/2019,0.89,V ugm-3
05/12/2019,18/12/2019,0.79,V ugm-3
18/12/2019,02/01/2020,0.82,V ugm-3
Data for year 2020,,,
Multi-day data,,,
Leeds Centre,,,
Start Date,End Date,BENZENE,Status / units
02/01/2020,16/01/2020,0.53,V ugm-3
16/01/2020,30/01/2020,0.57,V ugm-3
30/01/2020,13/02/2020,0.58,V ugm-3
13/02/2020,27/02/2020,0.37,V ugm-3
27/02/2020,11/03/2020,0.57,V ugm-3
11/03/2020,25/03/2020,0.51,V ugm-3
25/03/2020,11/04/2020,0.55,V ugm-3
11/04/2020,22/04/2020,0.36,V ugm-3
22/04/2020,06/05/2020,0.27,V ugm-3
06/05/2020,22/05/2020,0.26,V ugm-3
22/05/2020,02/06/2020,0.32,V ugm-3
02/06/2020,17/06/2020,0.16,V ugm-3
17/06/2020,01/07/2020,0.18,V ugm-3
01/07/2020,15/07/2020,0.17,V ugm-3
15/07/2020,29/07/2020,0.21,V ugm-3
29/07/2020,12/08/2020,0.27,V ugm-3
12/08/2020,26/08/2020,0.24,V ugm-3
26/08/2020,23/09/2020,0.3,V ugm-3
23/09/2020,07/10/2020,0.3,V ugm-3
07/10/2020,21/10/2020,0.65,V ugm-3
21/10/2020,04/11/2020,0.44,V ugm-3
04/11/2020,24/11/2020,0.89,V ugm-3
24/11/2020,02/12/2020,0.97,V ugm-3
02/12/2020,16/12/2020,0.71,V ugm-3
16/12/2020,30/12/2020,0.62,V ugm-3
30/12/2020,13/01/2021,0.89,V ugm-3
Data for year 2021,,,
Multi-day data,,,
Leeds Centre,,,
Start Date,End Date,BENZENE,Status / units
13/01/2021,27/01/2021,0.77,V ugm-3
27/01/2021,10/02/2021,0.79,V ugm-3
10/02/2021,24/02/2021,0.58,V ugm-3
24/02/2021,10/03/2021,0.81,V ugm-3
10/03/2021,24/03/2021,0.41,V ugm-3
24/03/2021,07/04/2021,0.46,V ugm-3
07/04/2021,21/04/2021,0.61,V ugm-3
21/04/2021,05/05/2021,0.4,V ugm-3
05/05/2021,19/05/2021,0.33,V ugm-3
19/05/2021,02/06/2021,0.36,V ugm-3
02/06/2021,15/06/2021,0.22,V ugm-3
15/06/2021,30/06/2021,0.26,V ugm-3
30/06/2021,13/07/2021,0.32,V ugm-3
13/07/2021,28/07/2021,0.43,V ugm-3
28/07/2021,11/08/2021,0.2,V ugm-3
11/08/2021,25/08/2021,0.32,V ugm-3
25/08/2021,08/09/2021,0.41,V ugm-3
08/09/2021,22/09/2021,0.56,V ugm-3
22/09/2021,12/10/2021,0.34,V ugm-3
12/10/2021,20/10/2021,0.31,V ugm-3
20/10/2021,03/11/2021,0.32,V ugm-3
03/11/2021,17/11/2021,0.5,V ugm-3
17/11/2021,01/12/2021,0.38,V ugm-3
01/12/2021,15/12/2021,0.49,V ugm-3
15/12/2021,29/12/2021,0.77,V ugm-3
29/12/2021,12/01/2022,0.5,V ugm-3
Data for year 2022,,,
Multi-day data,,,
Leeds Centre,,,
Start Date,End Date,BENZENE,Status / units
12/01/2022,26/01/2022,0.98,V ugm-3
26/01/2022,09/02/2022,0.41,V ugm-3
09/02/2022,23/02/2022,0.5,V ugm-3
23/02/2022,09/03/2022,0.72,V ugm-3
09/03/2022,23/03/2022,0.66,V ugm-3
23/03/2022,06/04/2022,,
06/04/2022,20/04/2022,,
20/04/2022,04/05/2022,,
04/05/2022,18/05/2022,,
18/05/2022,01/06/2022,,
01/06/2022,15/06/2022,0.26,V ugm-3
15/06/2022,30/06/2022,0.27,V ugm-3
30/06/2022,13/07/2022,0.15,V ugm-3
13/07/2022,27/07/2022,0.2,V ugm-3
27/07/2022,10/08/2022,0.24,V ugm-3
10/08/2022,24/08/2022,0.19,V ugm-3
24/08/2022,07/09/2022,0.22,V ugm-3
07/09/2022,21/09/2022,0.41,V ugm-3
21/09/2022,05/10/2022,0.31,V ugm-3
05/10/2022,19/10/2022,0.49,V ugm-3
19/10/2022,02/11/2022,0.4,V ugm-3
02/11/2022,16/11/2022,0.59,V ugm-3
16/11/2022,30/11/2022,0.69,V ugm-3
30/11/2022,14/12/2022,0.79,V ugm-3
14/12/2022,28/12/2022,0.74,V ugm-3
28/12/2022,11/01/2023,0.46,V ugm-3
Data for year 2023,,,
Multi-day data,,,
Leeds Centre,,,
Start Date,End Date,BENZENE,Status / units
11/01/2023,26/01/2023,0.81,V ugm-3
26/01/2023,08/02/2023,0.64,V ugm-3
08/02/2023,22/02/2023,0.9,V ugm-3
22/02/2023,08/03/2023,0.61,V ugm-3
08/03/2023,22/03/2023,0.65,V ugm-3
22/03/2023,05/04/2023,0.48,V ugm-3
05/04/2023,19/04/2023,0.58,V ugm-3
19/04/2023,03/05/2023,0.41,V ugm-3
03/05/2023,17/05/2023,0.32,V ugm-3
17/05/2023,31/05/2023,0.33,V ugm-3
31/05/2023,14/06/2023,0.43,V ugm-3
14/06/2023,28/06/2023,0.4,V ugm-3
28/06/2023,11/07/2023,0.26,V ugm-3
11/07/2023,26/07/2023,0.3,V ugm-3
26/07/2023,09/08/2023,0.3,V ugm-3
09/08/2023,23/08/2023,0.35,V ugm-3
23/08/2023,06/09/2023,0.29,V ugm-3
06/09/2023,20/09/2023,0.44,V ugm-3
20/09/2023,04/10/2023,0.47,V ugm-3
04/10/2023,18/10/2023,0.64,V ugm-3
18/10/2023,01/11/2023,0.69,V ugm-3
01/11/2023,15/11/2023,0.53,V ugm-3
15/11/2023,30/11/2023,0.79,V ugm-3
30/11/2023,13/12/2023,0.96,V ugm-3
13/12/2023,27/12/2023,0.5,V ugm-3
27/12/2023,10/01/2024,0.63,V ugm-3
Data for year 2024,,,
Multi-day data,,,
Leeds Centre,,,
Start Date,End Date,BENZENE,Status / units
10/01/2024,19/01/2024,0.59,V ugm-3
06/02/2024,21/02/2024,0.68,V ugm-3
21/02/2024,06/03/2024,0.74,V ugm-3
06/03/2024,20/03/2024,0.85,V ugm-3
20/03/2024,03/04/2024,0.66,V ugm-3
03/04/2024,17/04/2024,0.33,V ugm-3
17/04/2024,01/05/2024,0.36,V ugm-3
01/05/2024,14/05/2024,0.38,V ugm-3
14/05/2024,29/05/2024,0.29,V ugm-3
29/05/2024,12/06/2024,0.22,V ugm-3
12/06/2024,26/06/2024,0.3,V ugm-3
26/06/2024,10/07/2024,,
10/07/2024,24/07/2024,0.23,V ugm-3
24/07/2024,07/08/2024,0.29,V ugm-3
07/08/2024,22/08/2024,0.39,V ugm-3
22/08/2024,04/09/2024,0.41,V ugm-3
04/09/2024,18/09/2024,0.38,V ugm-3
18/09/2024,03/10/2024,0.42,V ugm-3
03/10/2024,16/10/2024,0.53,V ugm-3
16/10/2024,30/10/2024,0.51,V ugm-3
30/10/2024,13/11/2024,0.9,V ugm-3
13/11/2024,27/11/2024,0.52,V ugm-3
27/11/2024,27/12/2024,0.38,V ugm-3
27/12/2024,08/01/2025,0.53,V ugm-3
Data for year 2025,,,
Multi-day data,,,
Leeds Centre,,,
Start Date,End Date,BENZENE,Status / units
08/01/2025,22/01/2025,1.28,V ugm-3
22/01/2025,06/02/2025,0.6,V ugm-3
06/02/2025,19/02/2025,0.76,V ugm-3
19/02/2025,05/03/2025,0.45,V ugm-3
05/03/2025,19/03/2025,0.5,V ugm-3
19/03/2025,02/04/2025,0.49,V ugm-3
02/04/2025,16/04/2025,0.34,V ugm-3
16/04/2025,30/04/2025,0.3,V ugm-3
30/04/2025,14/05/2025,0.29,V ugm-3
14/05/2025,28/05/2025,0.12,V ugm-3
28/05/2025,11/06/2025,0.26,V ugm-3
11/06/2025,25/06/2025,0.33,V ugm-3
25/06/2025,09/07/2025,0.16,V ugm-3
09/07/2025,23/07/2025,0.26,V ugm-3
23/07/2025,06/08/2025,0.22,V ugm-3
06/08/2025,20/08/2025,0.41,V ugm-3
20/08/2025,03/09/2025,0.28,V ugm-3
03/09/2025,17/09/2025,,
17/09/2025,01/10/2025,0.43,V ugm-3
01/10/2025,16/10/2025,0.34,V ugm-3
16/10/2025,30/10/2025,0.49,V ugm-3
30/10/2025,12/11/2025,0.71,V ugm-3
12/11/2025,26/11/2025,0.55,V ugm-3
26/11/2025,10/12/2025,0.49,V ugm-3
10/12/2025,22/12/2025,0.63,V ugm-3
22/12/2025,07/01/2026,0.48,V ugm-3
Data for year 2002,,,
Multi-day data,,,
Leeds Roadside,,,
Start Date,End Date,BENZENE,Status / units
22/03/2002,05/04/2002,3.45,V ugm-3
05/04/2002,24/04/2002,3.38,V ugm-3
24/04/2002,08/05/2002,2.37,V ugm-3
08/05/2002,24/05/2002,2.37,V ugm-3
24/05/2002,07/06/2002,2.21,V ugm-3
07/06/2002,21/06/2002,2.37,V ugm-3
21/06/2002,08/07/2002,1.56,V ugm-3
08/07/2002,19/07/2002,2.34,V ugm-3
19/07/2002,05/08/2002,2.57,V ugm-3
05/08/2002,16/08/2002,2.54,V ugm-3
16/08/2002,30/08/2002,2.96,V ugm-3
30/08/2002,13/09/2002,3.12,V ugm-3
13/09/2002,27/09/2002,3.25,V ugm-3
27/09/2002,11/10/2002,3.64,V ugm-3
11/10/2002,25/10/2002,4.68,V ugm-3
25/10/2002,08/11/2002,3.9,V ugm-3
08/11/2002,22/11/2002,4.94,V ugm-3
22/11/2002,06/12/2002,4.71,V ugm-3
06/12/2002,20/12/2002,5.1,V ugm-3
20/12/2002,03/01/2003,5.4,V ugm-3
Data for year 2003,,,
Multi-day data,,,
Leeds Roadside,,,
Start Date,End Date,BENZENE,Status / units
03/01/2003,17/01/2003,3.19,V ugm-3
17/01/2003,31/01/2003,2.6,V ugm-3
31/01/2003,14/02/2003,2.86,V ugm-3
14/02/2003,28/02/2003,5.27,V ugm-3
28/02/2003,14/03/2003,2.96,V ugm-3
14/03/2003,28/03/2003,6.37,V ugm-3
28/03/2003,16/04/2003,2.99,V ugm-3
16/04/2003,30/04/2003,2.28,V ugm-3
30/04/2003,16/05/2003,1.63,V ugm-3
16/05/2003,30/05/2003,2.21,V ugm-3
30/05/2003,13/06/2003,1.92,V ugm-3
13/06/2003,26/06/2003,2.02,V ugm-3
26/06/2003,11/07/2003,3.02,V ugm-3
11/07/2003,25/07/2003,2.21,V ugm-3
25/07/2003,08/08/2003,1.24,V ugm-3
08/08/2003,22/08/2003,2.86,V ugm-3
22/08/2003,05/09/2003,3.32,V ugm-3
05/09/2003,17/09/2003,2.83,V ugm-3
17/09/2003,01/10/2003,3.38,V ugm-3
01/10/2003,15/10/2003,2.8,V ugm-3
15/10/2003,29/10/2003,3.74,V ugm-3
29/10/2003,12/11/2003,6.57,V ugm-3
12/11/2003,02/12/2003,4.84,V ugm-3
02/12/2003,23/12/2003,7.18,V ugm-3
23/12/2003,13/01/2004,2.83,V ugm-3
Data for year 2004,,,
Multi-day data,,,
Leeds Roadside,,,
Start Date,End Date,BENZENE,Status / units
13/01/2004,26/01/2004,2.83,V ugm-3
26/01/2004,11/02/2004,2.15,V ugm-3
11/02/2004,26/02/2004,4.13,V ugm-3
26/02/2004,09/03/2004,5.53,V ugm-3
09/03/2004,23/03/2004,2.93,V ugm-3
23/03/2004,08/04/2004,3.77,V ugm-3
08/04/2004,22/04/2004,2.6,V ugm-3
22/04/2004,06/05/2004,4.52,V ugm-3
06/05/2004,24/05/2004,3.41,V ugm-3
24/05/2004,25/05/2004,1.89,V ugm-3
25/05/2004,18/06/2004,2.57,V ugm-3
18/06/2004,12/07/2004,2.44,V ugm-3
12/07/2004,26/07/2004,2.31,V ugm-3
26/07/2004,12/08/2004,2.47,V ugm-3
12/08/2004,26/08/2004,2.37,V ugm-3
26/08/2004,21/09/2004,2.7,V ugm-3
21/09/2004,01/10/2004,3.19,V ugm-3
01/10/2004,14/10/2004,3.28,V ugm-3
14/10/2004,29/10/2004,2.28,V ugm-3
29/10/2004,10/12/2004,4.68,V ugm-3
10/12/2004,23/12/2004,3.97,V ugm-3
23/12/2004,07/01/2005,1.95,V ugm-3
Data for year 2005,,,
Multi-day data,,,
Leeds Roadside,,,
Start Date,End Date,BENZENE,Status / units
07/01/2005,21/01/2005,2.15,V ugm-3
21/01/2005,02/02/2005,3.58,V ugm-3
02/02/2005,15/02/2005,3.19,V ugm-3
15/02/2005,01/03/2005,2.83,V ugm-3
01/03/2005,31/03/2005,3.22,V ugm-3
31/03/2005,13/04/2005,4.55,V ugm-3
13/04/2005,15/04/2005,4.55,V ugm-3
15/04/2005,28/04/2005,2.31,V ugm-3
28/04/2005,16/05/2005,3.02,V ugm-3
16/05/2005,06/06/2005,2.41,V ugm-3
06/06/2005,23/06/2005,2.21,V ugm-3
23/06/2005,11/07/2005,1.69,V ugm-3
11/07/2005,28/07/2005,1.92,V ugm-3
28/07/2005,15/08/2005,1.82,V ugm-3
15/08/2005,01/09/2005,1.27,V ugm-3
01/09/2005,21/09/2005,2.44,V ugm-3
21/09/2005,14/10/2005,2.7,V ugm-3
14/10/2005,03/11/2005,3.61,V ugm-3
03/11/2005,15/11/2005,2.44,V ugm-3
15/11/2005,29/11/2005,2.11,V ugm-3
29/11/2005,12/12/2005,3.58,V ugm-3
12/12/2005,28/12/2005,2.89,V ugm-3
28/12/2005,31/01/2006,2.63,V ugm-3
Data for year 2006,,,
Multi-day data,,,
Leeds Roadside,,,
Start Date,End Date,BENZENE,Status / units
31/01/2006,16/02/2006,2.93,V ugm-3
16/02/2006,06/03/2006,3.06,V ugm-3
06/03/2006,22/03/2006,2.86,V ugm-3
22/03/2006,06/04/2006,1.98,V ugm-3
06/04/2006,20/04/2006,1.66,V ugm-3
20/04/2006,04/05/2006,1.92,V ugm-3
04/05/2006,18/05/2006,2.24,V ugm-3
18/05/2006,02/06/2006,1.2,V ugm-3
02/06/2006,15/06/2006,1.82,V ugm-3
15/06/2006,13/07/2006,2.24,V ugm-3
13/07/2006,09/08/2006,1.37,V ugm-3
09/08/2006,24/08/2006,1.4,V ugm-3
24/08/2006,07/09/2006,0.91,V ugm-3
07/09/2006,21/09/2006,3.22,V ugm-3
21/09/2006,29/09/2006,2.28,V ugm-3
29/09/2006,13/10/2006,1.63,V ugm-3
13/10/2006,02/11/2006,1.69,V ugm-3
02/11/2006,16/11/2006,1.72,V ugm-3
16/11/2006,28/11/2006,1.11,V ugm-3
28/11/2006,13/12/2006,0.78,V ugm-3
13/12/2006,02/01/2007,2.37,V ugm-3
Data for year 2007,,,
Multi-day data,,,
Leeds Roadside,,,
Start Date,End Date,BENZENE,Status / units
02/01/2007,18/01/2007,0.94,V ugm-3
18/01/2007,06/02/2007,2.5,V ugm-3
06/02/2007,22/02/2007,4,V ugm-3
22/02/2007,15/03/2007,1.14,V ugm-3
15/03/2007,05/04/2007,1.66,V ugm-3
05/04/2007,19/04/2007,1.4,V ugm-3
19/04/2007,01/05/2007,1.33,V ugm-3
01/05/2007,17/05/2007,1.27,V ugm-3
17/05/2007,01/06/2007,1.53,V ugm-3
01/06/2007,19/06/2007,1.59,V ugm-3
19/06/2007,06/07/2007,1.2,V ugm-3
06/07/2007,17/07/2007,1.04,V ugm-3
17/07/2007,31/07/2007,0.94,V ugm-3
31/07/2007,15/08/2007,0.91,V ugm-3
15/08/2007,30/08/2007,1.2,V ugm-3
30/08/2007,20/09/2007,1.5,V ugm-3
20/09/2007,05/10/2007,1.2,V ugm-3
05/10/2007,19/10/2007,1.89,V ugm-3
19/10/2007,02/11/2007,2.41,V ugm-3
02/11/2007,20/11/2007,1.07,V ugm-3
20/11/2007,11/12/2007,1.2,V ugm-3
Data for year 2002,,,
Multi-day data,,,
Leicester Centre,,,
Start Date,End Date,BENZENE,Status / units
29/01/2002,12/02/2002,1.01,V ugm-3
12/02/2002,26/02/2002,1.79,V ugm-3
26/02/2002,19/03/2002,1.33,V ugm-3
19/03/2002,26/03/2002,1.27,V ugm-3
26/03/2002,09/04/2002,1.2,V ugm-3
09/04/2002,23/04/2002,1.43,V ugm-3
23/04/2002,08/05/2002,0.88,V ugm-3
08/05/2002,21/05/2002,0.68,V ugm-3
21/05/2002,05/06/2002,0.75,V ugm-3
05/06/2002,19/06/2002,0.65,V ugm-3
19/06/2002,30/07/2002,1.01,V ugm-3
30/07/2002,13/08/2002,1.11,V ugm-3
13/08/2002,27/08/2002,1.07,V ugm-3
27/08/2002,24/09/2002,1.14,V ugm-3
24/09/2002,08/10/2002,1.89,V ugm-3
08/10/2002,24/10/2002,1.5,V ugm-3
24/10/2002,05/11/2002,1.53,V ugm-3
05/11/2002,19/11/2002,1.76,V ugm-3
19/11/2002,03/12/2002,1.43,V ugm-3
03/12/2002,06/01/2003,2.76,V ugm-3
Data for year 2003,,,
Multi-day data,,,
Leicester Centre,,,
Start Date,End Date,BENZENE,Status / units
06/01/2003,13/01/2003,2.34,V ugm-3
13/01/2003,28/01/2003,1.14,V ugm-3
28/01/2003,11/02/2003,1.33,V ugm-3
11/02/2003,25/02/2003,2.21,V ugm-3
25/02/2003,11/03/2003,1.79,V ugm-3
11/03/2003,24/03/2003,1.63,V ugm-3
24/03/2003,08/04/2003,1.33,V ugm-3
08/04/2003,23/04/2003,1.04,V ugm-3
23/04/2003,06/05/2003,0.98,V ugm-3
06/05/2003,20/05/2003,0.81,V ugm-3
20/05/2003,03/06/2003,0.88,V ugm-3
03/06/2003,18/06/2003,0.85,V ugm-3
18/06/2003,01/07/2003,0.94,V ugm-3
01/07/2003,17/07/2003,1.01,V ugm-3
17/07/2003,29/07/2003,0.72,V ugm-3
29/07/2003,12/08/2003,0.88,V ugm-3
12/08/2003,26/08/2003,1.07,V ugm-3
26/08/2003,09/09/2003,1.3,V ugm-3
09/09/2003,23/09/2003,1.07,V ugm-3
23/09/2003,07/10/2003,1.37,V ugm-3
07/10/2003,22/10/2003,1.01,V ugm-3
22/10/2003,17/11/2003,2.96,V ugm-3
17/11/2003,04/12/2003,2.5,V ugm-3
04/12/2003,16/12/2003,2.93,V ugm-3
16/12/2003,06/01/2004,2.34,V ugm-3
Data for year 2004,,,
Multi-day data,,,
Leicester Centre,,,
Start Date,End Date,BENZENE,Status / units
06/01/2004,15/01/2004,1.53,V ugm-3
15/01/2004,10/02/2004,1.69,V ugm-3
10/02/2004,25/02/2004,2.02,V ugm-3
25/02/2004,08/03/2004,1.98,V ugm-3
08/03/2004,23/03/2004,1.46,V ugm-3
23/03/2004,06/04/2004,1.59,V ugm-3
06/04/2004,20/04/2004,1.43,V ugm-3
20/04/2004,05/05/2004,1.53,V ugm-3
05/05/2004,18/05/2004,1.66,V ugm-3
18/05/2004,04/06/2004,0.98,V ugm-3
04/06/2004,15/06/2004,0.81,V ugm-3
15/06/2004,29/06/2004,0.65,V ugm-3
29/06/2004,15/07/2004,1.14,V ugm-3
15/07/2004,26/07/2004,1.24,V ugm-3
26/07/2004,10/08/2004,0.78,V ugm-3
10/08/2004,24/08/2004,0.88,V ugm-3
24/08/2004,02/09/2004,1.2,V ugm-3
02/09/2004,21/09/2004,1.3,V ugm-3
21/09/2004,07/10/2004,1.2,V ugm-3
07/10/2004,19/10/2004,2.54,V ugm-3
19/10/2004,02/11/2004,0.91,V ugm-3
02/11/2004,17/11/2004,1.04,V ugm-3
17/11/2004,15/12/2004,3.12,V ugm-3
15/12/2004,29/12/2004,1.72,V ugm-3
29/12/2004,10/01/2005,0.94,V ugm-3
Data for year 2005,,,
Multi-day data,,,
Leicester Centre,,,
Start Date,End Date,BENZENE,Status / units
10/01/2005,26/01/2005,1.27,V ugm-3
26/01/2005,10/02/2005,1.89,V ugm-3
10/02/2005,21/02/2005,1.69,V ugm-3
21/02/2005,10/03/2005,1.69,V ugm-3
10/03/2005,22/03/2005,1.07,V ugm-3
22/03/2005,04/04/2005,2.11,V ugm-3
04/04/2005,19/04/2005,1.17,V ugm-3
19/04/2005,03/05/2005,0.85,V ugm-3
03/05/2005,16/05/2005,0.81,V ugm-3
16/05/2005,02/06/2005,0.59,V ugm-3
02/06/2005,16/06/2005,0.55,V ugm-3
16/06/2005,28/06/2005,0.91,V ugm-3
28/06/2005,12/07/2005,0.59,V ugm-3
12/07/2005,27/07/2005,0.91,V ugm-3
27/07/2005,08/08/2005,0.94,V ugm-3
08/08/2005,24/08/2005,1.24,V ugm-3
24/08/2005,07/09/2005,0.68,V ugm-3
07/09/2005,20/09/2005,1.04,V ugm-3
20/09/2005,06/10/2005,1.07,V ugm-3
06/10/2005,19/10/2005,1.46,V ugm-3
19/10/2005,31/10/2005,0.85,V ugm-3
31/10/2005,15/11/2005,1.59,V ugm-3
15/11/2005,30/11/2005,2.7,V ugm-3
30/11/2005,15/12/2005,1.69,V ugm-3
15/12/2005,04/01/2006,2.08,V ugm-3
Data for year 2006,,,
Multi-day data,,,
Leicester Centre,,,
Start Date,End Date,BENZENE,Status / units
04/01/2006,18/01/2006,1.46,V ugm-3
18/01/2006,02/02/2006,2.31,V ugm-3
02/02/2006,15/02/2006,1.98,V ugm-3
15/02/2006,01/03/2006,1.14,V ugm-3
01/03/2006,14/03/2006,1.66,V ugm-3
14/03/2006,28/03/2006,1.4,V ugm-3
28/03/2006,10/04/2006,0.94,V ugm-3
10/04/2006,24/04/2006,1.14,V ugm-3
24/04/2006,09/05/2006,0.81,V ugm-3
09/05/2006,25/05/2006,0.65,V ugm-3
25/05/2006,07/06/2006,0.62,V ugm-3
07/06/2006,21/06/2006,0.62,V ugm-3
21/06/2006,04/07/2006,0.85,V ugm-3
04/07/2006,19/07/2006,0.59,V ugm-3
19/07/2006,03/08/2006,0.65,V ugm-3
03/08/2006,15/08/2006,0.36,V ugm-3
15/08/2006,31/08/2006,0.52,V ugm-3
31/08/2006,20/09/2006,0.65,V ugm-3
20/09/2006,04/10/2006,0.78,V ugm-3
04/10/2006,18/10/2006,0.78,V ugm-3
18/10/2006,01/11/2006,0.59,V ugm-3
01/11/2006,16/11/2006,1.24,V ugm-3
16/11/2006,29/11/2006,0.46,V ugm-3
29/11/2006,06/12/2006,0.68,V ugm-3
06/12/2006,19/12/2006,0.94,V ugm-3
19/12/2006,04/01/2007,1.92,V ugm-3
Data for year 2007,,,
Multi-day data,,,
Leicester Centre,,,
Start Date,End Date,BENZENE,Status / units
04/01/2007,19/01/2007,1.2,V ugm-3
19/01/2007,30/01/2007,1.07,V ugm-3
30/01/2007,15/02/2007,1.4,V ugm-3
15/02/2007,01/03/2007,1.53,V ugm-3
01/03/2007,15/03/2007,0.68,V ugm-3
15/03/2007,28/03/2007,1.14,V ugm-3
28/03/2007,11/04/2007,0.85,V ugm-3
11/04/2007,25/04/2007,0.81,V ugm-3
25/04/2007,09/05/2007,0.46,V ugm-3
09/05/2007,23/05/2007,0.85,V ugm-3
23/05/2007,04/06/2007,0.55,V ugm-3
04/06/2007,20/06/2007,0.68,V ugm-3
20/06/2007,04/07/2007,0.49,V ugm-3
04/07/2007,18/07/2007,0.55,V ugm-3
18/07/2007,01/08/2007,0.42,V ugm-3
01/08/2007,15/08/2007,0.59,V ugm-3
15/08/2007,29/08/2007,0.59,V ugm-3
29/08/2007,14/09/2007,0.62,V ugm-3
14/09/2007,26/09/2007,0.39,V ugm-3
26/09/2007,10/10/2007,0.72,V ugm-3
10/10/2007,24/10/2007,1.59,V ugm-3
24/10/2007,07/11/2007,1.24,V ugm-3
07/11/2007,23/11/2007,0.81,V ugm-3
23/11/2007,05/12/2007,0.94,V ugm-3
05/12/2007,19/12/2007,1.01,V ugm-3
19/12/2007,04/01/2008,0.81,V ugm-3
Data for year 2008,,,
Multi-day data,,,
Leicester Centre,,,
Start Date,End Date,BENZENE,Status / units
04/01/2008,16/01/2008,0.91,V ugm-3
16/01/2008,30/01/2008,0.75,V ugm-3
30/01/2008,13/02/2008,2.41,V ugm-3
13/02/2008,27/02/2008,0.94,V ugm-3
27/02/2008,12/03/2008,0.65,V ugm-3
12/03/2008,26/03/2008,0.59,V ugm-3
26/03/2008,09/04/2008,0.78,V ugm-3
09/04/2008,23/04/2008,0.88,V ugm-3
23/04/2008,08/05/2008,0.49,V ugm-3
08/05/2008,21/05/2008,0.59,V ugm-3
21/05/2008,04/06/2008,0.52,V ugm-3
04/06/2008,17/06/2008,0.49,V ugm-3
17/06/2008,02/07/2008,0.29,V ugm-3
02/07/2008,17/07/2008,0.29,V ugm-3
17/07/2008,01/08/2008,0.36,V ugm-3
01/08/2008,14/08/2008,0.29,V ugm-3
14/08/2008,29/08/2008,0.29,V ugm-3
29/08/2008,12/09/2008,0.46,V ugm-3
12/09/2008,25/09/2008,0.75,V ugm-3
25/09/2008,10/10/2008,0.46,V ugm-3
10/10/2008,23/10/2008,0.49,V ugm-3
23/10/2008,13/11/2008,0.68,V ugm-3
13/11/2008,19/11/2008,0.78,V ugm-3
19/11/2008,03/12/2008,0.98,V ugm-3
03/12/2008,18/12/2008,1.24,V ugm-3
18/12/2008,06/01/2009,0.88,V ugm-3
Data for year 2009,,,
Multi-day data,,,
Leicester Centre,,,
Start Date,End Date,BENZENE,Status / units
06/01/2009,15/01/2009,1.01,V ugm-3
15/01/2009,28/01/2009,0.94,V ugm-3
28/01/2009,11/02/2009,1.27,V ugm-3
11/02/2009,26/02/2009,1.01,V ugm-3
26/02/2009,11/03/2009,0.59,V ugm-3
11/03/2009,25/03/2009,1.07,V ugm-3
08/04/2009,24/04/2009,0.49,V ugm-3
24/04/2009,08/05/2009,0.52,V ugm-3
08/05/2009,28/05/2009,0.39,V ugm-3
28/05/2009,05/06/2009,0.42,V ugm-3
05/06/2009,17/06/2009,0.33,V ugm-3
17/06/2009,02/07/2009,0.29,V ugm-3
02/07/2009,15/07/2009,0.23,V ugm-3
15/07/2009,28/07/2009,0.75,V ugm-3
28/07/2009,13/08/2009,0.68,V ugm-3
13/08/2009,01/09/2009,0.65,V ugm-3
01/09/2009,09/09/2009,0.59,V ugm-3
09/09/2009,24/09/2009,0.88,V ugm-3
24/09/2009,09/10/2009,0.91,V ugm-3
09/10/2009,22/10/2009,0.81,V ugm-3
22/10/2009,06/11/2009,0.85,V ugm-3
06/11/2009,18/11/2009,0.72,V ugm-3
18/11/2009,02/12/2009,0.59,V ugm-3
02/12/2009,16/12/2009,1.01,V ugm-3
16/12/2009,30/12/2009,1.07,V ugm-3
30/12/2009,14/01/2010,1.33,V ugm-3
Data for year 2010,,,
Multi-day data,,,
Leicester Centre,,,
Start Date,End Date,BENZENE,Status / units
14/01/2010,29/01/2010,1.37,V ugm-3
29/01/2010,12/02/2010,1.11,V ugm-3
12/02/2010,24/02/2010,1.2,V ugm-3
24/02/2010,12/03/2010,1.06,V ugm-3
12/03/2010,25/03/2010,0.79,V ugm-3
25/03/2010,09/04/2010,0.73,V ugm-3
09/04/2010,23/04/2010,0.82,V ugm-3
23/04/2010,06/05/2010,0.59,V ugm-3
06/05/2010,20/05/2010,0.52,V ugm-3
20/05/2010,09/06/2010,0.58,V ugm-3
09/06/2010,22/06/2010,0.6,V ugm-3
05/07/2010,27/07/2010,0.38,V ugm-3
27/07/2010,13/08/2010,0.43,V ugm-3
13/08/2010,23/08/2010,0.24,V ugm-3
23/08/2010,07/09/2010,0.51,V ugm-3
07/09/2010,22/09/2010,0.46,V ugm-3
22/09/2010,07/10/2010,0.55,V ugm-3
07/10/2010,20/10/2010,0.7,V ugm-3
20/10/2010,05/11/2010,0.52,V ugm-3
05/11/2010,19/11/2010,1.09,V ugm-3
19/11/2010,03/12/2010,0.83,V ugm-3
03/12/2010,17/12/2010,1.19,V ugm-3
17/12/2010,31/12/2010,1.49,V ugm-3
31/12/2010,13/01/2011,0.9,V ugm-3
Data for year 2011,,,
Multi-day data,,,
Leicester Centre,,,
Start Date,End Date,BENZENE,Status / units
13/01/2011,26/01/2011,1.05,V ugm-3
26/01/2011,14/02/2011,0.73,V ugm-3
14/02/2011,25/02/2011,1.13,V ugm-3
25/02/2011,11/03/2011,0.8,V ugm-3
11/03/2011,24/03/2011,1.17,V ugm-3
24/03/2011,08/04/2011,0.72,V ugm-3
08/04/2011,19/04/2011,0.53,V ugm-3
19/04/2011,10/05/2011,0.44,V ugm-3
10/05/2011,19/05/2011,0.32,V ugm-3
19/05/2011,03/06/2011,0.39,V ugm-3
03/06/2011,24/06/2011,0.23,V ugm-3
24/06/2011,01/07/2011,0.26,V ugm-3
01/07/2011,15/07/2011,0.3,V ugm-3
15/07/2011,29/07/2011,0.21,V ugm-3
29/07/2011,12/08/2011,0.28,V ugm-3
12/08/2011,31/08/2011,0.32,V ugm-3
31/08/2011,13/09/2011,0.27,V ugm-3
13/09/2011,23/09/2011,0.56,V ugm-3
23/09/2011,12/10/2011,0.42,V ugm-3
12/10/2011,19/10/2011,0.84,V ugm-3
19/10/2011,03/11/2011,0.43,V ugm-3
03/11/2011,18/11/2011,1.26,V ugm-3
18/11/2011,05/12/2011,0.76,V ugm-3
05/12/2011,15/12/2011,0.77,V ugm-3
15/12/2011,30/12/2011,0.66,V ugm-3
30/12/2011,11/01/2012,0.49,V ugm-3
Data for year 2012,,,
Multi-day data,,,
Leicester Centre,,,
Start Date,End Date,BENZENE,Status / units
11/01/2012,27/01/2012,1.11,V ugm-3
27/01/2012,09/02/2012,1.4,V ugm-3
09/02/2012,24/02/2012,0.88,V ugm-3
24/02/2012,09/03/2012,0.81,V ugm-3
09/03/2012,22/03/2012,0.69,V ugm-3
22/03/2012,03/04/2012,1.01,V ugm-3
03/04/2012,20/04/2012,0.47,V ugm-3
20/04/2012,04/05/2012,0.48,V ugm-3
04/05/2012,18/05/2012,0.36,V ugm-3
18/05/2012,30/05/2012,0.36,V ugm-3
30/05/2012,15/06/2012,0.29,V ugm-3
15/06/2012,27/06/2012,0.34,V ugm-3
27/06/2012,10/07/2012,0.38,V ugm-3
10/07/2012,27/07/2012,0.46,V ugm-3
27/07/2012,09/08/2012,0.41,V ugm-3
09/08/2012,24/08/2012,0.44,V ugm-3
24/08/2012,07/09/2012,0.43,V ugm-3
07/09/2012,19/09/2012,0.36,V ugm-3
19/09/2012,05/10/2012,0.42,V ugm-3
05/10/2012,19/10/2012,0.34,V ugm-3
19/10/2012,02/11/2012,0.5,V ugm-3
02/11/2012,14/11/2012,0.73,V ugm-3
14/11/2012,27/11/2012,1.23,V ugm-3
27/11/2012,14/12/2012,1.35,V ugm-3
14/12/2012,02/01/2013,0.5,V ugm-3
Data for year 2002,,,
Multi-day data,,,
Liverpool Centre,,,
Start Date,End Date,BENZENE,Status / units
06/06/2002,20/06/2002,0.75,V ugm-3
20/06/2002,04/07/2002,0.52,V ugm-3
04/07/2002,18/07/2002,0.59,V ugm-3
18/07/2002,31/07/2002,0.65,V ugm-3
31/07/2002,15/08/2002,0.85,V ugm-3
Data for year 2003,,,
Multi-day data,,,
Liverpool Speke,,,
Start Date,End Date,BENZENE,Status / units
11/04/2003,25/04/2003,1.11,V ugm-3
25/04/2003,08/05/2003,0.88,V ugm-3
08/05/2003,20/05/2003,0.75,V ugm-3
20/05/2003,05/06/2003,0.75,V ugm-3
05/06/2003,20/06/2003,0.91,V ugm-3
20/06/2003,02/07/2003,0.98,V ugm-3
02/07/2003,17/07/2003,1.11,V ugm-3
17/07/2003,04/08/2003,0.98,V ugm-3
04/08/2003,14/08/2003,0.94,V ugm-3
14/08/2003,26/08/2003,0.91,V ugm-3
26/08/2003,08/09/2003,1.2,V ugm-3
08/09/2003,22/09/2003,1.89,V ugm-3
22/09/2003,06/10/2003,1.98,V ugm-3
06/10/2003,23/10/2003,1.46,V ugm-3
23/10/2003,18/11/2003,2.76,V ugm-3
18/11/2003,02/12/2003,3.35,V ugm-3
02/12/2003,18/12/2003,3.19,V ugm-3
18/12/2003,06/01/2004,1.92,V ugm-3
Data for year 2004,,,
Multi-day data,,,
Liverpool Speke,,,
Start Date,End Date,BENZENE,Status / units
06/01/2004,20/01/2004,1.69,V ugm-3
20/01/2004,03/02/2004,1.69,V ugm-3
03/02/2004,19/02/2004,2.89,V ugm-3
19/02/2004,01/03/2004,1.63,V ugm-3
01/03/2004,18/03/2004,2.8,V ugm-3
18/03/2004,01/04/2004,1.04,V ugm-3
01/04/2004,13/04/2004,1.5,V ugm-3
13/04/2004,26/04/2004,1.72,V ugm-3
26/04/2004,10/05/2004,1.76,V ugm-3
10/05/2004,24/05/2004,1.82,V ugm-3
24/05/2004,07/06/2004,1.24,V ugm-3
07/06/2004,21/06/2004,0.98,V ugm-3
21/06/2004,08/07/2004,1.01,V ugm-3
08/07/2004,19/07/2004,0.91,V ugm-3
19/07/2004,02/08/2004,1.46,V ugm-3
02/08/2004,18/08/2004,1.66,V ugm-3
18/08/2004,01/09/2004,1.04,V ugm-3
01/09/2004,15/09/2004,1.63,V ugm-3
15/09/2004,27/09/2004,1.24,P ugm-3
27/09/2004,12/10/2004,1.46,P ugm-3
12/10/2004,25/10/2004,1.14,P ugm-3
25/10/2004,08/11/2004,1.53,P ugm-3
08/11/2004,22/11/2004,1.43,P ugm-3
Data for year 2005,,,
Multi-day data,,,
Liverpool Speke,,,
Start Date,End Date,BENZENE,Status / units
22/02/2005,28/02/2005,2.11,V ugm-3
28/02/2005,14/03/2005,1.46,V ugm-3
14/03/2005,30/03/2005,1.4,V ugm-3
30/03/2005,12/04/2005,1.33,V ugm-3
12/04/2005,27/04/2005,1.4,V ugm-3
27/04/2005,11/05/2005,0.72,V ugm-3
11/05/2005,25/05/2005,0.85,V ugm-3
25/05/2005,06/06/2005,0.94,V ugm-3
06/06/2005,23/06/2005,1.07,V ugm-3
23/06/2005,07/07/2005,0.75,V ugm-3
07/07/2005,21/07/2005,0.68,V ugm-3
21/07/2005,02/08/2005,0.78,V ugm-3
02/08/2005,18/08/2005,1.43,V ugm-3
18/08/2005,01/09/2005,1.43,V ugm-3
01/09/2005,13/09/2005,1.98,V ugm-3
13/09/2005,27/09/2005,1.43,V ugm-3
27/09/2005,11/10/2005,1.27,V ugm-3
11/10/2005,25/10/2005,1.3,V ugm-3
25/10/2005,07/11/2005,1.43,V ugm-3
07/11/2005,24/11/2005,4.29,V ugm-3
24/11/2005,05/12/2005,0.72,V ugm-3
05/12/2005,20/12/2005,2.08,V ugm-3
20/12/2005,05/01/2006,3.15,V ugm-3
Data for year 2006,,,
Multi-day data,,,
Liverpool Speke,,,
Start Date,End Date,BENZENE,Status / units
05/01/2006,18/01/2006,1.98,V ugm-3
18/01/2006,30/01/2006,2.31,V ugm-3
30/01/2006,13/02/2006,1.95,V ugm-3
13/02/2006,27/02/2006,1.46,V ugm-3
27/02/2006,14/03/2006,1.72,V ugm-3
14/03/2006,30/03/2006,1.85,V ugm-3
30/03/2006,11/04/2006,0.85,V ugm-3
11/04/2006,26/04/2006,0.94,V ugm-3
26/04/2006,09/05/2006,0.88,V ugm-3
09/05/2006,23/05/2006,0.81,V ugm-3
23/05/2006,08/06/2006,0.68,V ugm-3
08/06/2006,20/06/2006,0.81,V ugm-3
20/06/2006,03/07/2006,0.88,V ugm-3
03/07/2006,18/07/2006,0.65,V ugm-3
18/07/2006,01/08/2006,1.46,V ugm-3
01/08/2006,14/08/2006,0.33,V ugm-3
14/08/2006,29/08/2006,0.68,V ugm-3
29/08/2006,12/09/2006,0.81,V ugm-3
12/09/2006,28/09/2006,0.81,V ugm-3
28/09/2006,10/10/2006,0.62,V ugm-3
10/10/2006,23/10/2006,1.66,V ugm-3
23/10/2006,06/11/2006,1.01,V ugm-3
06/11/2006,21/11/2006,0.78,V ugm-3
21/11/2006,05/12/2006,1.04,V ugm-3
05/12/2006,21/12/2006,1.27,V ugm-3
21/12/2006,03/01/2007,1.14,V ugm-3
Data for year 2007,,,
Multi-day data,,,
Liverpool Speke,,,
Start Date,End Date,BENZENE,Status / units
03/01/2007,16/01/2007,1.56,V ugm-3
16/01/2007,01/02/2007,0.75,V ugm-3
01/02/2007,15/02/2007,1.46,V ugm-3
15/02/2007,01/03/2007,0.85,V ugm-3
01/03/2007,14/03/2007,1.24,V ugm-3
14/03/2007,26/03/2007,1.11,V ugm-3
26/03/2007,10/04/2007,1.01,V ugm-3
10/04/2007,23/04/2007,1.04,V ugm-3
23/04/2007,09/05/2007,0.62,V ugm-3
09/05/2007,21/05/2007,0.94,V ugm-3
21/05/2007,07/06/2007,0.62,V ugm-3
07/06/2007,18/06/2007,0.59,V ugm-3
18/06/2007,04/07/2007,0.62,V ugm-3
04/07/2007,17/07/2007,0.62,V ugm-3
17/07/2007,31/07/2007,0.75,V ugm-3
31/07/2007,14/08/2007,1.07,V ugm-3
14/08/2007,30/08/2007,0.42,V ugm-3
30/08/2007,10/09/2007,0.29,V ugm-3
24/09/2007,16/10/2007,0.65,V ugm-3
16/10/2007,01/11/2007,1.07,V ugm-3
01/11/2007,13/11/2007,0.88,V ugm-3
13/11/2007,27/11/2007,1.53,V ugm-3
27/11/2007,11/12/2007,1.33,V ugm-3
11/12/2007,21/12/2007,1.07,V ugm-3
21/12/2007,10/01/2008,1.5,V ugm-3
Data for year 2008,,,
Multi-day data,,,
Liverpool Speke,,,
Start Date,End Date,BENZENE,Status / units
10/01/2008,25/01/2008,0.91,V ugm-3
25/01/2008,06/02/2008,0.72,V ugm-3
06/02/2008,22/02/2008,1.76,V ugm-3
22/02/2008,05/03/2008,1.3,V ugm-3
05/03/2008,03/04/2008,0.81,V ugm-3
03/04/2008,17/04/2008,1.63,V ugm-3
17/04/2008,30/04/2008,0.62,V ugm-3
30/04/2008,12/05/2008,0.81,V ugm-3
12/05/2008,27/05/2008,0.62,V ugm-3
27/05/2008,11/06/2008,0.52,V ugm-3
11/06/2008,26/06/2008,0.36,V ugm-3
26/06/2008,11/07/2008,0.65,V ugm-3
11/07/2008,25/07/2008,0.36,V ugm-3
25/07/2008,06/08/2008,0.62,V ugm-3
06/08/2008,19/08/2008,0.59,V ugm-3
19/08/2008,02/09/2008,0.52,V ugm-3
02/09/2008,19/09/2008,0.68,V ugm-3
19/09/2008,01/10/2008,0.72,V ugm-3
01/10/2008,14/10/2008,0.75,V ugm-3
14/10/2008,30/10/2008,0.62,V ugm-3
30/10/2008,11/11/2008,0.75,V ugm-3
11/11/2008,25/11/2008,0.68,V ugm-3
25/11/2008,09/12/2008,1.07,V ugm-3
09/12/2008,22/12/2008,1.43,V ugm-3
Data for year 2009,,,
Multi-day data,,,
Liverpool Speke,,,
Start Date,End Date,BENZENE,Status / units
04/02/2009,16/02/2009,1.76,V ugm-3
16/02/2009,04/03/2009,1.17,V ugm-3
04/03/2009,17/03/2009,0.81,V ugm-3
17/03/2009,31/03/2009,1.33,V ugm-3
31/03/2009,16/04/2009,0.52,V ugm-3
16/04/2009,29/04/2009,0.62,V ugm-3
29/04/2009,14/05/2009,0.59,V ugm-3
14/05/2009,26/05/2009,0.52,V ugm-3
26/05/2009,09/06/2009,0.46,V ugm-3
09/06/2009,24/06/2009,0.49,V ugm-3
24/06/2009,07/07/2009,0.46,V ugm-3
07/07/2009,21/07/2009,0.55,V ugm-3
21/07/2009,04/08/2009,0.65,V ugm-3
04/08/2009,20/08/2009,0.98,V ugm-3
20/08/2009,02/09/2009,1.04,V ugm-3
02/09/2009,17/09/2009,0.85,V ugm-3
17/09/2009,01/10/2009,1.11,V ugm-3
01/10/2009,15/10/2009,0.94,V ugm-3
15/10/2009,27/10/2009,0.49,V ugm-3
27/10/2009,11/11/2009,0.81,V ugm-3
11/11/2009,25/11/2009,0.78,V ugm-3
25/11/2009,09/12/2009,0.98,V ugm-3
09/12/2009,06/01/2010,1.27,V ugm-3
Data for year 2010,,,
Multi-day data,,,
Liverpool Speke,,,
Start Date,End Date,BENZENE,Status / units
06/01/2010,28/01/2010,1.37,V ugm-3
28/01/2010,11/02/2010,1.14,V ugm-3
11/02/2010,24/02/2010,1.42,V ugm-3
24/02/2010,10/03/2010,1.23,V ugm-3
10/03/2010,23/03/2010,0.97,V ugm-3
23/03/2010,07/04/2010,1.13,V ugm-3
07/04/2010,20/04/2010,,
20/04/2010,07/05/2010,0.8,V ugm-3
07/05/2010,20/05/2010,0.67,V ugm-3
20/05/2010,01/06/2010,0.45,V ugm-3
01/06/2010,15/06/2010,0.38,V ugm-3
15/06/2010,29/06/2010,0.79,V ugm-3
06/07/2010,27/07/2010,0.52,V ugm-3
27/07/2010,10/08/2010,0.52,V ugm-3
10/08/2010,24/08/2010,0.47,V ugm-3
24/08/2010,08/09/2010,0.47,V ugm-3
08/09/2010,21/09/2010,0.45,V ugm-3
21/09/2010,05/10/2010,0.86,V ugm-3
05/10/2010,20/10/2010,0.81,V ugm-3
20/10/2010,04/11/2010,0.8,V ugm-3
04/11/2010,17/11/2010,0.87,V ugm-3
17/11/2010,01/12/2010,1.1,V ugm-3
01/12/2010,24/12/2010,1.62,V ugm-3
24/12/2010,06/01/2011,2.5,V ugm-3
Data for year 2011,,,
Multi-day data,,,
Liverpool Speke,,,
Start Date,End Date,BENZENE,Status / units
06/01/2011,13/01/2011,1.58,V ugm-3
13/01/2011,26/01/2011,1.23,V ugm-3
26/01/2011,09/02/2011,1.07,V ugm-3
09/02/2011,23/02/2011,1.07,V ugm-3
23/02/2011,09/03/2011,1.47,V ugm-3
09/03/2011,22/03/2011,2.22,V ugm-3
22/03/2011,06/04/2011,1.36,V ugm-3
06/04/2011,20/04/2011,1.68,V ugm-3
20/04/2011,04/05/2011,0.73,V ugm-3
04/05/2011,18/05/2011,0.38,V ugm-3
01/06/2011,15/06/2011,0.64,V ugm-3
15/06/2011,29/06/2011,0.35,V ugm-3
13/07/2011,27/07/2011,0.32,V ugm-3
27/07/2011,10/08/2011,0.49,V ugm-3
10/08/2011,24/08/2011,0.68,V ugm-3
07/09/2011,21/09/2011,0.68,V ugm-3
05/10/2011,19/10/2011,0.49,V ugm-3
19/10/2011,02/11/2011,0.49,V ugm-3
02/11/2011,16/11/2011,1.4,V ugm-3
16/11/2011,01/12/2011,0.91,V ugm-3
01/12/2011,14/12/2011,0.52,V ugm-3
14/12/2011,04/01/2012,0.72,V ugm-3
Data for year 2012,,,
Multi-day data,,,
Liverpool Speke,,,
Start Date,End Date,BENZENE,Status / units
19/01/2012,02/02/2012,1.06,V ugm-3
02/02/2012,15/02/2012,1.39,V ugm-3
01/03/2012,13/03/2012,0.63,V ugm-3
09/05/2012,23/05/2012,0.45,V ugm-3
23/05/2012,06/06/2012,0.47,V ugm-3
06/06/2012,19/06/2012,0.42,V ugm-3
19/06/2012,04/07/2012,0.41,V ugm-3
04/07/2012,17/07/2012,0.38,V ugm-3
17/07/2012,02/08/2012,0.46,V ugm-3
02/08/2012,16/08/2012,0.64,V ugm-3
16/08/2012,30/08/2012,0.75,V ugm-3
30/08/2012,12/09/2012,0.71,V ugm-3
26/09/2012,10/10/2012,0.62,V ugm-3
10/10/2012,23/10/2012,0.83,V ugm-3
23/10/2012,07/11/2012,0.84,V ugm-3
07/11/2012,19/11/2012,0.91,V ugm-3
19/11/2012,03/12/2012,1.44,V ugm-3
03/12/2012,19/12/2012,1.48,V ugm-3
19/12/2012,04/01/2013,0.87,V ugm-3
Data for year 2013,,,
Multi-day data,,,
Liverpool Speke,,,
Start Date,End Date,BENZENE,Status / units
04/01/2013,17/01/2013,1.77,V ugm-3
17/01/2013,29/01/2013,1.77,V ugm-3
29/01/2013,13/02/2013,1.19,V ugm-3
13/02/2013,26/02/2013,1.4,V ugm-3
26/02/2013,13/03/2013,1.28,V ugm-3
13/03/2013,27/03/2013,1.22,V ugm-3
27/03/2013,10/04/2013,0.56,V ugm-3
10/04/2013,24/04/2013,,
24/04/2013,08/05/2013,0.81,V ugm-3
08/05/2013,22/05/2013,0.38,V ugm-3
22/05/2013,05/06/2013,,
05/06/2013,20/06/2013,0.74,V ugm-3
20/06/2013,04/07/2013,0.51,V ugm-3
04/07/2013,18/07/2013,0.9,V ugm-3
18/07/2013,01/08/2013,0.69,V ugm-3
01/08/2013,15/08/2013,0.55,V ugm-3
15/08/2013,29/08/2013,1.09,V ugm-3
29/08/2013,12/09/2013,1.07,V ugm-3
12/09/2013,26/09/2013,0.61,V ugm-3
26/09/2013,10/10/2013,0.71,V ugm-3
10/10/2013,24/10/2013,0.77,V ugm-3
24/10/2013,07/11/2013,1.33,V ugm-3
07/11/2013,21/11/2013,1.19,V ugm-3
21/11/2013,06/12/2013,1.07,V ugm-3
06/12/2013,19/12/2013,0.72,V ugm-3
19/12/2013,02/01/2014,0.73,V ugm-3
Data for year 2014,,,
Multi-day data,,,
Liverpool Speke,,,
Start Date,End Date,BENZENE,Status / units
02/01/2014,16/01/2014,0.86,V ugm-3
16/01/2014,30/01/2014,0.93,V ugm-3
30/01/2014,13/02/2014,1.14,V ugm-3
13/02/2014,27/02/2014,1.95,V ugm-3
27/02/2014,13/03/2014,1.55,V ugm-3
13/03/2014,27/03/2014,0.59,V ugm-3
27/03/2014,10/04/2014,1.21,V ugm-3
10/04/2014,24/04/2014,0.74,V ugm-3
24/04/2014,12/06/2014,,
12/06/2014,26/06/2014,0.36,V ugm-3
26/06/2014,10/07/2014,1.05,V ugm-3
10/07/2014,24/07/2014,0.77,V ugm-3
24/07/2014,07/08/2014,0.97,V ugm-3
07/08/2014,21/08/2014,0.3,V ugm-3
21/08/2014,04/09/2014,0.44,V ugm-3
04/09/2014,18/09/2014,0.83,V ugm-3
18/09/2014,02/10/2014,1.36,V ugm-3
02/10/2014,16/10/2014,1.41,V ugm-3
16/10/2014,30/10/2014,0.83,V ugm-3
30/10/2014,14/11/2014,0.76,V ugm-3
14/11/2014,27/11/2014,1.36,V ugm-3
27/11/2014,11/12/2014,1.37,V ugm-3
11/12/2014,22/12/2014,0.8,V ugm-3
22/12/2014,08/01/2015,1.61,V ugm-3
Data for year 2015,,,
Multi-day data,,,
Liverpool Speke,,,
Start Date,End Date,BENZENE,Status / units
08/01/2015,22/01/2015,0.8,V ugm-3
22/01/2015,05/02/2015,0.7,V ugm-3
05/02/2015,19/02/2015,1,V ugm-3
19/02/2015,05/03/2015,0.62,V ugm-3
05/03/2015,19/03/2015,0.98,V ugm-3
19/03/2015,02/04/2015,0.82,V ugm-3
02/04/2015,16/04/2015,0.63,V ugm-3
16/04/2015,30/04/2015,0.7,V ugm-3
30/04/2015,14/05/2015,0.64,V ugm-3
14/05/2015,28/05/2015,0.4,V ugm-3
28/05/2015,11/06/2015,0.35,V ugm-3
11/06/2015,25/06/2015,0.44,V ugm-3
25/06/2015,09/07/2015,0.41,V ugm-3
09/07/2015,23/07/2015,0.4,V ugm-3
23/07/2015,06/08/2015,0.64,V ugm-3
06/08/2015,20/08/2015,0.89,V ugm-3
20/08/2015,03/09/2015,0.61,V ugm-3
03/09/2015,23/09/2015,1.34,V ugm-3
23/09/2015,08/10/2015,0.64,V ugm-3
08/10/2015,22/10/2015,0.85,V ugm-3
22/10/2015,05/11/2015,1.04,V ugm-3
05/11/2015,19/11/2015,0.68,V ugm-3
19/11/2015,03/12/2015,,
03/12/2015,15/12/2015,0.99,V ugm-3
15/12/2015,12/01/2016,0.89,V ugm-3
Data for year 2016,,,
Multi-day data,,,
Liverpool Speke,,,
Start Date,End Date,BENZENE,Status / units
12/01/2016,26/01/2016,0.93,V ugm-3
26/01/2016,10/02/2016,0.72,V ugm-3
10/02/2016,23/02/2016,1.2,V ugm-3
23/02/2016,08/03/2016,0.96,V ugm-3
08/03/2016,22/03/2016,0.69,V ugm-3
22/03/2016,06/04/2016,0.79,V ugm-3
06/04/2016,19/04/2016,0.72,V ugm-3
19/04/2016,04/05/2016,0.46,V ugm-3
04/05/2016,18/05/2016,0.58,V ugm-3
18/05/2016,02/06/2016,0.35,V ugm-3
02/06/2016,15/06/2016,0.52,V ugm-3
15/06/2016,30/06/2016,0.48,V ugm-3
30/06/2016,12/07/2016,0.43,V ugm-3
12/07/2016,26/07/2016,,
26/07/2016,10/08/2016,0.27,V ugm-3
10/08/2016,24/08/2016,,
24/08/2016,07/09/2016,0.55,V ugm-3
07/09/2016,21/09/2016,0.55,V ugm-3
21/09/2016,04/10/2016,0.43,V ugm-3
04/10/2016,19/10/2016,0.5,V ugm-3
19/10/2016,02/11/2016,0.91,V ugm-3
02/11/2016,16/11/2016,1.07,V ugm-3
16/11/2016,30/11/2016,1.31,V ugm-3
30/11/2016,15/12/2016,1.1,V ugm-3
15/12/2016,22/12/2016,1.85,V ugm-3
22/12/2016,06/01/2017,1.11,V ugm-3
Data for year 2017,,,
Multi-day data,,,
Liverpool Speke,,,
Start Date,End Date,BENZENE,Status / units
06/01/2017,19/01/2017,0.88,V ugm-3
19/01/2017,02/02/2017,1.2,V ugm-3
02/02/2017,16/02/2017,1.33,V ugm-3
16/02/2017,02/03/2017,1.48,V ugm-3
02/03/2017,16/03/2017,0.98,V ugm-3
16/03/2017,30/03/2017,0.71,V ugm-3
30/03/2017,12/04/2017,0.65,V ugm-3
12/04/2017,26/04/2017,0.35,V ugm-3
26/04/2017,11/05/2017,0.38,V ugm-3
11/05/2017,23/05/2017,0.63,V ugm-3
23/05/2017,08/06/2017,0.35,V ugm-3
08/06/2017,22/06/2017,0.54,V ugm-3
22/06/2017,06/07/2017,0.22,V ugm-3
06/07/2017,20/07/2017,0.39,V ugm-3
20/07/2017,02/08/2017,0.44,V ugm-3
02/08/2017,17/08/2017,0.46,V ugm-3
17/08/2017,31/08/2017,0.75,V ugm-3
31/08/2017,13/09/2017,0.79,V ugm-3
13/09/2017,28/09/2017,0.5,V ugm-3
28/09/2017,11/10/2017,0.29,V ugm-3
11/10/2017,26/10/2017,0.89,V ugm-3
26/10/2017,08/11/2017,2.09,V ugm-3
08/11/2017,22/11/2017,1.84,V ugm-3
22/11/2017,06/12/2017,0.6,V ugm-3
06/12/2017,20/12/2017,,
20/12/2017,04/01/2018,1.03,V ugm-3
Data for year 2018,,,
Multi-day data,,,
Liverpool Speke,,,
Start Date,End Date,BENZENE,Status / units
04/01/2018,18/01/2018,0.9,V ugm-3
18/01/2018,30/01/2018,1.48,V ugm-3
30/01/2018,13/02/2018,0.98,V ugm-3
13/02/2018,06/03/2018,0.92,V ugm-3
06/03/2018,14/03/2018,1.01,V ugm-3
14/03/2018,27/03/2018,1.01,V ugm-3
27/03/2018,10/04/2018,0.62,V ugm-3
10/04/2018,24/04/2018,0.67,V ugm-3
24/04/2018,08/05/2018,0.66,V ugm-3
08/05/2018,22/05/2018,0.7,V ugm-3
22/05/2018,05/06/2018,0.31,V ugm-3
05/06/2018,19/06/2018,0.25,V ugm-3
19/06/2018,03/07/2018,0.42,V ugm-3
03/07/2018,17/07/2018,0.24,V ugm-3
17/07/2018,31/07/2018,0.3,V ugm-3
31/07/2018,14/08/2018,0.5,V ugm-3
14/08/2018,28/08/2018,0.24,V ugm-3
28/08/2018,12/09/2018,0.65,V ugm-3
12/09/2018,25/09/2018,0.52,V ugm-3
25/09/2018,11/10/2018,0.59,V ugm-3
11/10/2018,23/10/2018,0.72,V ugm-3
23/10/2018,08/11/2018,0.47,V ugm-3
08/11/2018,22/11/2018,0.64,V ugm-3
22/11/2018,06/12/2018,0.95,V ugm-3
06/12/2018,20/12/2018,0.65,V ugm-3
20/12/2018,03/01/2019,0.89,V ugm-3
Data for year 2019,,,
Multi-day data,,,
Liverpool Speke,,,
Start Date,End Date,BENZENE,Status / units
03/01/2019,15/01/2019,0.94,V ugm-3
15/01/2019,30/01/2019,0.86,V ugm-3
30/01/2019,13/02/2019,1.14,V ugm-3
13/02/2019,27/02/2019,1.1,V ugm-3
27/02/2019,13/03/2019,0.9,V ugm-3
13/03/2019,27/03/2019,0.66,V ugm-3
27/03/2019,09/04/2019,0.75,V ugm-3
09/04/2019,25/04/2019,0.6,V ugm-3
25/04/2019,08/05/2019,0.32,V ugm-3
08/05/2019,24/05/2019,0.31,V ugm-3
24/05/2019,06/06/2019,0.21,V ugm-3
06/06/2019,19/06/2019,0.26,V ugm-3
19/06/2019,03/07/2019,0.23,V ugm-3
03/07/2019,18/07/2019,0.42,V ugm-3
18/07/2019,30/07/2019,0.36,V ugm-3
30/07/2019,15/08/2019,0.28,V ugm-3
15/08/2019,29/08/2019,0.75,V ugm-3
29/08/2019,11/09/2019,0.45,V ugm-3
11/09/2019,25/09/2019,1.04,V ugm-3
25/09/2019,08/10/2019,0.68,V ugm-3
08/10/2019,22/10/2019,0.78,V ugm-3
22/10/2019,05/11/2019,0.88,V ugm-3
05/11/2019,19/11/2019,0.97,V ugm-3
19/11/2019,04/12/2019,1.18,V ugm-3
04/12/2019,17/12/2019,0.89,V ugm-3
17/12/2019,02/01/2020,1.07,V ugm-3
Data for year 2020,,,
Multi-day data,,,
Liverpool Speke,,,
Start Date,End Date,BENZENE,Status / units
02/01/2020,15/01/2020,1.11,V ugm-3
15/01/2020,30/01/2020,1.03,V ugm-3
30/01/2020,12/02/2020,0.9,V ugm-3
12/02/2020,27/02/2020,0.59,V ugm-3
27/02/2020,11/03/2020,0.97,V ugm-3
11/03/2020,25/03/2020,0.61,V ugm-3
25/03/2020,08/04/2020,0.62,V ugm-3
08/04/2020,23/04/2020,0.31,V ugm-3
23/04/2020,06/05/2020,0.39,V ugm-3
06/05/2020,20/05/2020,0.36,V ugm-3
20/05/2020,03/06/2020,0.22,V ugm-3
03/06/2020,18/06/2020,0.23,V ugm-3
18/06/2020,30/06/2020,0.22,V ugm-3
30/06/2020,16/07/2020,0.41,V ugm-3
16/07/2020,30/07/2020,0.53,V ugm-3
11/08/2020,26/08/2020,0.24,V ugm-3
26/08/2020,07/09/2020,0.39,V ugm-3
Data for year 2021,,,
Multi-day data,,,
Liverpool Speke,,,
Start Date,End Date,BENZENE,Status / units
19/08/2021,25/08/2021,0.32,V ugm-3
25/08/2021,09/09/2021,0.39,V ugm-3
09/09/2021,24/09/2021,0.88,V ugm-3
24/09/2021,06/10/2021,0.49,V ugm-3
06/10/2021,20/10/2021,0.49,V ugm-3
20/10/2021,03/11/2021,0.91,V ugm-3
03/11/2021,17/11/2021,0.71,V ugm-3
17/11/2021,02/12/2021,0.7,V ugm-3
02/12/2021,15/12/2021,1.12,V ugm-3
15/12/2021,30/12/2021,0.66,V ugm-3
30/12/2021,12/01/2022,0.84,V ugm-3
Data for year 2022,,,
Multi-day data,,,
Liverpool Speke,,,
Start Date,End Date,BENZENE,Status / units
12/01/2022,26/01/2022,1.77,V ugm-3
26/01/2022,09/02/2022,0.55,V ugm-3
09/02/2022,23/02/2022,0.77,V ugm-3
23/02/2022,09/03/2022,0.61,V ugm-3
09/03/2022,23/03/2022,0.87,V ugm-3
23/03/2022,06/04/2022,0.9,V ugm-3
06/04/2022,20/04/2022,0.68,V ugm-3
20/04/2022,05/05/2022,0.39,V ugm-3
05/05/2022,18/05/2022,0.21,V ugm-3
18/05/2022,31/05/2022,0.23,V ugm-3
31/05/2022,15/06/2022,0.33,V ugm-3
15/06/2022,29/06/2022,0.42,V ugm-3
29/06/2022,13/07/2022,0.24,V ugm-3
13/07/2022,27/07/2022,0.41,V ugm-3
27/07/2022,10/08/2022,0.39,V ugm-3
10/08/2022,25/08/2022,0.34,V ugm-3
25/08/2022,07/09/2022,,
07/09/2022,22/09/2022,0.72,V ugm-3
22/09/2022,05/10/2022,0.6,V ugm-3
05/10/2022,19/10/2022,0.64,V ugm-3
19/10/2022,03/11/2022,0.56,V ugm-3
03/11/2022,16/11/2022,0.76,V ugm-3
16/11/2022,30/11/2022,0.75,V ugm-3
30/11/2022,14/12/2022,1.09,V ugm-3
14/12/2022,27/12/2022,1.55,V ugm-3
27/12/2022,11/01/2023,0.54,V ugm-3
Data for year 2023,,,
Multi-day data,,,
Liverpool Speke,,,
Start Date,End Date,BENZENE,Status / units
11/01/2023,26/01/2023,1.06,V ugm-3
26/01/2023,08/02/2023,0.77,V ugm-3
08/02/2023,21/02/2023,0.86,V ugm-3
21/02/2023,08/03/2023,0.65,V ugm-3
08/03/2023,23/03/2023,1,V ugm-3
23/03/2023,05/04/2023,0.5,V ugm-3
05/04/2023,19/04/2023,0.58,V ugm-3
19/04/2023,04/05/2023,0.45,V ugm-3
04/05/2023,17/05/2023,0.34,V ugm-3
17/05/2023,31/05/2023,0.38,V ugm-3
31/05/2023,14/06/2023,0.58,V ugm-3
14/06/2023,28/06/2023,0.48,V ugm-3
28/06/2023,13/07/2023,0.3,V ugm-3
13/07/2023,26/07/2023,0.51,V ugm-3
26/07/2023,10/08/2023,0.45,V ugm-3
10/08/2023,23/08/2023,0.5,V ugm-3
23/08/2023,06/09/2023,,
06/09/2023,21/09/2023,0.98,V ugm-3
21/09/2023,04/10/2023,1,V ugm-3
04/10/2023,18/10/2023,1.43,V ugm-3
18/10/2023,01/11/2023,0.51,V ugm-3
01/11/2023,16/11/2023,0.78,V ugm-3
16/11/2023,29/11/2023,1.02,V ugm-3
29/11/2023,13/12/2023,1.25,V ugm-3
13/12/2023,27/12/2023,0.56,V ugm-3
27/12/2023,11/01/2024,,
Data for year 2024,,,
Multi-day data,,,
Liverpool Speke,,,
Start Date,End Date,BENZENE,Status / units
11/01/2024,25/01/2024,0.95,V ugm-3
25/01/2024,07/02/2024,0.6,V ugm-3
07/02/2024,22/02/2024,0.84,V ugm-3
22/02/2024,07/03/2024,0.87,V ugm-3
07/03/2024,19/03/2024,0.93,V ugm-3
19/03/2024,03/04/2024,,
03/04/2024,17/04/2024,0.44,V ugm-3
17/04/2024,30/04/2024,0.48,V ugm-3
30/04/2024,15/05/2024,0.42,V ugm-3
15/05/2024,28/05/2024,0.47,V ugm-3
28/05/2024,13/06/2024,,
13/06/2024,26/06/2024,0.36,V ugm-3
26/06/2024,11/07/2024,0.22,V ugm-3
11/07/2024,24/07/2024,0.48,V ugm-3
24/07/2024,07/08/2024,0.6,V ugm-3
07/08/2024,21/08/2024,0.58,V ugm-3
21/08/2024,03/09/2024,0.61,V ugm-3
03/09/2024,18/09/2024,0.5,V ugm-3
18/09/2024,03/10/2024,0.43,V ugm-3
03/10/2024,16/10/2024,0.66,V ugm-3
16/10/2024,30/10/2024,0.71,V ugm-3
30/10/2024,14/11/2024,0.77,V ugm-3
14/11/2024,28/11/2024,1.01,V ugm-3
28/11/2024,24/12/2024,0.53,V ugm-3
24/12/2024,08/01/2025,0.79,V ugm-3
Data for year 2025,,,
Multi-day data,,,
Liverpool Speke,,,
Start Date,End Date,BENZENE,Status / units
08/01/2025,22/01/2025,1.59,V ugm-3
22/01/2025,04/02/2025,0.94,V ugm-3
04/02/2025,20/02/2025,0.91,V ugm-3
20/02/2025,05/03/2025,1,V ugm-3
05/03/2025,19/03/2025,0.53,V ugm-3
19/03/2025,01/04/2025,0.59,V ugm-3
01/04/2025,15/04/2025,0.41,V ugm-3
15/04/2025,30/04/2025,0.38,V ugm-3
30/04/2025,13/05/2025,0.32,V ugm-3
13/05/2025,28/05/2025,0.17,V ugm-3
28/05/2025,10/06/2025,0.27,V ugm-3
10/06/2025,24/06/2025,0.34,V ugm-3
24/06/2025,08/07/2025,0.19,V ugm-3
08/07/2025,22/07/2025,0.32,V ugm-3
22/07/2025,04/08/2025,0.32,V ugm-3
04/08/2025,18/08/2025,0.48,V ugm-3
18/08/2025,02/09/2025,0.51,V ugm-3
02/09/2025,17/09/2025,0.41,V ugm-3
17/09/2025,01/10/2025,0.73,V ugm-3
01/10/2025,14/10/2025,0.45,V ugm-3
14/10/2025,30/10/2025,0.44,V ugm-3
30/10/2025,12/11/2025,0.63,V ugm-3
12/11/2025,27/11/2025,0.7,V ugm-3
27/11/2025,10/12/2025,0.41,V ugm-3
10/12/2025,22/12/2025,0.79,V ugm-3
22/12/2025,07/01/2026,0.76,V ugm-3
Data for year 2002,,,
Multi-day data,,,
London Bloomsbury,,,
Start Date,End Date,BENZENE,Status / units
14/05/2002,28/05/2002,0.94,V ugm-3
28/05/2002,13/06/2002,1.14,V ugm-3
13/06/2002,26/06/2002,1.07,V ugm-3
26/06/2002,11/07/2002,0.91,V ugm-3
11/07/2002,24/07/2002,1.17,V ugm-3
24/07/2002,07/08/2002,1.04,V ugm-3
07/08/2002,21/08/2002,1.33,V ugm-3
21/08/2002,04/09/2002,1.82,V ugm-3
04/09/2002,19/09/2002,1.53,V ugm-3
19/09/2002,02/10/2002,2.28,V ugm-3
02/10/2002,15/10/2002,1.63,V ugm-3
15/10/2002,29/10/2002,1.5,V ugm-3
29/10/2002,12/11/2002,1.63,V ugm-3
12/11/2002,27/11/2002,2.34,V ugm-3
27/11/2002,10/12/2002,2.15,V ugm-3
10/12/2002,03/01/2003,2.63,V ugm-3
Data for year 2003,,,
Multi-day data,,,
London Bloomsbury,,,
Start Date,End Date,BENZENE,Status / units
03/01/2003,15/01/2003,1.82,V ugm-3
15/01/2003,28/01/2003,1.59,V ugm-3
28/01/2003,12/02/2003,1.98,V ugm-3
12/02/2003,25/02/2003,3.38,V ugm-3
25/02/2003,12/03/2003,1.79,V ugm-3
12/03/2003,26/03/2003,2.57,V ugm-3
26/03/2003,10/04/2003,1.56,V ugm-3
10/04/2003,23/04/2003,1.92,V ugm-3
23/04/2003,07/05/2003,0.94,V ugm-3
07/05/2003,21/05/2003,0.72,V ugm-3
21/05/2003,17/06/2003,0.42,V ugm-3
17/06/2003,02/07/2003,0.88,V ugm-3
02/07/2003,17/07/2003,3.15,V ugm-3
17/07/2003,30/07/2003,0.78,V ugm-3
30/07/2003,14/08/2003,2.34,V ugm-3
14/08/2003,27/08/2003,1.37,V ugm-3
27/08/2003,09/09/2003,1.98,V ugm-3
09/09/2003,24/09/2003,1.82,V ugm-3
24/09/2003,08/10/2003,1.72,V ugm-3
08/10/2003,22/10/2003,1.79,V ugm-3
22/10/2003,05/11/2003,1.59,V ugm-3
05/11/2003,18/11/2003,3.22,V ugm-3
18/11/2003,02/12/2003,2.41,V ugm-3
02/12/2003,23/12/2003,3.28,V ugm-3
23/12/2003,07/01/2004,2.18,V ugm-3
Data for year 2004,,,
Multi-day data,,,
London Bloomsbury,,,
Start Date,End Date,BENZENE,Status / units
07/01/2004,21/01/2004,1.63,V ugm-3
21/01/2004,04/02/2004,1.27,V ugm-3
04/02/2004,18/02/2004,1.98,V ugm-3
18/02/2004,04/03/2004,2.15,V ugm-3
04/03/2004,17/03/2004,2.34,V ugm-3
17/03/2004,30/03/2004,1.69,V ugm-3
30/03/2004,14/04/2004,1.95,V ugm-3
14/04/2004,29/04/2004,1.98,V ugm-3
29/04/2004,12/05/2004,2.15,V ugm-3
12/05/2004,27/05/2004,1.69,V ugm-3
27/05/2004,09/06/2004,1.4,V ugm-3
09/06/2004,24/06/2004,0.91,V ugm-3
24/06/2004,08/07/2004,1.98,V ugm-3
08/07/2004,23/07/2004,1.24,V ugm-3
23/07/2004,28/07/2004,1.17,V ugm-3
28/07/2004,12/08/2004,1.11,V ugm-3
12/08/2004,08/09/2004,0.91,V ugm-3
08/09/2004,21/09/2004,1.37,V ugm-3
21/09/2004,07/10/2004,1.3,V ugm-3
07/10/2004,22/10/2004,1.24,V ugm-3
22/10/2004,02/11/2004,1.24,V ugm-3
02/11/2004,16/11/2004,1.76,V ugm-3
16/11/2004,30/11/2004,1.92,V ugm-3
30/11/2004,14/12/2004,3.67,V ugm-3
14/12/2004,29/12/2004,1.89,V ugm-3
29/12/2004,13/01/2005,1.4,V ugm-3
Data for year 2005,,,
Multi-day data,,,
London Bloomsbury,,,
Start Date,End Date,BENZENE,Status / units
13/01/2005,27/01/2005,1.53,V ugm-3
27/01/2005,09/02/2005,2.57,V ugm-3
09/02/2005,23/02/2005,1.89,V ugm-3
23/02/2005,10/03/2005,2.08,V ugm-3
10/03/2005,24/03/2005,2.24,V ugm-3
24/03/2005,07/04/2005,2.37,V ugm-3
07/04/2005,21/04/2005,1.37,V ugm-3
21/04/2005,05/05/2005,1.37,V ugm-3
05/05/2005,18/05/2005,1.14,V ugm-3
18/05/2005,02/06/2005,0.75,V ugm-3
02/06/2005,15/06/2005,1.11,V ugm-3
15/06/2005,13/07/2005,0.55,V ugm-3
13/07/2005,26/07/2005,1.04,V ugm-3
26/07/2005,09/08/2005,1.3,V ugm-3
09/08/2005,24/08/2005,1.33,V ugm-3
24/08/2005,07/09/2005,0.65,V ugm-3
07/09/2005,20/09/2005,1.63,V ugm-3
20/09/2005,06/10/2005,1.17,V ugm-3
06/10/2005,19/10/2005,1.66,V ugm-3
19/10/2005,02/11/2005,0.81,V ugm-3
02/11/2005,15/11/2005,1.27,V ugm-3
15/11/2005,30/11/2005,2.21,V ugm-3
30/11/2005,13/12/2005,1.79,V ugm-3
13/12/2005,04/01/2006,1.89,V ugm-3
Data for year 2006,,,
Multi-day data,,,
London Bloomsbury,,,
Start Date,End Date,BENZENE,Status / units
04/01/2006,17/01/2006,2.54,V ugm-3
17/01/2006,31/01/2006,2.24,V ugm-3
31/01/2006,14/02/2006,2.7,V ugm-3
14/02/2006,01/03/2006,1.5,V ugm-3
01/03/2006,16/03/2006,1.69,V ugm-3
16/03/2006,29/03/2006,2.28,V ugm-3
29/03/2006,11/04/2006,2.73,V ugm-3
11/04/2006,27/04/2006,0.85,V ugm-3
27/04/2006,24/05/2006,0.88,V ugm-3
24/05/2006,07/06/2006,0.52,V ugm-3
07/06/2006,19/06/2006,0.68,V ugm-3
19/06/2006,07/07/2006,0.91,V ugm-3
07/07/2006,31/07/2006,0.72,V ugm-3
31/07/2006,16/08/2006,0.46,V ugm-3
16/08/2006,30/08/2006,0.62,V ugm-3
30/08/2006,13/09/2006,1.07,V ugm-3
13/09/2006,26/09/2006,0.91,V ugm-3
26/09/2006,12/10/2006,0.91,V ugm-3
12/10/2006,23/10/2006,1.04,V ugm-3
23/10/2006,07/11/2006,0.78,V ugm-3
07/11/2006,22/11/2006,0.68,V ugm-3
22/11/2006,07/12/2006,0.59,V ugm-3
07/12/2006,20/12/2006,2.05,V ugm-3
20/12/2006,22/01/2007,1.66,V ugm-3
Data for year 2007,,,
Multi-day data,,,
London Bloomsbury,,,
Start Date,End Date,BENZENE,Status / units
22/01/2007,07/02/2007,1.27,V ugm-3
07/02/2007,21/02/2007,0.85,V ugm-3
21/02/2007,06/03/2007,0.72,V ugm-3
06/03/2007,21/03/2007,0.85,V ugm-3
21/03/2007,03/04/2007,1.3,V ugm-3
03/04/2007,17/04/2007,1.27,V ugm-3
17/04/2007,01/05/2007,0.65,V ugm-3
01/05/2007,15/05/2007,0.42,V ugm-3
15/05/2007,29/05/2007,0.78,V ugm-3
29/05/2007,12/06/2007,0.94,V ugm-3
06/07/2007,08/08/2007,0.62,V ugm-3
08/08/2007,21/08/2007,0.59,V ugm-3
21/08/2007,05/09/2007,0.78,V ugm-3
05/09/2007,18/09/2007,0.78,V ugm-3
18/09/2007,03/10/2007,0.75,V ugm-3
03/10/2007,18/10/2007,0.91,V ugm-3
18/10/2007,01/11/2007,1.2,V ugm-3
01/11/2007,13/11/2007,1.66,V ugm-3
13/11/2007,26/11/2007,1.4,V ugm-3
26/11/2007,11/12/2007,0.75,V ugm-3
11/12/2007,20/12/2007,3.19,V ugm-3
20/12/2007,08/01/2008,1.69,V ugm-3
Data for year 2008,,,
Multi-day data,,,
London Bloomsbury,,,
Start Date,End Date,BENZENE,Status / units
08/01/2008,23/01/2008,0.81,V ugm-3
23/01/2008,05/02/2008,0.94,V ugm-3
05/02/2008,21/02/2008,1.63,V ugm-3
21/02/2008,06/03/2008,0.62,V ugm-3
06/03/2008,19/03/2008,0.55,V ugm-3
19/03/2008,01/04/2008,0.88,V ugm-3
01/04/2008,15/04/2008,1.11,V ugm-3
15/04/2008,29/04/2008,0.72,V ugm-3
29/04/2008,12/05/2008,0.98,V ugm-3
12/05/2008,27/05/2008,0.78,V ugm-3
27/05/2008,10/06/2008,0.65,V ugm-3
10/06/2008,24/06/2008,0.33,V ugm-3
24/06/2008,09/07/2008,0.36,V ugm-3
09/07/2008,23/07/2008,0.36,V ugm-3
23/07/2008,04/08/2008,0.75,V ugm-3
04/08/2008,20/08/2008,0.42,V ugm-3
20/08/2008,03/09/2008,0.46,V ugm-3
03/09/2008,15/09/2008,0.52,V ugm-3
15/09/2008,09/10/2008,0.55,V ugm-3
09/10/2008,20/10/2008,1.04,V ugm-3
20/10/2008,05/11/2008,1.01,V ugm-3
05/11/2008,25/11/2008,0.62,V ugm-3
25/11/2008,03/12/2008,1.27,V ugm-3
03/12/2008,22/12/2008,1.07,V ugm-3
Data for year 2009,,,
Multi-day data,,,
London Bloomsbury,,,
Start Date,End Date,BENZENE,Status / units
04/02/2009,20/02/2009,1.14,V ugm-3
20/02/2009,02/03/2009,0.98,V ugm-3
02/03/2009,19/03/2009,0.72,V ugm-3
19/03/2009,01/04/2009,1.04,V ugm-3
01/04/2009,16/04/2009,0.75,V ugm-3
16/04/2009,29/04/2009,0.55,V ugm-3
29/04/2009,11/05/2009,0.42,V ugm-3
11/05/2009,26/05/2009,0.52,V ugm-3
26/05/2009,10/06/2009,0.52,V ugm-3
10/06/2009,23/06/2009,0.52,V ugm-3
23/06/2009,08/07/2009,0.68,V ugm-3
08/07/2009,21/07/2009,0.46,V ugm-3
21/07/2009,05/08/2009,0.62,V ugm-3
05/08/2009,20/08/2009,1.04,V ugm-3
20/08/2009,02/09/2009,0.78,V ugm-3
02/09/2009,17/09/2009,0.85,V ugm-3
17/09/2009,06/10/2009,0.52,V ugm-3
06/10/2009,20/10/2009,0.85,V ugm-3
20/10/2009,03/11/2009,,
03/11/2009,19/11/2009,0.78,V ugm-3
19/11/2009,25/11/2009,1.3,V ugm-3
25/11/2009,02/12/2009,0.78,V ugm-3
02/12/2009,17/12/2009,0.98,V ugm-3
17/12/2009,05/01/2010,1.07,V ugm-3
Data for year 2010,,,
Multi-day data,,,
London Bloomsbury,,,
Start Date,End Date,BENZENE,Status / units
05/01/2010,18/01/2010,2.02,V ugm-3
18/01/2010,01/02/2010,1.3,V ugm-3
01/02/2010,17/02/2010,1.11,V ugm-3
17/02/2010,04/03/2010,1.24,V ugm-3
04/03/2010,18/03/2010,1.37,V ugm-3
18/03/2010,01/04/2010,0.65,V ugm-3
01/04/2010,15/04/2010,0.78,V ugm-3
15/04/2010,21/04/2010,0.81,V ugm-3
21/04/2010,04/05/2010,0.68,V ugm-3
04/05/2010,19/05/2010,0.61,V ugm-3
19/05/2010,04/06/2010,0.61,V ugm-3
04/06/2010,16/06/2010,0.54,V ugm-3
16/06/2010,24/06/2010,0.41,V ugm-3
12/07/2010,27/07/2010,0.39,V ugm-3
27/07/2010,11/08/2010,0.43,V ugm-3
11/08/2010,25/08/2010,,
25/08/2010,08/09/2010,,
08/09/2010,22/09/2010,,
22/09/2010,06/10/2010,,
06/10/2010,20/10/2010,0.94,V ugm-3
20/10/2010,02/11/2010,0.24,V ugm-3
02/11/2010,16/11/2010,0.43,V ugm-3
16/11/2010,01/12/2010,0.22,V ugm-3
01/12/2010,23/12/2010,0.83,V ugm-3
23/12/2010,06/01/2011,1.37,V ugm-3
Data for year 2011,,,
Multi-day data,,,
London Bloomsbury,,,
Start Date,End Date,BENZENE,Status / units
06/01/2011,18/01/2011,0.78,V ugm-3
02/02/2011,23/02/2011,0.91,V ugm-3
23/02/2011,07/03/2011,1.02,V ugm-3
07/03/2011,24/03/2011,0.99,V ugm-3
24/03/2011,05/04/2011,0.96,V ugm-3
05/04/2011,21/04/2011,0.87,V ugm-3
21/04/2011,04/05/2011,0.82,V ugm-3
04/05/2011,19/05/2011,0.47,V ugm-3
19/05/2011,02/06/2011,0.34,V ugm-3
02/06/2011,16/06/2011,0.31,V ugm-3
16/06/2011,06/07/2011,0.37,V ugm-3
12/07/2011,28/07/2011,0.37,V ugm-3
28/07/2011,10/08/2011,0.46,V ugm-3
10/08/2011,25/08/2011,0.5,V ugm-3
25/08/2011,07/09/2011,0.53,V ugm-3
07/09/2011,22/09/2011,0.53,V ugm-3
05/10/2011,19/10/2011,0.69,V ugm-3
19/10/2011,07/11/2011,0.67,V ugm-3
07/11/2011,17/11/2011,1.74,V ugm-3
17/11/2011,28/11/2011,0.97,V ugm-3
28/11/2011,13/12/2011,0.53,V ugm-3
13/12/2011,04/01/2012,0.76,V ugm-3
Data for year 2012,,,
Multi-day data,,,
London Bloomsbury,,,
Start Date,End Date,BENZENE,Status / units
04/01/2012,16/01/2012,0.38,V ugm-3
16/01/2012,25/01/2012,2.04,V ugm-3
25/01/2012,15/02/2012,1.37,V ugm-3
15/02/2012,29/02/2012,0.68,V ugm-3
29/02/2012,13/03/2012,0.95,V ugm-3
13/03/2012,28/03/2012,1.46,V ugm-3
28/03/2012,11/04/2012,0.69,V ugm-3
11/04/2012,24/04/2012,0.5,V ugm-3
24/04/2012,09/05/2012,0.39,V ugm-3
09/05/2012,24/05/2012,0.36,V ugm-3
24/05/2012,06/06/2012,0.57,V ugm-3
06/06/2012,22/06/2012,0.57,V ugm-3
22/06/2012,04/07/2012,0.45,V ugm-3
04/07/2012,18/07/2012,0.41,V ugm-3
18/07/2012,30/07/2012,0.56,V ugm-3
30/07/2012,16/08/2012,0.47,V ugm-3
16/08/2012,29/08/2012,0.47,V ugm-3
29/08/2012,12/09/2012,0.52,V ugm-3
12/09/2012,26/09/2012,0.41,V ugm-3
26/09/2012,10/10/2012,0.54,V ugm-3
10/10/2012,23/10/2012,0.6,V ugm-3
23/10/2012,07/11/2012,0.59,V ugm-3
07/11/2012,22/11/2012,0.97,V ugm-3
22/11/2012,04/12/2012,1.42,V ugm-3
04/12/2012,19/12/2012,1.2,V ugm-3
19/12/2012,03/01/2013,0.48,V ugm-3
Data for year 2013,,,
Multi-day data,,,
London Bloomsbury,,,
Start Date,End Date,BENZENE,Status / units
03/01/2013,16/01/2013,1.53,V ugm-3
16/01/2013,31/01/2013,1.6,V ugm-3
31/01/2013,14/02/2013,1.34,V ugm-3
14/02/2013,04/03/2013,0.96,V ugm-3
04/03/2013,18/03/2013,1,V ugm-3
18/03/2013,04/04/2013,1.02,V ugm-3
04/04/2013,16/04/2013,0.64,V ugm-3
16/04/2013,07/05/2013,0.36,V ugm-3
07/05/2013,20/05/2013,0.56,V ugm-3
20/05/2013,11/06/2013,,
11/06/2013,20/06/2013,1.08,V ugm-3
20/06/2013,02/07/2013,0.45,V ugm-3
02/07/2013,17/07/2013,0.75,V ugm-3
17/07/2013,31/07/2013,0.44,V ugm-3
31/07/2013,28/08/2013,,
28/08/2013,12/09/2013,,
12/09/2013,26/09/2013,0.71,V ugm-3
26/09/2013,09/10/2013,0.81,V ugm-3
09/10/2013,23/10/2013,0.67,V ugm-3
23/10/2013,07/11/2013,0.74,V ugm-3
07/11/2013,19/11/2013,1.12,V ugm-3
19/11/2013,05/12/2013,0.83,V ugm-3
05/12/2013,20/12/2013,0.92,V ugm-3
20/12/2013,02/01/2014,0.56,V ugm-3
Data for year 2014,,,
Multi-day data,,,
London Bloomsbury,,,
Start Date,End Date,BENZENE,Status / units
02/01/2014,15/01/2014,0.58,V ugm-3
15/01/2014,29/01/2014,1.01,V ugm-3
29/01/2014,12/02/2014,1.38,V ugm-3
12/02/2014,26/02/2014,0.87,V ugm-3
26/02/2014,12/03/2014,1.11,V ugm-3
12/03/2014,27/03/2014,0.79,V ugm-3
27/03/2014,09/04/2014,1.3,V ugm-3
09/04/2014,23/04/2014,0.67,V ugm-3
23/04/2014,07/05/2014,0.75,V ugm-3
07/05/2014,21/05/2014,0.6,V ugm-3
21/05/2014,04/06/2014,0.59,V ugm-3
04/06/2014,18/06/2014,0.47,V ugm-3
18/06/2014,02/07/2014,0.4,V ugm-3
02/07/2014,16/07/2014,0.49,V ugm-3
16/07/2014,30/07/2014,0.56,V ugm-3
30/07/2014,12/08/2014,0.47,V ugm-3
12/08/2014,28/08/2014,0.4,V ugm-3
28/08/2014,10/09/2014,1.62,V ugm-3
10/09/2014,24/09/2014,0.93,V ugm-3
24/09/2014,06/10/2014,0.74,V ugm-3
06/10/2014,22/10/2014,0.65,V ugm-3
22/10/2014,05/11/2014,0.74,V ugm-3
05/11/2014,19/11/2014,1.13,V ugm-3
19/11/2014,05/12/2014,1.8,V ugm-3
05/12/2014,19/12/2014,0.77,V ugm-3
19/12/2014,07/01/2015,1.21,V ugm-3
Data for year 2015,,,
Multi-day data,,,
London Bloomsbury,,,
Start Date,End Date,BENZENE,Status / units
07/01/2015,21/01/2015,0.82,V ugm-3
21/01/2015,04/02/2015,1.01,V ugm-3
04/02/2015,18/02/2015,1.22,V ugm-3
18/02/2015,03/03/2015,0.72,V ugm-3
03/03/2015,18/03/2015,1.01,V ugm-3
18/03/2015,01/04/2015,0.86,V ugm-3
01/04/2015,15/04/2015,0.76,V ugm-3
15/04/2015,29/04/2015,0.61,V ugm-3
29/04/2015,14/05/2015,0.57,V ugm-3
14/05/2015,28/05/2015,0.44,V ugm-3
28/05/2015,11/06/2015,0.39,V ugm-3
11/06/2015,24/06/2015,0.48,V ugm-3
24/06/2015,07/07/2015,0.48,V ugm-3
07/07/2015,21/07/2015,0.45,V ugm-3
21/07/2015,05/08/2015,0.43,V ugm-3
05/08/2015,20/08/2015,0.67,V ugm-3
20/08/2015,03/09/2015,0.67,V ugm-3
03/09/2015,17/09/2015,0.85,V ugm-3
17/09/2015,01/10/2015,,
01/10/2015,14/10/2015,1.37,V ugm-3
14/10/2015,28/10/2015,0.9,V ugm-3
28/10/2015,11/11/2015,1.24,V ugm-3
11/11/2015,26/11/2015,0.6,V ugm-3
26/11/2015,09/12/2015,0.59,V ugm-3
09/12/2015,23/12/2015,0.63,V ugm-3
23/12/2015,06/01/2016,0.71,V ugm-3
Data for year 2016,,,
Multi-day data,,,
London Bloomsbury,,,
Start Date,End Date,BENZENE,Status / units
06/01/2016,20/01/2016,1.17,V ugm-3
20/01/2016,03/02/2016,0.99,V ugm-3
03/02/2016,17/02/2016,0.91,V ugm-3
17/02/2016,02/03/2016,0.99,V ugm-3
02/03/2016,16/03/2016,1.07,V ugm-3
16/03/2016,30/03/2016,0.72,V ugm-3
30/03/2016,12/04/2016,0.36,V ugm-3
12/04/2016,27/04/2016,,
27/04/2016,11/05/2016,,
11/05/2016,25/05/2016,,
25/05/2016,07/06/2016,,
07/06/2016,21/06/2016,,
21/06/2016,06/07/2016,,
06/07/2016,21/07/2016,,
21/07/2016,03/08/2016,0.32,V ugm-3
03/08/2016,17/08/2016,0.29,V ugm-3
17/08/2016,30/08/2016,,
30/08/2016,13/09/2016,0.38,V ugm-3
13/09/2016,28/09/2016,0.46,V ugm-3
28/09/2016,12/10/2016,,
12/10/2016,26/10/2016,0.79,V ugm-3
26/10/2016,09/11/2016,1.13,V ugm-3
09/11/2016,23/11/2016,0.72,V ugm-3
23/11/2016,07/12/2016,1.25,V ugm-3
07/12/2016,21/12/2016,1.01,V ugm-3
21/12/2016,03/01/2017,1.06,V ugm-3
Data for year 2017,,,
Multi-day data,,,
London Bloomsbury,,,
Start Date,End Date,BENZENE,Status / units
03/01/2017,18/01/2017,0.95,V ugm-3
18/01/2017,01/02/2017,1.64,V ugm-3
01/02/2017,15/02/2017,1.29,V ugm-3
15/02/2017,01/03/2017,0.69,V ugm-3
01/03/2017,15/03/2017,0.7,V ugm-3
15/03/2017,29/03/2017,0.63,V ugm-3
29/03/2017,12/04/2017,0.63,V ugm-3
12/04/2017,24/04/2017,0.43,V ugm-3
24/04/2017,09/05/2017,0.46,V ugm-3
09/05/2017,24/05/2017,0.37,V ugm-3
24/05/2017,07/06/2017,0.29,V ugm-3
07/06/2017,22/06/2017,0.36,V ugm-3
22/06/2017,05/07/2017,0.29,V ugm-3
05/07/2017,19/07/2017,0.34,V ugm-3
19/07/2017,03/08/2017,0.28,V ugm-3
03/08/2017,17/08/2017,0.29,V ugm-3
17/08/2017,30/08/2017,0.5,V ugm-3
30/08/2017,13/09/2017,0.41,V ugm-3
13/09/2017,28/09/2017,0.48,V ugm-3
28/09/2017,12/10/2017,0.42,V ugm-3
12/10/2017,26/10/2017,0.66,V ugm-3
26/10/2017,07/11/2017,1.01,V ugm-3
07/11/2017,23/11/2017,0.78,V ugm-3
23/11/2017,06/12/2017,0.82,V ugm-3
06/12/2017,20/12/2017,1.01,V ugm-3
20/12/2017,03/01/2018,,
Data for year 2018,,,
Multi-day data,,,
London Bloomsbury,,,
Start Date,End Date,BENZENE,Status / units
03/01/2018,17/01/2018,0.89,V ugm-3
17/01/2018,31/01/2018,,
31/01/2018,15/02/2018,0.76,V ugm-3
15/02/2018,28/02/2018,0.98,V ugm-3
28/02/2018,14/03/2018,1.19,V ugm-3
14/03/2018,28/03/2018,0.76,V ugm-3
28/03/2018,11/04/2018,0.68,V ugm-3
11/04/2018,26/04/2018,0.66,V ugm-3
26/04/2018,09/05/2018,0.55,V ugm-3
09/05/2018,24/05/2018,0.47,V ugm-3
24/05/2018,06/06/2018,0.46,V ugm-3
06/06/2018,21/06/2018,0.24,V ugm-3
21/06/2018,03/07/2018,0.29,V ugm-3
03/07/2018,18/07/2018,0.28,V ugm-3
18/07/2018,02/08/2018,0.22,V ugm-3
02/08/2018,16/08/2018,0.27,V ugm-3
16/08/2018,30/08/2018,0.25,V ugm-3
30/08/2018,13/09/2018,0.53,V ugm-3
13/09/2018,26/09/2018,0.44,V ugm-3
26/09/2018,11/10/2018,0.52,V ugm-3
11/10/2018,24/10/2018,0.64,V ugm-3
24/10/2018,06/11/2018,0.77,V ugm-3
06/11/2018,20/11/2018,0.57,V ugm-3
20/11/2018,04/12/2018,0.96,V ugm-3
04/12/2018,18/12/2018,0.74,V ugm-3
18/12/2018,03/01/2019,0.93,V ugm-3
Data for year 2019,,,
Multi-day data,,,
London Bloomsbury,,,
Start Date,End Date,BENZENE,Status / units
03/01/2019,16/01/2019,0.69,V ugm-3
16/01/2019,30/01/2019,0.84,V ugm-3
30/01/2019,14/02/2019,0.86,V ugm-3
14/02/2019,26/02/2019,1.3,V ugm-3
26/02/2019,13/03/2019,0.72,V ugm-3
13/03/2019,26/03/2019,0.57,V ugm-3
26/03/2019,10/04/2019,0.85,V ugm-3
10/04/2019,23/04/2019,0.89,V ugm-3
23/04/2019,09/05/2019,0.41,V ugm-3
09/05/2019,22/05/2019,0.41,V ugm-3
22/05/2019,05/06/2019,,
05/06/2019,19/06/2019,0.27,V ugm-3
19/06/2019,03/07/2019,0.33,V ugm-3
03/07/2019,16/07/2019,0.28,V ugm-3
16/07/2019,01/08/2019,0.39,V ugm-3
01/08/2019,16/08/2019,0.3,V ugm-3
16/08/2019,30/08/2019,0.53,V ugm-3
30/08/2019,13/09/2019,0.42,V ugm-3
13/09/2019,25/09/2019,0.5,V ugm-3
25/09/2019,14/10/2019,0.37,V ugm-3
14/10/2019,29/10/2019,0.62,V ugm-3
29/10/2019,15/11/2019,0.68,V ugm-3
15/11/2019,27/11/2019,0.87,V ugm-3
27/11/2019,11/12/2019,0.95,V ugm-3
11/12/2019,08/01/2020,0.69,V ugm-3
Data for year 2020,,,
Multi-day data,,,
London Bloomsbury,,,
Start Date,End Date,BENZENE,Status / units
08/01/2020,21/01/2020,0.7,V ugm-3
21/01/2020,05/02/2020,0.69,V ugm-3
05/02/2020,19/02/2020,0.58,V ugm-3
19/02/2020,03/03/2020,0.49,V ugm-3
03/03/2020,19/03/2020,0.39,V ugm-3
19/03/2020,01/04/2020,0.6,V ugm-3
01/04/2020,16/04/2020,0.53,V ugm-3
16/04/2020,30/04/2020,0.47,V ugm-3
30/04/2020,15/05/2020,0.3,V ugm-3
15/05/2020,28/05/2020,0.23,V ugm-3
28/05/2020,11/06/2020,0.2,V ugm-3
11/06/2020,25/06/2020,0.23,V ugm-3
25/06/2020,09/07/2020,0.11,V ugm-3
09/07/2020,21/07/2020,0.51,V ugm-3
21/07/2020,06/08/2020,0.21,V ugm-3
06/08/2020,18/08/2020,0.51,V ugm-3
18/08/2020,01/09/2020,0.21,V ugm-3
01/09/2020,15/09/2020,0.16,V ugm-3
30/09/2020,14/10/2020,0.48,V ugm-3
14/10/2020,28/10/2020,0.52,V ugm-3
28/10/2020,11/11/2020,0.84,V ugm-3
11/11/2020,02/12/2020,0.72,V ugm-3
02/12/2020,16/12/2020,0.78,V ugm-3
16/12/2020,14/01/2021,0.91,V ugm-3
Data for year 2021,,,
Multi-day data,,,
London Bloomsbury,,,
Start Date,End Date,BENZENE,Status / units
14/01/2021,28/01/2021,0.82,V ugm-3
28/01/2021,09/02/2021,0.73,V ugm-3
09/02/2021,25/02/2021,0.68,V ugm-3
25/02/2021,10/03/2021,0.95,V ugm-3
10/03/2021,24/03/2021,0.56,V ugm-3
24/03/2021,06/04/2021,0.59,V ugm-3
06/04/2021,22/04/2021,0.67,V ugm-3
22/04/2021,05/05/2021,0.57,V ugm-3
05/05/2021,19/05/2021,0.3,V ugm-3
19/05/2021,03/06/2021,0.36,V ugm-3
03/06/2021,16/06/2021,0.26,V ugm-3
16/06/2021,01/07/2021,0.35,V ugm-3
01/07/2021,15/07/2021,0.25,V ugm-3
15/07/2021,29/07/2021,0.49,V ugm-3
29/07/2021,11/08/2021,0.25,V ugm-3
11/08/2021,25/08/2021,0.29,V ugm-3
25/08/2021,09/09/2021,0.45,V ugm-3
09/09/2021,22/09/2021,0.56,V ugm-3
22/09/2021,06/10/2021,0.24,V ugm-3
06/10/2021,20/10/2021,0.36,V ugm-3
20/10/2021,01/11/2021,0.34,V ugm-3
01/11/2021,17/11/2021,0.61,V ugm-3
17/11/2021,01/12/2021,0.56,V ugm-3
01/12/2021,15/12/2021,0.47,V ugm-3
15/12/2021,06/01/2022,0.57,V ugm-3
Data for year 2022,,,
Multi-day data,,,
London Bloomsbury,,,
Start Date,End Date,BENZENE,Status / units
06/01/2022,26/01/2022,1.16,V ugm-3
26/01/2022,08/02/2022,0.49,V ugm-3
08/02/2022,23/02/2022,0.61,V ugm-3
23/02/2022,09/03/2022,0.81,V ugm-3
09/03/2022,23/03/2022,0.71,V ugm-3
23/03/2022,06/04/2022,0.64,V ugm-3
06/04/2022,20/04/2022,0.58,V ugm-3
20/04/2022,04/05/2022,0.5,V ugm-3
04/05/2022,19/05/2022,0.17,V ugm-3
19/05/2022,01/06/2022,0.15,V ugm-3
01/06/2022,15/06/2022,0.26,V ugm-3
15/06/2022,29/06/2022,0.32,V ugm-3
29/06/2022,13/07/2022,0.23,V ugm-3
13/07/2022,27/07/2022,0.26,V ugm-3
27/07/2022,11/08/2022,0.24,V ugm-3
11/08/2022,24/08/2022,0.32,V ugm-3
24/08/2022,07/09/2022,0.28,V ugm-3
07/09/2022,21/09/2022,0.59,V ugm-3
21/09/2022,11/10/2022,0.44,V ugm-3
11/10/2022,20/10/2022,0.62,V ugm-3
20/10/2022,03/11/2022,0.37,V ugm-3
03/11/2022,15/11/2022,0.55,V ugm-3
15/11/2022,30/11/2022,0.58,V ugm-3
30/11/2022,15/12/2022,1.19,V ugm-3
15/12/2022,26/12/2022,0.94,V ugm-3
26/12/2022,10/01/2023,0.4,V ugm-3
Data for year 2023,,,
Multi-day data,,,
London Bloomsbury,,,
Start Date,End Date,BENZENE,Status / units
10/01/2023,25/01/2023,0.88,V ugm-3
25/01/2023,08/02/2023,0.93,V ugm-3
08/02/2023,22/02/2023,0.85,V ugm-3
22/02/2023,09/03/2023,0.66,V ugm-3
09/03/2023,22/03/2023,0.62,V ugm-3
22/03/2023,06/04/2023,0.42,V ugm-3
06/04/2023,19/04/2023,0.6,V ugm-3
19/04/2023,03/05/2023,0.48,V ugm-3
03/05/2023,17/05/2023,0.33,V ugm-3
17/05/2023,31/05/2023,0.41,V ugm-3
31/05/2023,15/06/2023,0.38,V ugm-3
15/06/2023,28/06/2023,0.41,V ugm-3
28/06/2023,12/07/2023,0.33,V ugm-3
12/07/2023,26/07/2023,0.28,V ugm-3
26/07/2023,10/08/2023,0.3,V ugm-3
10/08/2023,23/08/2023,0.29,V ugm-3
23/08/2023,07/09/2023,0.34,V ugm-3
07/09/2023,21/09/2023,0.55,V ugm-3
21/09/2023,04/10/2023,0.4,V ugm-3
04/10/2023,18/10/2023,0.63,V ugm-3
18/10/2023,01/11/2023,0.66,V ugm-3
01/11/2023,16/11/2023,0.62,V ugm-3
16/11/2023,29/11/2023,0.61,V ugm-3
29/11/2023,14/12/2023,0.79,V ugm-3
14/12/2023,28/12/2023,0.52,V ugm-3
28/12/2023,10/01/2024,0.56,V ugm-3
Data for year 2024,,,
Multi-day data,,,
London Bloomsbury,,,
Start Date,End Date,BENZENE,Status / units
10/01/2024,24/01/2024,0.75,V ugm-3
24/01/2024,07/02/2024,0.45,V ugm-3
07/02/2024,21/02/2024,0.5,V ugm-3
21/02/2024,06/03/2024,0.68,V ugm-3
06/03/2024,20/03/2024,0.73,V ugm-3
20/03/2024,03/04/2024,0.53,V ugm-3
03/04/2024,17/04/2024,0.33,V ugm-3
17/04/2024,01/05/2024,0.5,V ugm-3
01/05/2024,15/05/2024,0.36,V ugm-3
15/05/2024,29/05/2024,0.3,V ugm-3
29/05/2024,11/06/2024,0.32,V ugm-3
11/06/2024,27/06/2024,0.33,V ugm-3
27/06/2024,11/07/2024,0.17,V ugm-3
11/07/2024,24/07/2024,0.22,V ugm-3
24/07/2024,08/08/2024,0.36,V ugm-3
08/08/2024,21/08/2024,0.38,V ugm-3
21/08/2024,04/09/2024,0.43,V ugm-3
04/09/2024,18/09/2024,0.45,V ugm-3
18/09/2024,02/10/2024,0.47,V ugm-3
02/10/2024,16/10/2024,0.56,V ugm-3
16/10/2024,30/10/2024,0.42,V ugm-3
30/10/2024,13/11/2024,0.62,V ugm-3
13/11/2024,23/12/2024,,
23/12/2024,08/01/2025,0.53,V ugm-3
Data for year 2025,,,
Multi-day data,,,
London Bloomsbury,,,
Start Date,End Date,BENZENE,Status / units
08/01/2025,21/01/2025,1.28,V ugm-3
21/01/2025,04/02/2025,0.61,V ugm-3
04/02/2025,20/02/2025,0.98,V ugm-3
20/02/2025,05/03/2025,0.59,V ugm-3
05/03/2025,19/03/2025,0.58,V ugm-3
19/03/2025,02/04/2025,0.52,V ugm-3
02/04/2025,16/04/2025,0.46,V ugm-3
16/04/2025,30/04/2025,0.35,V ugm-3
30/04/2025,14/05/2025,0.37,V ugm-3
14/05/2025,27/05/2025,0.19,V ugm-3
27/05/2025,12/06/2025,0.26,V ugm-3
12/06/2025,26/06/2025,0.32,V ugm-3
26/06/2025,09/07/2025,0.21,V ugm-3
09/07/2025,25/07/2025,0.3,V ugm-3
25/07/2025,06/08/2025,0.31,V ugm-3
06/08/2025,19/08/2025,0.39,V ugm-3
19/08/2025,04/09/2025,0.24,V ugm-3
04/09/2025,17/09/2025,0.24,V ugm-3
17/09/2025,30/09/2025,0.5,V ugm-3
30/09/2025,15/10/2025,,
15/10/2025,28/10/2025,,
28/10/2025,13/11/2025,0.37,V ugm-3
13/11/2025,26/11/2025,0.83,V ugm-3
26/11/2025,09/12/2025,0.44,V ugm-3
09/12/2025,23/12/2025,0.89,V ugm-3
23/12/2025,07/01/2026,0.65,V ugm-3
Data for year 2025,,,
Multi-day data,,,
London Farringdon Street,,,
Start Date,End Date,BENZENE,Status / units
28/05/2025,11/06/2025,,
11/06/2025,25/06/2025,0.54,V ugm-3
25/06/2025,09/07/2025,0.32,V ugm-3
09/07/2025,23/07/2025,0.52,V ugm-3
23/07/2025,06/08/2025,0.44,V ugm-3
06/08/2025,19/08/2025,0.63,V ugm-3
19/08/2025,03/09/2025,0.4,V ugm-3
03/09/2025,18/09/2025,0.45,V ugm-3
18/09/2025,01/10/2025,0.76,V ugm-3
01/10/2025,15/10/2025,0.43,V ugm-3
15/10/2025,28/10/2025,0.62,V ugm-3
28/10/2025,12/11/2025,0.62,V ugm-3
12/11/2025,26/11/2025,0.65,V ugm-3
26/11/2025,10/12/2025,0.6,V ugm-3
10/12/2025,23/12/2025,0.84,V ugm-3
23/12/2025,07/01/2026,0.83,V ugm-3
Data for year 2002,,,
Multi-day data,,,
Manchester Piccadilly,,,
Start Date,End Date,BENZENE,Status / units
06/03/2002,20/03/2002,1.24,V ugm-3
20/03/2002,03/04/2002,1.69,V ugm-3
03/04/2002,17/04/2002,1.3,V ugm-3
17/04/2002,01/05/2002,0.88,V ugm-3
01/05/2002,15/05/2002,0.85,V ugm-3
15/05/2002,29/05/2002,0.75,V ugm-3
29/05/2002,12/06/2002,0.88,V ugm-3
12/06/2002,26/06/2002,0.72,V ugm-3
26/06/2002,10/07/2002,0.68,V ugm-3
10/07/2002,24/07/2002,0.75,V ugm-3
24/07/2002,07/08/2002,0.88,V ugm-3
07/08/2002,21/08/2002,0.94,V ugm-3
21/08/2002,18/09/2002,1.24,V ugm-3
18/09/2002,02/10/2002,1.4,V ugm-3
02/10/2002,16/10/2002,1.43,V ugm-3
16/10/2002,30/10/2002,1.37,V ugm-3
30/10/2002,13/11/2002,1.43,V ugm-3
13/11/2002,27/11/2002,1.76,V ugm-3
27/11/2002,11/12/2002,1.92,V ugm-3
11/12/2002,24/12/2002,2.5,V ugm-3
24/12/2002,08/01/2003,1.69,V ugm-3
Data for year 2003,,,
Multi-day data,,,
Manchester Piccadilly,,,
Start Date,End Date,BENZENE,Status / units
08/01/2003,22/01/2003,1.92,V ugm-3
22/01/2003,05/02/2003,0.88,V ugm-3
05/02/2003,19/02/2003,2.05,V ugm-3
19/02/2003,05/03/2003,1.76,V ugm-3
05/03/2003,19/03/2003,1.43,V ugm-3
19/03/2003,02/04/2003,1.85,V ugm-3
02/04/2003,16/04/2003,1.2,V ugm-3
16/04/2003,30/04/2003,1.2,V ugm-3
30/04/2003,14/05/2003,0.55,V ugm-3
14/05/2003,28/05/2003,1.3,V ugm-3
28/05/2003,10/06/2003,0.72,V ugm-3
10/06/2003,25/06/2003,0.81,V ugm-3
25/06/2003,09/07/2003,1.01,V ugm-3
09/07/2003,23/07/2003,0.91,V ugm-3
23/07/2003,06/08/2003,0.98,V ugm-3
06/08/2003,19/08/2003,3.54,V ugm-3
19/08/2003,02/09/2003,1.76,V ugm-3
02/09/2003,16/09/2003,1.33,V ugm-3
16/09/2003,22/09/2003,1.17,V ugm-3
22/09/2003,01/10/2003,1.56,V ugm-3
01/10/2003,15/10/2003,1.2,V ugm-3
15/10/2003,12/11/2003,2.15,V ugm-3
12/11/2003,26/11/2003,2.47,V ugm-3
26/11/2003,10/12/2003,2.96,V ugm-3
10/12/2003,24/12/2003,3.84,V ugm-3
24/12/2003,07/01/2004,2.31,V ugm-3
Data for year 2004,,,
Multi-day data,,,
Manchester Piccadilly,,,
Start Date,End Date,BENZENE,Status / units
07/01/2004,21/01/2004,1.98,V ugm-3
21/01/2004,06/02/2004,1.2,V ugm-3
06/02/2004,18/02/2004,2.05,V ugm-3
18/02/2004,02/03/2004,1.72,V ugm-3
02/03/2004,17/03/2004,1.89,V ugm-3
17/03/2004,31/03/2004,0.94,V ugm-3
31/03/2004,14/04/2004,1.33,V ugm-3
14/04/2004,28/04/2004,1.56,V ugm-3
28/04/2004,12/05/2004,1.63,V ugm-3
12/05/2004,26/05/2004,1.17,V ugm-3
26/05/2004,09/06/2004,0.81,V ugm-3
09/06/2004,23/06/2004,0.91,V ugm-3
23/06/2004,07/07/2004,0.78,V ugm-3
07/07/2004,21/07/2004,0.72,V ugm-3
21/07/2004,04/08/2004,1.04,V ugm-3
04/08/2004,18/08/2004,0.98,V ugm-3
18/08/2004,01/09/2004,0.85,V ugm-3
01/09/2004,15/09/2004,1.3,V ugm-3
15/09/2004,29/09/2004,0.91,V ugm-3
29/09/2004,13/10/2004,1.5,V ugm-3
13/10/2004,27/10/2004,1.63,V ugm-3
27/10/2004,11/11/2004,1.76,V ugm-3
11/11/2004,25/11/2004,2.21,V ugm-3
25/11/2004,09/12/2004,3.09,V ugm-3
09/12/2004,23/12/2004,1.95,V ugm-3
23/12/2004,06/01/2005,1.56,V ugm-3
Data for year 2005,,,
Multi-day data,,,
Manchester Piccadilly,,,
Start Date,End Date,BENZENE,Status / units
06/01/2005,20/01/2005,0.98,V ugm-3
20/01/2005,02/02/2005,1.43,V ugm-3
02/02/2005,24/02/2005,1.95,V ugm-3
24/02/2005,10/03/2005,1.53,V ugm-3
10/03/2005,31/03/2005,1.07,V ugm-3
31/03/2005,14/04/2005,1.56,V ugm-3
14/04/2005,28/04/2005,1.11,V ugm-3
28/04/2005,12/05/2005,0.94,V ugm-3
12/05/2005,26/05/2005,0.65,V ugm-3
26/05/2005,09/06/2005,0.98,V ugm-3
09/06/2005,23/06/2005,0.59,V ugm-3
23/06/2005,07/07/2005,0.65,V ugm-3
07/07/2005,21/07/2005,0.68,V ugm-3
21/07/2005,28/07/2005,0.85,V ugm-3
28/07/2005,18/08/2005,0.85,V ugm-3
18/08/2005,01/09/2005,1.3,V ugm-3
01/09/2005,15/09/2005,1.11,V ugm-3
15/09/2005,29/09/2005,0.88,V ugm-3
29/09/2005,13/10/2005,1.63,V ugm-3
13/10/2005,27/10/2005,1.5,V ugm-3
27/10/2005,03/11/2005,1.04,V ugm-3
03/11/2005,10/11/2005,1.27,V ugm-3
10/11/2005,24/11/2005,4.84,V ugm-3
24/11/2005,08/12/2005,1.53,V ugm-3
08/12/2005,22/12/2005,2.44,V ugm-3
22/12/2005,05/01/2006,2.67,V ugm-3
Data for year 2006,,,
Multi-day data,,,
Manchester Piccadilly,,,
Start Date,End Date,BENZENE,Status / units
05/01/2006,19/01/2006,1.4,P ugm-3
19/01/2006,02/02/2006,1.72,V ugm-3
02/02/2006,16/02/2006,1.66,P ugm-3
16/02/2006,02/03/2006,1.24,P ugm-3
02/03/2006,17/03/2006,1.72,V ugm-3
17/03/2006,31/03/2006,1.46,V ugm-3
31/03/2006,13/04/2006,1.07,V ugm-3
13/04/2006,27/04/2006,0.72,V ugm-3
27/04/2006,11/05/2006,0.81,V ugm-3
11/05/2006,25/05/2006,1.46,V ugm-3
25/05/2006,08/06/2006,0.59,V ugm-3
08/06/2006,22/06/2006,0.46,V ugm-3
22/06/2006,06/07/2006,0.81,V ugm-3
06/07/2006,20/07/2006,0.78,V ugm-3
20/07/2006,03/08/2006,0.55,V ugm-3
03/08/2006,17/08/2006,0.33,V ugm-3
17/08/2006,31/08/2006,0.49,V ugm-3
31/08/2006,14/09/2006,0.91,V ugm-3
14/09/2006,28/09/2006,0.78,V ugm-3
28/09/2006,12/10/2006,0.49,V ugm-3
12/10/2006,26/10/2006,0.85,V ugm-3
26/10/2006,09/11/2006,1.11,V ugm-3
09/11/2006,23/11/2006,0.52,V ugm-3
23/11/2006,07/12/2006,0.62,V ugm-3
07/12/2006,21/12/2006,1.27,V ugm-3
21/12/2006,04/01/2007,0.88,V ugm-3
Data for year 2007,,,
Multi-day data,,,
Manchester Piccadilly,,,
Start Date,End Date,BENZENE,Status / units
04/01/2007,18/01/2007,1.24,V ugm-3
18/01/2007,01/02/2007,0.72,V ugm-3
01/02/2007,15/02/2007,1.98,V ugm-3
15/02/2007,01/03/2007,0.94,V ugm-3
01/03/2007,15/03/2007,0.59,V ugm-3
15/03/2007,29/03/2007,1.27,V ugm-3
29/03/2007,12/04/2007,0.88,V ugm-3
12/04/2007,26/04/2007,0.49,V ugm-3
26/04/2007,10/05/2007,0.62,V ugm-3
10/05/2007,24/05/2007,0.81,V ugm-3
24/05/2007,07/06/2007,0.65,V ugm-3
07/06/2007,21/06/2007,0.49,V ugm-3
21/06/2007,05/07/2007,1.17,V ugm-3
05/07/2007,19/07/2007,0.72,V ugm-3
19/07/2007,02/08/2007,0.91,V ugm-3
02/08/2007,16/08/2007,0.52,V ugm-3
16/08/2007,30/08/2007,0.72,V ugm-3
30/08/2007,13/09/2007,1.11,V ugm-3
13/09/2007,27/09/2007,0.85,V ugm-3
27/09/2007,11/10/2007,1.63,V ugm-3
11/10/2007,25/10/2007,1.11,V ugm-3
25/10/2007,08/11/2007,2.05,V ugm-3
08/11/2007,22/11/2007,1.2,V ugm-3
22/11/2007,06/12/2007,0.49,V ugm-3
06/12/2007,20/12/2007,1.89,V ugm-3
20/12/2007,03/01/2008,1.24,V ugm-3
Data for year 2008,,,
Multi-day data,,,
Manchester Piccadilly,,,
Start Date,End Date,BENZENE,Status / units
03/01/2008,17/01/2008,1.01,V ugm-3
17/01/2008,31/01/2008,0.88,V ugm-3
31/01/2008,14/02/2008,1.98,V ugm-3
14/02/2008,28/02/2008,0.94,V ugm-3
28/02/2008,13/03/2008,0.52,V ugm-3
13/03/2008,27/03/2008,0.75,V ugm-3
27/03/2008,10/04/2008,0.94,V ugm-3
10/04/2008,24/04/2008,0.52,V ugm-3
24/04/2008,08/05/2008,0.75,V ugm-3
08/05/2008,22/05/2008,0.59,V ugm-3
22/05/2008,05/06/2008,0.98,V ugm-3
05/06/2008,19/06/2008,0.68,V ugm-3
19/06/2008,03/07/2008,0.49,V ugm-3
03/07/2008,17/07/2008,0.65,V ugm-3
17/07/2008,31/07/2008,0.52,V ugm-3
31/07/2008,14/08/2008,0.42,P ugm-3
14/08/2008,28/08/2008,0.49,V ugm-3
28/08/2008,11/09/2008,0.46,V ugm-3
11/09/2008,25/09/2008,0.65,V ugm-3
25/09/2008,09/10/2008,0.46,V ugm-3
09/10/2008,23/10/2008,0.55,V ugm-3
23/10/2008,06/11/2008,0.75,V ugm-3
06/11/2008,21/11/2008,0.52,V ugm-3
21/11/2008,05/12/2008,1.43,V ugm-3
05/12/2008,18/12/2008,1.24,V ugm-3
18/12/2008,31/12/2008,0.78,V ugm-3
31/12/2008,15/01/2009,1.17,V ugm-3
Data for year 2009,,,
Multi-day data,,,
Manchester Piccadilly,,,
Start Date,End Date,BENZENE,Status / units
15/01/2009,29/01/2009,0.62,V ugm-3
29/01/2009,12/02/2009,0.88,V ugm-3
12/02/2009,26/02/2009,0.72,V ugm-3
26/02/2009,12/03/2009,0.81,V ugm-3
12/03/2009,26/03/2009,0.81,V ugm-3
26/03/2009,09/04/2009,0.85,V ugm-3
09/04/2009,23/04/2009,0.98,V ugm-3
23/04/2009,07/05/2009,0.42,V ugm-3
07/05/2009,21/05/2009,0.49,V ugm-3
21/05/2009,04/06/2009,0.65,V ugm-3
04/06/2009,18/06/2009,0.49,V ugm-3
18/06/2009,02/07/2009,0.49,V ugm-3
02/07/2009,07/07/2009,1.24,V ugm-3
07/07/2009,15/07/2009,,
15/07/2009,30/07/2009,0.91,V ugm-3
30/07/2009,13/08/2009,0.75,V ugm-3
13/08/2009,27/08/2009,0.78,V ugm-3
27/08/2009,10/09/2009,0.85,V ugm-3
10/09/2009,24/09/2009,1.4,V ugm-3
24/09/2009,08/10/2009,1.11,V ugm-3
08/10/2009,21/10/2009,0.91,V ugm-3
21/10/2009,05/11/2009,1.01,V ugm-3
05/11/2009,19/11/2009,1.04,V ugm-3
19/11/2009,03/12/2009,0.68,V ugm-3
03/12/2009,17/12/2009,1.2,V ugm-3
17/12/2009,31/12/2009,1.04,V ugm-3
31/12/2009,14/01/2010,1.63,V ugm-3
Data for year 2010,,,
Multi-day data,,,
Manchester Piccadilly,,,
Start Date,End Date,BENZENE,Status / units
14/01/2010,28/01/2010,1.3,V ugm-3
28/01/2010,11/02/2010,1.14,V ugm-3
11/02/2010,25/02/2010,2.2,V ugm-3
25/02/2010,11/03/2010,1.26,V ugm-3
11/03/2010,25/03/2010,0.74,V ugm-3
25/03/2010,08/04/2010,0.61,V ugm-3
08/04/2010,22/04/2010,0.92,V ugm-3
22/04/2010,06/05/2010,0.63,V ugm-3
06/05/2010,20/05/2010,0.57,V ugm-3
20/05/2010,03/06/2010,0.53,V ugm-3
03/06/2010,24/06/2010,0.47,V ugm-3
02/07/2010,29/07/2010,0.41,V ugm-3
29/07/2010,12/08/2010,0.37,V ugm-3
12/08/2010,26/08/2010,0.42,V ugm-3
26/08/2010,09/09/2010,0.52,V ugm-3
09/09/2010,23/09/2010,0.45,V ugm-3
23/09/2010,07/10/2010,0.62,V ugm-3
07/10/2010,21/10/2010,0.77,V ugm-3
21/10/2010,04/11/2010,0.51,V ugm-3
04/11/2010,18/11/2010,0.56,V ugm-3
18/11/2010,01/12/2010,1.04,V ugm-3
01/12/2010,16/12/2010,1.35,V ugm-3
16/12/2010,30/12/2010,2.1,V ugm-3
30/12/2010,13/01/2011,0.99,V ugm-3
Data for year 2011,,,
Multi-day data,,,
Manchester Piccadilly,,,
Start Date,End Date,BENZENE,Status / units
13/01/2011,27/01/2011,1.29,V ugm-3
27/01/2011,10/02/2011,0.7,V ugm-3
10/02/2011,24/02/2011,1.09,V ugm-3
24/02/2011,10/03/2011,0.95,V ugm-3
10/03/2011,24/03/2011,1.04,V ugm-3
14/07/2011,28/07/2011,0.23,V ugm-3
28/07/2011,11/08/2011,0.35,V ugm-3
11/08/2011,25/08/2011,0.5,V ugm-3
25/08/2011,09/09/2011,0.48,V ugm-3
09/09/2011,22/09/2011,0.5,V ugm-3
22/09/2011,06/10/2011,0.63,V ugm-3
06/10/2011,20/10/2011,0.57,V ugm-3
20/10/2011,03/11/2011,0.66,V ugm-3
17/11/2011,01/12/2011,0.47,V ugm-3
01/12/2011,13/12/2011,0.55,V ugm-3
Data for year 2012,,,
Multi-day data,,,
Manchester Piccadilly,,,
Start Date,End Date,BENZENE,Status / units
11/01/2012,01/02/2012,1.18,V ugm-3
01/02/2012,09/02/2012,1.55,V ugm-3
09/02/2012,23/02/2012,0.96,V ugm-3
23/02/2012,08/03/2012,0.76,V ugm-3
08/03/2012,22/03/2012,0.75,V ugm-3
22/03/2012,05/04/2012,1,V ugm-3
05/04/2012,19/04/2012,0.58,V ugm-3
19/04/2012,03/05/2012,0.59,V ugm-3
03/05/2012,17/05/2012,0.44,V ugm-3
17/05/2012,31/05/2012,0.47,V ugm-3
31/05/2012,14/06/2012,0.38,V ugm-3
14/06/2012,28/06/2012,0.44,V ugm-3
28/06/2012,12/07/2012,0.39,V ugm-3
12/07/2012,26/07/2012,0.51,V ugm-3
26/07/2012,09/08/2012,0.54,V ugm-3
09/08/2012,23/08/2012,0.51,V ugm-3
23/08/2012,06/09/2012,0.63,V ugm-3
06/09/2012,20/09/2012,0.42,V ugm-3
20/09/2012,04/10/2012,0.45,V ugm-3
04/10/2012,18/10/2012,0.59,V ugm-3
25/10/2012,01/11/2012,0.45,V ugm-3
01/11/2012,15/11/2012,1.15,V ugm-3
15/11/2012,29/11/2012,0.97,V ugm-3
29/11/2012,13/12/2012,1.52,V ugm-3
13/12/2012,27/12/2012,1.04,V ugm-3
27/12/2012,10/01/2013,0.5,V ugm-3
Data for year 2013,,,
Multi-day data,,,
Manchester Piccadilly,,,
Start Date,End Date,BENZENE,Status / units
10/01/2013,24/01/2013,1.48,V ugm-3
24/01/2013,07/02/2013,0.79,V ugm-3
07/02/2013,21/02/2013,1.49,V ugm-3
21/02/2013,07/03/2013,0.57,V ugm-3
07/03/2013,21/03/2013,0.38,V ugm-3
21/03/2013,04/04/2013,0.72,V ugm-3
04/04/2013,18/04/2013,0.81,V ugm-3
18/04/2013,02/05/2013,0.71,V ugm-3
02/05/2013,16/05/2013,0.6,V ugm-3
16/05/2013,30/05/2013,0.8,V ugm-3
30/05/2013,13/06/2013,0.55,V ugm-3
13/06/2013,27/06/2013,0.56,V ugm-3
27/06/2013,11/07/2013,0.73,V ugm-3
11/07/2013,25/07/2013,0.64,V ugm-3
25/07/2013,08/08/2013,1,V ugm-3
08/08/2013,22/08/2013,0.42,V ugm-3
22/08/2013,05/09/2013,1.01,V ugm-3
05/09/2013,19/09/2013,0.68,V ugm-3
19/09/2013,03/10/2013,1.04,V ugm-3
03/10/2013,17/10/2013,0.59,V ugm-3
17/10/2013,31/10/2013,0.65,V ugm-3
31/10/2013,14/11/2013,1.83,V ugm-3
14/11/2013,28/11/2013,1.61,V ugm-3
28/11/2013,12/12/2013,0.93,V ugm-3
12/12/2013,27/12/2013,0.95,V ugm-3
27/12/2013,17/01/2014,0.58,V ugm-3
Data for year 2014,,,
Multi-day data,,,
Manchester Piccadilly,,,
Start Date,End Date,BENZENE,Status / units
17/01/2014,06/02/2014,0.86,V ugm-3
06/02/2014,20/02/2014,1.07,V ugm-3
20/02/2014,06/03/2014,1.14,V ugm-3
06/03/2014,20/03/2014,1.39,V ugm-3
20/03/2014,03/04/2014,0.84,V ugm-3
03/04/2014,17/04/2014,0.62,V ugm-3
17/04/2014,01/05/2014,0.68,V ugm-3
01/05/2014,15/05/2014,0.23,V ugm-3
15/05/2014,29/05/2014,0.69,V ugm-3
29/05/2014,12/06/2014,0.56,V ugm-3
12/06/2014,26/06/2014,0.34,V ugm-3
26/06/2014,09/07/2014,0.39,V ugm-3
09/07/2014,24/07/2014,0.58,V ugm-3
24/07/2014,07/08/2014,0.48,V ugm-3
07/08/2014,21/08/2014,0.38,V ugm-3
21/08/2014,05/09/2014,0.39,V ugm-3
05/09/2014,18/09/2014,0.79,V ugm-3
18/09/2014,02/10/2014,1.18,V ugm-3
02/10/2014,16/10/2014,0.68,V ugm-3
16/10/2014,30/10/2014,0.51,V ugm-3
30/10/2014,13/11/2014,0.9,V ugm-3
13/11/2014,27/11/2014,1.39,V ugm-3
27/11/2014,11/12/2014,1.46,V ugm-3
11/12/2014,24/12/2014,0.65,V ugm-3
24/12/2014,08/01/2015,1.34,V ugm-3
Data for year 2015,,,
Multi-day data,,,
Manchester Piccadilly,,,
Start Date,End Date,BENZENE,Status / units
08/01/2015,22/01/2015,0.82,V ugm-3
22/01/2015,05/02/2015,0.97,V ugm-3
05/02/2015,19/02/2015,1.06,V ugm-3
19/02/2015,05/03/2015,0.72,V ugm-3
05/03/2015,19/03/2015,1.03,V ugm-3
19/03/2015,02/04/2015,0.74,V ugm-3
02/04/2015,16/04/2015,0.66,V ugm-3
16/04/2015,30/04/2015,0.56,V ugm-3
30/04/2015,14/05/2015,0.61,V ugm-3
14/05/2015,28/05/2015,0.3,V ugm-3
28/05/2015,11/06/2015,0.39,V ugm-3
11/06/2015,25/06/2015,0.45,V ugm-3
25/06/2015,09/07/2015,0.39,V ugm-3
09/07/2015,23/07/2015,0.34,V ugm-3
23/07/2015,06/08/2015,0.39,V ugm-3
06/08/2015,20/08/2015,0.55,V ugm-3
20/08/2015,03/09/2015,0.39,V ugm-3
03/09/2015,17/09/2015,0.59,V ugm-3
17/09/2015,01/10/2015,0.59,V ugm-3
01/10/2015,15/10/2015,1.03,V ugm-3
15/10/2015,29/10/2015,0.69,V ugm-3
29/10/2015,12/11/2015,1.19,V ugm-3
12/11/2015,26/11/2015,0.57,V ugm-3
26/11/2015,10/12/2015,0.69,V ugm-3
10/12/2015,24/12/2015,0.63,V ugm-3
24/12/2015,07/01/2016,0.79,V ugm-3
Data for year 2016,,,
Multi-day data,,,
Manchester Piccadilly,,,
Start Date,End Date,BENZENE,Status / units
07/01/2016,21/01/2016,0.95,V ugm-3
21/01/2016,04/02/2016,0.5,V ugm-3
04/02/2016,18/02/2016,0.94,V ugm-3
18/02/2016,08/03/2016,0.7,V ugm-3
08/03/2016,17/03/2016,0.83,V ugm-3
17/03/2016,31/03/2016,0.57,V ugm-3
31/03/2016,14/04/2016,0.31,V ugm-3
14/04/2016,03/05/2016,0.51,V ugm-3
03/05/2016,12/05/2016,,
16/05/2016,26/05/2016,0.76,V ugm-3
26/05/2016,09/06/2016,0.53,V ugm-3
09/06/2016,23/06/2016,0.3,V ugm-3
23/06/2016,07/07/2016,0.4,V ugm-3
07/07/2016,21/07/2016,0.3,V ugm-3
21/07/2016,04/08/2016,0.42,V ugm-3
04/08/2016,18/08/2016,0.3,V ugm-3
18/08/2016,01/09/2016,,
01/09/2016,15/09/2016,0.49,V ugm-3
15/09/2016,29/09/2016,0.45,V ugm-3
29/09/2016,13/10/2016,0.56,V ugm-3
13/10/2016,28/10/2016,0.74,V ugm-3
28/10/2016,10/11/2016,1,V ugm-3
10/11/2016,24/11/2016,0.73,V ugm-3
24/11/2016,08/12/2016,1.18,V ugm-3
08/12/2016,22/12/2016,1.03,V ugm-3
22/12/2016,05/01/2017,0.91,V ugm-3
Data for year 2017,,,
Multi-day data,,,
Manchester Piccadilly,,,
Start Date,End Date,BENZENE,Status / units
05/01/2017,19/01/2017,0.78,V ugm-3
19/01/2017,02/02/2017,1.04,V ugm-3
02/02/2017,16/02/2017,1.09,V ugm-3
16/02/2017,02/03/2017,0.69,V ugm-3
02/03/2017,16/03/2017,0.72,V ugm-3
16/03/2017,30/03/2017,0.64,V ugm-3
30/03/2017,13/04/2017,0.57,V ugm-3
13/04/2017,27/04/2017,0.39,V ugm-3
27/04/2017,11/05/2017,0.33,V ugm-3
11/05/2017,25/05/2017,0.37,V ugm-3
25/05/2017,08/06/2017,0.39,V ugm-3
08/06/2017,22/06/2017,0.33,V ugm-3
22/06/2017,06/07/2017,0.29,V ugm-3
06/07/2017,20/07/2017,0.31,V ugm-3
20/07/2017,03/08/2017,0.32,V ugm-3
03/08/2017,17/08/2017,,
17/08/2017,31/08/2017,0.47,V ugm-3
31/08/2017,14/09/2017,0.48,V ugm-3
14/09/2017,28/09/2017,0.55,V ugm-3
28/09/2017,12/10/2017,0.41,V ugm-3
12/10/2017,26/10/2017,0.57,V ugm-3
26/10/2017,09/11/2017,1.25,V ugm-3
09/11/2017,23/11/2017,0.73,V ugm-3
23/11/2017,07/12/2017,0.71,V ugm-3
07/12/2017,21/12/2017,1.15,V ugm-3
21/12/2017,04/01/2018,0.64,V ugm-3
Data for year 2018,,,
Multi-day data,,,
Manchester Piccadilly,,,
Start Date,End Date,BENZENE,Status / units
04/01/2018,18/01/2018,1.03,V ugm-3
18/01/2018,01/02/2018,0.63,V ugm-3
01/02/2018,15/02/2018,0.75,V ugm-3
15/02/2018,01/03/2018,0.6,V ugm-3
01/03/2018,15/03/2018,1,V ugm-3
15/03/2018,29/03/2018,0.72,V ugm-3
29/03/2018,12/04/2018,0.62,V ugm-3
12/04/2018,26/04/2018,0.49,V ugm-3
26/04/2018,10/05/2018,0.45,V ugm-3
10/05/2018,24/05/2018,0.46,V ugm-3
24/05/2018,07/06/2018,0.4,V ugm-3
07/06/2018,21/06/2018,0.29,V ugm-3
21/06/2018,05/07/2018,0.94,V ugm-3
05/07/2018,19/07/2018,0.34,V ugm-3
19/07/2018,02/08/2018,0.22,V ugm-3
02/08/2018,16/08/2018,0.29,V ugm-3
16/08/2018,30/08/2018,0.24,V ugm-3
30/08/2018,13/09/2018,0.45,V ugm-3
13/09/2018,27/09/2018,0.43,V ugm-3
27/09/2018,09/10/2018,0.43,V ugm-3
09/10/2018,25/10/2018,,
25/10/2018,08/11/2018,,
08/11/2018,21/11/2018,0.49,V ugm-3
21/11/2018,06/12/2018,0.69,V ugm-3
06/12/2018,19/12/2018,0.6,V ugm-3
19/12/2018,03/01/2019,0.62,V ugm-3
Data for year 2019,,,
Multi-day data,,,
Manchester Piccadilly,,,
Start Date,End Date,BENZENE,Status / units
03/01/2019,15/01/2019,0.8,V ugm-3
15/01/2019,01/02/2019,0.74,V ugm-3
01/02/2019,13/02/2019,0.74,V ugm-3
13/02/2019,01/03/2019,1,V ugm-3
01/03/2019,13/03/2019,0.54,V ugm-3
13/03/2019,28/03/2019,0.53,V ugm-3
28/03/2019,10/04/2019,0.63,V ugm-3
10/04/2019,24/04/2019,0.75,V ugm-3
24/04/2019,09/05/2019,0.36,V ugm-3
09/05/2019,23/05/2019,0.32,V ugm-3
23/05/2019,04/06/2019,0.24,V ugm-3
04/06/2019,19/06/2019,0.32,V ugm-3
19/06/2019,03/07/2019,0.28,V ugm-3
03/07/2019,18/07/2019,0.26,V ugm-3
18/07/2019,30/07/2019,0.11,V ugm-3
30/07/2019,14/08/2019,0.29,V ugm-3
14/08/2019,28/08/2019,0.44,V ugm-3
28/08/2019,11/09/2019,0.35,V ugm-3
11/09/2019,25/09/2019,0.51,V ugm-3
25/09/2019,10/10/2019,0.44,V ugm-3
10/10/2019,24/10/2019,,
24/10/2019,07/11/2019,,
07/11/2019,21/11/2019,,
21/11/2019,06/12/2019,,
06/12/2019,19/12/2019,,
19/12/2019,03/01/2020,,
Data for year 2020,,,
Multi-day data,,,
Manchester Piccadilly,,,
Start Date,End Date,BENZENE,Status / units
03/01/2020,15/01/2020,,
15/01/2020,29/01/2020,,
29/01/2020,13/02/2020,,
13/02/2020,27/02/2020,,
27/02/2020,12/03/2020,0.39,V ugm-3
12/03/2020,25/03/2020,0.46,V ugm-3
25/03/2020,07/04/2020,0.52,V ugm-3
07/04/2020,21/04/2020,0.51,V ugm-3
21/04/2020,05/05/2020,0.33,V ugm-3
05/05/2020,19/05/2020,0.19,V ugm-3
19/05/2020,02/06/2020,0.3,V ugm-3
02/06/2020,17/06/2020,0.17,V ugm-3
17/06/2020,02/07/2020,0.15,V ugm-3
02/07/2020,16/07/2020,0.22,V ugm-3
16/07/2020,29/07/2020,0.27,V ugm-3
29/07/2020,11/08/2020,0.32,V ugm-3
11/08/2020,25/08/2020,0.29,V ugm-3
25/08/2020,22/09/2020,0.37,V ugm-3
22/09/2020,06/10/2020,0.29,V ugm-3
06/10/2020,20/10/2020,0.48,V ugm-3
20/10/2020,03/11/2020,0.39,V ugm-3
03/11/2020,17/11/2020,0.7,V ugm-3
17/11/2020,01/12/2020,0.75,V ugm-3
01/12/2020,15/12/2020,0.8,V ugm-3
15/12/2020,30/12/2020,0.58,V ugm-3
30/12/2020,12/01/2021,1.2,V ugm-3
Data for year 2021,,,
Multi-day data,,,
Manchester Piccadilly,,,
Start Date,End Date,BENZENE,Status / units
12/01/2021,26/01/2021,0.8,V ugm-3
26/01/2021,09/02/2021,0.75,V ugm-3
09/02/2021,23/02/2021,0.56,V ugm-3
23/02/2021,09/03/2021,0.97,V ugm-3
09/03/2021,23/03/2021,0.47,V ugm-3
23/03/2021,06/04/2021,0.45,V ugm-3
06/04/2021,20/04/2021,0.63,V ugm-3
20/04/2021,05/05/2021,0.37,V ugm-3
05/05/2021,18/05/2021,0.33,V ugm-3
18/05/2021,01/06/2021,0.33,V ugm-3
01/06/2021,15/06/2021,0.2,V ugm-3
15/06/2021,29/06/2021,0.32,V ugm-3
29/06/2021,13/07/2021,0.23,V ugm-3
13/07/2021,27/07/2021,0.35,V ugm-3
27/07/2021,10/08/2021,0.28,V ugm-3
10/08/2021,24/08/2021,0.27,V ugm-3
24/08/2021,08/09/2021,0.44,V ugm-3
08/09/2021,22/09/2021,0.45,V ugm-3
22/09/2021,05/10/2021,0.21,V ugm-3
05/10/2021,19/10/2021,0.22,V ugm-3
19/10/2021,02/11/2021,0.28,V ugm-3
02/11/2021,16/11/2021,0.61,V ugm-3
16/11/2021,30/11/2021,0.57,V ugm-3
30/11/2021,14/12/2021,0.5,V ugm-3
14/12/2021,30/12/2021,0.82,V ugm-3
30/12/2021,11/01/2022,0.49,V ugm-3
Data for year 2022,,,
Multi-day data,,,
Manchester Piccadilly,,,
Start Date,End Date,BENZENE,Status / units
11/01/2022,25/01/2022,1.19,V ugm-3
25/01/2022,08/02/2022,0.45,V ugm-3
08/02/2022,23/02/2022,0.54,V ugm-3
23/02/2022,09/03/2022,0.73,V ugm-3
09/03/2022,23/03/2022,0.62,V ugm-3
23/03/2022,06/04/2022,0.64,V ugm-3
06/04/2022,21/04/2022,0.76,V ugm-3
21/04/2022,05/05/2022,0.34,V ugm-3
05/05/2022,18/05/2022,0.12,V ugm-3
18/05/2022,30/05/2022,0.14,V ugm-3
30/05/2022,15/06/2022,0.26,V ugm-3
15/06/2022,28/06/2022,0.26,V ugm-3
28/06/2022,13/07/2022,0.2,V ugm-3
13/07/2022,27/07/2022,0.29,V ugm-3
27/07/2022,11/08/2022,,
11/08/2022,25/08/2022,0.25,V ugm-3
25/08/2022,07/09/2022,0.26,V ugm-3
07/09/2022,21/09/2022,0.35,V ugm-3
21/09/2022,06/10/2022,0.39,V ugm-3
06/10/2022,20/10/2022,0.46,V ugm-3
20/10/2022,03/11/2022,0.31,V ugm-3
03/11/2022,17/11/2022,0.51,V ugm-3
17/11/2022,30/11/2022,0.71,V ugm-3
30/11/2022,15/12/2022,1.23,V ugm-3
15/12/2022,29/12/2022,0.95,V ugm-3
29/12/2022,11/01/2023,0.37,V ugm-3
Data for year 2023,,,
Multi-day data,,,
Manchester Piccadilly,,,
Start Date,End Date,BENZENE,Status / units
11/01/2023,26/01/2023,0.93,V ugm-3
26/01/2023,08/02/2023,0.78,V ugm-3
08/02/2023,22/02/2023,0.72,V ugm-3
22/02/2023,09/03/2023,0.56,V ugm-3
09/03/2023,22/03/2023,0.62,V ugm-3
22/03/2023,05/04/2023,0.41,V ugm-3
05/04/2023,19/04/2023,0.5,V ugm-3
19/04/2023,17/05/2023,0.28,V ugm-3
17/05/2023,31/05/2023,,
31/05/2023,15/06/2023,0.48,V ugm-3
15/06/2023,28/06/2023,0.39,V ugm-3
28/06/2023,13/07/2023,0.28,V ugm-3
13/07/2023,27/07/2023,0.27,V ugm-3
27/07/2023,09/08/2023,0.29,V ugm-3
09/08/2023,24/08/2023,0.33,V ugm-3
24/08/2023,06/09/2023,0.36,V ugm-3
06/09/2023,20/09/2023,0.42,V ugm-3
20/09/2023,04/10/2023,0.42,V ugm-3
04/10/2023,18/10/2023,0.62,V ugm-3
18/10/2023,02/11/2023,0.63,V ugm-3
02/11/2023,15/11/2023,0.56,V ugm-3
15/11/2023,29/11/2023,0.74,V ugm-3
29/11/2023,13/12/2023,1.02,V ugm-3
13/12/2023,27/12/2023,0.57,V ugm-3
27/12/2023,10/01/2024,0.7,V ugm-3
Data for year 2024,,,
Multi-day data,,,
Manchester Piccadilly,,,
Start Date,End Date,BENZENE,Status / units
10/01/2024,25/01/2024,0.55,V ugm-3
25/01/2024,07/02/2024,0.44,V ugm-3
07/02/2024,21/02/2024,0.63,V ugm-3
21/02/2024,07/03/2024,0.7,V ugm-3
07/03/2024,20/03/2024,0.68,V ugm-3
20/03/2024,03/04/2024,0.48,V ugm-3
03/04/2024,17/04/2024,0.44,V ugm-3
17/04/2024,01/05/2024,0.42,V ugm-3
01/05/2024,15/05/2024,0.36,V ugm-3
15/05/2024,29/05/2024,0.3,V ugm-3
29/05/2024,13/06/2024,0.23,V ugm-3
13/06/2024,26/06/2024,0.28,V ugm-3
26/06/2024,10/07/2024,0.23,V ugm-3
10/07/2024,24/07/2024,0.24,V ugm-3
24/07/2024,07/08/2024,0.31,V ugm-3
07/08/2024,21/08/2024,0.42,V ugm-3
21/08/2024,04/09/2024,0.39,V ugm-3
04/09/2024,18/09/2024,0.42,V ugm-3
18/09/2024,03/10/2024,0.43,V ugm-3
03/10/2024,16/10/2024,0.49,V ugm-3
16/10/2024,30/10/2024,0.43,V ugm-3
30/10/2024,14/11/2024,0.66,V ugm-3
14/11/2024,27/11/2024,0.67,V ugm-3
27/11/2024,24/12/2024,0.47,V ugm-3
24/12/2024,08/01/2025,0.71,V ugm-3
Data for year 2025,,,
Multi-day data,,,
Manchester Piccadilly,,,
Start Date,End Date,BENZENE,Status / units
08/01/2025,22/01/2025,1.34,V ugm-3
22/01/2025,05/02/2025,0.76,V ugm-3
05/02/2025,19/02/2025,0.87,V ugm-3
19/02/2025,05/03/2025,0.49,V ugm-3
05/03/2025,19/03/2025,0.56,V ugm-3
19/03/2025,02/04/2025,0.47,V ugm-3
02/04/2025,16/04/2025,0.33,V ugm-3
16/04/2025,30/04/2025,0.26,V ugm-3
30/04/2025,14/05/2025,0.29,V ugm-3
14/05/2025,28/05/2025,0.2,V ugm-3
28/05/2025,11/06/2025,0.27,V ugm-3
11/06/2025,25/06/2025,0.35,V ugm-3
25/06/2025,09/07/2025,0.21,V ugm-3
09/07/2025,23/07/2025,0.34,V ugm-3
23/07/2025,06/08/2025,0.27,V ugm-3
06/08/2025,21/08/2025,0.41,V ugm-3
21/08/2025,03/09/2025,0.27,V ugm-3
03/09/2025,17/09/2025,0.21,V ugm-3
17/09/2025,30/09/2025,0.52,V ugm-3
30/09/2025,15/10/2025,0.37,V ugm-3
15/10/2025,28/10/2025,0.42,V ugm-3
28/10/2025,12/11/2025,0.41,V ugm-3
12/11/2025,26/11/2025,0.72,V ugm-3
26/11/2025,10/12/2025,0.45,V ugm-3
10/12/2025,23/12/2025,0.66,V ugm-3
23/12/2025,07/01/2026,0.72,V ugm-3
Data for year 2002,,,
Multi-day data,,,
Middlesbrough,,,
Start Date,End Date,BENZENE,Status / units
04/02/2002,18/02/2002,1.11,V ugm-3
18/02/2002,04/03/2002,1.01,V ugm-3
04/03/2002,19/03/2002,1.14,V ugm-3
19/03/2002,02/04/2002,2.08,V ugm-3
02/04/2002,16/04/2002,3.15,V ugm-3
16/04/2002,30/04/2002,0.98,V ugm-3
30/04/2002,14/05/2002,2.15,V ugm-3
14/05/2002,28/05/2002,0.85,V ugm-3
28/05/2002,11/06/2002,1.27,V ugm-3
11/06/2002,25/06/2002,0.46,V ugm-3
25/06/2002,09/07/2002,0.68,V ugm-3
09/07/2002,23/07/2002,1.17,V ugm-3
23/07/2002,06/08/2002,2.44,V ugm-3
06/08/2002,20/08/2002,1.66,V ugm-3
20/08/2002,17/09/2002,3.19,V ugm-3
17/09/2002,01/10/2002,2.21,V ugm-3
01/10/2002,15/10/2002,1.56,V ugm-3
15/10/2002,29/10/2002,1.17,V ugm-3
29/10/2002,12/11/2002,1.63,V ugm-3
12/11/2002,26/11/2002,2.08,V ugm-3
26/11/2002,10/12/2002,1.5,V ugm-3
10/12/2002,23/12/2002,3.32,V ugm-3
23/12/2002,07/01/2003,1.82,V ugm-3
Data for year 2003,,,
Multi-day data,,,
Middlesbrough,,,
Start Date,End Date,BENZENE,Status / units
07/01/2003,21/01/2003,1.79,V ugm-3
21/01/2003,04/02/2003,0.75,V ugm-3
04/02/2003,18/02/2003,2.54,V ugm-3
18/02/2003,04/03/2003,3.51,V ugm-3
04/03/2003,18/03/2003,1.24,V ugm-3
18/03/2003,01/04/2003,5.43,V ugm-3
01/04/2003,15/04/2003,1.92,V ugm-3
15/04/2003,29/04/2003,7.02,V ugm-3
29/04/2003,13/05/2003,0.49,V ugm-3
13/05/2003,27/05/2003,0.85,V ugm-3
27/05/2003,10/06/2003,2.54,V ugm-3
10/06/2003,25/06/2003,1.2,V ugm-3
25/06/2003,08/07/2003,2.08,V ugm-3
08/07/2003,22/07/2003,2.54,V ugm-3
22/07/2003,05/08/2003,1.07,V ugm-3
05/08/2003,19/08/2003,3.58,V ugm-3
19/08/2003,02/09/2003,1.76,V ugm-3
02/09/2003,16/09/2003,1.33,V ugm-3
16/09/2003,01/10/2003,1.3,V ugm-3
01/10/2003,14/10/2003,1.11,V ugm-3
14/10/2003,28/10/2003,2.05,V ugm-3
28/10/2003,11/11/2003,2.47,V ugm-3
11/11/2003,26/11/2003,1.37,V ugm-3
26/11/2003,10/12/2003,4.1,V ugm-3
10/12/2003,22/12/2003,2.34,V ugm-3
22/12/2003,06/01/2004,1.82,V ugm-3
Data for year 2004,,,
Multi-day data,,,
Middlesbrough,,,
Start Date,End Date,BENZENE,Status / units
06/01/2004,20/01/2004,1.66,V ugm-3
20/01/2004,03/02/2004,2.18,V ugm-3
03/02/2004,17/02/2004,1.3,V ugm-3
17/02/2004,02/03/2004,1.82,V ugm-3
02/03/2004,16/03/2004,2.37,V ugm-3
16/03/2004,30/03/2004,0.94,V ugm-3
30/03/2004,14/04/2004,1.98,V ugm-3
14/04/2004,27/04/2004,3.09,V ugm-3
27/04/2004,11/05/2004,2.02,V ugm-3
11/05/2004,25/05/2004,1.69,V ugm-3
25/05/2004,08/06/2004,2.34,V ugm-3
08/06/2004,22/06/2004,1.2,V ugm-3
22/06/2004,06/07/2004,0.94,V ugm-3
06/07/2004,21/07/2004,1.3,V ugm-3
21/07/2004,03/08/2004,3.32,V ugm-3
03/08/2004,17/08/2004,6.5,V ugm-3
17/08/2004,19/08/2004,1.66,V ugm-3
19/08/2004,31/08/2004,1.14,V ugm-3
31/08/2004,15/09/2004,2.34,V ugm-3
15/09/2004,28/09/2004,0.75,V ugm-3
28/09/2004,12/10/2004,1.01,V ugm-3
12/10/2004,26/10/2004,1.37,V ugm-3
26/10/2004,09/11/2004,2.67,V ugm-3
09/11/2004,24/11/2004,1.5,V ugm-3
24/11/2004,07/12/2004,1.11,V ugm-3
07/12/2004,21/12/2004,1.53,V ugm-3
21/12/2004,06/01/2005,1.14,V ugm-3
Data for year 2005,,,
Multi-day data,,,
Middlesbrough,,,
Start Date,End Date,BENZENE,Status / units
06/01/2005,18/01/2005,0.85,V ugm-3
18/01/2005,01/02/2005,1.59,V ugm-3
01/02/2005,15/02/2005,1.79,V ugm-3
15/02/2005,01/03/2005,3.77,V ugm-3
01/03/2005,15/03/2005,2.24,V ugm-3
15/03/2005,29/03/2005,1.46,V ugm-3
29/03/2005,12/04/2005,1.72,V ugm-3
12/04/2005,29/04/2005,1.59,V ugm-3
29/04/2005,11/05/2005,0.91,V ugm-3
11/05/2005,18/05/2005,1.59,V ugm-3
18/05/2005,07/06/2005,1.63,V ugm-3
07/06/2005,21/06/2005,1.33,V ugm-3
21/06/2005,05/07/2005,1.43,V ugm-3
05/07/2005,19/07/2005,4.71,V ugm-3
19/07/2005,02/08/2005,36.3,V ugm-3
02/08/2005,16/08/2005,2.08,V ugm-3
16/08/2005,31/08/2005,0.98,V ugm-3
31/08/2005,13/09/2005,2.31,V ugm-3
13/09/2005,27/09/2005,0.78,V ugm-3
27/09/2005,11/10/2005,1.4,V ugm-3
11/10/2005,27/10/2005,1.85,V ugm-3
27/10/2005,08/11/2005,0.85,V ugm-3
08/11/2005,22/11/2005,1.69,V ugm-3
22/11/2005,06/12/2005,1.43,V ugm-3
06/12/2005,20/12/2005,1.27,V ugm-3
20/12/2005,03/01/2006,2.34,V ugm-3
Data for year 2006,,,
Multi-day data,,,
Middlesbrough,,,
Start Date,End Date,BENZENE,Status / units
03/01/2006,17/01/2006,1.89,V ugm-3
17/01/2006,31/01/2006,2.67,V ugm-3
31/01/2006,14/02/2006,1.66,V ugm-3
14/02/2006,28/02/2006,2.76,V ugm-3
28/02/2006,14/03/2006,1.82,V ugm-3
14/03/2006,29/03/2006,2.86,V ugm-3
29/03/2006,12/04/2006,0.94,V ugm-3
12/04/2006,25/04/2006,1.24,V ugm-3
25/04/2006,09/05/2006,1.59,V ugm-3
09/05/2006,23/05/2006,2.05,V ugm-3
23/05/2006,07/06/2006,1.01,V ugm-3
07/06/2006,20/06/2006,1.72,V ugm-3
20/06/2006,04/07/2006,2.41,V ugm-3
04/07/2006,18/07/2006,1.69,V ugm-3
18/07/2006,01/08/2006,2.6,V ugm-3
01/08/2006,15/08/2006,0.42,V ugm-3
15/08/2006,29/08/2006,1.72,V ugm-3
29/08/2006,12/09/2006,0.59,V ugm-3
12/09/2006,26/09/2006,1.79,V ugm-3
26/09/2006,10/10/2006,0.65,V ugm-3
10/10/2006,24/10/2006,3.12,V ugm-3
24/10/2006,07/11/2006,0.42,V ugm-3
07/11/2006,21/11/2006,0.39,V ugm-3
21/11/2006,05/12/2006,0.42,V ugm-3
05/12/2006,19/12/2006,0.72,V ugm-3
19/12/2006,02/01/2007,1.59,V ugm-3
Data for year 2007,,,
Multi-day data,,,
Middlesbrough,,,
Start Date,End Date,BENZENE,Status / units
02/01/2007,16/01/2007,0.72,V ugm-3
16/01/2007,30/01/2007,1.2,V ugm-3
30/01/2007,13/02/2007,1.01,V ugm-3
13/02/2007,27/02/2007,1.14,V ugm-3
27/02/2007,13/03/2007,0.65,V ugm-3
13/03/2007,27/03/2007,1.43,V ugm-3
27/03/2007,10/04/2007,1.4,V ugm-3
10/04/2007,24/04/2007,1.01,V ugm-3
24/04/2007,08/05/2007,1.79,V ugm-3
08/05/2007,21/05/2007,1.46,V ugm-3
21/05/2007,05/06/2007,1.11,V ugm-3
05/06/2007,19/06/2007,2.63,V ugm-3
19/06/2007,03/07/2007,1.01,V ugm-3
03/07/2007,17/07/2007,0.52,V ugm-3
17/07/2007,31/07/2007,1.07,V ugm-3
31/07/2007,14/08/2007,0.88,V ugm-3
19/09/2007,25/09/2007,0.29,V ugm-3
25/09/2007,09/10/2007,2.8,V ugm-3
09/10/2007,23/10/2007,0.94,V ugm-3
23/10/2007,06/11/2007,1.24,V ugm-3
06/11/2007,20/11/2007,0.78,V ugm-3
20/11/2007,04/12/2007,0.59,V ugm-3
04/12/2007,18/12/2007,1.01,V ugm-3
18/12/2007,02/01/2008,1.11,V ugm-3
Data for year 2008,,,
Multi-day data,,,
Middlesbrough,,,
Start Date,End Date,BENZENE,Status / units
02/01/2008,15/01/2008,0.81,V ugm-3
15/01/2008,29/01/2008,0.85,V ugm-3
29/01/2008,12/02/2008,2.47,V ugm-3
12/02/2008,26/02/2008,1.79,V ugm-3
26/02/2008,11/03/2008,0.46,V ugm-3
11/03/2008,25/03/2008,1.04,V ugm-3
25/03/2008,08/04/2008,1.27,V ugm-3
08/04/2008,22/04/2008,1.07,V ugm-3
22/04/2008,06/05/2008,1.46,V ugm-3
06/05/2008,20/05/2008,2.73,V ugm-3
20/05/2008,03/06/2008,2.28,V ugm-3
03/06/2008,17/06/2008,2.02,V ugm-3
17/06/2008,01/07/2008,0.33,V ugm-3
01/07/2008,14/07/2008,0.39,V ugm-3
14/07/2008,29/07/2008,1.72,V ugm-3
29/07/2008,12/08/2008,0.72,V ugm-3
12/08/2008,26/08/2008,0.42,V ugm-3
26/08/2008,09/09/2008,0.59,V ugm-3
09/09/2008,23/09/2008,0.62,V ugm-3
23/09/2008,07/10/2008,0.59,V ugm-3
07/10/2008,21/10/2008,0.42,V ugm-3
21/10/2008,04/11/2008,1.79,V ugm-3
04/11/2008,18/11/2008,0.75,V ugm-3
18/11/2008,02/12/2008,1.01,V ugm-3
02/12/2008,16/12/2008,0.75,V ugm-3
16/12/2008,30/12/2008,0.75,V ugm-3
30/12/2008,12/01/2009,0.98,V ugm-3
Data for year 2009,,,
Multi-day data,,,
Middlesbrough,,,
Start Date,End Date,BENZENE,Status / units
12/01/2009,27/01/2009,0.59,V ugm-3
27/01/2009,10/02/2009,1.07,V ugm-3
10/02/2009,24/02/2009,0.81,V ugm-3
24/02/2009,10/03/2009,0.68,V ugm-3
10/03/2009,24/03/2009,1.01,V ugm-3
24/03/2009,26/03/2009,0.55,V ugm-3
26/03/2009,07/04/2009,1.4,V ugm-3
07/04/2009,21/04/2009,2.08,V ugm-3
21/04/2009,05/05/2009,0.42,V ugm-3
05/05/2009,19/05/2009,0.98,V ugm-3
19/05/2009,02/06/2009,1.01,V ugm-3
02/06/2009,16/06/2009,1.14,V ugm-3
16/06/2009,30/06/2009,3.35,V ugm-3
30/06/2009,14/07/2009,0.39,V ugm-3
14/07/2009,28/07/2009,0.23,V ugm-3
24/09/2009,06/10/2009,0.62,V ugm-3
06/10/2009,20/10/2009,0.78,V ugm-3
20/10/2009,03/11/2009,0.94,V ugm-3
03/11/2009,17/11/2009,0.68,V ugm-3
17/11/2009,01/12/2009,0.75,V ugm-3
01/12/2009,16/12/2009,1.2,V ugm-3
16/12/2009,29/12/2009,,
29/12/2009,12/01/2010,2.44,V ugm-3
Data for year 2010,,,
Multi-day data,,,
Middlesbrough,,,
Start Date,End Date,BENZENE,Status / units
12/01/2010,26/01/2010,1.59,V ugm-3
26/01/2010,09/02/2010,1.53,V ugm-3
09/02/2010,23/02/2010,2.24,V ugm-3
23/02/2010,09/03/2010,1.69,V ugm-3
09/03/2010,23/03/2010,1.04,V ugm-3
23/03/2010,06/04/2010,1.17,V ugm-3
06/04/2010,20/04/2010,1.55,V ugm-3
20/04/2010,04/05/2010,0.77,V ugm-3
04/05/2010,18/05/2010,1.5,V ugm-3
18/05/2010,01/06/2010,1.47,V ugm-3
01/06/2010,15/06/2010,1.42,V ugm-3
05/07/2010,27/07/2010,0.58,V ugm-3
27/07/2010,10/08/2010,0.58,V ugm-3
10/08/2010,24/08/2010,0.49,V ugm-3
24/08/2010,07/09/2010,1.06,V ugm-3
07/09/2010,21/09/2010,0.57,V ugm-3
21/09/2010,05/10/2010,0.61,V ugm-3
05/10/2010,19/10/2010,1.22,V ugm-3
19/10/2010,02/11/2010,0.42,V ugm-3
02/11/2010,16/11/2010,0.73,V ugm-3
16/11/2010,30/11/2010,1.59,V ugm-3
30/11/2010,14/12/2010,1.46,V ugm-3
14/12/2010,11/01/2011,1.35,V ugm-3
Data for year 2011,,,
Multi-day data,,,
Middlesbrough,,,
Start Date,End Date,BENZENE,Status / units
11/01/2011,25/01/2011,0.75,V ugm-3
25/01/2011,08/02/2011,0.83,V ugm-3
08/02/2011,22/02/2011,1.68,V ugm-3
22/02/2011,08/03/2011,1.5,V ugm-3
08/03/2011,22/03/2011,1.42,V ugm-3
22/03/2011,05/04/2011,2.14,V ugm-3
05/04/2011,19/04/2011,1.04,V ugm-3
03/05/2011,17/05/2011,0.61,V ugm-3
17/05/2011,31/05/2011,0.23,V ugm-3
31/05/2011,14/06/2011,0.61,V ugm-3
14/06/2011,28/06/2011,0.9,V ugm-3
28/06/2011,12/07/2011,0.67,V ugm-3
12/07/2011,26/07/2011,0.51,V ugm-3
26/07/2011,09/08/2011,0.86,V ugm-3
09/08/2011,23/08/2011,0.99,V ugm-3
23/08/2011,06/09/2011,0.86,V ugm-3
06/09/2011,20/09/2011,0.39,V ugm-3
20/09/2011,04/10/2011,0.49,V ugm-3
04/10/2011,18/10/2011,0.3,V ugm-3
18/10/2011,02/11/2011,0.48,V ugm-3
02/11/2011,15/11/2011,2.22,V ugm-3
15/11/2011,28/11/2011,0.62,V ugm-3
28/11/2011,13/12/2011,0.42,V ugm-3
13/12/2011,28/12/2011,0.71,V ugm-3
28/12/2011,10/01/2012,0.42,V ugm-3
Data for year 2012,,,
Multi-day data,,,
Middlesbrough,,,
Start Date,End Date,BENZENE,Status / units
10/01/2012,24/01/2012,1.27,V ugm-3
24/01/2012,07/02/2012,1.23,V ugm-3
07/02/2012,21/02/2012,0.75,V ugm-3
21/02/2012,06/03/2012,0.53,V ugm-3
06/03/2012,20/03/2012,0.88,V ugm-3
20/03/2012,03/04/2012,2.96,V ugm-3
03/04/2012,17/04/2012,1.32,V ugm-3
01/05/2012,15/05/2012,0.79,V ugm-3
15/05/2012,29/05/2012,3.34,V ugm-3
29/05/2012,12/06/2012,2.02,V ugm-3
12/06/2012,26/06/2012,1.12,V ugm-3
26/06/2012,10/07/2012,1.32,V ugm-3
10/07/2012,24/07/2012,0.81,V ugm-3
24/07/2012,07/08/2012,0.94,V ugm-3
07/08/2012,21/08/2012,1.57,V ugm-3
21/08/2012,04/09/2012,0.88,V ugm-3
04/09/2012,18/09/2012,0.32,V ugm-3
18/09/2012,02/10/2012,0.72,V ugm-3
02/10/2012,16/10/2012,0.95,V ugm-3
16/10/2012,30/10/2012,1.44,V ugm-3
30/10/2012,13/11/2012,0.59,V ugm-3
13/11/2012,27/11/2012,1.76,V ugm-3
27/11/2012,11/12/2012,0.99,V ugm-3
11/12/2012,02/01/2013,0.83,V ugm-3
Data for year 2013,,,
Multi-day data,,,
Middlesbrough,,,
Start Date,End Date,BENZENE,Status / units
02/01/2013,08/01/2013,0.57,V ugm-3
08/01/2013,22/01/2013,1.58,V ugm-3
22/01/2013,05/02/2013,1.23,V ugm-3
05/02/2013,19/02/2013,1.32,V ugm-3
19/02/2013,05/03/2013,1.94,V ugm-3
05/03/2013,19/03/2013,2.49,V ugm-3
19/03/2013,02/04/2013,1.33,V ugm-3
02/04/2013,16/04/2013,1.44,V ugm-3
16/04/2013,30/04/2013,0.88,V ugm-3
30/04/2013,14/05/2013,1.09,V ugm-3
14/05/2013,28/05/2013,1.69,V ugm-3
28/05/2013,11/06/2013,3.03,V ugm-3
11/06/2013,25/06/2013,4.45,V ugm-3
25/06/2013,09/07/2013,1.27,V ugm-3
09/07/2013,23/07/2013,4.52,V ugm-3
23/07/2013,06/08/2013,1.12,V ugm-3
06/08/2013,20/08/2013,0.34,V ugm-3
20/08/2013,03/09/2013,1.65,V ugm-3
03/09/2013,17/09/2013,1.03,V ugm-3
17/09/2013,02/10/2013,1.61,V ugm-3
02/10/2013,15/10/2013,1.34,V ugm-3
15/10/2013,29/10/2013,0.54,V ugm-3
29/10/2013,12/11/2013,1.18,V ugm-3
12/11/2013,26/11/2013,1.49,V ugm-3
26/11/2013,10/12/2013,0.71,V ugm-3
10/12/2013,23/12/2013,0.45,V ugm-3
23/12/2013,10/01/2014,0.46,V ugm-3
Data for year 2014,,,
Multi-day data,,,
Middlesbrough,,,
Start Date,End Date,BENZENE,Status / units
10/01/2014,21/01/2014,0.81,V ugm-3
21/01/2014,04/02/2014,0.66,V ugm-3
04/02/2014,18/02/2014,0.8,V ugm-3
18/02/2014,04/03/2014,0.92,V ugm-3
04/03/2014,18/03/2014,1.25,V ugm-3
18/03/2014,01/04/2014,1.11,V ugm-3
01/04/2014,15/04/2014,1.21,V ugm-3
15/04/2014,29/04/2014,1.92,V ugm-3
29/04/2014,13/05/2014,0.63,V ugm-3
13/05/2014,27/05/2014,1.97,V ugm-3
27/05/2014,10/06/2014,2.81,V ugm-3
10/06/2014,24/06/2014,1.33,V ugm-3
24/06/2014,08/07/2014,0.76,V ugm-3
08/07/2014,22/07/2014,3.36,V ugm-3
22/07/2014,05/08/2014,2.21,V ugm-3
05/08/2014,19/08/2014,,
19/08/2014,02/09/2014,,
02/09/2014,16/09/2014,,
16/09/2014,30/09/2014,,
30/09/2014,14/10/2014,,
14/10/2014,28/10/2014,,
28/10/2014,11/11/2014,,
11/11/2014,25/11/2014,2.21,V ugm-3
25/11/2014,09/12/2014,1.98,V ugm-3
09/12/2014,23/12/2014,0.39,V ugm-3
23/12/2014,06/01/2015,0.96,V ugm-3
Data for year 2015,,,
Multi-day data,,,
Middlesbrough,,,
Start Date,End Date,BENZENE,Status / units
06/01/2015,20/01/2015,0.5,V ugm-3
20/01/2015,03/02/2015,0.84,V ugm-3
03/02/2015,17/02/2015,1.48,V ugm-3
17/02/2015,03/03/2015,0.55,V ugm-3
03/03/2015,17/03/2015,1.14,V ugm-3
17/03/2015,31/03/2015,0.52,V ugm-3
31/03/2015,14/04/2015,1.01,V ugm-3
14/04/2015,28/04/2015,1.42,V ugm-3
28/04/2015,12/05/2015,0.77,V ugm-3
12/05/2015,26/05/2015,0.65,V ugm-3
26/05/2015,09/06/2015,0.39,V ugm-3
09/06/2015,23/06/2015,1.18,V ugm-3
23/06/2015,07/07/2015,0.93,V ugm-3
07/07/2015,21/07/2015,0.98,V ugm-3
21/07/2015,04/08/2015,0.72,V ugm-3
04/08/2015,18/08/2015,1.32,V ugm-3
18/08/2015,01/09/2015,0.64,V ugm-3
01/09/2015,15/09/2015,1.63,V ugm-3
15/09/2015,29/09/2015,0.83,V ugm-3
29/09/2015,13/10/2015,2.09,V ugm-3
13/10/2015,27/10/2015,1.71,V ugm-3
27/10/2015,10/11/2015,1.42,V ugm-3
10/11/2015,24/11/2015,0.45,V ugm-3
24/11/2015,08/12/2015,0.65,V ugm-3
08/12/2015,22/12/2015,0.82,V ugm-3
22/12/2015,05/01/2016,0.62,V ugm-3
Data for year 2016,,,
Multi-day data,,,
Middlesbrough,,,
Start Date,End Date,BENZENE,Status / units
05/01/2016,19/01/2016,0.82,V ugm-3
19/01/2016,02/02/2016,0.59,V ugm-3
02/02/2016,16/02/2016,0.89,V ugm-3
16/02/2016,01/03/2016,0.92,V ugm-3
01/03/2016,15/03/2016,1.26,V ugm-3
15/03/2016,29/03/2016,1.13,V ugm-3
29/03/2016,12/04/2016,0.32,V ugm-3
12/04/2016,26/04/2016,0.76,V ugm-3
26/04/2016,10/05/2016,1.51,V ugm-3
10/05/2016,24/05/2016,1.1,V ugm-3
24/05/2016,07/06/2016,1.17,V ugm-3
07/06/2016,21/06/2016,1.31,V ugm-3
21/06/2016,05/07/2016,0.24,V ugm-3
05/07/2016,19/07/2016,0.29,V ugm-3
19/07/2016,02/08/2016,0.43,V ugm-3
02/08/2016,16/08/2016,0.34,V ugm-3
16/08/2016,30/08/2016,0.74,V ugm-3
30/08/2016,13/09/2016,0.48,V ugm-3
13/09/2016,27/09/2016,0.96,V ugm-3
27/09/2016,11/10/2016,1,V ugm-3
11/10/2016,24/10/2016,1.58,V ugm-3
24/10/2016,08/11/2016,0.87,V ugm-3
08/11/2016,22/11/2016,0.69,V ugm-3
22/11/2016,06/12/2016,1.18,V ugm-3
06/12/2016,20/12/2016,0.81,V ugm-3
20/12/2016,03/01/2017,0.6,V ugm-3
Data for year 2017,,,
Multi-day data,,,
Middlesbrough,,,
Start Date,End Date,BENZENE,Status / units
03/01/2017,17/01/2017,0.6,V ugm-3
17/01/2017,31/01/2017,1.17,V ugm-3
31/01/2017,14/02/2017,1.13,V ugm-3
14/02/2017,28/02/2017,0.77,V ugm-3
28/02/2017,14/03/2017,0.73,V ugm-3
14/03/2017,28/03/2017,0.96,V ugm-3
28/03/2017,11/04/2017,0.64,V ugm-3
11/04/2017,25/04/2017,0.48,V ugm-3
25/04/2017,09/05/2017,0.95,V ugm-3
09/05/2017,23/05/2017,0.68,V ugm-3
23/05/2017,06/06/2017,0.49,V ugm-3
06/06/2017,20/06/2017,0.23,V ugm-3
20/06/2017,04/07/2017,0.59,V ugm-3
04/07/2017,18/07/2017,0.62,V ugm-3
18/07/2017,01/08/2017,0.42,V ugm-3
01/08/2017,15/08/2017,0.38,V ugm-3
15/08/2017,29/08/2017,0.33,V ugm-3
29/08/2017,12/09/2017,0.37,V ugm-3
12/09/2017,26/09/2017,,
26/09/2017,10/10/2017,0.5,V ugm-3
10/10/2017,24/10/2017,0.52,V ugm-3
24/10/2017,07/11/2017,0.72,V ugm-3
07/11/2017,21/11/2017,0.72,V ugm-3
21/11/2017,05/12/2017,0.6,V ugm-3
05/12/2017,19/12/2017,0.87,V ugm-3
19/12/2017,02/01/2018,0.91,V ugm-3
Data for year 2018,,,
Multi-day data,,,
Middlesbrough,,,
Start Date,End Date,BENZENE,Status / units
02/01/2018,16/01/2018,1.13,V ugm-3
16/01/2018,30/01/2018,0.62,V ugm-3
30/01/2018,13/02/2018,0.72,V ugm-3
13/02/2018,27/02/2018,1.4,V ugm-3
27/02/2018,13/03/2018,1.49,V ugm-3
13/03/2018,27/03/2018,1.17,V ugm-3
27/03/2018,10/04/2018,1.25,V ugm-3
10/04/2018,24/04/2018,0.91,V ugm-3
24/04/2018,08/05/2018,1.02,V ugm-3
08/05/2018,22/05/2018,1.64,V ugm-3
22/05/2018,05/06/2018,4.93,V ugm-3
05/06/2018,19/06/2018,1.08,V ugm-3
19/06/2018,03/07/2018,3.45,V ugm-3
03/07/2018,17/07/2018,0.5,V ugm-3
17/07/2018,31/07/2018,0.37,V ugm-3
31/07/2018,14/08/2018,0.36,V ugm-3
14/08/2018,28/08/2018,0.3,V ugm-3
28/08/2018,11/09/2018,0.61,V ugm-3
11/09/2018,25/09/2018,0.3,V ugm-3
25/09/2018,09/10/2018,0.58,V ugm-3
09/10/2018,23/10/2018,0.59,V ugm-3
23/10/2018,06/11/2018,0.77,V ugm-3
06/11/2018,20/11/2018,0.72,V ugm-3
20/11/2018,04/12/2018,1.05,V ugm-3
04/12/2018,19/12/2018,0.92,V ugm-3
19/12/2018,04/01/2019,0.59,V ugm-3
Data for year 2019,,,
Multi-day data,,,
Middlesbrough,,,
Start Date,End Date,BENZENE,Status / units
04/01/2019,16/01/2019,0.52,V ugm-3
16/01/2019,30/01/2019,0.77,V ugm-3
30/01/2019,13/02/2019,0.88,V ugm-3
13/02/2019,27/02/2019,1.07,V ugm-3
27/02/2019,13/03/2019,0.67,V ugm-3
13/03/2019,27/03/2019,0.47,V ugm-3
27/03/2019,10/04/2019,0.63,V ugm-3
10/04/2019,24/04/2019,0.97,V ugm-3
24/04/2019,08/05/2019,0.56,V ugm-3
08/05/2019,22/05/2019,0.6,V ugm-3
22/05/2019,06/06/2019,0.26,V ugm-3
06/06/2019,19/06/2019,0.34,V ugm-3
19/06/2019,03/07/2019,0.6,V ugm-3
03/07/2019,17/07/2019,0.31,V ugm-3
17/07/2019,31/07/2019,0.49,V ugm-3
31/07/2019,14/08/2019,0.48,V ugm-3
14/08/2019,28/08/2019,0.52,V ugm-3
28/08/2019,11/09/2019,0.32,V ugm-3
11/09/2019,25/09/2019,0.58,V ugm-3
25/09/2019,09/10/2019,0.57,V ugm-3
09/10/2019,23/10/2019,0.5,V ugm-3
23/10/2019,06/11/2019,0.87,V ugm-3
06/11/2019,20/11/2019,0.96,V ugm-3
20/11/2019,04/12/2019,1.25,V ugm-3
04/12/2019,18/12/2019,0.57,V ugm-3
18/12/2019,31/12/2019,0.85,V ugm-3
31/12/2019,15/01/2020,0.63,V ugm-3
Data for year 2020,,,
Multi-day data,,,
Middlesbrough,,,
Start Date,End Date,BENZENE,Status / units
15/01/2020,29/01/2020,0.65,V ugm-3
29/01/2020,12/02/2020,0.58,V ugm-3
12/02/2020,26/02/2020,0.45,V ugm-3
26/02/2020,11/03/2020,0.57,V ugm-3
11/03/2020,25/03/2020,0.53,V ugm-3
25/03/2020,08/04/2020,0.66,V ugm-3
08/04/2020,22/04/2020,0.69,V ugm-3
22/04/2020,06/05/2020,0.52,V ugm-3
06/05/2020,20/05/2020,0.4,V ugm-3
20/05/2020,03/06/2020,0.72,V ugm-3
03/06/2020,17/06/2020,0.34,V ugm-3
17/06/2020,01/07/2020,0.28,V ugm-3
01/07/2020,15/07/2020,0.26,V ugm-3
15/07/2020,29/07/2020,0.27,V ugm-3
29/07/2020,12/08/2020,0.47,V ugm-3
12/08/2020,26/08/2020,0.34,V ugm-3
26/08/2020,07/10/2020,0.36,V ugm-3
07/10/2020,21/10/2020,0.81,V ugm-3
21/10/2020,04/11/2020,0.39,V ugm-3
04/11/2020,18/11/2020,0.94,V ugm-3
18/11/2020,02/12/2020,1,V ugm-3
02/12/2020,16/12/2020,0.89,V ugm-3
16/12/2020,30/12/2020,0.75,V ugm-3
30/12/2020,13/01/2021,1.32,V ugm-3
Data for year 2021,,,
Multi-day data,,,
Middlesbrough,,,
Start Date,End Date,BENZENE,Status / units
13/01/2021,27/01/2021,0.92,V ugm-3
27/01/2021,10/02/2021,0.97,V ugm-3
10/02/2021,24/02/2021,0.65,V ugm-3
24/02/2021,10/03/2021,1.15,V ugm-3
10/03/2021,24/03/2021,0.63,V ugm-3
24/03/2021,07/04/2021,0.58,V ugm-3
07/04/2021,21/04/2021,0.88,V ugm-3
21/04/2021,05/05/2021,0.47,V ugm-3
05/05/2021,19/05/2021,0.45,V ugm-3
19/05/2021,02/06/2021,0.88,V ugm-3
02/06/2021,16/06/2021,0.23,V ugm-3
16/06/2021,01/07/2021,0.49,V ugm-3
01/07/2021,14/07/2021,0.49,V ugm-3
14/07/2021,28/07/2021,0.5,V ugm-3
28/07/2021,11/08/2021,0.26,V ugm-3
11/08/2021,25/08/2021,0.4,V ugm-3
25/08/2021,08/09/2021,0.64,V ugm-3
08/09/2021,22/09/2021,0.73,V ugm-3
22/09/2021,06/10/2021,0.19,V ugm-3
06/10/2021,20/10/2021,0.29,V ugm-3
20/10/2021,03/11/2021,0.27,V ugm-3
03/11/2021,17/11/2021,0.41,V ugm-3
17/11/2021,01/12/2021,0.37,V ugm-3
01/12/2021,15/12/2021,0.44,V ugm-3
15/12/2021,29/12/2021,0.81,V ugm-3
29/12/2021,12/01/2022,0.5,V ugm-3
Data for year 2022,,,
Multi-day data,,,
Middlesbrough,,,
Start Date,End Date,BENZENE,Status / units
12/01/2022,28/01/2022,0.7,V ugm-3
28/01/2022,09/02/2022,0.36,V ugm-3
09/02/2022,23/02/2022,0.46,V ugm-3
23/02/2022,09/03/2022,0.83,V ugm-3
09/03/2022,23/03/2022,0.67,V ugm-3
23/03/2022,06/04/2022,1.67,V ugm-3
06/04/2022,20/04/2022,0.9,V ugm-3
20/04/2022,04/05/2022,0.58,V ugm-3
04/05/2022,18/05/2022,0.26,V ugm-3
18/05/2022,01/06/2022,0.14,V ugm-3
01/06/2022,15/06/2022,0.25,V ugm-3
15/06/2022,29/06/2022,0.32,V ugm-3
29/06/2022,13/07/2022,0.21,V ugm-3
13/07/2022,27/07/2022,0.34,V ugm-3
27/07/2022,10/08/2022,0.24,V ugm-3
10/08/2022,24/08/2022,0.91,V ugm-3
24/08/2022,07/09/2022,0.58,V ugm-3
07/09/2022,21/09/2022,0.99,V ugm-3
21/09/2022,05/10/2022,0.38,V ugm-3
05/10/2022,19/10/2022,0.36,V ugm-3
19/10/2022,02/11/2022,0.54,V ugm-3
02/11/2022,16/11/2022,0.7,V ugm-3
16/11/2022,30/11/2022,0.81,V ugm-3
30/11/2022,14/12/2022,1.03,V ugm-3
14/12/2022,28/12/2022,0.74,V ugm-3
28/12/2022,11/01/2023,0.47,V ugm-3
Data for year 2023,,,
Multi-day data,,,
Middlesbrough,,,
Start Date,End Date,BENZENE,Status / units
11/01/2023,25/01/2023,0.65,V ugm-3
25/01/2023,08/02/2023,0.71,V ugm-3
08/02/2023,22/02/2023,0.59,V ugm-3
22/02/2023,08/03/2023,1.09,V ugm-3
08/03/2023,22/03/2023,0.66,V ugm-3
22/03/2023,05/04/2023,0.64,V ugm-3
05/04/2023,19/04/2023,0.62,V ugm-3
19/04/2023,03/05/2023,0.79,V ugm-3
03/05/2023,17/05/2023,0.67,V ugm-3
17/05/2023,31/05/2023,0.63,V ugm-3
31/05/2023,14/06/2023,1.01,V ugm-3
14/06/2023,28/06/2023,0.64,V ugm-3
28/06/2023,12/07/2023,0.3,V ugm-3
12/07/2023,26/07/2023,0.42,V ugm-3
26/07/2023,09/08/2023,0.53,V ugm-3
09/08/2023,23/08/2023,0.58,V ugm-3
23/08/2023,05/09/2023,0.42,V ugm-3
05/09/2023,20/09/2023,0.76,V ugm-3
20/09/2023,03/10/2023,0.4,V ugm-3
03/10/2023,18/10/2023,0.48,V ugm-3
18/10/2023,31/10/2023,0.77,V ugm-3
31/10/2023,14/11/2023,0.68,V ugm-3
14/11/2023,29/11/2023,0.79,V ugm-3
29/11/2023,12/12/2023,1.1,V ugm-3
12/12/2023,27/12/2023,0.64,V ugm-3
27/12/2023,10/01/2024,0.93,V ugm-3
Data for year 2024,,,
Multi-day data,,,
Middlesbrough,,,
Start Date,End Date,BENZENE,Status / units
10/01/2024,24/01/2024,0.7,V ugm-3
24/01/2024,06/02/2024,0.43,V ugm-3
06/02/2024,21/02/2024,0.83,V ugm-3
21/02/2024,06/03/2024,0.99,V ugm-3
06/03/2024,19/03/2024,0.76,V ugm-3
19/03/2024,02/04/2024,,
02/04/2024,17/04/2024,0.45,V ugm-3
17/04/2024,30/04/2024,0.78,V ugm-3
30/04/2024,15/05/2024,0.59,V ugm-3
15/05/2024,28/05/2024,0.49,V ugm-3
28/05/2024,11/06/2024,0.17,V ugm-3
11/06/2024,25/06/2024,,
25/06/2024,04/07/2024,0.31,V ugm-3
04/07/2024,23/07/2024,0.42,V ugm-3
23/07/2024,07/08/2024,0.33,V ugm-3
07/08/2024,20/08/2024,0.25,V ugm-3
20/08/2024,03/09/2024,0.46,V ugm-3
03/09/2024,17/09/2024,0.72,V ugm-3
17/09/2024,01/10/2024,0.76,V ugm-3
01/10/2024,16/10/2024,0.6,V ugm-3
16/10/2024,29/10/2024,0.47,V ugm-3
29/10/2024,12/11/2024,0.49,V ugm-3
12/11/2024,26/11/2024,0.65,V ugm-3
26/11/2024,27/12/2024,0.55,V ugm-3
27/12/2024,08/01/2025,0.64,V ugm-3
Data for year 2025,,,
Multi-day data,,,
Middlesbrough,,,
Start Date,End Date,BENZENE,Status / units
08/01/2025,21/01/2025,1,V ugm-3
21/01/2025,04/02/2025,0.66,V ugm-3
04/02/2025,18/02/2025,0.87,V ugm-3
18/02/2025,05/03/2025,0.45,V ugm-3
05/03/2025,18/03/2025,1.15,V ugm-3
18/03/2025,02/04/2025,0.94,V ugm-3
02/04/2025,15/04/2025,0.65,V ugm-3
15/04/2025,29/04/2025,0.45,V ugm-3
29/04/2025,13/05/2025,0.74,V ugm-3
13/05/2025,27/05/2025,0.4,V ugm-3
27/05/2025,10/06/2025,0.2,V ugm-3
10/06/2025,26/06/2025,0.34,V ugm-3
26/06/2025,08/07/2025,0.29,V ugm-3
08/07/2025,22/07/2025,0.88,V ugm-3
22/07/2025,05/08/2025,0.7,V ugm-3
05/08/2025,19/08/2025,0.74,V ugm-3
19/08/2025,02/09/2025,0.42,V ugm-3
02/09/2025,16/09/2025,0.19,V ugm-3
16/09/2025,30/09/2025,0.69,V ugm-3
30/09/2025,14/10/2025,0.49,V ugm-3
14/10/2025,28/10/2025,0.51,V ugm-3
28/10/2025,11/11/2025,,
11/11/2025,25/11/2025,0.54,V ugm-3
25/11/2025,09/12/2025,0.45,V ugm-3
09/12/2025,22/12/2025,0.55,V ugm-3
22/12/2025,06/01/2026,0.57,V ugm-3
Data for year 2002,,,
Multi-day data,,,
Newcastle Centre,,,
Start Date,End Date,BENZENE,Status / units
19/02/2002,05/03/2002,1.01,V ugm-3
05/03/2002,19/03/2002,1.07,V ugm-3
19/03/2002,02/04/2002,1.24,V ugm-3
02/04/2002,16/04/2002,1.2,V ugm-3
16/04/2002,30/04/2002,0.94,V ugm-3
30/04/2002,14/05/2002,0.68,V ugm-3
14/05/2002,28/05/2002,0.59,V ugm-3
28/05/2002,11/06/2002,0.72,V ugm-3
11/06/2002,25/06/2002,0.59,V ugm-3
25/06/2002,09/07/2002,0.55,V ugm-3
09/07/2002,23/07/2002,0.52,V ugm-3
23/07/2002,06/08/2002,0.65,V ugm-3
06/08/2002,20/08/2002,0.78,V ugm-3
20/08/2002,17/09/2002,1.14,V ugm-3
17/09/2002,01/10/2002,1.27,V ugm-3
01/10/2002,15/10/2002,1.24,V ugm-3
15/10/2002,30/10/2002,1.14,V ugm-3
30/10/2002,12/11/2002,1.5,V ugm-3
12/11/2002,26/11/2002,1.69,V ugm-3
26/11/2002,10/12/2002,1.76,V ugm-3
10/12/2002,24/12/2002,2.34,V ugm-3
24/12/2002,07/01/2003,1.37,V ugm-3
Data for year 2003,,,
Multi-day data,,,
Newcastle Centre,,,
Start Date,End Date,BENZENE,Status / units
07/01/2003,21/01/2003,1.27,V ugm-3
21/01/2003,04/02/2003,0.78,V ugm-3
04/02/2003,18/02/2003,1.82,V ugm-3
18/02/2003,04/03/2003,2.15,V ugm-3
04/03/2003,18/03/2003,1.33,V ugm-3
18/03/2003,01/04/2003,1.98,V ugm-3
01/04/2003,15/04/2003,0.98,V ugm-3
15/04/2003,29/04/2003,1.46,V ugm-3
29/04/2003,13/05/2003,0.55,V ugm-3
13/05/2003,27/05/2003,0.72,V ugm-3
27/05/2003,10/06/2003,0.88,V ugm-3
10/06/2003,24/06/2003,0.78,V ugm-3
24/06/2003,08/07/2003,0.88,V ugm-3
08/07/2003,22/07/2003,0.85,V ugm-3
22/07/2003,05/08/2003,0.72,V ugm-3
05/08/2003,19/08/2003,0.72,V ugm-3
19/08/2003,02/09/2003,0.75,V ugm-3
02/09/2003,16/09/2003,1.11,V ugm-3
16/09/2003,30/09/2003,1.17,V ugm-3
30/09/2003,14/10/2003,1.07,V ugm-3
14/10/2003,28/10/2003,1.3,V ugm-3
28/10/2003,11/11/2003,2.05,V ugm-3
11/11/2003,25/11/2003,1.82,V ugm-3
25/11/2003,09/12/2003,2.21,V ugm-3
09/12/2003,23/12/2003,2.34,V ugm-3
23/12/2003,06/01/2004,1.59,V ugm-3
Data for year 2004,,,
Multi-day data,,,
Newcastle Centre,,,
Start Date,End Date,BENZENE,Status / units
06/01/2004,20/01/2004,1.3,V ugm-3
20/01/2004,03/02/2004,1.04,V ugm-3
03/02/2004,17/02/2004,1.2,V ugm-3
17/02/2004,02/03/2004,0.94,V ugm-3
02/03/2004,16/03/2004,1.92,V ugm-3
16/03/2004,30/03/2004,1.2,V ugm-3
30/03/2004,13/04/2004,1.4,V ugm-3
13/04/2004,27/04/2004,1.3,V ugm-3
27/04/2004,11/05/2004,1.14,V ugm-3
11/05/2004,25/05/2004,0.78,V ugm-3
25/05/2004,10/06/2004,0.81,V ugm-3
10/06/2004,22/06/2004,0.62,V ugm-3
22/06/2004,06/07/2004,0.81,V ugm-3
06/07/2004,20/07/2004,0.72,V ugm-3
20/07/2004,03/08/2004,0.78,V ugm-3
03/08/2004,17/08/2004,0.91,V ugm-3
17/08/2004,31/08/2004,0.55,V ugm-3
31/08/2004,14/09/2004,1.46,V ugm-3
14/09/2004,28/09/2004,0.68,V ugm-3
28/09/2004,12/10/2004,1.27,V ugm-3
12/10/2004,26/10/2004,1.4,V ugm-3
26/10/2004,23/11/2004,0.94,V ugm-3
23/11/2004,07/12/2004,1.14,V ugm-3
07/12/2004,21/12/2004,2.37,V ugm-3
21/12/2004,06/01/2005,0.98,V ugm-3
Data for year 2005,,,
Multi-day data,,,
Newcastle Centre,,,
Start Date,End Date,BENZENE,Status / units
06/01/2005,18/01/2005,0.85,V ugm-3
18/01/2005,01/02/2005,0.85,V ugm-3
01/02/2005,15/02/2005,1.14,V ugm-3
15/02/2005,01/03/2005,1.53,V ugm-3
01/03/2005,15/03/2005,1.2,V ugm-3
15/03/2005,29/03/2005,1.79,V ugm-3
29/03/2005,12/04/2005,1.11,V ugm-3
12/04/2005,26/04/2005,0.98,V ugm-3
26/04/2005,10/05/2005,0.65,V ugm-3
10/05/2005,24/05/2005,0.52,V ugm-3
24/05/2005,07/06/2005,0.75,V ugm-3
07/06/2005,21/06/2005,0.62,V ugm-3
21/06/2005,05/07/2005,0.49,V ugm-3
05/07/2005,19/07/2005,0.85,V ugm-3
19/07/2005,02/08/2005,0.59,V ugm-3
02/08/2005,16/08/2005,0.65,V ugm-3
16/08/2005,30/08/2005,0.55,V ugm-3
30/08/2005,13/09/2005,0.91,V ugm-3
13/09/2005,27/09/2005,0.75,V ugm-3
27/09/2005,11/10/2005,1.14,V ugm-3
11/10/2005,25/10/2005,1.37,V ugm-3
25/10/2005,08/11/2005,1.24,V ugm-3
08/11/2005,22/11/2005,0.88,V ugm-3
22/11/2005,06/12/2005,0.68,V ugm-3
06/12/2005,20/12/2005,1.85,V ugm-3
20/12/2005,03/01/2006,1.5,V ugm-3
Data for year 2006,,,
Multi-day data,,,
Newcastle Centre,,,
Start Date,End Date,BENZENE,Status / units
03/01/2006,17/01/2006,2.05,V ugm-3
17/01/2006,31/01/2006,1.66,V ugm-3
31/01/2006,14/02/2006,1.24,V ugm-3
14/02/2006,28/02/2006,0.85,V ugm-3
28/02/2006,14/03/2006,1.37,V ugm-3
14/03/2006,29/03/2006,1.53,V ugm-3
29/03/2006,11/04/2006,0.78,V ugm-3
11/04/2006,25/04/2006,0.72,V ugm-3
25/04/2006,09/05/2006,0.94,V ugm-3
09/05/2006,23/05/2006,0.75,V ugm-3
23/05/2006,06/06/2006,0.36,V ugm-3
06/06/2006,20/06/2006,0.42,V ugm-3
20/06/2006,04/07/2006,0.59,V ugm-3
04/07/2006,18/07/2006,0.49,V ugm-3
18/07/2006,01/08/2006,0.52,V ugm-3
01/08/2006,15/08/2006,0.29,V ugm-3
15/08/2006,29/08/2006,0.39,V ugm-3
29/08/2006,12/09/2006,0.75,V ugm-3
12/09/2006,26/09/2006,0.88,V ugm-3
26/09/2006,10/10/2006,0.52,V ugm-3
10/10/2006,24/10/2006,1.11,V ugm-3
24/10/2006,07/11/2006,0.52,V ugm-3
07/11/2006,21/11/2006,0.42,V ugm-3
21/11/2006,05/12/2006,0.59,V ugm-3
05/12/2006,19/12/2006,0.68,V ugm-3
19/12/2006,02/01/2007,0.98,V ugm-3
Data for year 2007,,,
Multi-day data,,,
Newcastle Centre,,,
Start Date,End Date,BENZENE,Status / units
02/01/2007,16/01/2007,0.65,V ugm-3
16/01/2007,30/01/2007,0.62,V ugm-3
30/01/2007,13/02/2007,0.85,V ugm-3
13/02/2007,27/02/2007,1.04,V ugm-3
27/02/2007,13/03/2007,0.49,V ugm-3
13/03/2007,27/03/2007,0.75,V ugm-3
27/03/2007,10/04/2007,0.62,V ugm-3
10/04/2007,24/04/2007,0.39,V ugm-3
24/04/2007,08/05/2007,0.46,V ugm-3
08/05/2007,22/05/2007,0.55,V ugm-3
22/05/2007,05/06/2007,0.46,V ugm-3
05/06/2007,19/06/2007,0.52,V ugm-3
19/06/2007,02/07/2007,0.52,V ugm-3
02/07/2007,16/07/2007,0.36,V ugm-3
16/07/2007,31/07/2007,0.29,V ugm-3
31/07/2007,14/08/2007,0.46,V ugm-3
14/08/2007,28/08/2007,0.26,V ugm-3
28/08/2007,10/09/2007,0.26,V ugm-3
10/09/2007,26/09/2007,0.29,V ugm-3
26/09/2007,09/10/2007,1.01,V ugm-3
09/10/2007,23/10/2007,0.55,V ugm-3
23/10/2007,06/11/2007,1.2,V ugm-3
06/11/2007,20/11/2007,0.68,V ugm-3
20/11/2007,04/12/2007,0.49,V ugm-3
04/12/2007,18/12/2007,1.01,V ugm-3
18/12/2007,04/01/2008,0.98,V ugm-3
Data for year 2008,,,
Multi-day data,,,
Newcastle Centre,,,
Start Date,End Date,BENZENE,Status / units
04/01/2008,29/01/2008,0.62,V ugm-3
29/01/2008,12/02/2008,1.17,V ugm-3
12/02/2008,26/02/2008,0.88,V ugm-3
26/02/2008,11/03/2008,0.42,V ugm-3
11/03/2008,25/03/2008,0.46,V ugm-3
25/03/2008,08/04/2008,0.85,V ugm-3
08/04/2008,22/04/2008,0.49,V ugm-3
22/04/2008,06/05/2008,0.75,V ugm-3
06/05/2008,20/05/2008,0.46,V ugm-3
20/05/2008,03/06/2008,0.42,V ugm-3
03/06/2008,17/06/2008,0.26,V ugm-3
17/06/2008,01/07/2008,0.29,V ugm-3
01/07/2008,14/07/2008,0.33,V ugm-3
14/07/2008,29/07/2008,0.36,V ugm-3
29/07/2008,12/08/2008,0.29,V ugm-3
12/08/2008,26/08/2008,0.29,V ugm-3
26/08/2008,09/09/2008,0.29,V ugm-3
09/09/2008,23/09/2008,0.42,V ugm-3
23/09/2008,07/10/2008,0.46,V ugm-3
07/10/2008,23/10/2008,0.33,V ugm-3
23/10/2008,04/11/2008,0.49,V ugm-3
04/11/2008,19/11/2008,0.46,V ugm-3
19/11/2008,02/12/2008,0.65,V ugm-3
02/12/2008,17/12/2008,0.65,V ugm-3
17/12/2008,30/12/2008,0.59,V ugm-3
30/12/2008,14/01/2009,0.75,V ugm-3
Data for year 2009,,,
Multi-day data,,,
Newcastle Centre,,,
Start Date,End Date,BENZENE,Status / units
14/01/2009,28/01/2009,0.62,V ugm-3
28/01/2009,11/02/2009,0.88,V ugm-3
11/02/2009,25/02/2009,0.46,V ugm-3
25/02/2009,10/03/2009,0.55,V ugm-3
10/03/2009,25/03/2009,0.52,V ugm-3
25/03/2009,07/04/2009,0.52,V ugm-3
07/04/2009,22/04/2009,0.55,V ugm-3
22/04/2009,06/05/2009,0.52,V ugm-3
06/05/2009,19/05/2009,0.36,V ugm-3
19/05/2009,02/06/2009,0.36,V ugm-3
02/06/2009,17/06/2009,0.33,V ugm-3
17/06/2009,30/06/2009,0.26,V ugm-3
30/06/2009,14/07/2009,0.55,V ugm-3
14/07/2009,28/07/2009,0.59,V ugm-3
28/07/2009,12/08/2009,0.59,V ugm-3
08/09/2009,23/09/2009,0.94,V ugm-3
23/09/2009,06/10/2009,0.49,V ugm-3
06/10/2009,20/10/2009,0.55,V ugm-3
20/10/2009,04/11/2009,0.72,V ugm-3
04/11/2009,17/11/2009,0.85,V ugm-3
17/11/2009,02/12/2009,0.49,V ugm-3
02/12/2009,17/12/2009,0.75,V ugm-3
17/12/2009,29/12/2009,0.81,V ugm-3
29/12/2009,13/01/2010,0.75,V ugm-3
Data for year 2010,,,
Multi-day data,,,
Newcastle Centre,,,
Start Date,End Date,BENZENE,Status / units
13/01/2010,27/01/2010,1.46,V ugm-3
27/01/2010,10/02/2010,0.94,V ugm-3
10/02/2010,24/02/2010,1.5,V ugm-3
24/02/2010,10/03/2010,1.04,V ugm-3
10/03/2010,24/03/2010,0.62,V ugm-3
24/03/2010,06/04/2010,0.71,V ugm-3
06/04/2010,20/04/2010,0.58,V ugm-3
20/04/2010,05/05/2010,0.51,V ugm-3
05/05/2010,18/05/2010,0.45,V ugm-3
18/05/2010,02/06/2010,0.38,V ugm-3
02/06/2010,29/06/2010,0.34,V ugm-3
02/07/2010,27/07/2010,0.29,V ugm-3
27/07/2010,10/08/2010,0.26,V ugm-3
10/08/2010,24/08/2010,0.15,V ugm-3
24/08/2010,07/09/2010,0.35,V ugm-3
07/09/2010,21/09/2010,0.3,V ugm-3
21/09/2010,04/10/2010,0.34,V ugm-3
04/10/2010,21/10/2010,0.45,V ugm-3
21/10/2010,02/11/2010,0.38,V ugm-3
02/11/2010,17/11/2010,0.7,V ugm-3
17/11/2010,06/12/2010,0.61,V ugm-3
06/12/2010,16/12/2010,0.56,V ugm-3
16/12/2010,30/12/2010,1,V ugm-3
30/12/2010,11/01/2011,0.64,V ugm-3
Data for year 2011,,,
Multi-day data,,,
Newcastle Centre,,,
Start Date,End Date,BENZENE,Status / units
11/01/2011,25/01/2011,0.62,V ugm-3
25/01/2011,08/02/2011,0.56,V ugm-3
08/02/2011,22/02/2011,1.23,V ugm-3
22/02/2011,09/03/2011,0.69,V ugm-3
09/03/2011,22/03/2011,0.74,V ugm-3
22/03/2011,05/04/2011,0.46,V ugm-3
05/04/2011,19/04/2011,0.52,V ugm-3
19/04/2011,03/05/2011,0.58,V ugm-3
03/05/2011,17/05/2011,0.37,V ugm-3
17/05/2011,01/06/2011,0.22,V ugm-3
01/06/2011,14/06/2011,0.21,V ugm-3
14/06/2011,28/06/2011,0.24,V ugm-3
28/06/2011,12/07/2011,0.23,V ugm-3
12/07/2011,26/07/2011,0.2,V ugm-3
26/07/2011,10/08/2011,0.25,V ugm-3
10/08/2011,23/08/2011,0.28,V ugm-3
23/08/2011,20/09/2011,0.3,V ugm-3
20/09/2011,05/10/2011,0.44,V ugm-3
05/10/2011,17/10/2011,0.31,V ugm-3
17/10/2011,02/11/2011,0.47,V ugm-3
02/11/2011,17/11/2011,1.1,V ugm-3
17/11/2011,01/12/2011,0.42,V ugm-3
01/12/2011,14/12/2011,0.56,V ugm-3
28/12/2011,11/01/2012,0.46,V ugm-3
Data for year 2012,,,
Multi-day data,,,
Newcastle Centre,,,
Start Date,End Date,BENZENE,Status / units
11/01/2012,25/01/2012,0.87,V ugm-3
25/01/2012,08/02/2012,0.93,V ugm-3
23/02/2012,08/03/2012,0.54,V ugm-3
08/03/2012,21/03/2012,0.45,V ugm-3
21/03/2012,04/04/2012,0.79,V ugm-3
04/04/2012,19/04/2012,0.4,V ugm-3
19/04/2012,02/05/2012,0.48,V ugm-3
02/05/2012,16/05/2012,0.33,V ugm-3
16/05/2012,30/05/2012,0.38,V ugm-3
30/05/2012,13/06/2012,0.35,V ugm-3
13/06/2012,27/06/2012,0.3,V ugm-3
27/06/2012,11/07/2012,0.31,V ugm-3
11/07/2012,25/07/2012,0.33,V ugm-3
25/07/2012,06/08/2012,0.34,V ugm-3
06/08/2012,22/08/2012,0.4,V ugm-3
22/08/2012,05/09/2012,0.32,V ugm-3
05/09/2012,19/09/2012,0.22,V ugm-3
19/09/2012,03/10/2012,0.37,V ugm-3
03/10/2012,17/10/2012,0.52,V ugm-3
17/10/2012,31/10/2012,0.45,V ugm-3
31/10/2012,14/11/2012,0.71,V ugm-3
14/11/2012,28/11/2012,0.74,V ugm-3
28/11/2012,13/12/2012,0.73,V ugm-3
13/12/2012,27/12/2012,1.09,V ugm-3
27/12/2012,09/01/2013,0.41,V ugm-3
Data for year 2013,,,
Multi-day data,,,
Newcastle Centre,,,
Start Date,End Date,BENZENE,Status / units
09/01/2013,23/01/2013,1.27,V ugm-3
23/01/2013,06/02/2013,0.78,V ugm-3
06/02/2013,20/02/2013,1.3,V ugm-3
20/02/2013,06/03/2013,0.63,V ugm-3
06/03/2013,20/03/2013,0.83,V ugm-3
20/03/2013,02/04/2013,0.67,V ugm-3
02/04/2013,17/04/2013,0.64,V ugm-3
17/04/2013,01/05/2013,0.5,V ugm-3
01/05/2013,15/05/2013,0.45,V ugm-3
15/05/2013,29/05/2013,0.49,V ugm-3
29/05/2013,12/06/2013,0.65,V ugm-3
12/06/2013,27/06/2013,0.43,V ugm-3
27/06/2013,10/07/2013,0.46,V ugm-3
10/07/2013,24/07/2013,0.65,V ugm-3
24/07/2013,07/08/2013,0.7,V ugm-3
07/08/2013,21/08/2013,0.49,V ugm-3
21/08/2013,04/09/2013,0.66,V ugm-3
04/09/2013,18/09/2013,0.46,V ugm-3
18/09/2013,02/10/2013,0.97,V ugm-3
02/10/2013,16/10/2013,0.46,V ugm-3
16/10/2013,30/10/2013,0.53,V ugm-3
30/10/2013,13/11/2013,0.92,V ugm-3
13/11/2013,27/11/2013,0.56,V ugm-3
27/11/2013,11/12/2013,0.55,V ugm-3
11/12/2013,23/12/2013,0.59,V ugm-3
23/12/2013,10/01/2014,0.27,V ugm-3
Data for year 2014,,,
Multi-day data,,,
Newcastle Centre,,,
Start Date,End Date,BENZENE,Status / units
15/01/2014,22/01/2014,1.6,V ugm-3
22/01/2014,05/02/2014,0.73,V ugm-3
19/02/2014,05/03/2014,0.77,V ugm-3
05/03/2014,19/03/2014,0.72,V ugm-3
19/03/2014,02/04/2014,0.58,V ugm-3
02/04/2014,16/04/2014,0.51,V ugm-3
16/04/2014,30/04/2014,0.59,V ugm-3
30/04/2014,14/05/2014,,
14/05/2014,29/05/2014,0.57,V ugm-3
29/05/2014,11/06/2014,0.53,V ugm-3
11/06/2014,25/06/2014,0.29,V ugm-3
25/06/2014,09/07/2014,0.3,V ugm-3
09/07/2014,23/07/2014,0.48,V ugm-3
23/07/2014,30/07/2014,0.53,V ugm-3
08/10/2014,16/10/2014,0.62,V ugm-3
16/10/2014,29/10/2014,0.44,V ugm-3
29/10/2014,13/11/2014,0.92,V ugm-3
13/11/2014,26/11/2014,1.32,V ugm-3
26/11/2014,10/12/2014,1.16,V ugm-3
10/12/2014,24/12/2014,0.41,V ugm-3
24/12/2014,07/01/2015,0.9,V ugm-3
Data for year 2015,,,
Multi-day data,,,
Newcastle Centre,,,
Start Date,End Date,BENZENE,Status / units
07/01/2015,22/01/2015,0.71,V ugm-3
22/01/2015,04/02/2015,0.64,V ugm-3
04/02/2015,04/03/2015,0.69,V ugm-3
04/03/2015,18/03/2015,0.73,V ugm-3
18/03/2015,01/04/2015,0.69,V ugm-3
01/04/2015,15/04/2015,0.51,V ugm-3
15/04/2015,29/04/2015,0.44,V ugm-3
29/04/2015,13/05/2015,0.4,V ugm-3
13/05/2015,27/05/2015,0.3,V ugm-3
27/05/2015,10/06/2015,0.3,V ugm-3
10/06/2015,24/06/2015,0.36,V ugm-3
24/06/2015,08/07/2015,0.36,V ugm-3
08/07/2015,22/07/2015,0.31,V ugm-3
22/07/2015,05/08/2015,0.32,V ugm-3
05/08/2015,19/08/2015,0.41,V ugm-3
19/08/2015,02/09/2015,0.48,V ugm-3
02/09/2015,16/09/2015,0.54,V ugm-3
16/09/2015,30/09/2015,0.71,V ugm-3
30/09/2015,15/10/2015,1,V ugm-3
15/10/2015,28/10/2015,0.63,V ugm-3
28/10/2015,11/11/2015,1.09,V ugm-3
11/11/2015,25/11/2015,0.51,V ugm-3
25/11/2015,09/12/2015,0.55,V ugm-3
09/12/2015,23/12/2015,0.73,V ugm-3
23/12/2015,06/01/2016,0.84,V ugm-3
Data for year 2016,,,
Multi-day data,,,
Newcastle Centre,,,
Start Date,End Date,BENZENE,Status / units
06/01/2016,20/01/2016,0.92,V ugm-3
20/01/2016,03/02/2016,1.12,V ugm-3
03/02/2016,17/02/2016,0.68,V ugm-3
17/02/2016,02/03/2016,0.76,V ugm-3
02/03/2016,16/03/2016,0.76,V ugm-3
16/03/2016,30/03/2016,0.4,V ugm-3
30/03/2016,13/04/2016,0.25,V ugm-3
13/04/2016,27/04/2016,0.35,V ugm-3
27/04/2016,11/05/2016,0.44,V ugm-3
11/05/2016,25/05/2016,0.24,V ugm-3
25/05/2016,08/06/2016,0.39,V ugm-3
08/06/2016,22/06/2016,0.24,V ugm-3
22/06/2016,06/07/2016,0.18,V ugm-3
06/07/2016,20/07/2016,0.24,V ugm-3
20/07/2016,03/08/2016,0.24,V ugm-3
03/08/2016,17/08/2016,0.19,V ugm-3
17/08/2016,31/08/2016,0.27,V ugm-3
31/08/2016,14/09/2016,,
14/09/2016,28/09/2016,0.33,V ugm-3
28/09/2016,12/10/2016,0.27,V ugm-3
12/10/2016,25/10/2016,0.55,V ugm-3
25/10/2016,09/11/2016,0.5,V ugm-3
09/11/2016,23/11/2016,0.69,V ugm-3
23/11/2016,07/12/2016,0.92,V ugm-3
07/12/2016,19/12/2016,0.62,V ugm-3
19/12/2016,04/01/2017,0.5,V ugm-3
Data for year 2017,,,
Multi-day data,,,
Newcastle Centre,,,
Start Date,End Date,BENZENE,Status / units
04/01/2017,18/01/2017,0.52,V ugm-3
18/01/2017,02/02/2017,0.84,V ugm-3
02/02/2017,15/02/2017,0.96,V ugm-3
15/02/2017,01/03/2017,0.58,V ugm-3
01/03/2017,15/03/2017,0.66,V ugm-3
15/03/2017,29/03/2017,0.62,V ugm-3
29/03/2017,11/04/2017,0.45,V ugm-3
11/04/2017,26/04/2017,0.29,V ugm-3
26/04/2017,10/05/2017,0.24,V ugm-3
10/05/2017,24/05/2017,0.3,V ugm-3
24/05/2017,07/06/2017,0.19,V ugm-3
07/06/2017,22/06/2017,0.19,V ugm-3
22/06/2017,05/07/2017,0.17,V ugm-3
05/07/2017,19/07/2017,0.23,V ugm-3
19/07/2017,01/08/2017,0.28,V ugm-3
01/08/2017,16/08/2017,0.19,V ugm-3
16/08/2017,29/08/2017,0.3,V ugm-3
29/08/2017,13/09/2017,0.3,V ugm-3
13/09/2017,28/09/2017,0.43,V ugm-3
28/09/2017,10/10/2017,0.31,V ugm-3
10/10/2017,24/10/2017,0.37,V ugm-3
24/10/2017,08/11/2017,0.53,V ugm-3
08/11/2017,23/11/2017,0.53,V ugm-3
23/11/2017,06/12/2017,0.34,V ugm-3
06/12/2017,20/12/2017,0.63,V ugm-3
20/12/2017,02/01/2018,0.6,V ugm-3
Data for year 2018,,,
Multi-day data,,,
Newcastle Centre,,,
Start Date,End Date,BENZENE,Status / units
02/01/2018,17/01/2018,0.78,V ugm-3
17/01/2018,01/02/2018,0.48,V ugm-3
01/02/2018,13/02/2018,0.61,V ugm-3
13/02/2018,27/02/2018,0.67,V ugm-3
27/02/2018,15/03/2018,0.95,V ugm-3
15/03/2018,29/03/2018,0.59,V ugm-3
29/03/2018,10/04/2018,0.59,V ugm-3
10/04/2018,26/04/2018,0.57,V ugm-3
26/04/2018,09/05/2018,0.31,V ugm-3
09/05/2018,23/05/2018,0.37,V ugm-3
23/05/2018,06/06/2018,0.32,V ugm-3
06/06/2018,20/06/2018,0.17,V ugm-3
20/06/2018,04/07/2018,0.24,V ugm-3
04/07/2018,18/07/2018,,
18/07/2018,31/07/2018,0.16,V ugm-3
31/07/2018,15/08/2018,0.17,V ugm-3
15/08/2018,28/08/2018,0.16,V ugm-3
28/08/2018,13/09/2018,0.3,V ugm-3
13/09/2018,27/09/2018,0.25,V ugm-3
27/09/2018,10/10/2018,0.26,V ugm-3
10/10/2018,23/10/2018,0.41,V ugm-3
23/10/2018,07/11/2018,0.42,V ugm-3
07/11/2018,21/11/2018,0.49,V ugm-3
21/11/2018,05/12/2018,0.78,V ugm-3
05/12/2018,19/12/2018,0.7,V ugm-3
19/12/2018,31/12/2018,0.52,V ugm-3
31/12/2018,17/01/2019,0.4,V ugm-3
Data for year 2019,,,
Multi-day data,,,
Newcastle Centre,,,
Start Date,End Date,BENZENE,Status / units
17/01/2019,30/01/2019,0.67,V ugm-3
30/01/2019,15/02/2019,0.68,V ugm-3
15/02/2019,27/02/2019,0.8,V ugm-3
27/02/2019,14/03/2019,0.51,V ugm-3
14/03/2019,28/03/2019,0.4,V ugm-3
28/03/2019,10/04/2019,0.54,V ugm-3
10/04/2019,25/04/2019,0.57,V ugm-3
25/04/2019,09/05/2019,0.3,V ugm-3
09/05/2019,22/05/2019,0.26,V ugm-3
22/05/2019,05/06/2019,0.18,V ugm-3
05/06/2019,19/06/2019,0.16,V ugm-3
19/06/2019,04/07/2019,0.17,V ugm-3
04/07/2019,17/07/2019,0.16,V ugm-3
17/07/2019,30/07/2019,0.24,V ugm-3
30/07/2019,15/08/2019,0.18,V ugm-3
15/08/2019,27/08/2019,0.34,V ugm-3
27/08/2019,11/09/2019,0.24,V ugm-3
11/09/2019,26/09/2019,0.37,V ugm-3
26/09/2019,09/10/2019,0.35,V ugm-3
09/10/2019,23/10/2019,0.35,V ugm-3
23/10/2019,07/11/2019,0.55,V ugm-3
07/11/2019,20/11/2019,0.53,V ugm-3
20/11/2019,05/12/2019,0.76,V ugm-3
05/12/2019,18/12/2019,0.6,V ugm-3
18/12/2019,30/12/2019,0.67,V ugm-3
30/12/2019,15/01/2020,0.51,V ugm-3
Data for year 2020,,,
Multi-day data,,,
Newcastle Centre,,,
Start Date,End Date,BENZENE,Status / units
15/01/2020,29/01/2020,0.46,V ugm-3
29/01/2020,13/02/2020,0.47,V ugm-3
13/02/2020,27/02/2020,0.32,V ugm-3
27/02/2020,11/03/2020,0.47,V ugm-3
11/03/2020,26/03/2020,0.47,V ugm-3
26/03/2020,08/04/2020,0.39,V ugm-3
08/04/2020,22/04/2020,0.32,V ugm-3
22/04/2020,05/05/2020,0.27,V ugm-3
05/05/2020,19/05/2020,0.2,V ugm-3
19/05/2020,02/06/2020,0.29,V ugm-3
02/06/2020,16/06/2020,0.15,V ugm-3
16/06/2020,01/07/2020,0.16,V ugm-3
01/07/2020,15/07/2020,0.15,V ugm-3
15/07/2020,28/07/2020,0.15,V ugm-3
28/07/2020,11/08/2020,0.18,V ugm-3
11/08/2020,25/08/2020,0.21,V ugm-3
25/08/2020,23/09/2020,0.28,V ugm-3
23/09/2020,08/10/2020,0.26,V ugm-3
08/10/2020,21/10/2020,0.5,V ugm-3
21/10/2020,03/11/2020,0.38,V ugm-3
03/11/2020,18/11/2020,0.63,V ugm-3
18/11/2020,02/12/2020,0.7,V ugm-3
02/12/2020,16/12/2020,0.69,V ugm-3
16/12/2020,29/12/2020,0.55,V ugm-3
29/12/2020,27/01/2021,0.63,V ugm-3
Data for year 2021,,,
Multi-day data,,,
Newcastle Centre,,,
Start Date,End Date,BENZENE,Status / units
27/01/2021,10/02/2021,0.77,V ugm-3
10/02/2021,25/02/2021,0.67,V ugm-3
25/02/2021,10/03/2021,0.71,V ugm-3
10/03/2021,24/03/2021,0.43,V ugm-3
24/03/2021,06/04/2021,0.31,V ugm-3
06/04/2021,22/04/2021,0.68,V ugm-3
22/04/2021,05/05/2021,0.33,V ugm-3
05/05/2021,18/05/2021,0.33,V ugm-3
18/05/2021,01/06/2021,0.33,V ugm-3
01/06/2021,15/06/2021,0.18,V ugm-3
15/06/2021,01/07/2021,0.21,V ugm-3
01/07/2021,13/07/2021,0.25,V ugm-3
13/07/2021,27/07/2021,0.23,V ugm-3
27/07/2021,11/08/2021,0.24,V ugm-3
11/08/2021,26/08/2021,0.24,V ugm-3
26/08/2021,08/09/2021,0.3,V ugm-3
08/09/2021,22/09/2021,0.41,V ugm-3
22/09/2021,06/10/2021,0.18,V ugm-3
06/10/2021,20/10/2021,0.23,V ugm-3
20/10/2021,03/11/2021,0.24,V ugm-3
03/11/2021,17/11/2021,0.32,V ugm-3
17/11/2021,01/12/2021,0.27,V ugm-3
01/12/2021,15/12/2021,0.4,V ugm-3
15/12/2021,29/12/2021,0.67,V ugm-3
29/12/2021,13/01/2022,0.36,V ugm-3
Data for year 2022,,,
Multi-day data,,,
Newcastle Centre,,,
Start Date,End Date,BENZENE,Status / units
13/01/2022,25/01/2022,0.63,V ugm-3
25/01/2022,09/02/2022,0.39,V ugm-3
09/02/2022,22/02/2022,0.45,V ugm-3
22/02/2022,09/03/2022,0.67,V ugm-3
09/03/2022,23/03/2022,0.64,V ugm-3
23/03/2022,06/04/2022,0.54,V ugm-3
06/04/2022,19/04/2022,0.61,V ugm-3
19/04/2022,04/05/2022,0.3,V ugm-3
04/05/2022,18/05/2022,0.18,V ugm-3
18/05/2022,31/05/2022,0.11,V ugm-3
31/05/2022,15/06/2022,0.15,V ugm-3
15/06/2022,30/06/2022,0.16,V ugm-3
30/06/2022,11/07/2022,0.11,V ugm-3
11/07/2022,25/07/2022,0.14,V ugm-3
25/07/2022,09/08/2022,0.14,V ugm-3
09/08/2022,24/08/2022,0.2,V ugm-3
24/08/2022,07/09/2022,0.24,V ugm-3
07/09/2022,21/09/2022,0.31,V ugm-3
21/09/2022,06/10/2022,0.25,V ugm-3
06/10/2022,19/10/2022,0.31,V ugm-3
19/10/2022,01/11/2022,0.34,V ugm-3
01/11/2022,16/11/2022,0.48,V ugm-3
16/11/2022,30/11/2022,0.66,V ugm-3
30/11/2022,14/12/2022,0.71,V ugm-3
14/12/2022,28/12/2022,0.58,V ugm-3
28/12/2022,12/01/2023,0.38,V ugm-3
Data for year 2023,,,
Multi-day data,,,
Newcastle Centre,,,
Start Date,End Date,BENZENE,Status / units
12/01/2023,25/01/2023,0.58,V ugm-3
25/01/2023,08/02/2023,0.47,V ugm-3
08/02/2023,22/02/2023,0.53,V ugm-3
22/02/2023,08/03/2023,0.51,V ugm-3
08/03/2023,22/03/2023,0.48,V ugm-3
22/03/2023,06/04/2023,0.43,V ugm-3
06/04/2023,19/04/2023,0.48,V ugm-3
19/04/2023,03/05/2023,0.4,V ugm-3
03/05/2023,16/05/2023,0.3,V ugm-3
16/05/2023,31/05/2023,0.32,V ugm-3
31/05/2023,13/06/2023,0.55,V ugm-3
13/06/2023,27/06/2023,0.39,V ugm-3
27/06/2023,11/07/2023,0.32,V ugm-3
11/07/2023,26/07/2023,0.23,V ugm-3
26/07/2023,09/08/2023,0.23,V ugm-3
09/08/2023,23/08/2023,0.28,V ugm-3
23/08/2023,05/09/2023,0.4,V ugm-3
05/09/2023,21/09/2023,0.4,V ugm-3
21/09/2023,03/10/2023,0.4,V ugm-3
03/10/2023,18/10/2023,0.55,V ugm-3
18/10/2023,31/10/2023,0.65,V ugm-3
31/10/2023,15/11/2023,0.54,V ugm-3
15/11/2023,28/11/2023,0.6,V ugm-3
28/11/2023,13/12/2023,0.87,V ugm-3
13/12/2023,28/12/2023,0.63,V ugm-3
28/12/2023,10/01/2024,,
Data for year 2024,,,
Multi-day data,,,
Newcastle Centre,,,
Start Date,End Date,BENZENE,Status / units
10/01/2024,24/01/2024,0.46,V ugm-3
24/01/2024,07/02/2024,0.36,V ugm-3
07/02/2024,20/02/2024,0.61,V ugm-3
20/02/2024,06/03/2024,0.71,V ugm-3
06/03/2024,20/03/2024,0.7,V ugm-3
20/03/2024,03/04/2024,0.61,V ugm-3
03/04/2024,16/04/2024,0.36,V ugm-3
16/04/2024,01/05/2024,0.4,V ugm-3
01/05/2024,14/05/2024,0.41,V ugm-3
14/05/2024,29/05/2024,0.29,V ugm-3
29/05/2024,11/06/2024,0.18,V ugm-3
11/06/2024,26/06/2024,0.26,V ugm-3
26/06/2024,10/07/2024,0.11,V ugm-3
10/07/2024,24/07/2024,0.15,V ugm-3
24/07/2024,06/08/2024,0.23,V ugm-3
06/08/2024,21/08/2024,0.26,V ugm-3
21/08/2024,04/09/2024,0.33,V ugm-3
04/09/2024,17/09/2024,0.34,V ugm-3
17/09/2024,03/10/2024,0.4,V ugm-3
03/10/2024,17/10/2024,0.48,V ugm-3
17/10/2024,29/10/2024,0.5,V ugm-3
29/10/2024,12/11/2024,0.36,V ugm-3
12/11/2024,26/11/2024,0.4,V ugm-3
26/11/2024,23/12/2024,0.37,V ugm-3
23/12/2024,09/01/2025,0.46,V ugm-3
Data for year 2025,,,
Multi-day data,,,
Newcastle Centre,,,
Start Date,End Date,BENZENE,Status / units
09/01/2025,22/01/2025,2.01,V ugm-3
22/01/2025,04/02/2025,0.51,V ugm-3
04/02/2025,18/02/2025,0.68,V ugm-3
18/02/2025,05/03/2025,0.53,V ugm-3
05/03/2025,18/03/2025,0.58,V ugm-3
18/03/2025,01/04/2025,0.45,V ugm-3
01/04/2025,15/04/2025,0.31,V ugm-3
15/04/2025,30/04/2025,0.25,V ugm-3
30/04/2025,14/05/2025,0.25,V ugm-3
14/05/2025,29/05/2025,0.11,V ugm-3
29/05/2025,11/06/2025,0.24,V ugm-3
11/06/2025,24/06/2025,0.29,V ugm-3
24/06/2025,08/07/2025,0.15,V ugm-3
08/07/2025,23/07/2025,0.3,V ugm-3
23/07/2025,05/08/2025,0.2,V ugm-3
05/08/2025,20/08/2025,0.41,V ugm-3
20/08/2025,02/09/2025,0.21,V ugm-3
02/09/2025,17/09/2025,0.2,V ugm-3
17/09/2025,01/10/2025,0.35,V ugm-3
01/10/2025,14/10/2025,0.51,V ugm-3
14/10/2025,30/10/2025,0.24,V ugm-3
30/10/2025,11/11/2025,0.6,V ugm-3
11/11/2025,26/11/2025,0.35,V ugm-3
26/11/2025,09/12/2025,0.66,V ugm-3
09/12/2025,23/12/2025,0.63,V ugm-3
23/12/2025,06/01/2026,1.05,V ugm-3
Data for year 2012,,,
Multi-day data,,,
Newport,,,
Start Date,End Date,BENZENE,Status / units
31/10/2012,14/11/2012,0.4,V ugm-3
14/11/2012,26/11/2012,0.86,V ugm-3
26/11/2012,13/12/2012,1.08,V ugm-3
13/12/2012,02/01/2013,0.57,V ugm-3
Data for year 2013,,,
Multi-day data,,,
Newport,,,
Start Date,End Date,BENZENE,Status / units
02/01/2013,16/01/2013,0.92,V ugm-3
16/01/2013,30/01/2013,1.34,V ugm-3
30/01/2013,13/02/2013,1.02,V ugm-3
13/02/2013,27/02/2013,1.42,V ugm-3
27/02/2013,12/03/2013,1.01,V ugm-3
12/03/2013,28/03/2013,0.96,V ugm-3
28/03/2013,10/04/2013,0.47,V ugm-3
10/04/2013,24/04/2013,,
24/04/2013,08/05/2013,0.68,V ugm-3
08/05/2013,22/05/2013,0.49,V ugm-3
22/05/2013,04/06/2013,,
04/06/2013,19/06/2013,0.49,V ugm-3
19/06/2013,03/07/2013,0.6,V ugm-3
03/07/2013,17/07/2013,0.76,V ugm-3
17/07/2013,31/07/2013,0.38,V ugm-3
31/07/2013,14/08/2013,0.48,V ugm-3
14/08/2013,27/08/2013,0.62,V ugm-3
27/08/2013,12/09/2013,0.74,V ugm-3
12/09/2013,24/09/2013,0.63,V ugm-3
24/09/2013,14/10/2013,0.7,V ugm-3
14/10/2013,23/10/2013,0.69,V ugm-3
23/10/2013,06/11/2013,0.52,V ugm-3
06/11/2013,20/11/2013,1.06,V ugm-3
20/11/2013,03/12/2013,0.95,V ugm-3
03/12/2013,18/12/2013,1.02,V ugm-3
18/12/2013,08/01/2014,0.52,V ugm-3
Data for year 2014,,,
Multi-day data,,,
Newport,,,
Start Date,End Date,BENZENE,Status / units
08/01/2014,15/01/2014,0.92,V ugm-3
15/01/2014,28/01/2014,0.79,V ugm-3
28/01/2014,12/02/2014,1.02,V ugm-3
12/02/2014,26/02/2014,0.81,V ugm-3
26/02/2014,12/03/2014,1,V ugm-3
12/03/2014,26/03/2014,0.66,V ugm-3
26/03/2014,09/04/2014,0.8,V ugm-3
09/04/2014,23/04/2014,0.69,V ugm-3
23/04/2014,07/05/2014,0.62,V ugm-3
07/05/2014,22/05/2014,0.47,V ugm-3
22/05/2014,03/06/2014,0.63,V ugm-3
03/06/2014,18/06/2014,0.37,V ugm-3
18/06/2014,02/07/2014,0.41,V ugm-3
02/07/2014,16/07/2014,0.36,V ugm-3
16/07/2014,29/07/2014,0.54,V ugm-3
29/07/2014,13/08/2014,0.45,V ugm-3
13/08/2014,27/08/2014,0.45,V ugm-3
27/08/2014,10/09/2014,0.69,V ugm-3
10/09/2014,24/09/2014,0.76,V ugm-3
24/09/2014,08/10/2014,0.73,V ugm-3
08/10/2014,22/10/2014,0.65,V ugm-3
22/10/2014,05/11/2014,0.72,V ugm-3
05/11/2014,19/11/2014,1.18,V ugm-3
19/11/2014,03/12/2014,1.29,V ugm-3
03/12/2014,17/12/2014,0.96,V ugm-3
17/12/2014,05/01/2015,1.04,V ugm-3
Data for year 2015,,,
Multi-day data,,,
Newport,,,
Start Date,End Date,BENZENE,Status / units
05/01/2015,14/01/2015,0.68,V ugm-3
14/01/2015,28/01/2015,0.96,V ugm-3
28/01/2015,11/02/2015,0.95,V ugm-3
11/02/2015,25/02/2015,0.8,V ugm-3
25/02/2015,11/03/2015,0.66,V ugm-3
11/03/2015,25/03/2015,1.04,V ugm-3
25/03/2015,08/04/2015,0.55,V ugm-3
08/04/2015,21/04/2015,0.72,V ugm-3
21/04/2015,05/05/2015,0.46,V ugm-3
05/05/2015,19/05/2015,0.3,V ugm-3
19/05/2015,03/06/2015,0.36,V ugm-3
03/06/2015,17/06/2015,0.36,V ugm-3
17/06/2015,30/06/2015,0.43,V ugm-3
30/06/2015,15/07/2015,0.46,V ugm-3
15/07/2015,28/07/2015,0.43,V ugm-3
28/07/2015,12/08/2015,0.46,V ugm-3
12/08/2015,26/08/2015,0.52,V ugm-3
26/08/2015,09/09/2015,0.49,V ugm-3
09/09/2015,23/09/2015,0.54,V ugm-3
23/09/2015,07/10/2015,0.58,V ugm-3
07/10/2015,21/10/2015,0.87,V ugm-3
21/10/2015,04/11/2015,0.77,V ugm-3
04/11/2015,18/11/2015,0.5,V ugm-3
18/11/2015,02/12/2015,0.82,V ugm-3
02/12/2015,16/12/2015,0.74,V ugm-3
16/12/2015,04/01/2016,0.59,V ugm-3
Data for year 2016,,,
Multi-day data,,,
Newport,,,
Start Date,End Date,BENZENE,Status / units
04/01/2016,13/01/2016,0.85,V ugm-3
13/01/2016,27/01/2016,1.06,V ugm-3
27/01/2016,10/02/2016,0.55,V ugm-3
10/02/2016,24/02/2016,0.79,V ugm-3
24/02/2016,09/03/2016,0.72,V ugm-3
09/03/2016,23/03/2016,0.71,V ugm-3
23/03/2016,06/04/2016,0.58,V ugm-3
06/04/2016,20/04/2016,0.55,V ugm-3
20/04/2016,04/05/2016,0.45,V ugm-3
04/05/2016,18/05/2016,0.55,V ugm-3
18/05/2016,01/06/2016,0.29,V ugm-3
01/06/2016,15/06/2016,0.48,V ugm-3
15/06/2016,29/06/2016,0.33,V ugm-3
29/06/2016,13/07/2016,0.28,V ugm-3
13/07/2016,26/07/2016,,
26/07/2016,10/08/2016,0.17,V ugm-3
10/08/2016,23/08/2016,0.32,V ugm-3
23/08/2016,07/09/2016,0.47,V ugm-3
07/09/2016,15/09/2016,,
15/09/2016,29/09/2016,0.35,V ugm-3
29/09/2016,12/10/2016,0.4,V ugm-3
12/10/2016,26/10/2016,0.64,V ugm-3
26/10/2016,09/11/2016,0.76,V ugm-3
09/11/2016,23/11/2016,0.66,V ugm-3
23/11/2016,07/12/2016,0.98,V ugm-3
07/12/2016,20/12/2016,1.04,V ugm-3
20/12/2016,04/01/2017,0.99,V ugm-3
Data for year 2017,,,
Multi-day data,,,
Newport,,,
Start Date,End Date,BENZENE,Status / units
04/01/2017,18/01/2017,0.83,V ugm-3
18/01/2017,01/02/2017,1.38,V ugm-3
01/02/2017,15/02/2017,1.21,V ugm-3
15/02/2017,01/03/2017,0.79,V ugm-3
01/03/2017,15/03/2017,1.01,V ugm-3
15/03/2017,29/03/2017,0.73,V ugm-3
29/03/2017,12/04/2017,0.77,V ugm-3
12/04/2017,26/04/2017,0.42,V ugm-3
26/04/2017,10/05/2017,0.36,V ugm-3
10/05/2017,24/05/2017,0.47,V ugm-3
24/05/2017,07/06/2017,0.28,V ugm-3
07/06/2017,21/06/2017,0.37,V ugm-3
21/06/2017,05/07/2017,0.33,V ugm-3
05/07/2017,19/07/2017,0.36,V ugm-3
19/07/2017,02/08/2017,0.31,V ugm-3
02/08/2017,17/08/2017,0.26,V ugm-3
Data for year 2018,,,
Multi-day data,,,
Newport,,,
Start Date,End Date,BENZENE,Status / units
09/05/2018,23/05/2018,0.47,V ugm-3
23/05/2018,06/06/2018,0.38,V ugm-3
06/06/2018,20/06/2018,0.24,V ugm-3
20/06/2018,04/07/2018,0.23,V ugm-3
04/07/2018,18/07/2018,0.28,V ugm-3
18/07/2018,01/08/2018,0.29,V ugm-3
01/08/2018,15/08/2018,0.29,V ugm-3
15/08/2018,29/08/2018,0.23,V ugm-3
29/08/2018,12/09/2018,0.43,V ugm-3
12/09/2018,26/09/2018,0.4,V ugm-3
26/09/2018,10/10/2018,0.46,V ugm-3
10/10/2018,24/10/2018,0.55,V ugm-3
24/10/2018,07/11/2018,0.75,V ugm-3
07/11/2018,21/11/2018,0.69,V ugm-3
21/11/2018,05/12/2018,0.77,V ugm-3
05/12/2018,19/12/2018,0.85,V ugm-3
19/12/2018,07/01/2019,1.01,V ugm-3
Data for year 2019,,,
Multi-day data,,,
Newport,,,
Start Date,End Date,BENZENE,Status / units
07/01/2019,16/01/2019,0.81,V ugm-3
16/01/2019,30/01/2019,1.06,V ugm-3
30/01/2019,13/02/2019,0.97,V ugm-3
13/02/2019,27/02/2019,1.1,V ugm-3
27/02/2019,13/03/2019,0.67,V ugm-3
13/03/2019,27/03/2019,0.59,V ugm-3
27/03/2019,10/04/2019,0.82,V ugm-3
10/04/2019,24/04/2019,0.85,V ugm-3
24/04/2019,08/05/2019,0.35,V ugm-3
08/05/2019,22/05/2019,0.31,V ugm-3
22/05/2019,04/06/2019,0.28,V ugm-3
04/06/2019,19/06/2019,0.23,V ugm-3
19/06/2019,03/07/2019,0.3,V ugm-3
03/07/2019,16/07/2019,0.32,V ugm-3
16/07/2019,31/07/2019,0.29,V ugm-3
31/07/2019,14/08/2019,0.25,V ugm-3
14/08/2019,28/08/2019,0.47,V ugm-3
28/08/2019,10/09/2019,0.26,V ugm-3
10/09/2019,25/09/2019,0.36,V ugm-3
25/09/2019,09/10/2019,0.37,V ugm-3
09/10/2019,23/10/2019,0.59,V ugm-3
23/10/2019,05/11/2019,0.56,V ugm-3
05/11/2019,20/11/2019,0.79,V ugm-3
20/11/2019,04/12/2019,0.93,V ugm-3
04/12/2019,18/12/2019,0.95,V ugm-3
18/12/2019,06/01/2020,0.86,V ugm-3
Data for year 2020,,,
Multi-day data,,,
Newport,,,
Start Date,End Date,BENZENE,Status / units
06/01/2020,15/01/2020,0.53,V ugm-3
15/01/2020,29/01/2020,1.03,V ugm-3
29/01/2020,12/02/2020,,
12/02/2020,25/02/2020,0.33,V ugm-3
25/02/2020,11/03/2020,0.52,V ugm-3
11/03/2020,19/03/2020,0.74,V ugm-3
03/04/2020,21/04/2020,0.57,V ugm-3
21/04/2020,06/05/2020,0.37,V ugm-3
06/05/2020,21/05/2020,0.23,V ugm-3
21/05/2020,04/06/2020,0.38,V ugm-3
04/06/2020,18/06/2020,0.21,V ugm-3
18/06/2020,01/07/2020,0.15,V ugm-3
01/07/2020,15/07/2020,0.18,V ugm-3
15/07/2020,29/07/2020,0.3,V ugm-3
29/07/2020,12/08/2020,0.35,V ugm-3
12/08/2020,26/08/2020,0.2,V ugm-3
26/08/2020,23/09/2020,0.34,V ugm-3
23/09/2020,07/10/2020,0.26,V ugm-3
07/10/2020,21/10/2020,0.98,V ugm-3
21/10/2020,04/11/2020,0.54,V ugm-3
04/11/2020,18/11/2020,0.69,V ugm-3
18/11/2020,02/12/2020,0.86,V ugm-3
02/12/2020,16/12/2020,0.78,V ugm-3
16/12/2020,13/01/2021,1.23,V ugm-3
Data for year 2021,,,
Multi-day data,,,
Newport,,,
Start Date,End Date,BENZENE,Status / units
13/01/2021,27/01/2021,1.03,V ugm-3
27/01/2021,10/02/2021,0.86,V ugm-3
10/02/2021,24/02/2021,0.71,V ugm-3
24/02/2021,10/03/2021,1,V ugm-3
10/03/2021,26/03/2021,0.65,V ugm-3
26/03/2021,07/04/2021,0.63,V ugm-3
07/04/2021,21/04/2021,0.63,V ugm-3
21/04/2021,05/05/2021,0.45,V ugm-3
05/05/2021,19/05/2021,0.32,V ugm-3
19/05/2021,02/06/2021,0.35,V ugm-3
02/06/2021,16/06/2021,0.37,V ugm-3
16/06/2021,01/07/2021,0.26,V ugm-3
01/07/2021,14/07/2021,0.28,V ugm-3
14/07/2021,28/07/2021,0.3,V ugm-3
28/07/2021,11/08/2021,0.26,V ugm-3
11/08/2021,25/08/2021,0.28,V ugm-3
25/08/2021,08/09/2021,0.41,V ugm-3
08/09/2021,22/09/2021,0.57,V ugm-3
22/09/2021,06/10/2021,0.3,V ugm-3
06/10/2021,20/10/2021,0.33,V ugm-3
20/10/2021,03/11/2021,0.43,V ugm-3
03/11/2021,17/11/2021,0.52,V ugm-3
17/11/2021,01/12/2021,0.55,V ugm-3
01/12/2021,15/12/2021,0.53,V ugm-3
15/12/2021,29/12/2021,0.72,V ugm-3
29/12/2021,12/01/2022,0.51,V ugm-3
Data for year 2022,,,
Multi-day data,,,
Newport,,,
Start Date,End Date,BENZENE,Status / units
12/01/2022,26/01/2022,1.69,V ugm-3
26/01/2022,09/02/2022,0.42,V ugm-3
09/02/2022,23/02/2022,0.56,V ugm-3
23/02/2022,09/03/2022,0.7,V ugm-3
09/03/2022,30/03/2022,0.77,V ugm-3
30/03/2022,20/04/2022,0.69,V ugm-3
20/04/2022,04/05/2022,0.42,V ugm-3
04/05/2022,18/05/2022,0.19,V ugm-3
18/05/2022,01/06/2022,0.19,V ugm-3
01/06/2022,15/06/2022,0.22,V ugm-3
15/06/2022,29/06/2022,0.58,V ugm-3
29/06/2022,13/07/2022,0.2,V ugm-3
13/07/2022,27/07/2022,0.25,V ugm-3
27/07/2022,10/08/2022,0.27,V ugm-3
10/08/2022,24/08/2022,0.25,V ugm-3
24/08/2022,07/09/2022,0.23,V ugm-3
07/09/2022,21/09/2022,0.47,V ugm-3
21/09/2022,05/10/2022,0.27,V ugm-3
05/10/2022,19/10/2022,0.54,V ugm-3
19/10/2022,02/11/2022,0.39,V ugm-3
02/11/2022,16/11/2022,0.68,V ugm-3
16/11/2022,30/11/2022,0.67,V ugm-3
30/11/2022,14/12/2022,0.93,V ugm-3
14/12/2022,11/01/2023,0.56,V ugm-3
Data for year 2023,,,
Multi-day data,,,
Newport,,,
Start Date,End Date,BENZENE,Status / units
11/01/2023,25/01/2023,0.92,V ugm-3
25/01/2023,07/02/2023,0.81,V ugm-3
07/02/2023,23/02/2023,0.95,V ugm-3
23/02/2023,08/03/2023,0.67,V ugm-3
08/03/2023,22/03/2023,0.59,V ugm-3
22/03/2023,05/04/2023,0.48,V ugm-3
05/04/2023,19/04/2023,0.58,V ugm-3
19/04/2023,03/05/2023,0.47,V ugm-3
03/05/2023,17/05/2023,0.36,V ugm-3
17/05/2023,31/05/2023,0.3,V ugm-3
31/05/2023,28/06/2023,0.38,V ugm-3
28/06/2023,12/07/2023,0.36,V ugm-3
12/07/2023,26/07/2023,0.3,V ugm-3
26/07/2023,09/08/2023,0.28,V ugm-3
09/08/2023,23/08/2023,0.31,V ugm-3
23/08/2023,06/09/2023,0.4,V ugm-3
06/09/2023,20/09/2023,,
20/09/2023,04/10/2023,0.46,V ugm-3
04/10/2023,18/10/2023,0.52,V ugm-3
18/10/2023,01/11/2023,0.69,V ugm-3
01/11/2023,15/11/2023,0.55,V ugm-3
15/11/2023,29/11/2023,0.76,V ugm-3
29/11/2023,13/12/2023,0.88,V ugm-3
13/12/2023,10/01/2024,0.67,V ugm-3
Data for year 2024,,,
Multi-day data,,,
Newport,,,
Start Date,End Date,BENZENE,Status / units
10/01/2024,24/01/2024,0.84,V ugm-3
24/01/2024,07/02/2024,0.55,V ugm-3
07/02/2024,21/02/2024,0.68,V ugm-3
21/02/2024,06/03/2024,0.86,V ugm-3
06/03/2024,20/03/2024,0.81,V ugm-3
20/03/2024,08/04/2024,,
08/04/2024,17/04/2024,0.46,V ugm-3
17/04/2024,01/05/2024,0.43,V ugm-3
01/05/2024,15/05/2024,0.49,V ugm-3
15/05/2024,29/05/2024,0.46,V ugm-3
29/05/2024,12/06/2024,0.23,V ugm-3
12/06/2024,26/06/2024,0.32,V ugm-3
26/06/2024,10/07/2024,0.17,V ugm-3
10/07/2024,24/07/2024,0.19,V ugm-3
24/07/2024,08/08/2024,0.25,V ugm-3
08/08/2024,21/08/2024,0.31,V ugm-3
21/08/2024,04/09/2024,0.42,V ugm-3
04/09/2024,18/09/2024,0.49,V ugm-3
18/09/2024,02/10/2024,0.53,V ugm-3
02/10/2024,16/10/2024,0.36,V ugm-3
16/10/2024,30/10/2024,0.5,V ugm-3
30/10/2024,13/11/2024,0.59,V ugm-3
13/11/2024,27/11/2024,,
27/11/2024,23/12/2024,0.42,V ugm-3
23/12/2024,08/01/2025,0.63,V ugm-3
Data for year 2025,,,
Multi-day data,,,
Newport,,,
Start Date,End Date,BENZENE,Status / units
08/01/2025,22/01/2025,1.27,V ugm-3
22/01/2025,05/02/2025,0.67,V ugm-3
05/02/2025,19/02/2025,0.91,V ugm-3
19/02/2025,05/03/2025,,
05/03/2025,19/03/2025,0.61,V ugm-3
19/03/2025,02/04/2025,0.44,V ugm-3
02/04/2025,15/04/2025,0.41,V ugm-3
15/04/2025,30/04/2025,0.27,V ugm-3
30/04/2025,14/05/2025,0.3,V ugm-3
14/05/2025,28/05/2025,0.15,V ugm-3
28/05/2025,11/06/2025,0.21,V ugm-3
11/06/2025,25/06/2025,0.29,V ugm-3
25/06/2025,09/07/2025,0.16,V ugm-3
09/07/2025,22/07/2025,0.38,V ugm-3
22/07/2025,06/08/2025,0.24,V ugm-3
06/08/2025,20/08/2025,0.33,V ugm-3
20/08/2025,02/09/2025,0.22,V ugm-3
02/09/2025,17/09/2025,0.27,V ugm-3
17/09/2025,01/10/2025,0.47,V ugm-3
01/10/2025,15/10/2025,0.37,V ugm-3
15/10/2025,29/10/2025,0.36,V ugm-3
29/10/2025,12/11/2025,1.03,V ugm-3
12/11/2025,26/11/2025,0.55,V ugm-3
26/11/2025,10/12/2025,0.49,V ugm-3
10/12/2025,23/12/2025,0.74,V ugm-3
23/12/2025,07/01/2026,0.61,V ugm-3
Data for year 2002,,,
Multi-day data,,,
Northampton,,,
Start Date,End Date,BENZENE,Status / units
27/02/2002,13/03/2002,1.14,V ugm-3
13/03/2002,27/03/2002,1.2,V ugm-3
27/03/2002,10/04/2002,1.11,V ugm-3
10/04/2002,24/04/2002,1.24,V ugm-3
24/04/2002,08/05/2002,0.75,V ugm-3
08/05/2002,22/05/2002,0.62,V ugm-3
22/05/2002,05/06/2002,0.59,V ugm-3
05/06/2002,19/06/2002,0.52,V ugm-3
19/06/2002,03/07/2002,0.68,V ugm-3
03/07/2002,17/07/2002,0.68,V ugm-3
17/07/2002,31/07/2002,0.62,V ugm-3
31/07/2002,14/08/2002,0.81,V ugm-3
14/08/2002,28/08/2002,0.81,V ugm-3
28/08/2002,11/09/2002,0.81,V ugm-3
11/09/2002,25/09/2002,0.85,V ugm-3
25/09/2002,09/10/2002,1.24,V ugm-3
09/10/2002,23/10/2002,1.3,V ugm-3
23/10/2002,06/11/2002,1.14,V ugm-3
06/11/2002,20/11/2002,1.56,V ugm-3
20/11/2002,05/12/2002,1.04,V ugm-3
05/12/2002,18/12/2002,2.34,V ugm-3
18/12/2002,02/01/2003,1.59,V ugm-3
Data for year 2003,,,
Multi-day data,,,
Northampton,,,
Start Date,End Date,BENZENE,Status / units
02/01/2003,16/01/2003,1.72,V ugm-3
16/01/2003,30/01/2003,1.17,V ugm-3
30/01/2003,13/02/2003,1.11,V ugm-3
13/02/2003,27/02/2003,2.21,V ugm-3
27/02/2003,13/03/2003,1.2,V ugm-3
13/03/2003,27/03/2003,1.43,V ugm-3
27/03/2003,10/04/2003,2.28,V ugm-3
10/04/2003,24/04/2003,1.11,V ugm-3
24/04/2003,08/05/2003,0.91,V ugm-3
08/05/2003,22/05/2003,0.59,V ugm-3
22/05/2003,05/06/2003,0.68,V ugm-3
05/06/2003,19/06/2003,0.65,V ugm-3
19/06/2003,17/07/2003,0.78,V ugm-3
17/07/2003,31/07/2003,0.46,V ugm-3
31/07/2003,14/08/2003,0.68,V ugm-3
14/08/2003,28/08/2003,0.65,V ugm-3
28/08/2003,11/09/2003,0.98,V ugm-3
11/09/2003,25/09/2003,1.17,V ugm-3
25/09/2003,09/10/2003,1.04,V ugm-3
09/10/2003,23/10/2003,1.07,V ugm-3
23/10/2003,06/11/2003,1.82,V ugm-3
06/11/2003,20/11/2003,1.98,V ugm-3
20/11/2003,04/12/2003,2.08,V ugm-3
04/12/2003,18/12/2003,2.15,V ugm-3
18/12/2003,31/12/2003,2.08,V ugm-3
31/12/2003,15/01/2004,1.37,V ugm-3
Data for year 2004,,,
Multi-day data,,,
Northampton,,,
Start Date,End Date,BENZENE,Status / units
15/01/2004,29/01/2004,1.07,V ugm-3
29/01/2004,12/02/2004,0.88,V ugm-3
12/02/2004,26/02/2004,1.79,V ugm-3
26/02/2004,11/03/2004,1.98,V ugm-3
11/03/2004,25/03/2004,1.4,V ugm-3
25/03/2004,08/04/2004,1.17,V ugm-3
08/04/2004,22/04/2004,1.04,V ugm-3
22/04/2004,28/04/2004,1.07,V ugm-3
28/04/2004,06/05/2004,0.88,V ugm-3
06/05/2004,20/05/2004,1.24,V ugm-3
20/05/2004,03/06/2004,0.81,V ugm-3
03/06/2004,17/06/2004,0.62,V ugm-3
17/06/2004,01/07/2004,0.52,V ugm-3
01/07/2004,15/07/2004,0.62,V ugm-3
15/07/2004,29/07/2004,0.78,V ugm-3
29/07/2004,12/08/2004,0.55,V ugm-3
12/08/2004,26/08/2004,0.62,V ugm-3
26/08/2004,09/09/2004,0.91,V ugm-3
09/09/2004,23/09/2004,0.78,V ugm-3
23/09/2004,07/10/2004,0.98,V ugm-3
07/10/2004,21/10/2004,2.47,V ugm-3
21/10/2004,26/10/2004,2.11,V ugm-3
26/10/2004,04/11/2004,1.17,V ugm-3
04/11/2004,18/11/2004,0.68,V ugm-3
18/11/2004,02/12/2004,1.92,V ugm-3
02/12/2004,16/12/2004,1.76,V ugm-3
16/12/2004,30/12/2004,0.78,V ugm-3
30/12/2004,13/01/2005,0.98,V ugm-3
Data for year 2005,,,
Multi-day data,,,
Northampton,,,
Start Date,End Date,BENZENE,Status / units
13/01/2005,27/01/2005,1.14,V ugm-3
27/01/2005,10/02/2005,1.56,V ugm-3
10/02/2005,24/02/2005,1.5,V ugm-3
24/02/2005,10/03/2005,1.59,V ugm-3
10/03/2005,24/03/2005,0.88,V ugm-3
24/03/2005,21/04/2005,1.17,V ugm-3
21/04/2005,05/05/2005,0.78,V ugm-3
05/05/2005,19/05/2005,0.75,V ugm-3
19/05/2005,02/06/2005,0.52,V ugm-3
02/06/2005,16/06/2005,0.65,V ugm-3
16/06/2005,30/06/2005,0.78,V ugm-3
30/06/2005,14/07/2005,0.49,V ugm-3
14/07/2005,28/07/2005,0.62,V ugm-3
28/07/2005,11/08/2005,0.68,V ugm-3
11/08/2005,25/08/2005,0.75,V ugm-3
25/08/2005,08/09/2005,0.42,V ugm-3
08/09/2005,22/09/2005,0.85,V ugm-3
22/09/2005,06/10/2005,0.78,V ugm-3
06/10/2005,20/10/2005,1.24,V ugm-3
20/10/2005,03/11/2005,0.75,V ugm-3
03/11/2005,17/11/2005,1.24,V ugm-3
17/11/2005,01/12/2005,1.66,V ugm-3
01/12/2005,15/12/2005,1.37,V ugm-3
15/12/2005,29/12/2005,1.33,V ugm-3
29/12/2005,12/01/2006,1.4,V ugm-3
Data for year 2006,,,
Multi-day data,,,
Northampton,,,
Start Date,End Date,BENZENE,Status / units
12/01/2006,26/01/2006,1.2,V ugm-3
26/01/2006,09/02/2006,1.63,V ugm-3
09/02/2006,23/02/2006,1.27,V ugm-3
23/02/2006,09/03/2006,1.46,V ugm-3
09/03/2006,23/03/2006,1.01,V ugm-3
23/03/2006,06/04/2006,0.75,V ugm-3
06/04/2006,20/04/2006,0.81,V ugm-3
20/04/2006,04/05/2006,0.59,V ugm-3
04/05/2006,18/05/2006,2.37,V ugm-3
18/05/2006,01/06/2006,0.49,V ugm-3
01/06/2006,15/06/2006,0.52,V ugm-3
15/06/2006,29/06/2006,0.36,V ugm-3
29/06/2006,13/07/2006,0.62,V ugm-3
13/07/2006,27/07/2006,0.42,V ugm-3
27/07/2006,10/08/2006,0.36,V ugm-3
10/08/2006,24/08/2006,0.59,V ugm-3
24/08/2006,07/09/2006,0.23,V ugm-3
07/09/2006,21/09/2006,0.59,V ugm-3
21/09/2006,03/10/2006,0.75,P ugm-3
03/10/2006,05/10/2006,0.62,V ugm-3
05/10/2006,19/10/2006,0.91,V ugm-3
19/10/2006,02/11/2006,0.49,V ugm-3
02/11/2006,16/11/2006,0.62,V ugm-3
16/11/2006,30/11/2006,0.49,V ugm-3
30/11/2006,14/12/2006,0.55,V ugm-3
14/12/2006,28/12/2006,1.01,V ugm-3
28/12/2006,12/01/2007,1.17,V ugm-3
Data for year 2007,,,
Multi-day data,,,
Northampton,,,
Start Date,End Date,BENZENE,Status / units
12/01/2007,25/01/2007,0.75,V ugm-3
25/01/2007,09/02/2007,1.17,V ugm-3
09/02/2007,22/02/2007,0.55,V ugm-3
22/02/2007,08/03/2007,0.49,V ugm-3
08/03/2007,22/03/2007,0.72,V ugm-3
22/03/2007,05/04/2007,0.91,V ugm-3
05/04/2007,19/04/2007,1.01,V ugm-3
19/04/2007,03/05/2007,0.26,V ugm-3
03/05/2007,17/05/2007,0.23,V ugm-3
17/05/2007,31/05/2007,0.46,V ugm-3
31/05/2007,14/06/2007,0.59,V ugm-3
14/06/2007,28/06/2007,0.29,V ugm-3
28/06/2007,12/07/2007,0.29,V ugm-3
12/07/2007,26/07/2007,0.36,V ugm-3
26/07/2007,10/08/2007,0.42,V ugm-3
10/08/2007,23/08/2007,0.36,V ugm-3
23/08/2007,06/09/2007,0.46,V ugm-3
06/09/2007,20/09/2007,0.46,V ugm-3
20/09/2007,04/10/2007,0.52,V ugm-3
04/10/2007,18/10/2007,0.52,V ugm-3
18/10/2007,01/11/2007,0.78,V ugm-3
01/11/2007,15/11/2007,0.91,V ugm-3
15/11/2007,29/11/2007,1.11,V ugm-3
29/11/2007,13/12/2007,0.78,V ugm-3
13/12/2007,27/12/2007,1.07,V ugm-3
27/12/2007,10/01/2008,0.88,V ugm-3
Data for year 2008,,,
Multi-day data,,,
Northampton,,,
Start Date,End Date,BENZENE,Status / units
10/01/2008,24/01/2008,0.52,V ugm-3
24/01/2008,07/02/2008,0.94,V ugm-3
07/02/2008,21/02/2008,1.5,V ugm-3
21/02/2008,07/03/2008,0.55,V ugm-3
07/03/2008,20/03/2008,0.52,V ugm-3
20/03/2008,03/04/2008,0.42,V ugm-3
03/04/2008,17/04/2008,0.75,V ugm-3
17/04/2008,01/05/2008,0.42,V ugm-3
01/05/2008,15/05/2008,0.55,V ugm-3
15/05/2008,29/05/2008,0.59,V ugm-3
29/05/2008,12/06/2008,0.46,V ugm-3
12/06/2008,26/06/2008,0.26,V ugm-3
26/06/2008,10/07/2008,0.23,V ugm-3
10/07/2008,24/07/2008,0.26,V ugm-3
24/07/2008,07/08/2008,0.33,V ugm-3
07/08/2008,21/08/2008,0.23,V ugm-3
21/08/2008,04/09/2008,0.39,V ugm-3
04/09/2008,18/09/2008,0.42,V ugm-3
18/09/2008,02/10/2008,0.59,V ugm-3
02/10/2008,16/10/2008,0.46,V ugm-3
16/10/2008,30/10/2008,0.49,V ugm-3
30/10/2008,13/11/2008,0.55,V ugm-3
13/11/2008,27/11/2008,0.52,V ugm-3
27/11/2008,11/12/2008,0.85,V ugm-3
11/12/2008,24/12/2008,0.62,V ugm-3
24/12/2008,08/01/2009,0.85,V ugm-3
Data for year 2009,,,
Multi-day data,,,
Northampton,,,
Start Date,End Date,BENZENE,Status / units
08/01/2009,22/01/2009,0.65,V ugm-3
22/01/2009,09/02/2009,1.11,V ugm-3
09/02/2009,19/02/2009,0.88,V ugm-3
19/02/2009,05/03/2009,0.72,V ugm-3
05/03/2009,19/03/2009,0.72,V ugm-3
19/03/2009,02/04/2009,0.49,V ugm-3
02/04/2009,16/04/2009,0.39,V ugm-3
16/04/2009,23/04/2009,0.49,V ugm-3
23/04/2009,30/04/2009,0.49,V ugm-3
30/04/2009,14/05/2009,0.36,V ugm-3
14/05/2009,28/05/2009,0.33,V ugm-3
28/05/2009,11/06/2009,0.23,V ugm-3
11/06/2009,25/06/2009,0.29,V ugm-3
25/06/2009,09/07/2009,0.36,V ugm-3
09/07/2009,23/07/2009,0.23,V ugm-3
23/07/2009,06/08/2009,0.29,V ugm-3
06/08/2009,20/08/2009,0.55,V ugm-3
20/08/2009,03/09/2009,0.39,V ugm-3
03/09/2009,17/09/2009,0.49,V ugm-3
17/09/2009,01/10/2009,0.85,V ugm-3
01/10/2009,15/10/2009,0.62,V ugm-3
15/10/2009,29/10/2009,0.65,V ugm-3
29/10/2009,12/11/2009,0.75,V ugm-3
12/11/2009,26/11/2009,0.42,V ugm-3
26/11/2009,10/12/2009,0.68,V ugm-3
10/12/2009,23/12/2009,0.91,V ugm-3
23/12/2009,06/01/2010,0.88,V ugm-3
Data for year 2010,,,
Multi-day data,,,
Northampton,,,
Start Date,End Date,BENZENE,Status / units
06/01/2010,21/01/2010,1.46,V ugm-3
21/01/2010,04/02/2010,1.04,V ugm-3
04/02/2010,18/02/2010,0.91,V ugm-3
18/02/2010,03/03/2010,0.98,V ugm-3
03/03/2010,17/03/2010,0.67,V ugm-3
17/03/2010,01/04/2010,0.41,V ugm-3
01/04/2010,15/04/2010,0.51,V ugm-3
15/04/2010,29/04/2010,0.58,V ugm-3
29/04/2010,13/05/2010,0.35,V ugm-3
13/05/2010,27/05/2010,0.38,V ugm-3
27/05/2010,08/07/2010,0.28,V ugm-3
13/07/2010,05/08/2010,0.24,V ugm-3
05/08/2010,19/08/2010,0.32,V ugm-3
19/08/2010,01/09/2010,0.28,V ugm-3
01/09/2010,16/09/2010,0.28,V ugm-3
16/09/2010,29/09/2010,0.36,V ugm-3
29/09/2010,14/10/2010,0.57,V ugm-3
14/10/2010,27/10/2010,0.37,V ugm-3
27/10/2010,11/11/2010,0.52,V ugm-3
11/11/2010,25/11/2010,0.5,V ugm-3
25/11/2010,08/12/2010,0.86,V ugm-3
08/12/2010,22/12/2010,0.82,V ugm-3
22/12/2010,06/01/2011,1.02,V ugm-3
Data for year 2011,,,
Multi-day data,,,
Northampton,,,
Start Date,End Date,BENZENE,Status / units
06/01/2011,20/01/2011,0.7,V ugm-3
20/01/2011,03/02/2011,0.69,V ugm-3
03/02/2011,17/02/2011,0.67,V ugm-3
17/02/2011,03/03/2011,1.1,V ugm-3
03/03/2011,17/03/2011,0.75,V ugm-3
17/03/2011,30/03/2011,0.76,V ugm-3
30/03/2011,13/04/2011,0.49,V ugm-3
13/04/2011,28/04/2011,0.59,V ugm-3
28/04/2011,12/05/2011,0.35,V ugm-3
12/05/2011,26/05/2011,0.28,V ugm-3
26/05/2011,08/06/2011,0.22,V ugm-3
08/06/2011,23/06/2011,0.22,V ugm-3
23/06/2011,07/07/2011,0.24,V ugm-3
07/07/2011,21/07/2011,0.23,V ugm-3
21/07/2011,04/08/2011,0.24,V ugm-3
04/08/2011,18/08/2011,0.28,V ugm-3
18/08/2011,01/09/2011,0.27,V ugm-3
01/09/2011,15/09/2011,0.22,V ugm-3
15/09/2011,29/09/2011,0.75,V ugm-3
29/09/2011,13/10/2011,0.4,V ugm-3
13/10/2011,26/10/2011,0.56,V ugm-3
26/10/2011,10/11/2011,0.97,V ugm-3
10/11/2011,24/11/2011,1.1,V ugm-3
24/11/2011,08/12/2011,0.5,V ugm-3
08/12/2011,21/12/2011,0.6,V ugm-3
21/12/2011,06/01/2012,0.44,V ugm-3
Data for year 2012,,,
Multi-day data,,,
Northampton,,,
Start Date,End Date,BENZENE,Status / units
06/01/2012,19/01/2012,0.98,V ugm-3
19/01/2012,02/02/2012,0.75,V ugm-3
02/02/2012,15/02/2012,1.01,V ugm-3
15/02/2012,01/03/2012,0.55,V ugm-3
01/03/2012,15/03/2012,0.48,V ugm-3
15/03/2012,29/03/2012,0.74,V ugm-3
29/03/2012,12/04/2012,0.43,V ugm-3
12/04/2012,25/04/2012,0.66,V ugm-3
25/04/2012,09/05/2012,0.43,V ugm-3
09/05/2012,24/05/2012,0.3,V ugm-3
24/05/2012,07/06/2012,0.31,V ugm-3
07/06/2012,21/06/2012,0.28,V ugm-3
21/06/2012,05/07/2012,0.28,V ugm-3
Data for year 2012,,,
Multi-day data,,,
Northampton Kingsthorpe,,,
Start Date,End Date,BENZENE,Status / units
05/07/2012,19/07/2012,,
19/07/2012,02/08/2012,0.31,V ugm-3
02/08/2012,16/08/2012,0.29,V ugm-3
16/08/2012,30/08/2012,0.33,V ugm-3
30/08/2012,13/09/2012,0.28,V ugm-3
13/09/2012,27/09/2012,0.29,V ugm-3
27/09/2012,11/10/2012,0.34,V ugm-3
11/10/2012,24/10/2012,0.42,V ugm-3
Data for year 2002,,,
Multi-day data,,,
Norwich Centre,,,
Start Date,End Date,BENZENE,Status / units
22/03/2002,05/04/2002,1.3,V ugm-3
05/04/2002,24/04/2002,1.4,V ugm-3
24/04/2002,09/05/2002,1.01,V ugm-3
09/05/2002,21/05/2002,0.68,V ugm-3
21/05/2002,11/06/2002,0.65,V ugm-3
11/06/2002,25/06/2002,0.78,V ugm-3
25/06/2002,11/07/2002,0.72,V ugm-3
11/07/2002,25/07/2002,0.62,V ugm-3
25/07/2002,12/08/2002,0.91,V ugm-3
12/08/2002,28/08/2002,0.88,V ugm-3
28/08/2002,12/09/2002,1.2,V ugm-3
12/09/2002,24/09/2002,0.85,V ugm-3
24/09/2002,08/10/2002,1.82,V ugm-3
08/10/2002,23/10/2002,1.24,V ugm-3
23/10/2002,05/11/2002,1.66,V ugm-3
05/11/2002,21/11/2002,2.11,V ugm-3
21/11/2002,04/12/2002,1.3,V ugm-3
04/12/2002,20/12/2002,2.21,V ugm-3
20/12/2002,02/01/2003,1.17,V ugm-3
Data for year 2003,,,
Multi-day data,,,
Norwich Centre,,,
Start Date,End Date,BENZENE,Status / units
02/01/2003,15/01/2003,2.8,V ugm-3
15/01/2003,29/01/2003,1.27,V ugm-3
29/01/2003,14/02/2003,1.14,V ugm-3
14/02/2003,27/02/2003,1.98,V ugm-3
27/02/2003,12/03/2003,1.27,V ugm-3
12/03/2003,28/03/2003,2.21,V ugm-3
28/03/2003,11/04/2003,0.94,V ugm-3
11/04/2003,25/04/2003,1.14,V ugm-3
25/04/2003,08/05/2003,0.94,V ugm-3
08/05/2003,21/05/2003,0.72,V ugm-3
21/05/2003,03/06/2003,1.04,V ugm-3
03/06/2003,17/06/2003,1.01,V ugm-3
17/06/2003,02/07/2003,0.65,V ugm-3
02/07/2003,11/07/2003,0.98,V ugm-3
04/08/2003,12/08/2003,0.75,V ugm-3
12/08/2003,27/08/2003,0.91,V ugm-3
27/08/2003,09/09/2003,1.46,V ugm-3
09/09/2003,25/09/2003,1.33,V ugm-3
25/09/2003,08/10/2003,1.46,V ugm-3
08/10/2003,20/10/2003,1.07,V ugm-3
20/10/2003,19/11/2003,2.93,V ugm-3
19/11/2003,01/12/2003,2.24,V ugm-3
01/12/2003,19/12/2003,2.89,V ugm-3
19/12/2003,05/01/2004,2.41,V ugm-3
Data for year 2004,,,
Multi-day data,,,
Norwich Centre,,,
Start Date,End Date,BENZENE,Status / units
05/01/2004,21/01/2004,1.01,V ugm-3
21/01/2004,02/02/2004,1.27,V ugm-3
02/02/2004,19/02/2004,0.98,V ugm-3
19/02/2004,26/02/2004,0.88,V ugm-3
26/02/2004,10/03/2004,2.47,V ugm-3
10/03/2004,22/03/2004,1.59,V ugm-3
22/03/2004,15/04/2004,1.2,V ugm-3
15/04/2004,26/04/2004,1.69,V ugm-3
26/04/2004,10/05/2004,0.98,V ugm-3
10/05/2004,24/05/2004,0.91,V ugm-3
24/05/2004,14/06/2004,0.88,V ugm-3
14/06/2004,28/06/2004,0.49,V ugm-3
28/06/2004,12/07/2004,0.81,V ugm-3
12/07/2004,30/07/2004,0.94,V ugm-3
30/07/2004,25/08/2004,1.04,V ugm-3
25/08/2004,06/09/2004,1.11,V ugm-3
06/09/2004,27/09/2004,1.43,V ugm-3
27/09/2004,12/10/2004,0.91,V ugm-3
12/10/2004,26/10/2004,1.01,V ugm-3
26/10/2004,09/11/2004,1.72,V ugm-3
09/11/2004,26/11/2004,1.63,V ugm-3
26/11/2004,08/12/2004,3.67,V ugm-3
08/12/2004,04/01/2005,1.4,V ugm-3
Data for year 2005,,,
Multi-day data,,,
Norwich Centre,,,
Start Date,End Date,BENZENE,Status / units
04/01/2005,18/01/2005,0.85,V ugm-3
18/01/2005,04/02/2005,1.4,V ugm-3
04/02/2005,18/02/2005,2.34,V ugm-3
18/02/2005,04/03/2005,1.92,V ugm-3
04/03/2005,18/03/2005,1.4,V ugm-3
18/03/2005,01/04/2005,1.46,V ugm-3
01/04/2005,14/04/2005,1.5,V ugm-3
14/04/2005,28/04/2005,1.14,V ugm-3
28/04/2005,10/05/2005,0.75,V ugm-3
07/06/2005,27/06/2005,0.78,V ugm-3
27/06/2005,11/07/2005,0.55,V ugm-3
11/07/2005,29/07/2005,0.59,V ugm-3
29/07/2005,17/08/2005,0.65,V ugm-3
17/08/2005,30/08/2005,0.94,V ugm-3
30/08/2005,16/09/2005,0.94,V ugm-3
16/09/2005,30/09/2005,0.98,V ugm-3
30/09/2005,14/10/2005,1.3,V ugm-3
14/10/2005,28/10/2005,1.04,V ugm-3
28/10/2005,09/11/2005,0.78,V ugm-3
09/11/2005,24/11/2005,2.54,V ugm-3
24/11/2005,12/12/2005,1.66,V ugm-3
12/12/2005,23/12/2005,1.69,V ugm-3
23/12/2005,09/01/2006,2.28,V ugm-3
Data for year 2006,,,
Multi-day data,,,
Norwich Centre,,,
Start Date,End Date,BENZENE,Status / units
09/01/2006,24/01/2006,1.92,V ugm-3
24/01/2006,07/02/2006,1.3,V ugm-3
07/02/2006,22/02/2006,1.17,V ugm-3
22/02/2006,06/03/2006,1.5,V ugm-3
06/03/2006,27/03/2006,1.95,V ugm-3
27/03/2006,13/04/2006,0.91,V ugm-3
13/04/2006,27/04/2006,1.04,V ugm-3
27/04/2006,09/05/2006,1.01,V ugm-3
09/05/2006,26/05/2006,0.59,V ugm-3
26/05/2006,05/06/2006,0.46,V ugm-3
05/06/2006,21/06/2006,0.49,V ugm-3
21/06/2006,03/07/2006,0.68,V ugm-3
03/07/2006,24/07/2006,0.78,V ugm-3
24/07/2006,14/08/2006,0.42,V ugm-3
14/08/2006,23/08/2006,0.85,V ugm-3
23/08/2006,08/09/2006,0.29,V ugm-3
08/09/2006,22/09/2006,0.85,V ugm-3
22/09/2006,05/10/2006,0.75,V ugm-3
05/10/2006,18/10/2006,1.07,V ugm-3
18/10/2006,02/11/2006,0.46,V ugm-3
02/11/2006,17/11/2006,0.72,V ugm-3
17/11/2006,29/11/2006,0.49,V ugm-3
29/11/2006,11/12/2006,0.49,V ugm-3
11/12/2006,21/12/2006,1.89,V ugm-3
21/12/2006,02/01/2007,1.11,V ugm-3
Data for year 2007,,,
Multi-day data,,,
Norwich Centre,,,
Start Date,End Date,BENZENE,Status / units
02/01/2007,18/01/2007,0.88,V ugm-3
18/01/2007,29/01/2007,1.27,V ugm-3
29/01/2007,12/02/2007,1.11,V ugm-3
12/02/2007,26/02/2007,0.98,V ugm-3
26/02/2007,13/03/2007,0.88,V ugm-3
13/03/2007,28/03/2007,1.14,V ugm-3
28/03/2007,11/04/2007,0.81,V ugm-3
11/04/2007,24/04/2007,0.39,V ugm-3
24/04/2007,11/05/2007,0.46,V ugm-3
11/05/2007,24/05/2007,0.68,V ugm-3
24/05/2007,08/06/2007,0.42,V ugm-3
08/06/2007,22/06/2007,0.55,V ugm-3
22/06/2007,06/07/2007,0.42,V ugm-3
06/07/2007,20/07/2007,0.59,V ugm-3
20/07/2007,02/08/2007,0.36,V ugm-3
02/08/2007,15/08/2007,0.75,V ugm-3
15/08/2007,30/08/2007,0.39,V ugm-3
30/08/2007,28/09/2007,0.42,V ugm-3
28/09/2007,12/10/2007,0.59,V ugm-3
12/10/2007,25/10/2007,1.07,V ugm-3
25/10/2007,09/11/2007,0.91,V ugm-3
09/11/2007,23/11/2007,0.91,V ugm-3
23/11/2007,11/12/2007,0.81,V ugm-3
11/12/2007,21/12/2007,1.95,V ugm-3
21/12/2007,07/01/2008,1.01,V ugm-3
Data for year 2008,,,
Multi-day data,,,
Norwich Centre,,,
Start Date,End Date,BENZENE,Status / units
07/01/2008,18/01/2008,0.94,V ugm-3
18/01/2008,01/02/2008,0.68,V ugm-3
01/02/2008,15/02/2008,2.24,V ugm-3
15/02/2008,03/03/2008,1.2,V ugm-3
03/03/2008,14/03/2008,0.59,V ugm-3
14/03/2008,28/03/2008,0.49,V ugm-3
28/03/2008,11/04/2008,0.75,V ugm-3
11/04/2008,25/04/2008,0.72,V ugm-3
25/04/2008,12/05/2008,0.46,V ugm-3
12/05/2008,13/05/2008,0.78,V ugm-3
Data for year 2009,,,
Multi-day data,,,
Norwich Lakenfields,,,
Start Date,End Date,BENZENE,Status / units
13/11/2009,27/11/2009,0.39,V ugm-3
27/11/2009,15/12/2009,0.59,V ugm-3
15/12/2009,29/12/2009,0.98,V ugm-3
29/12/2009,12/01/2010,1.11,V ugm-3
Data for year 2010,,,
Multi-day data,,,
Norwich Lakenfields,,,
Start Date,End Date,BENZENE,Status / units
12/01/2010,26/01/2010,1.53,V ugm-3
26/01/2010,09/02/2010,1.27,V ugm-3
09/02/2010,23/02/2010,1.14,V ugm-3
23/02/2010,10/03/2010,0.91,V ugm-3
10/03/2010,23/03/2010,0.59,V ugm-3
23/03/2010,06/04/2010,0.42,V ugm-3
06/04/2010,20/04/2010,0.62,V ugm-3
20/04/2010,05/05/2010,0.49,V ugm-3
05/05/2010,18/05/2010,0.39,V ugm-3
18/05/2010,01/06/2010,0.33,V ugm-3
01/06/2010,18/06/2010,0.36,V ugm-3
18/06/2010,02/07/2010,0.36,V ugm-3
03/07/2010,30/07/2010,0.35,V ugm-3
30/07/2010,15/08/2010,0.28,V ugm-3
15/08/2010,27/08/2010,0.27,V ugm-3
27/08/2010,10/09/2010,0.4,V ugm-3
10/09/2010,23/09/2010,0.36,V ugm-3
23/09/2010,06/10/2010,0.27,V ugm-3
06/10/2010,20/10/2010,0.52,V ugm-3
20/10/2010,03/11/2010,0.32,V ugm-3
03/11/2010,17/11/2010,0.73,V ugm-3
17/11/2010,30/11/2010,0.85,V ugm-3
30/11/2010,16/12/2010,1.14,V ugm-3
16/12/2010,30/12/2010,1.31,V ugm-3
30/12/2010,12/01/2011,1.15,V ugm-3
Data for year 2011,,,
Multi-day data,,,
Norwich Lakenfields,,,
Start Date,End Date,BENZENE,Status / units
12/01/2011,10/02/2011,0.66,V ugm-3
10/02/2011,24/02/2011,1.26,V ugm-3
24/02/2011,09/03/2011,0.97,V ugm-3
09/03/2011,23/03/2011,1.35,V ugm-3
23/03/2011,06/04/2011,0.61,V ugm-3
06/04/2011,20/04/2011,0.68,V ugm-3
20/04/2011,04/05/2011,0.96,V ugm-3
04/05/2011,18/05/2011,0.35,V ugm-3
18/05/2011,02/06/2011,0.22,V ugm-3
02/06/2011,15/06/2011,0.2,V ugm-3
15/06/2011,29/06/2011,0.2,V ugm-3
29/06/2011,14/07/2011,0.22,V ugm-3
14/07/2011,28/07/2011,0.17,V ugm-3
28/07/2011,10/08/2011,0.24,V ugm-3
10/08/2011,25/08/2011,0.31,V ugm-3
25/08/2011,08/09/2011,0.26,V ugm-3
08/09/2011,21/09/2011,0.33,V ugm-3
21/09/2011,06/10/2011,0.45,V ugm-3
06/10/2011,19/10/2011,0.4,V ugm-3
19/10/2011,02/11/2011,0.54,V ugm-3
16/11/2011,01/12/2011,0.58,V ugm-3
01/12/2011,14/12/2011,0.85,V ugm-3
14/12/2011,28/12/2011,0.72,V ugm-3
28/12/2011,11/01/2012,0.53,V ugm-3
Data for year 2012,,,
Multi-day data,,,
Norwich Lakenfields,,,
Start Date,End Date,BENZENE,Status / units
11/01/2012,25/01/2012,0.98,V ugm-3
25/01/2012,08/02/2012,1.26,V ugm-3
08/02/2012,22/02/2012,0.81,V ugm-3
22/02/2012,08/03/2012,0.73,V ugm-3
08/03/2012,22/03/2012,0.75,V ugm-3
22/03/2012,04/04/2012,0.99,V ugm-3
04/04/2012,18/04/2012,0.49,V ugm-3
02/05/2012,16/05/2012,0.32,V ugm-3
16/05/2012,30/05/2012,0.38,V ugm-3
30/05/2012,14/06/2012,0.24,V ugm-3
14/06/2012,27/06/2012,0.24,V ugm-3
27/06/2012,11/07/2012,0.27,V ugm-3
11/07/2012,25/07/2012,0.36,V ugm-3
25/07/2012,08/08/2012,0.33,V ugm-3
08/08/2012,22/08/2012,0.35,V ugm-3
22/08/2012,05/09/2012,0.32,V ugm-3
05/09/2012,19/09/2012,0.28,V ugm-3
19/09/2012,03/10/2012,0.36,V ugm-3
03/10/2012,17/10/2012,0.58,V ugm-3
17/10/2012,31/10/2012,0.45,V ugm-3
31/10/2012,14/11/2012,1.24,V ugm-3
14/11/2012,28/11/2012,1.03,V ugm-3
28/11/2012,12/12/2012,0.87,V ugm-3
12/12/2012,28/12/2012,0.94,V ugm-3
28/12/2012,09/01/2013,0.41,V ugm-3
Data for year 2013,,,
Multi-day data,,,
Norwich Lakenfields,,,
Start Date,End Date,BENZENE,Status / units
09/01/2013,23/01/2013,1.37,V ugm-3
23/01/2013,06/02/2013,0.77,V ugm-3
06/02/2013,20/02/2013,1.38,V ugm-3
20/02/2013,07/03/2013,0.71,V ugm-3
07/03/2013,19/03/2013,0.96,V ugm-3
19/03/2013,03/04/2013,0.69,V ugm-3
03/04/2013,17/04/2013,0.55,V ugm-3
17/04/2013,01/05/2013,0.46,V ugm-3
01/05/2013,15/05/2013,0.37,V ugm-3
15/05/2013,29/05/2013,0.43,V ugm-3
29/05/2013,12/06/2013,0.35,V ugm-3
12/06/2013,26/06/2013,0.42,V ugm-3
26/06/2013,09/07/2013,0.5,V ugm-3
09/07/2013,24/07/2013,0.53,V ugm-3
24/07/2013,06/08/2013,0.49,V ugm-3
06/08/2013,21/08/2013,0.5,V ugm-3
21/08/2013,05/09/2013,0.54,V ugm-3
05/09/2013,18/09/2013,0.47,V ugm-3
18/09/2013,02/10/2013,0.73,V ugm-3
02/10/2013,16/10/2013,0.74,V ugm-3
16/10/2013,31/10/2013,0.44,V ugm-3
31/10/2013,13/11/2013,1.02,V ugm-3
13/11/2013,27/11/2013,0.8,V ugm-3
27/11/2013,12/12/2013,0.92,V ugm-3
12/12/2013,28/12/2013,0.54,V ugm-3
28/12/2013,21/01/2014,0.8,V ugm-3
Data for year 2014,,,
Multi-day data,,,
Norwich Lakenfields,,,
Start Date,End Date,BENZENE,Status / units
21/01/2014,05/02/2014,0.6,V ugm-3
05/02/2014,17/02/2014,0.88,V ugm-3
17/02/2014,03/03/2014,0.81,V ugm-3
03/03/2014,19/03/2014,0.9,V ugm-3
19/03/2014,02/04/2014,0.69,V ugm-3
02/04/2014,15/04/2014,0.59,V ugm-3
15/04/2014,30/04/2014,0.53,V ugm-3
30/04/2014,14/05/2014,,
14/05/2014,29/05/2014,0.37,V ugm-3
29/05/2014,11/06/2014,0.43,V ugm-3
11/06/2014,25/06/2014,0.24,V ugm-3
25/06/2014,09/07/2014,0.25,V ugm-3
09/07/2014,23/07/2014,0.38,V ugm-3
23/07/2014,06/08/2014,0.43,V ugm-3
06/08/2014,19/08/2014,0.26,V ugm-3
19/08/2014,04/09/2014,0.33,V ugm-3
04/09/2014,17/09/2014,0.63,V ugm-3
17/09/2014,01/10/2014,0.68,V ugm-3
01/10/2014,15/10/2014,0.49,V ugm-3
15/10/2014,28/10/2014,0.38,V ugm-3
28/10/2014,12/11/2014,0.7,V ugm-3
12/11/2014,25/11/2014,1.31,V ugm-3
25/11/2014,10/12/2014,1.29,V ugm-3
10/12/2014,24/12/2014,0.48,V ugm-3
24/12/2014,07/01/2015,1.13,V ugm-3
Data for year 2015,,,
Multi-day data,,,
Norwich Lakenfields,,,
Start Date,End Date,BENZENE,Status / units
07/01/2015,21/01/2015,0.63,V ugm-3
21/01/2015,04/02/2015,0.86,V ugm-3
04/02/2015,17/02/2015,1.07,V ugm-3
17/02/2015,03/03/2015,0.68,V ugm-3
03/03/2015,18/03/2015,0.89,V ugm-3
18/03/2015,01/04/2015,0.73,V ugm-3
01/04/2015,16/04/2015,0.5,V ugm-3
16/04/2015,28/04/2015,0.65,V ugm-3
28/04/2015,13/05/2015,0.47,V ugm-3
13/05/2015,27/05/2015,0.29,V ugm-3
27/05/2015,11/06/2015,0.27,V ugm-3
11/06/2015,24/06/2015,0.37,V ugm-3
24/06/2015,08/07/2015,0.29,V ugm-3
08/07/2015,22/07/2015,0.34,V ugm-3
22/07/2015,05/08/2015,0.29,V ugm-3
05/08/2015,21/08/2015,0.43,V ugm-3
21/08/2015,01/09/2015,0.36,V ugm-3
01/09/2015,11/09/2015,0.34,V ugm-3
11/09/2015,28/09/2015,0.49,V ugm-3
28/09/2015,14/10/2015,0.64,V ugm-3
14/10/2015,28/10/2015,0.78,V ugm-3
28/10/2015,11/11/2015,0.82,V ugm-3
11/11/2015,25/11/2015,0.41,V ugm-3
25/11/2015,09/12/2015,0.51,V ugm-3
09/12/2015,24/12/2015,0.6,V ugm-3
24/12/2015,06/01/2016,0.56,V ugm-3
Data for year 2016,,,
Multi-day data,,,
Norwich Lakenfields,,,
Start Date,End Date,BENZENE,Status / units
06/01/2016,20/01/2016,0.73,V ugm-3
20/01/2016,04/02/2016,0.56,V ugm-3
04/02/2016,17/02/2016,0.67,V ugm-3
17/02/2016,02/03/2016,0.67,V ugm-3
02/03/2016,18/03/2016,0.69,V ugm-3
18/03/2016,30/03/2016,0.4,V ugm-3
30/03/2016,13/04/2016,,
13/04/2016,27/04/2016,0.38,V ugm-3
27/04/2016,11/05/2016,0.62,V ugm-3
11/05/2016,25/05/2016,0.19,V ugm-3
25/05/2016,09/06/2016,0.31,V ugm-3
09/06/2016,23/06/2016,0.19,V ugm-3
23/06/2016,06/07/2016,0.15,V ugm-3
06/07/2016,04/08/2016,0.24,V ugm-3
04/08/2016,18/08/2016,0.24,V ugm-3
18/08/2016,31/08/2016,,
31/08/2016,13/09/2016,,
13/09/2016,28/09/2016,0.43,V ugm-3
28/09/2016,12/10/2016,0.3,V ugm-3
12/10/2016,29/10/2016,0.67,V ugm-3
29/10/2016,09/11/2016,0.79,V ugm-3
09/11/2016,23/11/2016,0.56,V ugm-3
23/11/2016,07/12/2016,0.92,V ugm-3
07/12/2016,21/12/2016,0.81,V ugm-3
21/12/2016,04/01/2017,0.74,V ugm-3
Data for year 2017,,,
Multi-day data,,,
Norwich Lakenfields,,,
Start Date,End Date,BENZENE,Status / units
04/01/2017,18/01/2017,0.73,V ugm-3
18/01/2017,01/02/2017,1.29,V ugm-3
01/02/2017,15/02/2017,1.11,V ugm-3
15/02/2017,01/03/2017,0.66,V ugm-3
01/03/2017,15/03/2017,0.68,V ugm-3
15/03/2017,29/03/2017,0.55,V ugm-3
29/03/2017,12/04/2017,0.43,V ugm-3
12/04/2017,26/04/2017,0.35,V ugm-3
26/04/2017,10/05/2017,0.27,V ugm-3
10/05/2017,24/05/2017,0.27,V ugm-3
24/05/2017,07/06/2017,0.18,V ugm-3
07/06/2017,21/06/2017,0.24,V ugm-3
21/06/2017,05/07/2017,0.21,V ugm-3
05/07/2017,19/07/2017,0.21,V ugm-3
19/07/2017,02/08/2017,0.22,V ugm-3
02/08/2017,16/08/2017,0.2,V ugm-3
16/08/2017,30/08/2017,0.3,V ugm-3
30/08/2017,13/09/2017,0.33,V ugm-3
13/09/2017,27/09/2017,0.42,V ugm-3
27/09/2017,11/10/2017,0.35,V ugm-3
11/10/2017,25/10/2017,0.37,V ugm-3
25/10/2017,08/11/2017,0.8,V ugm-3
08/11/2017,22/11/2017,0.67,V ugm-3
22/11/2017,06/12/2017,0.65,V ugm-3
06/12/2017,20/12/2017,0.77,V ugm-3
20/12/2017,03/01/2018,0.51,V ugm-3
Data for year 2018,,,
Multi-day data,,,
Norwich Lakenfields,,,
Start Date,End Date,BENZENE,Status / units
03/01/2018,17/01/2018,0.78,V ugm-3
17/01/2018,31/01/2018,0.56,V ugm-3
31/01/2018,14/02/2018,0.72,V ugm-3
14/02/2018,02/03/2018,0.76,V ugm-3
02/03/2018,14/03/2018,1.15,V ugm-3
14/03/2018,28/03/2018,0.71,V ugm-3
28/03/2018,11/04/2018,0.56,V ugm-3
11/04/2018,25/04/2018,0.5,V ugm-3
25/04/2018,09/05/2018,0.37,V ugm-3
09/05/2018,23/05/2018,0.3,V ugm-3
23/05/2018,06/06/2018,0.34,V ugm-3
06/06/2018,20/06/2018,0.16,V ugm-3
20/06/2018,04/07/2018,0.17,V ugm-3
04/07/2018,18/07/2018,0.21,V ugm-3
18/07/2018,01/08/2018,0.19,V ugm-3
01/08/2018,15/08/2018,0.21,V ugm-3
15/08/2018,29/08/2018,0.21,V ugm-3
29/08/2018,12/09/2018,0.34,V ugm-3
12/09/2018,26/09/2018,0.36,V ugm-3
26/09/2018,10/10/2018,0.41,V ugm-3
10/10/2018,24/10/2018,0.46,V ugm-3
24/10/2018,07/11/2018,0.55,V ugm-3
07/11/2018,21/11/2018,0.49,V ugm-3
21/11/2018,05/12/2018,0.76,V ugm-3
05/12/2018,19/12/2018,0.65,V ugm-3
19/12/2018,02/01/2019,0.61,V ugm-3
Data for year 2019,,,
Multi-day data,,,
Norwich Lakenfields,,,
Start Date,End Date,BENZENE,Status / units
02/01/2019,16/01/2019,0.63,V ugm-3
16/01/2019,30/01/2019,0.94,V ugm-3
30/01/2019,13/02/2019,0.95,V ugm-3
13/02/2019,27/02/2019,1.07,V ugm-3
27/02/2019,13/03/2019,0.59,V ugm-3
13/03/2019,27/03/2019,0.52,V ugm-3
27/03/2019,10/04/2019,0.56,V ugm-3
10/04/2019,24/04/2019,0.64,V ugm-3
24/04/2019,08/05/2019,0.27,V ugm-3
08/05/2019,22/05/2019,0.26,V ugm-3
22/05/2019,05/06/2019,0.19,V ugm-3
05/06/2019,19/06/2019,0.16,V ugm-3
19/06/2019,02/07/2019,0.19,V ugm-3
02/07/2019,17/07/2019,0.17,V ugm-3
17/07/2019,31/07/2019,0.2,V ugm-3
31/07/2019,14/08/2019,0.19,V ugm-3
14/08/2019,28/08/2019,0.38,V ugm-3
28/08/2019,11/09/2019,0.29,V ugm-3
11/09/2019,25/09/2019,0.41,V ugm-3
25/09/2019,09/10/2019,0.28,V ugm-3
09/10/2019,23/10/2019,0.42,V ugm-3
23/10/2019,06/11/2019,0.61,V ugm-3
06/11/2019,20/11/2019,0.8,V ugm-3
20/11/2019,04/12/2019,0.82,V ugm-3
04/12/2019,18/12/2019,0.67,V ugm-3
18/12/2019,02/01/2020,0.84,V ugm-3
Data for year 2020,,,
Multi-day data,,,
Norwich Lakenfields,,,
Start Date,End Date,BENZENE,Status / units
02/01/2020,15/01/2020,0.54,V ugm-3
15/01/2020,29/01/2020,0.83,V ugm-3
29/01/2020,12/02/2020,0.51,V ugm-3
12/02/2020,26/02/2020,0.33,V ugm-3
26/02/2020,11/03/2020,0.48,V ugm-3
11/03/2020,25/03/2020,0.48,V ugm-3
25/03/2020,08/04/2020,0.55,V ugm-3
08/04/2020,22/04/2020,0.44,V ugm-3
22/04/2020,06/05/2020,0.25,V ugm-3
06/05/2020,20/05/2020,0.29,V ugm-3
20/05/2020,03/06/2020,0.32,V ugm-3
03/06/2020,16/06/2020,0.2,V ugm-3
16/06/2020,01/07/2020,0.15,V ugm-3
01/07/2020,15/07/2020,0.15,V ugm-3
15/07/2020,29/07/2020,0.2,V ugm-3
29/07/2020,12/08/2020,0.25,V ugm-3
12/08/2020,25/08/2020,0.19,V ugm-3
25/08/2020,23/09/2020,0.24,V ugm-3
23/09/2020,07/10/2020,0.24,V ugm-3
07/10/2020,21/10/2020,0.39,V ugm-3
21/10/2020,04/11/2020,0.4,V ugm-3
04/11/2020,17/11/2020,0.8,V ugm-3
17/11/2020,02/12/2020,0.83,V ugm-3
02/12/2020,16/12/2020,0.83,V ugm-3
16/12/2020,30/12/2020,0.56,V ugm-3
30/12/2020,14/01/2021,1.28,V ugm-3
Data for year 2021,,,
Multi-day data,,,
Norwich Lakenfields,,,
Start Date,End Date,BENZENE,Status / units
14/01/2021,27/01/2021,0.79,V ugm-3
27/01/2021,10/02/2021,0.8,V ugm-3
10/02/2021,24/02/2021,0.64,V ugm-3
24/02/2021,10/03/2021,0.91,V ugm-3
10/03/2021,24/03/2021,0.54,V ugm-3
24/03/2021,07/04/2021,0.45,V ugm-3
07/04/2021,21/04/2021,0.63,V ugm-3
21/04/2021,05/05/2021,0.34,V ugm-3
05/05/2021,19/05/2021,0.31,V ugm-3
19/05/2021,02/06/2021,0.26,V ugm-3
02/06/2021,16/06/2021,0.21,V ugm-3
16/06/2021,30/06/2021,0.18,V ugm-3
30/06/2021,14/07/2021,0.15,V ugm-3
14/07/2021,28/07/2021,0.16,V ugm-3
28/07/2021,11/08/2021,0.21,V ugm-3
11/08/2021,25/08/2021,0.26,V ugm-3
25/08/2021,08/09/2021,0.27,V ugm-3
08/09/2021,22/09/2021,0.42,V ugm-3
22/09/2021,06/10/2021,0.18,V ugm-3
06/10/2021,20/10/2021,0.27,V ugm-3
20/10/2021,03/11/2021,0.32,V ugm-3
03/11/2021,17/11/2021,0.4,V ugm-3
17/11/2021,01/12/2021,0.47,V ugm-3
01/12/2021,15/12/2021,0.4,V ugm-3
15/12/2021,29/12/2021,0.64,V ugm-3
29/12/2021,12/01/2022,0.48,V ugm-3
Data for year 2022,,,
Multi-day data,,,
Norwich Lakenfields,,,
Start Date,End Date,BENZENE,Status / units
12/01/2022,26/01/2022,0.94,V ugm-3
26/01/2022,09/02/2022,0.38,V ugm-3
09/02/2022,23/02/2022,1.52,V ugm-3
23/02/2022,09/03/2022,2.88,V ugm-3
09/03/2022,23/03/2022,1.79,V ugm-3
23/03/2022,06/04/2022,0.39,V ugm-3
06/04/2022,20/04/2022,3.21,V ugm-3
20/04/2022,04/05/2022,0.32,V ugm-3
04/05/2022,18/05/2022,0.14,V ugm-3
18/05/2022,01/06/2022,0.12,V ugm-3
01/06/2022,15/06/2022,0.16,V ugm-3
15/06/2022,29/06/2022,0.25,V ugm-3
29/06/2022,13/07/2022,0.24,V ugm-3
13/07/2022,27/07/2022,0.2,V ugm-3
27/07/2022,10/08/2022,0.2,V ugm-3
10/08/2022,24/08/2022,0.28,V ugm-3
24/08/2022,07/09/2022,0.2,V ugm-3
07/09/2022,21/09/2022,0.33,V ugm-3
21/09/2022,05/10/2022,0.33,V ugm-3
05/10/2022,19/10/2022,0.4,V ugm-3
19/10/2022,02/11/2022,0.28,V ugm-3
02/11/2022,16/11/2022,0.53,V ugm-3
16/11/2022,30/11/2022,0.57,V ugm-3
30/11/2022,14/12/2022,1.08,V ugm-3
14/12/2022,28/12/2022,0.74,V ugm-3
28/12/2022,11/01/2023,0.36,V ugm-3
Data for year 2023,,,
Multi-day data,,,
Norwich Lakenfields,,,
Start Date,End Date,BENZENE,Status / units
27/01/2023,08/02/2023,0.74,V ugm-3
08/02/2023,22/02/2023,0.67,V ugm-3
22/02/2023,08/03/2023,0.6,V ugm-3
08/03/2023,22/03/2023,0.5,V ugm-3
22/03/2023,05/04/2023,0.41,V ugm-3
05/04/2023,19/04/2023,0.5,V ugm-3
19/04/2023,03/05/2023,0.33,V ugm-3
03/05/2023,17/05/2023,0.24,V ugm-3
17/05/2023,31/05/2023,0.23,V ugm-3
31/05/2023,14/06/2023,0.43,V ugm-3
14/06/2023,28/06/2023,0.28,V ugm-3
28/06/2023,12/07/2023,0.28,V ugm-3
12/07/2023,26/07/2023,0.33,V ugm-3
26/07/2023,09/08/2023,0.26,V ugm-3
09/08/2023,23/08/2023,0.24,V ugm-3
23/08/2023,06/09/2023,0.36,V ugm-3
06/09/2023,20/09/2023,0.44,V ugm-3
20/09/2023,04/10/2023,0.34,V ugm-3
04/10/2023,18/10/2023,0.43,V ugm-3
18/10/2023,01/11/2023,0.66,V ugm-3
01/11/2023,15/11/2023,0.56,V ugm-3
15/11/2023,29/11/2023,0.56,V ugm-3
29/11/2023,13/12/2023,0.8,V ugm-3
13/12/2023,27/12/2023,0.55,V ugm-3
27/12/2023,10/01/2024,0.53,V ugm-3
Data for year 2024,,,
Multi-day data,,,
Norwich Lakenfields,,,
Start Date,End Date,BENZENE,Status / units
10/01/2024,24/01/2024,0.77,V ugm-3
24/01/2024,07/02/2024,0.37,V ugm-3
07/02/2024,21/02/2024,0.58,V ugm-3
21/02/2024,06/03/2024,1.16,V ugm-3
06/03/2024,20/03/2024,0.84,V ugm-3
20/03/2024,03/04/2024,,
03/04/2024,17/04/2024,0.37,V ugm-3
17/04/2024,01/05/2024,0.34,V ugm-3
01/05/2024,15/05/2024,0.31,V ugm-3
15/05/2024,29/05/2024,0.24,V ugm-3
29/05/2024,12/06/2024,0.22,V ugm-3
12/06/2024,26/06/2024,0.17,V ugm-3
26/06/2024,10/07/2024,0.14,V ugm-3
10/07/2024,24/07/2024,0.14,V ugm-3
24/07/2024,07/08/2024,0.3,V ugm-3
07/08/2024,21/08/2024,0.31,V ugm-3
21/08/2024,04/09/2024,0.39,V ugm-3
04/09/2024,18/09/2024,0.33,V ugm-3
18/09/2024,02/10/2024,0.44,V ugm-3
02/10/2024,16/10/2024,0.4,V ugm-3
16/10/2024,30/10/2024,0.51,V ugm-3
30/10/2024,13/11/2024,0.66,V ugm-3
13/11/2024,27/11/2024,0.53,V ugm-3
27/11/2024,23/12/2024,,
23/12/2024,08/01/2025,0.53,V ugm-3
Data for year 2025,,,
Multi-day data,,,
Norwich Lakenfields,,,
Start Date,End Date,BENZENE,Status / units
08/01/2025,22/01/2025,1.21,V ugm-3
22/01/2025,05/02/2025,0.6,V ugm-3
05/02/2025,19/02/2025,0.95,V ugm-3
19/02/2025,05/03/2025,0.49,V ugm-3
05/03/2025,19/03/2025,0.54,V ugm-3
19/03/2025,02/04/2025,0.57,V ugm-3
02/04/2025,16/04/2025,0.42,V ugm-3
16/04/2025,30/04/2025,0.2,V ugm-3
30/04/2025,15/05/2025,0.22,V ugm-3
15/05/2025,28/05/2025,0.1,V ugm-3
28/05/2025,11/06/2025,0.17,V ugm-3
11/06/2025,26/06/2025,0.28,V ugm-3
26/06/2025,08/07/2025,0.22,V ugm-3
08/07/2025,24/07/2025,0.2,V ugm-3
24/07/2025,06/08/2025,0.24,V ugm-3
06/08/2025,20/08/2025,0.39,V ugm-3
20/08/2025,02/09/2025,0.2,V ugm-3
02/09/2025,18/09/2025,0.18,V ugm-3
18/09/2025,30/09/2025,0.47,V ugm-3
30/09/2025,15/10/2025,0.36,V ugm-3
15/10/2025,28/10/2025,0.57,V ugm-3
28/10/2025,11/11/2025,0.36,V ugm-3
11/11/2025,27/11/2025,0.46,V ugm-3
27/11/2025,09/12/2025,0.39,V ugm-3
09/12/2025,23/12/2025,0.58,V ugm-3
23/12/2025,06/01/2026,0.56,V ugm-3
Data for year 2002,,,
Multi-day data,,,
Nottingham Centre,,,
Start Date,End Date,BENZENE,Status / units
28/02/2002,14/03/2002,1.3,V ugm-3
14/03/2002,28/03/2002,1.85,V ugm-3
28/03/2002,10/04/2002,1.72,V ugm-3
10/04/2002,26/04/2002,1.66,V ugm-3
26/04/2002,07/05/2002,1.2,V ugm-3
07/05/2002,23/05/2002,0.98,V ugm-3
23/05/2002,06/06/2002,1.01,V ugm-3
06/06/2002,24/06/2002,1.07,V ugm-3
24/06/2002,05/07/2002,0.88,V ugm-3
05/07/2002,18/07/2002,1.24,V ugm-3
18/07/2002,01/08/2002,1.04,V ugm-3
01/08/2002,16/08/2002,1.17,V ugm-3
16/08/2002,30/08/2002,1.24,V ugm-3
30/08/2002,12/09/2002,1.82,V ugm-3
12/09/2002,26/09/2002,1.63,V ugm-3
26/09/2002,10/10/2002,1.76,V ugm-3
10/10/2002,24/10/2002,1.89,V ugm-3
24/10/2002,07/11/2002,1.89,V ugm-3
07/11/2002,21/11/2002,2.54,V ugm-3
21/11/2002,06/12/2002,1.82,V ugm-3
06/12/2002,19/12/2002,2.83,V ugm-3
19/12/2002,02/01/2003,3.09,V ugm-3
Data for year 2003,,,
Multi-day data,,,
Nottingham Centre,,,
Start Date,End Date,BENZENE,Status / units
02/01/2003,24/01/2003,4.32,V ugm-3
24/01/2003,31/01/2003,1.04,V ugm-3
31/01/2003,13/02/2003,1.89,V ugm-3
13/02/2003,27/02/2003,3.28,V ugm-3
27/02/2003,14/03/2003,1.59,V ugm-3
14/03/2003,27/03/2003,2.63,V ugm-3
27/03/2003,10/04/2003,1.46,V ugm-3
10/04/2003,24/04/2003,1.56,V ugm-3
24/04/2003,08/05/2003,1.14,V ugm-3
08/05/2003,22/05/2003,0.72,V ugm-3
22/05/2003,05/06/2003,1.24,V ugm-3
05/06/2003,19/06/2003,0.94,V ugm-3
19/06/2003,03/07/2003,1.17,V ugm-3
03/07/2003,17/07/2003,1.27,V ugm-3
17/07/2003,31/07/2003,0.78,V ugm-3
31/07/2003,21/08/2003,1.37,V ugm-3
21/08/2003,28/08/2003,1.4,V ugm-3
28/08/2003,11/09/2003,1.69,V ugm-3
11/09/2003,25/09/2003,1.92,V ugm-3
25/09/2003,09/10/2003,1.59,V ugm-3
09/10/2003,24/10/2003,1.63,V ugm-3
24/10/2003,20/11/2003,2.99,V ugm-3
20/11/2003,03/12/2003,3.32,V ugm-3
03/12/2003,18/12/2003,3.54,V ugm-3
18/12/2003,31/12/2003,2.28,V ugm-3
31/12/2003,14/01/2004,1.85,V ugm-3
Data for year 2004,,,
Multi-day data,,,
Nottingham Centre,,,
Start Date,End Date,BENZENE,Status / units
14/01/2004,29/01/2004,1.59,V ugm-3
29/01/2004,03/02/2004,1.07,V ugm-3
03/02/2004,11/02/2004,2.7,V ugm-3
11/02/2004,25/02/2004,2.41,V ugm-3
25/02/2004,10/03/2004,2.93,V ugm-3
10/03/2004,24/03/2004,1.69,V ugm-3
24/03/2004,07/04/2004,1.95,V ugm-3
07/04/2004,21/04/2004,1.37,V ugm-3
21/04/2004,05/05/2004,1.82,V ugm-3
05/05/2004,19/05/2004,1.72,V ugm-3
19/05/2004,02/06/2004,1.43,V ugm-3
02/06/2004,16/06/2004,1.01,V ugm-3
16/06/2004,30/06/2004,0.62,V ugm-3
30/06/2004,04/07/2004,0.91,V ugm-3
04/07/2004,14/07/2004,0.91,V ugm-3
14/07/2004,28/07/2004,1.24,V ugm-3
28/07/2004,11/08/2004,1.24,V ugm-3
11/08/2004,25/08/2004,0.94,V ugm-3
25/08/2004,08/09/2004,1.37,V ugm-3
08/09/2004,22/09/2004,1.17,V ugm-3
22/09/2004,06/10/2004,1.37,V ugm-3
06/10/2004,22/10/2004,2.83,V ugm-3
22/10/2004,10/11/2004,1.66,V ugm-3
10/11/2004,24/11/2004,1.3,V ugm-3
24/11/2004,08/12/2004,2.7,V ugm-3
08/12/2004,22/12/2004,2.47,V ugm-3
22/12/2004,05/01/2005,1.5,V ugm-3
Data for year 2005,,,
Multi-day data,,,
Nottingham Centre,,,
Start Date,End Date,BENZENE,Status / units
05/01/2005,19/01/2005,1.3,V ugm-3
19/01/2005,02/02/2005,1.76,V ugm-3
02/02/2005,16/02/2005,1.92,V ugm-3
16/02/2005,22/02/2005,1.46,V ugm-3
22/02/2005,03/03/2005,4.55,V ugm-3
03/03/2005,16/03/2005,1.33,V ugm-3
16/03/2005,31/03/2005,1.2,V ugm-3
31/03/2005,13/04/2005,1.63,V ugm-3
13/04/2005,27/04/2005,1.27,V ugm-3
27/04/2005,11/05/2005,0.72,V ugm-3
11/05/2005,25/05/2005,0.59,V ugm-3
25/05/2005,08/06/2005,1.92,V ugm-3
08/06/2005,23/06/2005,0.98,V ugm-3
23/06/2005,06/07/2005,0.68,V ugm-3
06/07/2005,20/07/2005,1.04,V ugm-3
20/07/2005,04/08/2005,0.88,V ugm-3
04/08/2005,16/08/2005,0.91,V ugm-3
16/08/2005,31/08/2005,1.66,P ugm-3
31/08/2005,14/09/2005,1.66,V ugm-3
14/09/2005,28/09/2005,0.78,V ugm-3
28/09/2005,12/10/2005,1.37,V ugm-3
12/10/2005,26/10/2005,1.27,V ugm-3
26/10/2005,09/11/2005,1.2,V ugm-3
09/11/2005,23/11/2005,4.68,V ugm-3
23/11/2005,07/12/2005,1.37,V ugm-3
07/12/2005,21/12/2005,2.34,V ugm-3
21/12/2005,04/01/2006,1.4,V ugm-3
Data for year 2006,,,
Multi-day data,,,
Nottingham Centre,,,
Start Date,End Date,BENZENE,Status / units
04/01/2006,18/01/2006,2.24,V ugm-3
18/01/2006,01/02/2006,2.15,V ugm-3
01/02/2006,16/02/2006,1.89,V ugm-3
16/02/2006,01/03/2006,1.4,V ugm-3
01/03/2006,15/03/2006,1.76,V ugm-3
15/03/2006,29/03/2006,1.56,V ugm-3
29/03/2006,12/04/2006,1.14,V ugm-3
12/04/2006,26/04/2006,1.2,V ugm-3
26/04/2006,10/05/2006,0.88,V ugm-3
10/05/2006,24/05/2006,0.68,V ugm-3
24/05/2006,08/06/2006,0.62,V ugm-3
08/06/2006,21/06/2006,0.65,V ugm-3
21/06/2006,05/07/2006,0.68,V ugm-3
05/07/2006,19/07/2006,0.75,V ugm-3
19/07/2006,02/08/2006,0.94,V ugm-3
02/08/2006,16/08/2006,0.42,V ugm-3
16/08/2006,31/08/2006,0.55,V ugm-3
31/08/2006,13/09/2006,0.81,V ugm-3
13/09/2006,27/09/2006,1.2,V ugm-3
27/09/2006,11/10/2006,0.85,V ugm-3
11/10/2006,25/10/2006,1.17,V ugm-3
25/10/2006,08/11/2006,0.72,V ugm-3
08/11/2006,21/11/2006,0.62,V ugm-3
21/11/2006,06/12/2006,0.55,V ugm-3
06/12/2006,19/12/2006,1.24,V ugm-3
19/12/2006,03/01/2007,1.79,V ugm-3
Data for year 2007,,,
Multi-day data,,,
Nottingham Centre,,,
Start Date,End Date,BENZENE,Status / units
03/01/2007,17/01/2007,1.07,V ugm-3
17/01/2007,31/01/2007,0.78,V ugm-3
31/01/2007,14/02/2007,1.56,V ugm-3
14/02/2007,28/02/2007,1.01,V ugm-3
28/02/2007,15/03/2007,0.62,V ugm-3
15/03/2007,28/03/2007,1.11,V ugm-3
28/03/2007,11/04/2007,0.98,V ugm-3
11/04/2007,25/04/2007,0.91,V ugm-3
25/04/2007,09/05/2007,0.46,V ugm-3
09/05/2007,23/05/2007,0.78,V ugm-3
23/05/2007,06/06/2007,0.62,V ugm-3
06/06/2007,20/06/2007,0.78,V ugm-3
20/06/2007,05/07/2007,0.55,V ugm-3
05/07/2007,18/07/2007,0.65,V ugm-3
18/07/2007,01/08/2007,0.55,V ugm-3
01/08/2007,16/08/2007,0.55,V ugm-3
16/08/2007,30/08/2007,0.55,V ugm-3
30/08/2007,12/09/2007,0.62,V ugm-3
12/09/2007,26/09/2007,0.55,V ugm-3
26/09/2007,10/10/2007,0.88,V ugm-3
10/10/2007,24/10/2007,1.17,V ugm-3
24/10/2007,14/11/2007,0.94,V ugm-3
14/11/2007,28/11/2007,1.11,V ugm-3
28/11/2007,11/12/2007,0.75,V ugm-3
11/12/2007,27/12/2007,1.33,V ugm-3
27/12/2007,09/01/2008,0.78,V ugm-3
Data for year 2008,,,
Multi-day data,,,
Nottingham Centre,,,
Start Date,End Date,BENZENE,Status / units
09/01/2008,23/01/2008,0.91,V ugm-3
23/01/2008,06/02/2008,0.75,V ugm-3
06/02/2008,20/02/2008,2.57,V ugm-3
20/02/2008,05/03/2008,0.94,V ugm-3
05/03/2008,19/03/2008,0.52,V ugm-3
19/03/2008,02/04/2008,0.59,V ugm-3
02/04/2008,16/04/2008,0.75,V ugm-3
16/04/2008,29/04/2008,0.75,V ugm-3
29/04/2008,14/05/2008,0.65,V ugm-3
14/05/2008,28/05/2008,0.81,V ugm-3
28/05/2008,11/06/2008,0.65,V ugm-3
11/06/2008,25/06/2008,0.39,V ugm-3
25/06/2008,09/07/2008,0.33,V ugm-3
09/07/2008,23/07/2008,0.39,V ugm-3
23/07/2008,06/08/2008,0.49,V ugm-3
06/08/2008,20/08/2008,0.39,V ugm-3
20/08/2008,03/09/2008,0.39,V ugm-3
03/09/2008,17/09/2008,0.65,V ugm-3
17/09/2008,01/10/2008,0.85,V ugm-3
01/10/2008,14/10/2008,0.68,V ugm-3
14/10/2008,29/10/2008,0.52,V ugm-3
29/10/2008,12/11/2008,0.62,V ugm-3
12/11/2008,28/11/2008,0.68,V ugm-3
28/11/2008,10/12/2008,1.01,V ugm-3
10/12/2008,23/12/2008,1.27,V ugm-3
23/12/2008,06/01/2009,0.94,V ugm-3
Data for year 2009,,,
Multi-day data,,,
Nottingham Centre,,,
Start Date,End Date,BENZENE,Status / units
06/01/2009,21/01/2009,0.81,V ugm-3
21/01/2009,03/02/2009,1.04,V ugm-3
03/02/2009,20/02/2009,1.33,V ugm-3
20/02/2009,04/03/2009,1.01,V ugm-3
04/03/2009,17/03/2009,0.94,V ugm-3
17/03/2009,02/04/2009,0.68,V ugm-3
02/04/2009,22/04/2009,0.62,V ugm-3
22/04/2009,05/05/2009,0.42,V ugm-3
05/05/2009,20/05/2009,0.46,V ugm-3
20/05/2009,04/06/2009,0.52,V ugm-3
04/06/2009,17/06/2009,0.42,V ugm-3
17/06/2009,01/07/2009,0.49,V ugm-3
01/07/2009,14/07/2009,0.29,V ugm-3
14/07/2009,28/07/2009,0.36,V ugm-3
28/07/2009,11/08/2009,0.91,V ugm-3
11/08/2009,26/08/2009,0.72,V ugm-3
26/08/2009,16/09/2009,0.72,V ugm-3
16/09/2009,30/09/2009,1.07,V ugm-3
30/09/2009,14/10/2009,0.85,V ugm-3
14/10/2009,27/10/2009,0.78,V ugm-3
27/10/2009,11/11/2009,0.94,V ugm-3
11/11/2009,25/11/2009,0.55,V ugm-3
25/11/2009,09/12/2009,0.72,V ugm-3
09/12/2009,23/12/2009,1.3,V ugm-3
23/12/2009,07/01/2010,1.14,V ugm-3
Data for year 2010,,,
Multi-day data,,,
Nottingham Centre,,,
Start Date,End Date,BENZENE,Status / units
07/01/2010,20/01/2010,2.02,V ugm-3
20/01/2010,02/02/2010,1.43,V ugm-3
02/02/2010,16/02/2010,1.5,V ugm-3
16/02/2010,02/03/2010,1.53,V ugm-3
02/03/2010,17/03/2010,1.03,V ugm-3
17/03/2010,01/04/2010,0.39,V ugm-3
01/04/2010,15/04/2010,0.71,V ugm-3
15/04/2010,27/04/2010,0.76,V ugm-3
27/04/2010,11/05/2010,0.51,V ugm-3
11/05/2010,27/05/2010,0.57,V ugm-3
27/05/2010,08/06/2010,0.53,V ugm-3
08/06/2010,24/06/2010,0.47,V ugm-3
02/07/2010,27/07/2010,0.38,V ugm-3
27/07/2010,09/08/2010,0.39,V ugm-3
09/08/2010,24/08/2010,0.32,V ugm-3
24/08/2010,08/09/2010,0.54,V ugm-3
08/09/2010,21/09/2010,0.42,V ugm-3
21/09/2010,06/10/2010,0.44,V ugm-3
19/10/2010,03/11/2010,0.46,V ugm-3
03/11/2010,18/11/2010,0.78,V ugm-3
18/11/2010,02/12/2010,1.1,V ugm-3
02/12/2010,16/12/2010,1.46,V ugm-3
16/12/2010,31/12/2010,1.76,V ugm-3
31/12/2010,13/01/2011,1.04,V ugm-3
Data for year 2011,,,
Multi-day data,,,
Nottingham Centre,,,
Start Date,End Date,BENZENE,Status / units
13/01/2011,26/01/2011,1.16,V ugm-3
26/01/2011,09/02/2011,0.72,V ugm-3
09/02/2011,22/02/2011,1.06,V ugm-3
22/02/2011,09/03/2011,0.84,V ugm-3
09/03/2011,22/03/2011,1.27,V ugm-3
22/03/2011,06/04/2011,0.69,V ugm-3
06/04/2011,20/04/2011,0.67,V ugm-3
20/04/2011,05/05/2011,0.64,V ugm-3
05/05/2011,18/05/2011,0.3,V ugm-3
18/05/2011,31/05/2011,0.22,V ugm-3
31/05/2011,14/06/2011,0.23,V ugm-3
14/06/2011,29/06/2011,0.26,V ugm-3
29/06/2011,13/07/2011,0.25,V ugm-3
13/07/2011,27/07/2011,0.26,V ugm-3
27/07/2011,08/08/2011,0.3,V ugm-3
08/08/2011,23/08/2011,0.31,V ugm-3
23/08/2011,07/09/2011,0.35,V ugm-3
07/09/2011,20/09/2011,0.43,V ugm-3
20/09/2011,05/10/2011,0.59,V ugm-3
05/10/2011,19/10/2011,0.52,V ugm-3
Data for year 2012,,,
Multi-day data,,,
Nottingham Centre,,,
Start Date,End Date,BENZENE,Status / units
11/01/2012,25/01/2012,1.49,V ugm-3
25/01/2012,07/02/2012,1.63,V ugm-3
07/02/2012,21/02/2012,1.06,V ugm-3
21/02/2012,12/03/2012,0.68,V ugm-3
12/03/2012,27/03/2012,0.9,V ugm-3
27/03/2012,11/04/2012,0.65,V ugm-3
11/04/2012,24/04/2012,0.58,V ugm-3
24/04/2012,09/05/2012,0.57,V ugm-3
09/05/2012,23/05/2012,0.42,V ugm-3
23/05/2012,06/06/2012,0.47,V ugm-3
06/06/2012,28/06/2012,0.31,V ugm-3
28/06/2012,11/07/2012,0.39,V ugm-3
11/07/2012,26/07/2012,0.4,V ugm-3
26/07/2012,06/08/2012,0.45,V ugm-3
06/08/2012,22/08/2012,0.58,V ugm-3
22/08/2012,30/08/2012,0.55,V ugm-3
30/08/2012,12/09/2012,0.44,V ugm-3
12/09/2012,03/10/2012,0.41,V ugm-3
03/10/2012,17/10/2012,0.67,V ugm-3
17/10/2012,31/10/2012,0.54,V ugm-3
31/10/2012,13/11/2012,0.39,V ugm-3
13/11/2012,28/11/2012,1.01,V ugm-3
28/11/2012,13/12/2012,,
13/12/2012,19/12/2012,1.8,V ugm-3
19/12/2012,03/01/2013,0.57,V ugm-3
Data for year 2013,,,
Multi-day data,,,
Nottingham Centre,,,
Start Date,End Date,BENZENE,Status / units
03/01/2013,16/01/2013,1.24,V ugm-3
16/01/2013,30/01/2013,1.5,V ugm-3
30/01/2013,13/02/2013,1.14,V ugm-3
13/02/2013,28/02/2013,1.42,V ugm-3
28/02/2013,13/03/2013,0.99,V ugm-3
13/03/2013,26/03/2013,0.97,V ugm-3
26/03/2013,10/04/2013,0.48,V ugm-3
10/04/2013,23/04/2013,0.54,V ugm-3
23/04/2013,08/05/2013,0.69,V ugm-3
08/05/2013,22/05/2013,0.44,V ugm-3
22/05/2013,05/06/2013,,
05/06/2013,19/06/2013,0.48,V ugm-3
19/06/2013,02/07/2013,0.59,V ugm-3
02/07/2013,17/07/2013,1.3,V ugm-3
17/07/2013,31/07/2013,0.94,V ugm-3
31/07/2013,14/08/2013,1.1,V ugm-3
14/08/2013,28/08/2013,0.67,V ugm-3
28/08/2013,11/09/2013,0.73,V ugm-3
11/09/2013,26/09/2013,0.63,V ugm-3
26/09/2013,08/10/2013,0.69,V ugm-3
08/10/2013,23/10/2013,0.64,V ugm-3
23/10/2013,06/11/2013,0.82,V ugm-3
06/11/2013,20/11/2013,1,V ugm-3
20/11/2013,04/12/2013,1.15,V ugm-3
04/12/2013,18/12/2013,0.73,V ugm-3
18/12/2013,03/01/2014,0.46,V ugm-3
Data for year 2014,,,
Multi-day data,,,
Nottingham Centre,,,
Start Date,End Date,BENZENE,Status / units
03/01/2014,22/01/2014,1.01,V ugm-3
22/01/2014,05/02/2014,0.62,V ugm-3
05/02/2014,19/02/2014,0.76,V ugm-3
19/02/2014,06/03/2014,1.05,V ugm-3
06/03/2014,19/03/2014,1.02,V ugm-3
19/03/2014,02/04/2014,0.68,V ugm-3
02/04/2014,17/04/2014,0.65,V ugm-3
17/04/2014,02/05/2014,0.66,V ugm-3
02/05/2014,15/05/2014,,
15/05/2014,29/05/2014,0.5,V ugm-3
29/05/2014,11/06/2014,0.53,V ugm-3
11/06/2014,30/06/2014,0.42,V ugm-3
30/06/2014,10/07/2014,0.35,V ugm-3
10/07/2014,24/07/2014,0.46,V ugm-3
24/07/2014,07/08/2014,0.54,V ugm-3
07/08/2014,21/08/2014,0.38,V ugm-3
21/08/2014,05/09/2014,0.42,V ugm-3
05/09/2014,18/09/2014,0.72,V ugm-3
18/09/2014,09/10/2014,0.76,V ugm-3
09/10/2014,24/10/2014,0.56,V ugm-3
24/10/2014,13/11/2014,0.98,V ugm-3
13/11/2014,26/11/2014,1.87,V ugm-3
26/11/2014,09/12/2014,1.73,V ugm-3
09/12/2014,22/12/2014,0.68,V ugm-3
22/12/2014,08/01/2015,1.29,V ugm-3
Data for year 2015,,,
Multi-day data,,,
Nottingham Centre,,,
Start Date,End Date,BENZENE,Status / units
08/01/2015,22/01/2015,0.86,V ugm-3
22/01/2015,04/02/2015,0.93,V ugm-3
04/02/2015,20/02/2015,1.13,V ugm-3
20/02/2015,05/03/2015,0.77,V ugm-3
05/03/2015,19/03/2015,0.97,V ugm-3
19/03/2015,31/03/2015,0.92,V ugm-3
31/03/2015,17/04/2015,0.71,V ugm-3
17/04/2015,29/04/2015,0.56,V ugm-3
29/04/2015,14/05/2015,0.53,V ugm-3
14/05/2015,28/05/2015,0.4,V ugm-3
28/05/2015,11/06/2015,0.34,V ugm-3
11/06/2015,25/06/2015,0.39,V ugm-3
25/06/2015,08/07/2015,0.43,V ugm-3
08/07/2015,22/07/2015,0.45,V ugm-3
22/07/2015,07/08/2015,0.43,V ugm-3
07/08/2015,19/08/2015,0.51,V ugm-3
19/08/2015,04/09/2015,0.52,V ugm-3
04/09/2015,17/09/2015,0.81,V ugm-3
17/09/2015,01/10/2015,0.75,V ugm-3
01/10/2015,15/10/2015,0.85,V ugm-3
15/10/2015,29/10/2015,0.81,V ugm-3
29/10/2015,12/11/2015,1.24,V ugm-3
12/11/2015,25/11/2015,0.63,V ugm-3
25/11/2015,09/12/2015,0.47,V ugm-3
09/12/2015,23/12/2015,0.64,V ugm-3
23/12/2015,07/01/2016,0.73,V ugm-3
Data for year 2016,,,
Multi-day data,,,
Nottingham Centre,,,
Start Date,End Date,BENZENE,Status / units
07/01/2016,21/01/2016,1.09,V ugm-3
21/01/2016,04/02/2016,0.59,V ugm-3
04/02/2016,17/02/2016,0.77,V ugm-3
17/02/2016,02/03/2016,0.84,V ugm-3
02/03/2016,17/03/2016,0.85,V ugm-3
17/03/2016,30/03/2016,0.49,V ugm-3
30/03/2016,14/04/2016,0.28,V ugm-3
14/04/2016,26/04/2016,0.46,V ugm-3
26/04/2016,10/05/2016,0.7,V ugm-3
10/05/2016,25/05/2016,0.37,V ugm-3
25/05/2016,09/06/2016,0.47,V ugm-3
09/06/2016,23/06/2016,0.43,V ugm-3
23/06/2016,06/07/2016,0.22,V ugm-3
06/07/2016,19/07/2016,0.21,V ugm-3
19/07/2016,02/08/2016,0.51,V ugm-3
02/08/2016,17/08/2016,0.26,V ugm-3
17/08/2016,30/08/2016,0.33,V ugm-3
30/08/2016,15/09/2016,,
15/09/2016,29/09/2016,0.42,V ugm-3
29/09/2016,12/10/2016,0.43,V ugm-3
12/10/2016,26/10/2016,0.64,V ugm-3
26/10/2016,09/11/2016,0.84,V ugm-3
09/11/2016,22/11/2016,0.68,V ugm-3
22/11/2016,07/12/2016,0.91,V ugm-3
07/12/2016,21/12/2016,0.93,V ugm-3
21/12/2016,05/01/2017,0.91,V ugm-3
Data for year 2017,,,
Multi-day data,,,
Nottingham Centre,,,
Start Date,End Date,BENZENE,Status / units
05/01/2017,19/01/2017,0.89,V ugm-3
19/01/2017,02/02/2017,1.18,V ugm-3
02/02/2017,15/02/2017,1.24,V ugm-3
15/02/2017,28/02/2017,0.64,V ugm-3
28/02/2017,15/03/2017,0.69,V ugm-3
15/03/2017,29/03/2017,0.59,V ugm-3
29/03/2017,11/04/2017,0.61,V ugm-3
11/04/2017,25/04/2017,0.25,V ugm-3
25/04/2017,09/05/2017,0.34,V ugm-3
09/05/2017,23/05/2017,0.32,V ugm-3
23/05/2017,07/06/2017,0.24,V ugm-3
07/06/2017,20/06/2017,0.27,V ugm-3
20/06/2017,04/07/2017,0.27,V ugm-3
04/07/2017,18/07/2017,0.29,V ugm-3
18/07/2017,01/08/2017,,
01/08/2017,15/08/2017,0.28,V ugm-3
15/08/2017,29/08/2017,0.4,V ugm-3
29/08/2017,12/09/2017,0.49,V ugm-3
12/09/2017,26/09/2017,0.46,V ugm-3
26/09/2017,10/10/2017,0.41,V ugm-3
10/10/2017,24/10/2017,0.5,V ugm-3
24/10/2017,07/11/2017,1.03,V ugm-3
07/11/2017,21/11/2017,0.82,V ugm-3
21/11/2017,05/12/2017,0.77,V ugm-3
05/12/2017,19/12/2017,0.86,V ugm-3
19/12/2017,02/01/2018,0.64,V ugm-3
Data for year 2018,,,
Multi-day data,,,
Nottingham Centre,,,
Start Date,End Date,BENZENE,Status / units
02/01/2018,16/01/2018,0.86,V ugm-3
16/01/2018,30/01/2018,0.63,V ugm-3
30/01/2018,13/02/2018,0.63,V ugm-3
13/02/2018,27/02/2018,0.66,V ugm-3
27/02/2018,13/03/2018,0.94,V ugm-3
13/03/2018,27/03/2018,0.7,V ugm-3
27/03/2018,10/04/2018,0.59,V ugm-3
10/04/2018,24/04/2018,0.46,V ugm-3
24/04/2018,08/05/2018,0.47,V ugm-3
08/05/2018,22/05/2018,0.41,V ugm-3
22/05/2018,05/06/2018,0.42,V ugm-3
05/06/2018,19/06/2018,0.23,V ugm-3
19/06/2018,03/07/2018,0.21,V ugm-3
03/07/2018,17/07/2018,0.21,V ugm-3
17/07/2018,31/07/2018,0.17,V ugm-3
31/07/2018,14/08/2018,0.26,V ugm-3
14/08/2018,28/08/2018,0.22,V ugm-3
28/08/2018,11/09/2018,0.43,V ugm-3
11/09/2018,25/09/2018,0.37,V ugm-3
25/09/2018,09/10/2018,0.44,V ugm-3
09/10/2018,17/10/2018,0.4,V ugm-3
17/10/2018,31/10/2018,0.63,V ugm-3
31/10/2018,14/11/2018,0.69,V ugm-3
14/11/2018,28/11/2018,0.86,V ugm-3
28/11/2018,12/12/2018,0.57,V ugm-3
12/12/2018,27/12/2018,0.72,V ugm-3
27/12/2018,09/01/2019,0.6,V ugm-3
Data for year 2019,,,
Multi-day data,,,
Nottingham Centre,,,
Start Date,End Date,BENZENE,Status / units
09/01/2019,23/01/2019,0.7,V ugm-3
23/01/2019,06/02/2019,0.78,V ugm-3
06/02/2019,20/02/2019,0.76,V ugm-3
20/02/2019,06/03/2019,1.16,V ugm-3
06/03/2019,20/03/2019,0.49,V ugm-3
20/03/2019,03/04/2019,0.73,V ugm-3
03/04/2019,17/04/2019,0.6,V ugm-3
17/04/2019,01/05/2019,0.57,V ugm-3
01/05/2019,15/05/2019,0.36,V ugm-3
15/05/2019,29/05/2019,0.31,V ugm-3
29/05/2019,12/06/2019,0.26,V ugm-3
12/06/2019,26/06/2019,0.27,V ugm-3
26/06/2019,10/07/2019,0.2,V ugm-3
10/07/2019,23/07/2019,0.24,V ugm-3
23/07/2019,06/08/2019,0.28,V ugm-3
06/08/2019,20/08/2019,0.28,V ugm-3
20/08/2019,03/09/2019,0.37,V ugm-3
03/09/2019,17/09/2019,0.4,V ugm-3
17/09/2019,01/10/2019,0.49,V ugm-3
01/10/2019,15/10/2019,0.4,V ugm-3
15/10/2019,29/10/2019,0.55,V ugm-3
29/10/2019,12/11/2019,0.75,V ugm-3
12/11/2019,26/11/2019,0.81,V ugm-3
26/11/2019,10/12/2019,0.98,V ugm-3
10/12/2019,24/12/2019,0.89,V ugm-3
24/12/2019,07/01/2020,0.8,V ugm-3
Data for year 2020,,,
Multi-day data,,,
Nottingham Centre,,,
Start Date,End Date,BENZENE,Status / units
07/01/2020,21/01/2020,0.66,V ugm-3
21/01/2020,05/02/2020,0.73,V ugm-3
05/02/2020,19/02/2020,0.64,V ugm-3
19/02/2020,02/03/2020,0.47,V ugm-3
02/03/2020,17/03/2020,0.37,V ugm-3
17/03/2020,01/04/2020,0.54,V ugm-3
01/04/2020,21/04/2020,0.38,V ugm-3
21/04/2020,05/05/2020,0.32,V ugm-3
05/05/2020,20/05/2020,0.48,V ugm-3
20/05/2020,02/06/2020,0.18,V ugm-3
02/06/2020,17/06/2020,0.19,V ugm-3
17/06/2020,30/06/2020,0.17,V ugm-3
30/06/2020,14/07/2020,0.2,V ugm-3
14/07/2020,28/07/2020,0.23,V ugm-3
28/07/2020,12/08/2020,0.24,V ugm-3
12/08/2020,25/08/2020,0.2,V ugm-3
25/08/2020,22/09/2020,0.32,V ugm-3
22/09/2020,06/10/2020,,
06/10/2020,21/10/2020,0.5,V ugm-3
21/10/2020,12/11/2020,0.48,V ugm-3
12/11/2020,18/11/2020,0.46,V ugm-3
18/11/2020,01/12/2020,0.77,V ugm-3
01/12/2020,16/12/2020,0.45,V ugm-3
16/12/2020,29/12/2020,0.61,V ugm-3
29/12/2020,12/01/2021,1.03,V ugm-3
Data for year 2021,,,
Multi-day data,,,
Nottingham Centre,,,
Start Date,End Date,BENZENE,Status / units
12/01/2021,26/01/2021,0.77,V ugm-3
26/01/2021,09/02/2021,0.81,V ugm-3
09/02/2021,03/03/2021,0.27,V ugm-3
03/03/2021,09/03/2021,0.86,V ugm-3
09/03/2021,23/03/2021,0.56,V ugm-3
23/03/2021,06/04/2021,0.51,V ugm-3
06/04/2021,20/04/2021,0.46,V ugm-3
20/04/2021,04/05/2021,0.38,V ugm-3
04/05/2021,18/05/2021,0.4,V ugm-3
18/05/2021,02/06/2021,0.34,V ugm-3
02/06/2021,15/06/2021,0.25,V ugm-3
15/06/2021,01/07/2021,0.25,V ugm-3
01/07/2021,13/07/2021,0.37,V ugm-3
13/07/2021,27/07/2021,0.33,V ugm-3
27/07/2021,10/08/2021,0.27,V ugm-3
10/08/2021,24/08/2021,0.28,V ugm-3
24/08/2021,08/09/2021,0.39,V ugm-3
08/09/2021,21/09/2021,0.45,V ugm-3
21/09/2021,05/10/2021,0.23,V ugm-3
05/10/2021,19/10/2021,0.3,V ugm-3
19/10/2021,02/11/2021,0.32,V ugm-3
02/11/2021,16/11/2021,0.53,V ugm-3
16/11/2021,01/12/2021,0.52,V ugm-3
01/12/2021,14/12/2021,0.52,V ugm-3
14/12/2021,29/12/2021,0.71,V ugm-3
29/12/2021,11/01/2022,0.61,V ugm-3
Data for year 2022,,,
Multi-day data,,,
Nottingham Centre,,,
Start Date,End Date,BENZENE,Status / units
11/01/2022,25/01/2022,,
25/01/2022,08/02/2022,,
08/02/2022,22/02/2022,0.58,V ugm-3
22/02/2022,08/03/2022,0.67,V ugm-3
08/03/2022,22/03/2022,0.7,V ugm-3
22/03/2022,05/04/2022,0.76,V ugm-3
05/04/2022,19/04/2022,0.33,V ugm-3
19/04/2022,03/05/2022,0.41,V ugm-3
03/05/2022,17/05/2022,0.23,V ugm-3
17/05/2022,01/06/2022,0.3,V ugm-3
01/06/2022,14/06/2022,0.25,V ugm-3
14/06/2022,28/06/2022,0.3,V ugm-3
28/06/2022,12/07/2022,0.26,V ugm-3
12/07/2022,26/07/2022,0.18,V ugm-3
26/07/2022,10/08/2022,0.19,V ugm-3
10/08/2022,23/08/2022,0.33,V ugm-3
23/08/2022,06/09/2022,0.21,V ugm-3
06/09/2022,20/09/2022,0.55,V ugm-3
20/09/2022,05/10/2022,0.42,V ugm-3
05/10/2022,19/10/2022,0.48,V ugm-3
19/10/2022,02/11/2022,0.38,V ugm-3
02/11/2022,17/11/2022,0.56,V ugm-3
17/11/2022,30/11/2022,0.67,V ugm-3
30/11/2022,14/12/2022,1.07,V ugm-3
14/12/2022,28/12/2022,0.88,V ugm-3
28/12/2022,11/01/2023,0.4,V ugm-3
Data for year 2023,,,
Multi-day data,,,
Nottingham Centre,,,
Start Date,End Date,BENZENE,Status / units
11/01/2023,25/01/2023,0.8,V ugm-3
25/01/2023,07/02/2023,0.76,V ugm-3
07/02/2023,22/02/2023,0.81,V ugm-3
22/02/2023,08/03/2023,0.68,V ugm-3
08/03/2023,22/03/2023,0.66,V ugm-3
22/03/2023,05/04/2023,0.55,V ugm-3
05/04/2023,19/04/2023,0.57,V ugm-3
19/04/2023,03/05/2023,0.52,V ugm-3
03/05/2023,16/05/2023,0.35,V ugm-3
16/05/2023,31/05/2023,0.34,V ugm-3
31/05/2023,14/06/2023,0.54,V ugm-3
14/06/2023,27/06/2023,0.49,V ugm-3
27/06/2023,11/07/2023,0.46,V ugm-3
11/07/2023,26/07/2023,0.67,V ugm-3
26/07/2023,09/08/2023,0.41,V ugm-3
09/08/2023,23/08/2023,0.45,V ugm-3
23/08/2023,06/09/2023,0.66,V ugm-3
06/09/2023,20/09/2023,0.79,V ugm-3
20/09/2023,04/10/2023,0.54,V ugm-3
04/10/2023,17/10/2023,0.66,V ugm-3
17/10/2023,01/11/2023,0.86,V ugm-3
01/11/2023,15/11/2023,0.61,V ugm-3
15/11/2023,29/11/2023,1.07,V ugm-3
29/11/2023,12/12/2023,1.34,V ugm-3
12/12/2023,27/12/2023,0.76,V ugm-3
27/12/2023,10/01/2024,0.73,V ugm-3
Data for year 2024,,,
Multi-day data,,,
Nottingham Centre,,,
Start Date,End Date,BENZENE,Status / units
10/01/2024,24/01/2024,0.84,V ugm-3
Data for year 2024,,,
Multi-day data,,,
Nottingham Kenmore Gardens,,,
Start Date,End Date,BENZENE,Status / units
24/01/2024,06/02/2024,0.49,V ugm-3
06/02/2024,21/02/2024,0.62,V ugm-3
21/02/2024,06/03/2024,0.83,V ugm-3
06/03/2024,20/03/2024,0.89,V ugm-3
20/03/2024,03/04/2024,0.67,V ugm-3
03/04/2024,18/04/2024,0.39,V ugm-3
18/04/2024,01/05/2024,0.34,V ugm-3
01/05/2024,16/05/2024,0.36,V ugm-3
16/05/2024,29/05/2024,0.28,V ugm-3
29/05/2024,11/06/2024,0.21,V ugm-3
11/06/2024,25/06/2024,0.34,V ugm-3
25/06/2024,10/07/2024,0.17,V ugm-3
10/07/2024,25/07/2024,0.25,V ugm-3
25/07/2024,07/08/2024,0.32,V ugm-3
07/08/2024,22/08/2024,0.39,V ugm-3
22/08/2024,04/09/2024,0.35,V ugm-3
04/09/2024,18/09/2024,0.39,V ugm-3
18/09/2024,02/10/2024,0.4,V ugm-3
02/10/2024,16/10/2024,0.59,V ugm-3
16/10/2024,30/10/2024,0.55,V ugm-3
30/10/2024,13/11/2024,0.62,V ugm-3
13/11/2024,27/11/2024,0.59,V ugm-3
27/11/2024,23/12/2024,0.42,V ugm-3
23/12/2024,07/01/2025,0.6,V ugm-3
Data for year 2025,,,
Multi-day data,,,
Nottingham Kenmore Gardens,,,
Start Date,End Date,BENZENE,Status / units
07/01/2025,21/01/2025,1.57,V ugm-3
21/01/2025,05/02/2025,0.67,V ugm-3
05/02/2025,18/02/2025,0.91,V ugm-3
18/02/2025,05/03/2025,0.62,V ugm-3
05/03/2025,20/03/2025,0.64,V ugm-3
20/03/2025,02/04/2025,0.48,V ugm-3
02/04/2025,16/04/2025,0.33,V ugm-3
16/04/2025,30/04/2025,0.28,V ugm-3
30/04/2025,14/05/2025,0.24,V ugm-3
14/05/2025,28/05/2025,0.14,V ugm-3
28/05/2025,12/06/2025,0.26,V ugm-3
12/06/2025,25/06/2025,0.23,V ugm-3
25/06/2025,09/07/2025,0.16,V ugm-3
09/07/2025,22/07/2025,0.25,V ugm-3
22/07/2025,05/08/2025,0.24,V ugm-3
05/08/2025,19/08/2025,0.38,V ugm-3
19/08/2025,03/09/2025,0.22,V ugm-3
03/09/2025,18/09/2025,0.27,V ugm-3
18/09/2025,02/10/2025,0.44,V ugm-3
02/10/2025,14/10/2025,0.46,V ugm-3
14/10/2025,28/10/2025,0.34,V ugm-3
28/10/2025,12/11/2025,0.54,V ugm-3
12/11/2025,26/11/2025,0.56,V ugm-3
26/11/2025,11/12/2025,0.61,V ugm-3
11/12/2025,23/12/2025,0.76,V ugm-3
23/12/2025,07/01/2026,0.6,V ugm-3
Data for year 2002,,,
Multi-day data,,,
Oxford Centre Roadside,,,
Start Date,End Date,BENZENE,Status / units
26/02/2002,12/03/2002,1.24,V ugm-3
12/03/2002,26/03/2002,1.56,V ugm-3
26/03/2002,08/04/2002,1.37,V ugm-3
08/04/2002,22/04/2002,1.46,V ugm-3
22/04/2002,07/05/2002,0.85,V ugm-3
07/05/2002,20/05/2002,0.98,V ugm-3
20/05/2002,31/05/2002,0.85,V ugm-3
31/05/2002,17/06/2002,1.07,V ugm-3
17/06/2002,01/07/2002,0.75,V ugm-3
01/07/2002,15/07/2002,0.94,V ugm-3
15/07/2002,29/07/2002,0.72,V ugm-3
29/07/2002,09/08/2002,1.14,V ugm-3
09/08/2002,28/08/2002,1.11,V ugm-3
28/08/2002,09/09/2002,1.4,V ugm-3
09/09/2002,25/09/2002,1.63,V ugm-3
25/09/2002,07/10/2002,1.46,V ugm-3
07/10/2002,21/10/2002,1.92,V ugm-3
21/10/2002,04/11/2002,1.4,V ugm-3
04/11/2002,18/11/2002,1.82,V ugm-3
18/11/2002,01/12/2002,1.72,V ugm-3
01/12/2002,16/12/2002,2.5,V ugm-3
16/12/2002,08/01/2003,2.89,V ugm-3
Data for year 2003,,,
Multi-day data,,,
Oxford Centre Roadside,,,
Start Date,End Date,BENZENE,Status / units
08/01/2003,20/01/2003,1.59,V ugm-3
20/01/2003,10/02/2003,1.01,V ugm-3
10/02/2003,24/02/2003,2.21,V ugm-3
24/02/2003,10/03/2003,1.59,V ugm-3
10/03/2003,08/04/2003,1.89,V ugm-3
08/04/2003,17/04/2003,1.85,V ugm-3
17/04/2003,12/05/2003,0.94,V ugm-3
12/05/2003,19/05/2003,0.88,V ugm-3
19/05/2003,02/06/2003,1.24,V ugm-3
02/06/2003,16/06/2003,1.11,V ugm-3
16/06/2003,30/06/2003,1.14,V ugm-3
30/06/2003,14/07/2003,0.42,V ugm-3
14/07/2003,14/08/2003,1.14,V ugm-3
14/08/2003,28/08/2003,1.14,V ugm-3
28/08/2003,09/09/2003,1.66,V ugm-3
09/09/2003,24/09/2003,1.85,V ugm-3
24/09/2003,06/10/2003,1.56,V ugm-3
06/10/2003,20/10/2003,1.92,V ugm-3
20/10/2003,10/11/2003,1.85,V ugm-3
10/11/2003,13/11/2003,2.15,V ugm-3
13/11/2003,24/11/2003,1.72,V ugm-3
24/11/2003,08/12/2003,2.8,V ugm-3
08/12/2003,23/12/2003,4.1,V ugm-3
23/12/2003,13/01/2004,1.5,V ugm-3
Data for year 2004,,,
Multi-day data,,,
Oxford Centre Roadside,,,
Start Date,End Date,BENZENE,Status / units
13/01/2004,26/01/2004,1.76,V ugm-3
26/01/2004,09/02/2004,0.94,V ugm-3
09/02/2004,23/02/2004,2.5,V ugm-3
23/02/2004,08/03/2004,2.67,V ugm-3
08/03/2004,24/03/2004,1.63,V ugm-3
24/03/2004,02/04/2004,2.21,V ugm-3
02/04/2004,19/04/2004,1.66,V ugm-3
19/04/2004,14/05/2004,1.43,V ugm-3
14/05/2004,02/06/2004,1.37,V ugm-3
02/06/2004,15/06/2004,0.94,V ugm-3
15/06/2004,30/06/2004,0.68,V ugm-3
30/06/2004,14/07/2004,0.88,V ugm-3
14/07/2004,02/08/2004,0.94,V ugm-3
02/08/2004,13/08/2004,1.14,V ugm-3
13/08/2004,06/09/2004,0.75,V ugm-3
06/09/2004,23/09/2004,1.37,V ugm-3
23/09/2004,04/10/2004,1.11,V ugm-3
04/10/2004,18/10/2004,2.57,V ugm-3
18/10/2004,15/11/2004,1.5,V ugm-3
15/11/2004,29/11/2004,1.24,V ugm-3
29/11/2004,14/12/2004,4.03,V ugm-3
14/12/2004,24/12/2004,0.91,V ugm-3
24/12/2004,07/01/2005,1.14,V ugm-3
Data for year 2005,,,
Multi-day data,,,
Oxford Centre Roadside,,,
Start Date,End Date,BENZENE,Status / units
07/01/2005,24/01/2005,0.78,V ugm-3
24/01/2005,07/02/2005,1.59,V ugm-3
07/02/2005,21/02/2005,1.69,V ugm-3
21/02/2005,10/03/2005,1.69,V ugm-3
10/03/2005,21/03/2005,1.04,V ugm-3
21/03/2005,04/04/2005,2.7,V ugm-3
04/04/2005,18/04/2005,1.07,V ugm-3
18/04/2005,04/05/2005,1.56,V ugm-3
04/05/2005,16/05/2005,1.14,V ugm-3
16/05/2005,06/06/2005,1.69,V ugm-3
06/06/2005,13/06/2005,1.4,V ugm-3
13/06/2005,27/06/2005,0.78,V ugm-3
27/06/2005,11/07/2005,0.72,V ugm-3
11/07/2005,22/07/2005,1.07,V ugm-3
22/07/2005,05/08/2005,1.24,V ugm-3
05/08/2005,26/08/2005,1.14,V ugm-3
26/08/2005,12/09/2005,1.59,V ugm-3
12/09/2005,26/09/2005,1.43,V ugm-3
26/09/2005,11/10/2005,1.17,V ugm-3
11/10/2005,25/10/2005,1.56,V ugm-3
25/10/2005,08/11/2005,1.07,V ugm-3
08/11/2005,21/11/2005,2.18,V ugm-3
21/11/2005,07/12/2005,1.3,V ugm-3
07/12/2005,20/12/2005,1.79,V ugm-3
20/12/2005,03/01/2006,1.85,V ugm-3
Data for year 2006,,,
Multi-day data,,,
Oxford Centre Roadside,,,
Start Date,End Date,BENZENE,Status / units
03/01/2006,23/01/2006,2.31,V ugm-3
23/01/2006,07/02/2006,1.76,V ugm-3
07/02/2006,21/02/2006,1.53,V ugm-3
21/02/2006,06/03/2006,1.66,V ugm-3
06/03/2006,20/03/2006,1.11,V ugm-3
20/03/2006,31/03/2006,1.43,V ugm-3
31/03/2006,13/04/2006,0.94,V ugm-3
13/04/2006,28/04/2006,1.27,V ugm-3
28/04/2006,12/05/2006,1.46,V ugm-3
12/05/2006,26/05/2006,0.62,V ugm-3
26/05/2006,12/06/2006,0.68,V ugm-3
12/06/2006,30/06/2006,0.72,V ugm-3
30/06/2006,10/07/2006,1.11,V ugm-3
10/07/2006,21/07/2006,1.3,V ugm-3
21/07/2006,02/08/2006,1.01,V ugm-3
02/08/2006,11/08/2006,0.52,V ugm-3
11/08/2006,21/08/2006,1.33,V ugm-3
21/08/2006,05/09/2006,0.42,V ugm-3
05/09/2006,22/09/2006,1.17,V ugm-3
22/09/2006,09/10/2006,0.72,V ugm-3
09/10/2006,25/10/2006,1.2,V ugm-3
25/10/2006,06/11/2006,0.78,V ugm-3
06/11/2006,20/11/2006,1.17,V ugm-3
20/11/2006,04/12/2006,0.55,V ugm-3
04/12/2006,19/12/2006,1.14,V ugm-3
19/12/2006,02/01/2007,1.37,V ugm-3
Data for year 2007,,,
Multi-day data,,,
Oxford Centre Roadside,,,
Start Date,End Date,BENZENE,Status / units
02/01/2007,15/01/2007,0.55,V ugm-3
15/01/2007,29/01/2007,0.59,V ugm-3
29/01/2007,12/02/2007,1.72,V ugm-3
12/02/2007,26/02/2007,0.91,V ugm-3
26/02/2007,12/03/2007,0.78,V ugm-3
12/03/2007,26/03/2007,1.01,V ugm-3
26/03/2007,11/04/2007,1.14,V ugm-3
11/04/2007,26/04/2007,0.62,V ugm-3
26/04/2007,14/05/2007,0.33,V ugm-3
14/05/2007,04/06/2007,0.62,V ugm-3
04/06/2007,18/06/2007,0.52,V ugm-3
18/06/2007,02/07/2007,0.62,V ugm-3
02/07/2007,19/07/2007,0.42,V ugm-3
19/07/2007,07/08/2007,0.72,V ugm-3
07/08/2007,17/08/2007,0.75,V ugm-3
17/08/2007,30/08/2007,0.55,V ugm-3
30/08/2007,17/09/2007,0.62,V ugm-3
17/09/2007,08/10/2007,0.49,V ugm-3
08/10/2007,26/10/2007,0.98,V ugm-3
26/10/2007,12/11/2007,1.4,V ugm-3
12/11/2007,26/11/2007,1.27,V ugm-3
26/11/2007,07/12/2007,0.88,V ugm-3
07/12/2007,13/12/2007,0.55,P ugm-3
24/12/2007,07/01/2008,0.85,V ugm-3
Data for year 2008,,,
Multi-day data,,,
Oxford Centre Roadside,,,
Start Date,End Date,BENZENE,Status / units
07/01/2008,28/01/2008,0.49,V ugm-3
28/01/2008,12/02/2008,2.34,V ugm-3
12/02/2008,25/02/2008,1.27,V ugm-3
25/02/2008,11/03/2008,0.59,V ugm-3
11/03/2008,26/03/2008,0.85,V ugm-3
26/03/2008,11/04/2008,0.65,V ugm-3
11/04/2008,25/04/2008,0.55,V ugm-3
25/04/2008,07/05/2008,0.75,V ugm-3
07/05/2008,23/05/2008,0.72,V ugm-3
23/05/2008,06/06/2008,0.52,V ugm-3
06/06/2008,20/06/2008,0.49,V ugm-3
20/06/2008,04/07/2008,0.42,V ugm-3
04/07/2008,23/07/2008,0.49,V ugm-3
23/07/2008,12/08/2008,0.81,V ugm-3
12/08/2008,28/08/2008,0.55,V ugm-3
28/08/2008,12/09/2008,0.55,V ugm-3
12/09/2008,16/09/2008,0.72,V ugm-3
16/09/2008,09/10/2008,0.39,V ugm-3
09/10/2008,27/10/2008,0.62,V ugm-3
27/10/2008,11/11/2008,0.46,V ugm-3
11/11/2008,26/11/2008,0.36,V ugm-3
26/11/2008,05/12/2008,0.75,V ugm-3
05/12/2008,16/12/2008,0.88,V ugm-3
16/12/2008,05/01/2009,1.04,V ugm-3
Data for year 2009,,,
Multi-day data,,,
Oxford Centre Roadside,,,
Start Date,End Date,BENZENE,Status / units
05/01/2009,23/01/2009,1.11,V ugm-3
23/01/2009,10/02/2009,1.27,V ugm-3
10/02/2009,25/02/2009,0.98,V ugm-3
25/02/2009,12/03/2009,0.68,V ugm-3
12/03/2009,08/04/2009,0.85,V ugm-3
08/04/2009,30/04/2009,0.62,V ugm-3
30/04/2009,11/05/2009,0.55,V ugm-3
11/05/2009,27/05/2009,0.52,V ugm-3
27/05/2009,10/06/2009,0.52,V ugm-3
10/06/2009,22/06/2009,0.52,V ugm-3
22/06/2009,08/07/2009,1.01,V ugm-3
08/07/2009,20/07/2009,0.52,V ugm-3
20/07/2009,06/08/2009,0.85,V ugm-3
06/08/2009,17/08/2009,0.26,V ugm-3
14/09/2009,05/10/2009,0.62,V ugm-3
05/10/2009,19/10/2009,0.81,V ugm-3
19/10/2009,03/11/2009,0.78,V ugm-3
03/11/2009,16/11/2009,0.72,V ugm-3
16/11/2009,01/12/2009,0.52,V ugm-3
01/12/2009,14/12/2009,0.68,V ugm-3
14/12/2009,05/01/2010,0.98,V ugm-3
Data for year 2010,,,
Multi-day data,,,
Oxford Centre Roadside,,,
Start Date,End Date,BENZENE,Status / units
05/01/2010,25/01/2010,1.43,V ugm-3
25/01/2010,08/02/2010,1.2,V ugm-3
08/02/2010,22/02/2010,1.19,V ugm-3
22/02/2010,08/03/2010,1.06,V ugm-3
08/03/2010,23/03/2010,0.67,V ugm-3
23/03/2010,07/04/2010,0.48,V ugm-3
07/04/2010,19/04/2010,0.84,V ugm-3
19/04/2010,04/05/2010,0.67,V ugm-3
04/05/2010,17/05/2010,0.51,V ugm-3
17/05/2010,03/06/2010,0.61,V ugm-3
03/06/2010,15/06/2010,0.51,V ugm-3
15/06/2010,28/06/2010,0.48,V ugm-3
06/07/2010,27/07/2010,0.38,V ugm-3
27/07/2010,11/08/2010,0.39,V ugm-3
11/08/2010,01/09/2010,0.41,V ugm-3
01/09/2010,08/09/2010,0.79,V ugm-3
08/09/2010,22/09/2010,0.43,V ugm-3
22/09/2010,06/10/2010,0.41,V ugm-3
06/10/2010,20/10/2010,0.65,V ugm-3
20/10/2010,03/11/2010,0.56,V ugm-3
03/11/2010,17/11/2010,0.97,V ugm-3
17/11/2010,02/12/2010,0.85,V ugm-3
02/12/2010,21/12/2010,1.02,V ugm-3
21/12/2010,05/01/2011,1.23,V ugm-3
Data for year 2011,,,
Multi-day data,,,
Oxford Centre Roadside,,,
Start Date,End Date,BENZENE,Status / units
05/01/2011,12/01/2011,0.96,V ugm-3
12/01/2011,26/01/2011,0.79,V ugm-3
26/01/2011,09/02/2011,0.66,V ugm-3
09/02/2011,23/02/2011,1.13,V ugm-3
23/02/2011,09/03/2011,0.79,V ugm-3
09/03/2011,23/03/2011,0.99,V ugm-3
23/03/2011,06/04/2011,0.69,V ugm-3
06/04/2011,20/04/2011,0.86,V ugm-3
20/04/2011,04/05/2011,0.71,V ugm-3
04/05/2011,18/05/2011,0.37,V ugm-3
18/05/2011,01/06/2011,0.31,V ugm-3
01/06/2011,15/06/2011,0.32,V ugm-3
15/06/2011,29/06/2011,0.3,V ugm-3
29/06/2011,13/07/2011,0.3,V ugm-3
13/07/2011,27/07/2011,0.28,V ugm-3
27/07/2011,24/08/2011,0.38,V ugm-3
24/08/2011,07/09/2011,0.47,V ugm-3
07/09/2011,21/09/2011,0.56,V ugm-3
21/09/2011,05/10/2011,0.76,V ugm-3
05/10/2011,02/11/2011,0.74,V ugm-3
02/11/2011,16/11/2011,1.71,V ugm-3
16/11/2011,30/11/2011,0.75,V ugm-3
30/11/2011,14/12/2011,0.95,V ugm-3
14/12/2011,04/01/2012,0.66,V ugm-3
Data for year 2012,,,
Multi-day data,,,
Oxford Centre Roadside,,,
Start Date,End Date,BENZENE,Status / units
04/01/2012,18/01/2012,1.34,V ugm-3
18/01/2012,01/02/2012,0.88,V ugm-3
01/02/2012,15/02/2012,1.59,V ugm-3
29/02/2012,14/03/2012,0.7,V ugm-3
14/03/2012,28/03/2012,0.79,V ugm-3
28/03/2012,11/04/2012,0.35,V ugm-3
11/04/2012,24/04/2012,0.41,V ugm-3
24/04/2012,09/05/2012,0.54,V ugm-3
09/05/2012,23/05/2012,0.41,V ugm-3
23/05/2012,06/06/2012,0.54,V ugm-3
06/06/2012,20/06/2012,0.37,V ugm-3
20/06/2012,04/07/2012,0.4,V ugm-3
04/07/2012,25/07/2012,0.34,V ugm-3
25/07/2012,08/08/2012,0.42,V ugm-3
08/08/2012,22/08/2012,0.5,V ugm-3
22/08/2012,04/09/2012,0.37,V ugm-3
04/09/2012,19/09/2012,0.36,V ugm-3
19/09/2012,02/10/2012,0.45,V ugm-3
02/10/2012,16/10/2012,0.62,V ugm-3
16/10/2012,31/10/2012,0.47,V ugm-3
31/10/2012,13/11/2012,0.58,V ugm-3
13/11/2012,04/12/2012,1.19,V ugm-3
04/12/2012,02/01/2013,0.65,V ugm-3
Data for year 2013,,,
Multi-day data,,,
Oxford Centre Roadside,,,
Start Date,End Date,BENZENE,Status / units
02/01/2013,16/01/2013,1.05,V ugm-3
16/01/2013,30/01/2013,1.49,V ugm-3
30/01/2013,12/02/2013,1.04,V ugm-3
12/02/2013,26/02/2013,1.36,V ugm-3
26/02/2013,14/03/2013,0.96,V ugm-3
14/03/2013,05/04/2013,0.96,V ugm-3
05/04/2013,18/04/2013,0.48,V ugm-3
18/04/2013,08/05/2013,0.74,V ugm-3
08/05/2013,22/05/2013,0.39,V ugm-3
22/05/2013,07/06/2013,,
07/06/2013,19/06/2013,0.53,V ugm-3
19/06/2013,03/07/2013,0.57,V ugm-3
03/07/2013,17/07/2013,0.81,V ugm-3
17/07/2013,31/07/2013,0.48,V ugm-3
31/07/2013,14/08/2013,0.49,V ugm-3
14/08/2013,28/08/2013,0.73,V ugm-3
28/08/2013,11/09/2013,0.75,V ugm-3
11/09/2013,25/09/2013,0.67,V ugm-3
25/09/2013,09/10/2013,0.79,V ugm-3
09/10/2013,23/10/2013,0.62,V ugm-3
23/10/2013,06/11/2013,0.66,V ugm-3
06/11/2013,20/11/2013,0.97,V ugm-3
20/11/2013,05/12/2013,0.81,V ugm-3
05/12/2013,18/12/2013,0.8,V ugm-3
18/12/2013,02/01/2014,0.5,V ugm-3
Data for year 2014,,,
Multi-day data,,,
Oxford Centre Roadside,,,
Start Date,End Date,BENZENE,Status / units
02/01/2014,15/01/2014,0.54,V ugm-3
15/01/2014,29/01/2014,0.95,V ugm-3
29/01/2014,13/02/2014,0.88,V ugm-3
13/02/2014,24/02/2014,0.86,V ugm-3
24/02/2014,13/03/2014,0.95,V ugm-3
13/03/2014,27/03/2014,0.54,V ugm-3
27/03/2014,09/04/2014,1.06,V ugm-3
09/04/2014,24/04/2014,0.67,V ugm-3
24/04/2014,07/05/2014,0.67,V ugm-3
07/05/2014,21/05/2014,0.56,V ugm-3
21/05/2014,04/06/2014,,
04/06/2014,18/06/2014,,
18/06/2014,02/07/2014,,
02/07/2014,16/07/2014,0.39,V ugm-3
16/07/2014,30/07/2014,0.57,V ugm-3
30/07/2014,13/08/2014,,
13/08/2014,27/08/2014,,
27/08/2014,11/09/2014,0.82,V ugm-3
11/09/2014,25/09/2014,0.77,V ugm-3
25/09/2014,09/10/2014,0.59,V ugm-3
09/10/2014,22/10/2014,0.53,V ugm-3
22/10/2014,05/11/2014,0.55,V ugm-3
05/11/2014,19/11/2014,0.98,V ugm-3
19/11/2014,02/12/2014,1.63,V ugm-3
02/12/2014,18/12/2014,0.73,V ugm-3
18/12/2014,05/01/2015,0.93,V ugm-3
Data for year 2015,,,
Multi-day data,,,
Oxford Centre Roadside,,,
Start Date,End Date,BENZENE,Status / units
05/01/2015,19/01/2015,0.36,V ugm-3
19/01/2015,03/02/2015,0.29,V ugm-3
03/02/2015,17/02/2015,1.17,V ugm-3
17/02/2015,05/03/2015,0.66,V ugm-3
05/03/2015,19/03/2015,1.07,V ugm-3
19/03/2015,01/04/2015,0.76,V ugm-3
01/04/2015,14/04/2015,0.69,V ugm-3
14/04/2015,28/04/2015,0.53,V ugm-3
28/04/2015,12/05/2015,0.5,V ugm-3
12/05/2015,26/05/2015,0.4,V ugm-3
26/05/2015,09/06/2015,0.29,V ugm-3
09/06/2015,23/06/2015,0.4,V ugm-3
23/06/2015,07/07/2015,0.44,V ugm-3
07/07/2015,22/07/2015,0.32,V ugm-3
22/07/2015,10/08/2015,0.39,V ugm-3
10/08/2015,20/08/2015,0.55,V ugm-3
20/08/2015,02/09/2015,0.42,V ugm-3
02/09/2015,15/09/2015,0.9,V ugm-3
15/09/2015,30/09/2015,0.71,V ugm-3
30/09/2015,14/10/2015,0.86,V ugm-3
14/10/2015,28/10/2015,0.81,V ugm-3
28/10/2015,10/11/2015,1.05,V ugm-3
10/11/2015,25/11/2015,0.48,V ugm-3
25/11/2015,08/12/2015,0.43,V ugm-3
08/12/2015,23/12/2015,0.58,V ugm-3
23/12/2015,05/01/2016,0.56,V ugm-3
Data for year 2016,,,
Multi-day data,,,
Oxford Centre Roadside,,,
Start Date,End Date,BENZENE,Status / units
05/01/2016,20/01/2016,0.93,V ugm-3
20/01/2016,02/02/2016,0.57,V ugm-3
02/02/2016,17/02/2016,0.73,V ugm-3
17/02/2016,02/03/2016,0.74,V ugm-3
02/03/2016,15/03/2016,0.9,V ugm-3
15/03/2016,30/03/2016,0.49,V ugm-3
30/03/2016,13/04/2016,,
13/04/2016,26/04/2016,0.56,V ugm-3
26/04/2016,10/05/2016,0.7,V ugm-3
10/05/2016,25/05/2016,0.37,V ugm-3
25/05/2016,08/06/2016,0.54,V ugm-3
08/06/2016,21/06/2016,0.31,V ugm-3
21/06/2016,06/07/2016,0.41,V ugm-3
06/07/2016,19/07/2016,0.21,V ugm-3
19/07/2016,02/08/2016,0.38,V ugm-3
02/08/2016,16/08/2016,0.24,V ugm-3
16/08/2016,31/08/2016,0.39,V ugm-3
31/08/2016,13/09/2016,,
13/09/2016,27/09/2016,0.51,V ugm-3
27/09/2016,12/10/2016,0.4,V ugm-3
12/10/2016,27/10/2016,0.8,V ugm-3
27/10/2016,10/11/2016,0.81,V ugm-3
10/11/2016,28/11/2016,0.47,V ugm-3
28/11/2016,06/12/2016,1.24,V ugm-3
06/12/2016,21/12/2016,0.99,V ugm-3
21/12/2016,04/01/2017,0.92,V ugm-3
Data for year 2017,,,
Multi-day data,,,
Oxford Centre Roadside,,,
Start Date,End Date,BENZENE,Status / units
04/01/2017,17/01/2017,0.8,V ugm-3
17/01/2017,31/01/2017,1.48,V ugm-3
31/01/2017,15/02/2017,,
15/02/2017,28/02/2017,,
28/02/2017,15/03/2017,,
15/03/2017,28/03/2017,1.08,V ugm-3
28/03/2017,12/04/2017,2.02,V ugm-3
12/04/2017,03/05/2017,0.43,V ugm-3
03/05/2017,17/05/2017,0.36,V ugm-3
17/05/2017,30/05/2017,0.27,V ugm-3
30/05/2017,14/06/2017,0.23,V ugm-3
14/06/2017,27/06/2017,0.39,V ugm-3
27/06/2017,12/07/2017,0.28,V ugm-3
12/07/2017,27/07/2017,0.29,V ugm-3
27/07/2017,09/08/2017,0.26,V ugm-3
09/08/2017,23/08/2017,0.28,V ugm-3
23/08/2017,07/09/2017,0.54,V ugm-3
07/09/2017,21/09/2017,0.33,V ugm-3
21/09/2017,05/10/2017,0.48,V ugm-3
05/10/2017,19/10/2017,0.4,V ugm-3
19/10/2017,02/11/2017,0.71,V ugm-3
02/11/2017,16/11/2017,0.94,V ugm-3
16/11/2017,30/11/2017,0.64,V ugm-3
30/11/2017,14/12/2017,0.69,V ugm-3
14/12/2017,29/12/2017,0.71,V ugm-3
29/12/2017,11/01/2018,0.75,V ugm-3
Data for year 2018,,,
Multi-day data,,,
Oxford Centre Roadside,,,
Start Date,End Date,BENZENE,Status / units
11/01/2018,25/01/2018,0.62,V ugm-3
25/01/2018,08/02/2018,0.75,V ugm-3
08/02/2018,22/02/2018,0.62,V ugm-3
22/02/2018,08/03/2018,0.99,V ugm-3
08/03/2018,22/03/2018,0.76,V ugm-3
22/03/2018,04/04/2018,0.58,V ugm-3
04/04/2018,17/04/2018,0.66,V ugm-3
17/04/2018,01/05/2018,0.42,V ugm-3
01/05/2018,17/05/2018,0.47,V ugm-3
17/05/2018,01/06/2018,0.45,V ugm-3
01/06/2018,14/06/2018,0.28,V ugm-3
14/06/2018,27/06/2018,0.22,V ugm-3
27/06/2018,12/07/2018,0.23,V ugm-3
12/07/2018,26/07/2018,0.45,V ugm-3
26/07/2018,08/08/2018,0.32,V ugm-3
08/08/2018,22/08/2018,0.24,V ugm-3
22/08/2018,04/09/2018,0.49,V ugm-3
04/09/2018,18/09/2018,0.34,V ugm-3
18/09/2018,02/10/2018,0.47,V ugm-3
02/10/2018,17/10/2018,0.34,V ugm-3
17/10/2018,01/11/2018,0.52,V ugm-3
01/11/2018,15/11/2018,0.54,V ugm-3
15/11/2018,29/11/2018,0.9,V ugm-3
29/11/2018,13/12/2018,0.5,V ugm-3
13/12/2018,27/12/2018,0.79,V ugm-3
27/12/2018,14/01/2019,0.67,V ugm-3
Data for year 2019,,,
Multi-day data,,,
Oxford Centre Roadside,,,
Start Date,End Date,BENZENE,Status / units
14/01/2019,24/01/2019,0.9,V ugm-3
24/01/2019,08/02/2019,0.84,V ugm-3
08/02/2019,21/02/2019,0.78,V ugm-3
21/02/2019,02/05/2019,,
02/05/2019,15/05/2019,0.34,V ugm-3
15/05/2019,30/05/2019,0.31,V ugm-3
30/05/2019,13/06/2019,0.22,V ugm-3
13/06/2019,27/06/2019,0.25,V ugm-3
27/06/2019,11/07/2019,0.26,V ugm-3
11/07/2019,25/07/2019,0.24,V ugm-3
25/07/2019,08/08/2019,0.23,V ugm-3
08/08/2019,22/08/2019,0.25,V ugm-3
22/08/2019,05/09/2019,0.33,V ugm-3
05/09/2019,19/09/2019,0.42,V ugm-3
19/09/2019,03/10/2019,0.36,V ugm-3
03/10/2019,17/10/2019,0.34,V ugm-3
17/10/2019,31/10/2019,0.59,V ugm-3
31/10/2019,14/11/2019,0.66,V ugm-3
14/11/2019,28/11/2019,0.8,V ugm-3
28/11/2019,16/12/2019,0.83,V ugm-3
16/12/2019,02/01/2020,0.86,V ugm-3
Data for year 2020,,,
Multi-day data,,,
Oxford Centre Roadside,,,
Start Date,End Date,BENZENE,Status / units
02/01/2020,16/01/2020,0.49,V ugm-3
16/01/2020,30/01/2020,0.81,V ugm-3
30/01/2020,13/02/2020,0.57,V ugm-3
13/02/2020,26/02/2020,0.27,V ugm-3
26/02/2020,12/03/2020,0.43,V ugm-3
12/03/2020,25/03/2020,0.47,V ugm-3
25/03/2020,07/04/2020,0.45,V ugm-3
07/04/2020,21/04/2020,0.48,V ugm-3
21/04/2020,06/05/2020,0.28,V ugm-3
06/05/2020,20/05/2020,0.28,V ugm-3
20/05/2020,03/06/2020,0.35,V ugm-3
03/06/2020,19/06/2020,0.17,V ugm-3
19/06/2020,30/06/2020,0.15,V ugm-3
30/06/2020,15/07/2020,0.17,V ugm-3
15/07/2020,30/07/2020,0.2,V ugm-3
30/07/2020,14/08/2020,0.31,V ugm-3
14/08/2020,27/08/2020,0.19,V ugm-3
27/08/2020,09/09/2020,0.26,V ugm-3
09/09/2020,07/10/2020,0.3,V ugm-3
07/10/2020,22/10/2020,0.5,V ugm-3
22/10/2020,06/11/2020,0.64,V ugm-3
06/11/2020,19/11/2020,0.64,V ugm-3
19/11/2020,03/12/2020,0.88,V ugm-3
03/12/2020,17/12/2020,0.59,V ugm-3
17/12/2020,13/01/2021,0.95,V ugm-3
Data for year 2021,,,
Multi-day data,,,
Oxford Centre Roadside,,,
Start Date,End Date,BENZENE,Status / units
13/01/2021,27/01/2021,0.72,V ugm-3
27/01/2021,10/02/2021,0.72,V ugm-3
10/02/2021,24/02/2021,0.65,V ugm-3
24/02/2021,10/03/2021,0.87,V ugm-3
10/03/2021,24/03/2021,0.53,V ugm-3
24/03/2021,07/04/2021,0.5,V ugm-3
07/04/2021,21/04/2021,0.65,V ugm-3
21/04/2021,05/05/2021,0.38,V ugm-3
05/05/2021,19/05/2021,0.31,V ugm-3
19/05/2021,01/06/2021,0.37,V ugm-3
01/06/2021,16/06/2021,0.26,V ugm-3
16/06/2021,30/06/2021,0.34,V ugm-3
30/06/2021,14/07/2021,0.26,V ugm-3
14/07/2021,28/07/2021,0.39,V ugm-3
28/07/2021,11/08/2021,0.25,V ugm-3
11/08/2021,25/08/2021,0.26,V ugm-3
25/08/2021,07/09/2021,0.5,V ugm-3
07/09/2021,22/09/2021,0.55,V ugm-3
22/09/2021,06/10/2021,0.21,V ugm-3
06/10/2021,20/10/2021,0.32,V ugm-3
20/10/2021,03/11/2021,0.37,V ugm-3
03/11/2021,16/11/2021,0.43,V ugm-3
16/11/2021,01/12/2021,0.48,V ugm-3
01/12/2021,15/12/2021,0.43,V ugm-3
15/12/2021,30/12/2021,0.55,V ugm-3
30/12/2021,12/01/2022,0.49,V ugm-3
Data for year 2022,,,
Multi-day data,,,
Oxford Centre Roadside,,,
Start Date,End Date,BENZENE,Status / units
12/01/2022,26/01/2022,1.34,V ugm-3
26/01/2022,09/02/2022,0.4,V ugm-3
09/02/2022,24/02/2022,0.43,V ugm-3
24/02/2022,09/03/2022,0.79,V ugm-3
09/03/2022,23/03/2022,0.68,V ugm-3
23/03/2022,06/04/2022,0.58,V ugm-3
06/04/2022,20/04/2022,0.7,V ugm-3
20/04/2022,05/05/2022,0.43,V ugm-3
05/05/2022,18/05/2022,0.21,V ugm-3
18/05/2022,01/06/2022,0.15,V ugm-3
01/06/2022,15/06/2022,0.24,V ugm-3
15/06/2022,29/06/2022,0.27,V ugm-3
29/06/2022,13/07/2022,0.26,V ugm-3
13/07/2022,27/07/2022,0.2,V ugm-3
27/07/2022,10/08/2022,0.35,V ugm-3
10/08/2022,24/08/2022,,
24/08/2022,07/09/2022,0.27,V ugm-3
07/09/2022,21/09/2022,0.49,V ugm-3
21/09/2022,05/10/2022,0.36,V ugm-3
05/10/2022,19/10/2022,0.5,V ugm-3
19/10/2022,02/11/2022,0.3,V ugm-3
02/11/2022,16/11/2022,0.51,V ugm-3
16/11/2022,28/11/2022,0.51,V ugm-3
28/11/2022,14/12/2022,1.08,V ugm-3
14/12/2022,04/01/2023,0.64,V ugm-3
Data for year 2023,,,
Multi-day data,,,
Oxford Centre Roadside,,,
Start Date,End Date,BENZENE,Status / units
04/01/2023,11/01/2023,0.42,V ugm-3
11/01/2023,25/01/2023,0.81,V ugm-3
25/01/2023,08/02/2023,0.81,V ugm-3
08/02/2023,22/02/2023,0.6,V ugm-3
22/02/2023,08/03/2023,0.58,V ugm-3
08/03/2023,22/03/2023,0.58,V ugm-3
22/03/2023,05/04/2023,0.43,V ugm-3
05/04/2023,19/04/2023,0.64,V ugm-3
19/04/2023,03/05/2023,,
03/05/2023,16/05/2023,0.26,V ugm-3
16/05/2023,31/05/2023,0.36,V ugm-3
31/05/2023,14/06/2023,0.54,V ugm-3
14/06/2023,26/06/2023,0.37,V ugm-3
26/06/2023,11/07/2023,0.29,V ugm-3
11/07/2023,26/07/2023,0.37,V ugm-3
26/07/2023,09/08/2023,0.23,V ugm-3
09/08/2023,23/08/2023,0.33,V ugm-3
23/08/2023,06/09/2023,,
06/09/2023,20/09/2023,0.55,V ugm-3
20/09/2023,03/10/2023,0.36,V ugm-3
03/10/2023,19/10/2023,0.51,V ugm-3
19/10/2023,01/11/2023,0.71,V ugm-3
01/11/2023,15/11/2023,0.52,V ugm-3
15/11/2023,29/11/2023,0.61,V ugm-3
29/11/2023,14/12/2023,0.69,V ugm-3
14/12/2023,28/12/2023,0.38,V ugm-3
28/12/2023,10/01/2024,0.48,V ugm-3
Data for year 2024,,,
Multi-day data,,,
Oxford Centre Roadside,,,
Start Date,End Date,BENZENE,Status / units
10/01/2024,25/01/2024,,
25/01/2024,07/02/2024,0.38,V ugm-3
07/02/2024,21/02/2024,0.63,V ugm-3
21/02/2024,06/03/2024,0.98,V ugm-3
06/03/2024,21/03/2024,0.78,V ugm-3
21/03/2024,04/04/2024,,
04/04/2024,18/04/2024,0.31,V ugm-3
18/04/2024,01/05/2024,0.43,V ugm-3
01/05/2024,16/05/2024,0.38,V ugm-3
16/05/2024,29/05/2024,0.34,V ugm-3
29/05/2024,12/06/2024,0.24,V ugm-3
12/06/2024,27/06/2024,0.19,V ugm-3
27/06/2024,10/07/2024,0.15,V ugm-3
10/07/2024,25/07/2024,,
25/07/2024,07/08/2024,0.39,V ugm-3
07/08/2024,20/08/2024,0.33,V ugm-3
20/08/2024,06/09/2024,0.42,V ugm-3
06/09/2024,18/09/2024,0.76,V ugm-3
18/09/2024,02/10/2024,0.52,V ugm-3
02/10/2024,16/10/2024,0.45,V ugm-3
16/10/2024,31/10/2024,0.45,V ugm-3
31/10/2024,13/11/2024,0.69,V ugm-3
13/11/2024,27/11/2024,0.57,V ugm-3
27/11/2024,23/12/2024,0.46,V ugm-3
23/12/2024,08/01/2025,0.43,V ugm-3
Data for year 2025,,,
Multi-day data,,,
Oxford Centre Roadside,,,
Start Date,End Date,BENZENE,Status / units
08/01/2025,23/01/2025,1.24,V ugm-3
23/01/2025,05/02/2025,0.66,V ugm-3
05/02/2025,19/02/2025,0.98,V ugm-3
19/02/2025,06/03/2025,0.57,V ugm-3
06/03/2025,19/03/2025,0.63,V ugm-3
19/03/2025,02/04/2025,0.51,V ugm-3
02/04/2025,16/04/2025,0.4,V ugm-3
16/04/2025,30/04/2025,0.3,V ugm-3
30/04/2025,15/05/2025,0.3,V ugm-3
15/05/2025,29/05/2025,0.17,V ugm-3
29/05/2025,10/06/2025,0.2,V ugm-3
10/06/2025,25/06/2025,0.33,V ugm-3
25/06/2025,09/07/2025,0.19,V ugm-3
09/07/2025,23/07/2025,0.29,V ugm-3
23/07/2025,06/08/2025,0.31,V ugm-3
06/08/2025,20/08/2025,0.34,V ugm-3
Data for year 2008,,,
Multi-day data,,,
Oxford St Ebbes,,,
Start Date,End Date,BENZENE,Status / units
01/02/2008,15/02/2008,1.07,V ugm-3
15/02/2008,29/02/2008,0.88,V ugm-3
29/02/2008,13/03/2008,0.36,V ugm-3
13/03/2008,26/03/2008,0.46,V ugm-3
26/03/2008,11/04/2008,0.81,V ugm-3
11/04/2008,28/04/2008,0.42,V ugm-3
28/04/2008,09/05/2008,0.52,V ugm-3
09/05/2008,23/05/2008,0.49,V ugm-3
23/05/2008,06/06/2008,0.36,V ugm-3
20/06/2008,04/07/2008,0.23,V ugm-3
04/07/2008,22/07/2008,0.16,V ugm-3
22/07/2008,14/08/2008,0.23,V ugm-3
14/08/2008,28/08/2008,0.16,V ugm-3
28/08/2008,16/09/2008,0.29,V ugm-3
16/09/2008,10/10/2008,0.26,V ugm-3
10/10/2008,28/10/2008,0.29,V ugm-3
28/10/2008,17/11/2008,0.55,V ugm-3
17/11/2008,02/12/2008,0.49,V ugm-3
02/12/2008,17/12/2008,0.98,V ugm-3
17/12/2008,05/01/2009,0.68,V ugm-3
Data for year 2009,,,
Multi-day data,,,
Oxford St Ebbes,,,
Start Date,End Date,BENZENE,Status / units
05/01/2009,22/01/2009,0.85,V ugm-3
22/01/2009,10/02/2009,0.72,V ugm-3
10/02/2009,25/02/2009,0.62,V ugm-3
25/02/2009,13/03/2009,0.55,V ugm-3
13/03/2009,25/03/2009,0.62,V ugm-3
25/03/2009,09/04/2009,0.46,V ugm-3
09/04/2009,28/04/2009,0.36,V ugm-3
28/04/2009,07/05/2009,0.23,V ugm-3
07/05/2009,29/05/2009,0.29,V ugm-3
11/06/2009,24/06/2009,0.29,V ugm-3
26/06/2009,07/07/2009,0.33,V ugm-3
07/07/2009,20/07/2009,0.36,V ugm-3
20/07/2009,06/08/2009,0.2,V ugm-3
06/08/2009,17/08/2009,0.39,V ugm-3
17/08/2009,02/09/2009,0.36,V ugm-3
02/09/2009,14/09/2009,0.49,V ugm-3
14/09/2009,05/10/2009,0.59,V ugm-3
05/10/2009,19/10/2009,0.62,V ugm-3
19/10/2009,03/11/2009,0.62,V ugm-3
03/11/2009,17/11/2009,0.75,V ugm-3
17/11/2009,01/12/2009,0.46,V ugm-3
01/12/2009,15/12/2009,0.68,V ugm-3
15/12/2009,11/01/2010,1.01,V ugm-3
Data for year 2010,,,
Multi-day data,,,
Oxford St Ebbes,,,
Start Date,End Date,BENZENE,Status / units
11/01/2010,25/01/2010,1.42,V ugm-3
25/01/2010,09/02/2010,1,V ugm-3
09/02/2010,22/02/2010,1.02,V ugm-3
22/02/2010,08/03/2010,0.83,V ugm-3
08/03/2010,23/03/2010,0.54,V ugm-3
23/03/2010,08/04/2010,0.38,V ugm-3
08/04/2010,22/04/2010,0.53,V ugm-3
22/04/2010,05/05/2010,0.44,V ugm-3
05/05/2010,18/05/2010,0.34,V ugm-3
18/05/2010,04/06/2010,0.37,V ugm-3
04/06/2010,14/06/2010,0.22,V ugm-3
14/06/2010,28/06/2010,0.12,V ugm-3
06/07/2010,27/07/2010,0.22,V ugm-3
27/07/2010,11/08/2010,0.19,V ugm-3
11/08/2010,01/09/2010,0.27,V ugm-3
01/09/2010,08/09/2010,0.35,V ugm-3
08/09/2010,22/09/2010,,
22/09/2010,06/10/2010,,
03/11/2010,17/11/2010,0.65,V ugm-3
17/11/2010,02/12/2010,0.75,V ugm-3
02/12/2010,21/12/2010,0.87,V ugm-3
21/12/2010,05/01/2011,1.27,V ugm-3
Data for year 2011,,,
Multi-day data,,,
Oxford St Ebbes,,,
Start Date,End Date,BENZENE,Status / units
05/01/2011,14/01/2011,0.74,V ugm-3
14/01/2011,26/01/2011,0.89,V ugm-3
26/01/2011,09/02/2011,0.48,V ugm-3
09/02/2011,23/02/2011,0.95,V ugm-3
23/02/2011,09/03/2011,0.68,V ugm-3
09/03/2011,23/03/2011,0.82,V ugm-3
23/03/2011,06/04/2011,0.57,V ugm-3
06/04/2011,20/04/2011,0.67,V ugm-3
20/04/2011,04/05/2011,0.58,V ugm-3
04/05/2011,18/05/2011,0.31,V ugm-3
18/05/2011,01/06/2011,0.22,V ugm-3
01/06/2011,15/06/2011,0.23,V ugm-3
15/06/2011,29/06/2011,0.18,V ugm-3
29/06/2011,13/07/2011,0.22,V ugm-3
13/07/2011,27/07/2011,0.21,V ugm-3
27/07/2011,24/08/2011,0.27,V ugm-3
24/08/2011,07/09/2011,0.3,V ugm-3
07/09/2011,21/09/2011,0.16,V ugm-3
21/09/2011,05/10/2011,0.17,V ugm-3
05/10/2011,02/11/2011,0.41,V ugm-3
02/11/2011,16/11/2011,1.13,V ugm-3
16/11/2011,30/11/2011,0.45,V ugm-3
30/11/2011,14/12/2011,0.52,V ugm-3
14/12/2011,04/01/2012,0.59,V ugm-3
Data for year 2012,,,
Multi-day data,,,
Oxford St Ebbes,,,
Start Date,End Date,BENZENE,Status / units
04/01/2012,18/01/2012,1.32,V ugm-3
18/01/2012,01/02/2012,0.98,V ugm-3
01/02/2012,15/02/2012,1.41,V ugm-3
29/02/2012,14/03/2012,0.73,V ugm-3
14/03/2012,28/03/2012,0.87,V ugm-3
28/03/2012,11/04/2012,0.51,V ugm-3
11/04/2012,24/04/2012,0.41,V ugm-3
24/04/2012,09/05/2012,0.43,V ugm-3
09/05/2012,23/05/2012,0.35,V ugm-3
23/05/2012,06/06/2012,0.41,V ugm-3
06/06/2012,20/06/2012,0.25,V ugm-3
20/06/2012,04/07/2012,0.23,V ugm-3
04/07/2012,25/07/2012,0.25,V ugm-3
08/08/2012,22/08/2012,0.44,V ugm-3
22/08/2012,04/09/2012,0.34,V ugm-3
04/09/2012,19/09/2012,0.31,V ugm-3
19/09/2012,02/10/2012,0.35,V ugm-3
02/10/2012,17/10/2012,0.45,V ugm-3
17/10/2012,31/10/2012,0.4,V ugm-3
31/10/2012,13/11/2012,0.48,V ugm-3
13/11/2012,04/12/2012,,
04/12/2012,03/01/2013,0.75,V ugm-3
Data for year 2013,,,
Multi-day data,,,
Oxford St Ebbes,,,
Start Date,End Date,BENZENE,Status / units
03/01/2013,16/01/2013,1.05,V ugm-3
16/01/2013,30/01/2013,1.31,V ugm-3
30/01/2013,12/02/2013,0.94,V ugm-3
12/02/2013,26/02/2013,1.45,V ugm-3
26/02/2013,13/03/2013,0.91,V ugm-3
13/03/2013,05/04/2013,0.68,V ugm-3
05/04/2013,18/04/2013,0.49,V ugm-3
18/04/2013,08/05/2013,0.6,V ugm-3
08/05/2013,22/05/2013,0.35,V ugm-3
22/05/2013,07/06/2013,,
07/06/2013,19/06/2013,0.4,V ugm-3
19/06/2013,03/07/2013,0.39,V ugm-3
03/07/2013,17/07/2013,0.62,V ugm-3
17/07/2013,31/07/2013,0.41,V ugm-3
31/07/2013,14/08/2013,0.33,V ugm-3
14/08/2013,28/08/2013,0.5,V ugm-3
28/08/2013,11/09/2013,0.55,V ugm-3
11/09/2013,25/09/2013,0.53,V ugm-3
25/09/2013,09/10/2013,0.62,V ugm-3
09/10/2013,23/10/2013,0.56,V ugm-3
23/10/2013,06/11/2013,0.54,V ugm-3
06/11/2013,20/11/2013,0.91,V ugm-3
20/11/2013,05/12/2013,0.73,V ugm-3
05/12/2013,18/12/2013,0.71,V ugm-3
18/12/2013,02/01/2014,,
Data for year 2014,,,
Multi-day data,,,
Oxford St Ebbes,,,
Start Date,End Date,BENZENE,Status / units
02/01/2014,15/01/2014,0.45,V ugm-3
15/01/2014,29/01/2014,0.88,V ugm-3
29/01/2014,13/02/2014,0.82,V ugm-3
13/02/2014,26/02/2014,0.63,V ugm-3
26/02/2014,13/03/2014,0.84,V ugm-3
13/03/2014,27/03/2014,0.55,V ugm-3
27/03/2014,09/04/2014,0.76,V ugm-3
09/04/2014,24/04/2014,0.54,V ugm-3
24/04/2014,07/05/2014,0.52,V ugm-3
07/05/2014,21/05/2014,0.42,V ugm-3
21/05/2014,04/06/2014,0.6,V ugm-3
04/06/2014,18/06/2014,0.29,V ugm-3
18/06/2014,02/07/2014,0.29,V ugm-3
02/07/2014,16/07/2014,0.31,V ugm-3
16/07/2014,30/07/2014,0.37,V ugm-3
30/07/2014,13/08/2014,0.32,V ugm-3
13/08/2014,27/08/2014,0.27,V ugm-3
27/08/2014,11/09/2014,0.64,V ugm-3
11/09/2014,25/09/2014,0.64,V ugm-3
25/09/2014,09/10/2014,0.51,V ugm-3
09/10/2014,22/10/2014,0.42,V ugm-3
22/10/2014,05/11/2014,0.5,V ugm-3
05/11/2014,19/11/2014,1.15,V ugm-3
19/11/2014,02/12/2014,1.37,V ugm-3
02/12/2014,18/12/2014,0.7,V ugm-3
18/12/2014,05/01/2015,0.91,V ugm-3
Data for year 2015,,,
Multi-day data,,,
Oxford St Ebbes,,,
Start Date,End Date,BENZENE,Status / units
05/01/2015,19/01/2015,0.45,V ugm-3
19/01/2015,03/02/2015,0.9,V ugm-3
03/02/2015,17/02/2015,0.95,V ugm-3
17/02/2015,06/03/2015,0.65,V ugm-3
06/03/2015,19/03/2015,1.05,V ugm-3
19/03/2015,01/04/2015,0.61,V ugm-3
01/04/2015,14/04/2015,0.87,V ugm-3
14/04/2015,28/04/2015,0.42,V ugm-3
28/04/2015,13/05/2015,0.37,V ugm-3
13/05/2015,26/05/2015,0.31,V ugm-3
26/05/2015,09/06/2015,0.24,V ugm-3
09/06/2015,23/06/2015,0.3,V ugm-3
23/06/2015,07/07/2015,0.34,V ugm-3
07/07/2015,22/07/2015,0.28,V ugm-3
22/07/2015,10/08/2015,0.29,V ugm-3
10/08/2015,20/08/2015,0.41,V ugm-3
20/08/2015,02/09/2015,0.31,V ugm-3
02/09/2015,15/09/2015,0.56,V ugm-3
15/09/2015,30/09/2015,0.55,V ugm-3
30/09/2015,14/10/2015,0.68,V ugm-3
14/10/2015,28/10/2015,0.64,V ugm-3
28/10/2015,10/11/2015,0.84,V ugm-3
10/11/2015,25/11/2015,0.46,V ugm-3
25/11/2015,08/12/2015,0.43,V ugm-3
08/12/2015,23/12/2015,0.48,V ugm-3
23/12/2015,05/01/2016,0.54,V ugm-3
Data for year 2016,,,
Multi-day data,,,
Oxford St Ebbes,,,
Start Date,End Date,BENZENE,Status / units
05/01/2016,20/01/2016,0.84,V ugm-3
20/01/2016,02/02/2016,0.57,V ugm-3
02/02/2016,17/02/2016,0.7,V ugm-3
17/02/2016,02/03/2016,0.67,V ugm-3
02/03/2016,15/03/2016,0.79,V ugm-3
15/03/2016,30/03/2016,0.39,V ugm-3
30/03/2016,13/04/2016,0.26,V ugm-3
13/04/2016,26/04/2016,0.34,V ugm-3
26/04/2016,10/05/2016,0.51,V ugm-3
10/05/2016,25/05/2016,0.28,V ugm-3
25/05/2016,08/06/2016,0.39,V ugm-3
08/06/2016,21/06/2016,,
21/06/2016,06/07/2016,0.18,V ugm-3
06/07/2016,19/07/2016,0.2,V ugm-3
19/07/2016,02/08/2016,0.28,V ugm-3
02/08/2016,16/08/2016,0.19,V ugm-3
16/08/2016,31/08/2016,0.3,V ugm-3
31/08/2016,13/09/2016,,
13/09/2016,27/09/2016,0.42,V ugm-3
27/09/2016,12/10/2016,0.3,V ugm-3
12/10/2016,27/10/2016,0.65,V ugm-3
27/10/2016,10/11/2016,0.81,V ugm-3
10/11/2016,28/11/2016,0.45,V ugm-3
28/11/2016,06/12/2016,1.54,V ugm-3
06/12/2016,21/12/2016,0.85,V ugm-3
21/12/2016,04/01/2017,0.88,V ugm-3
Data for year 2017,,,
Multi-day data,,,
Oxford St Ebbes,,,
Start Date,End Date,BENZENE,Status / units
04/01/2017,17/01/2017,0.73,V ugm-3
17/01/2017,31/01/2017,1.39,V ugm-3
31/01/2017,15/02/2017,1.1,V ugm-3
15/02/2017,28/02/2017,0.64,V ugm-3
28/02/2017,15/03/2017,0.55,V ugm-3
15/03/2017,28/03/2017,0.54,V ugm-3
28/03/2017,12/04/2017,0.49,V ugm-3
12/04/2017,03/05/2017,0.3,V ugm-3
03/05/2017,17/05/2017,0.26,V ugm-3
17/05/2017,30/05/2017,0.21,V ugm-3
30/05/2017,14/06/2017,0.16,V ugm-3
14/06/2017,27/06/2017,0.26,V ugm-3
27/06/2017,12/07/2017,0.26,V ugm-3
12/07/2017,27/07/2017,0.16,V ugm-3
27/07/2017,09/08/2017,0.05,V ugm-3
09/08/2017,23/08/2017,0.08,V ugm-3
23/08/2017,07/09/2017,0.16,V ugm-3
07/09/2017,21/09/2017,0.09,V ugm-3
21/09/2017,05/10/2017,0.13,V ugm-3
05/10/2017,19/10/2017,0.07,V ugm-3
19/10/2017,02/11/2017,0.46,V ugm-3
02/11/2017,16/11/2017,0.91,V ugm-3
16/11/2017,30/11/2017,0.65,V ugm-3
30/11/2017,14/12/2017,0.65,V ugm-3
14/12/2017,29/12/2017,0.68,V ugm-3
29/12/2017,11/01/2018,0.69,V ugm-3
Data for year 2018,,,
Multi-day data,,,
Oxford St Ebbes,,,
Start Date,End Date,BENZENE,Status / units
11/01/2018,25/01/2018,0.6,V ugm-3
25/01/2018,08/02/2018,0.71,V ugm-3
08/02/2018,22/02/2018,0.58,V ugm-3
22/02/2018,08/03/2018,0.96,V ugm-3
08/03/2018,22/03/2018,0.68,V ugm-3
22/03/2018,04/04/2018,0.5,V ugm-3
04/04/2018,17/04/2018,0.57,V ugm-3
17/04/2018,01/05/2018,0.39,V ugm-3
01/05/2018,17/05/2018,0.37,V ugm-3
17/05/2018,01/06/2018,0.22,V ugm-3
01/06/2018,14/06/2018,0.18,V ugm-3
14/06/2018,27/06/2018,0.18,V ugm-3
27/06/2018,12/07/2018,0.17,V ugm-3
12/07/2018,26/07/2018,0.15,V ugm-3
26/07/2018,08/08/2018,0.17,V ugm-3
08/08/2018,22/08/2018,0.18,V ugm-3
22/08/2018,04/09/2018,0.3,V ugm-3
04/09/2018,18/09/2018,0.31,V ugm-3
18/09/2018,02/10/2018,0.43,V ugm-3
02/10/2018,17/10/2018,0.37,V ugm-3
17/10/2018,01/11/2018,0.54,V ugm-3
01/11/2018,15/11/2018,0.6,V ugm-3
15/11/2018,29/11/2018,0.83,V ugm-3
29/11/2018,13/12/2018,,
13/12/2018,27/12/2018,0.71,V ugm-3
27/12/2018,10/01/2019,0.6,V ugm-3
Data for year 2019,,,
Multi-day data,,,
Oxford St Ebbes,,,
Start Date,End Date,BENZENE,Status / units
10/01/2019,24/01/2019,0.78,V ugm-3
24/01/2019,08/02/2019,0.77,V ugm-3
08/02/2019,21/02/2019,0.7,V ugm-3
21/02/2019,07/03/2019,0.89,V ugm-3
07/03/2019,21/03/2019,0.42,V ugm-3
21/03/2019,04/04/2019,0.71,V ugm-3
04/04/2019,17/04/2019,0.63,V ugm-3
17/04/2019,02/05/2019,0.49,V ugm-3
02/05/2019,15/05/2019,0.27,V ugm-3
15/05/2019,30/05/2019,0.24,V ugm-3
30/05/2019,13/06/2019,0.18,V ugm-3
13/06/2019,27/06/2019,0.19,V ugm-3
27/06/2019,11/07/2019,0.21,V ugm-3
11/07/2019,25/07/2019,0.16,V ugm-3
25/07/2019,08/08/2019,0.22,V ugm-3
08/08/2019,22/08/2019,0.21,V ugm-3
22/08/2019,05/09/2019,0.29,V ugm-3
05/09/2019,19/09/2019,0.37,V ugm-3
19/09/2019,03/10/2019,0.33,V ugm-3
03/10/2019,17/10/2019,0.33,V ugm-3
17/10/2019,31/10/2019,0.59,V ugm-3
31/10/2019,14/11/2019,0.67,V ugm-3
14/11/2019,28/11/2019,0.73,V ugm-3
28/11/2019,16/12/2019,0.85,V ugm-3
16/12/2019,02/01/2020,0.85,V ugm-3
Data for year 2020,,,
Multi-day data,,,
Oxford St Ebbes,,,
Start Date,End Date,BENZENE,Status / units
02/01/2020,16/01/2020,0.53,V ugm-3
16/01/2020,30/01/2020,0.88,V ugm-3
30/01/2020,13/02/2020,0.56,V ugm-3
13/02/2020,26/02/2020,0.28,V ugm-3
26/02/2020,12/03/2020,0.43,V ugm-3
12/03/2020,25/03/2020,0.45,V ugm-3
25/03/2020,07/04/2020,0.44,V ugm-3
07/04/2020,21/04/2020,0.44,V ugm-3
21/04/2020,06/05/2020,0.25,V ugm-3
06/05/2020,20/05/2020,0.23,V ugm-3
20/05/2020,03/06/2020,0.3,V ugm-3
03/06/2020,19/06/2020,0.18,V ugm-3
19/06/2020,30/06/2020,0.14,V ugm-3
30/06/2020,15/07/2020,0.15,V ugm-3
15/07/2020,30/07/2020,0.18,V ugm-3
30/07/2020,14/08/2020,0.11,V ugm-3
14/08/2020,27/08/2020,0.15,V ugm-3
27/08/2020,09/09/2020,0.18,V ugm-3
09/09/2020,07/10/2020,0.26,V ugm-3
07/10/2020,22/10/2020,0.45,V ugm-3
22/10/2020,06/11/2020,0.57,V ugm-3
06/11/2020,19/11/2020,0.65,V ugm-3
19/11/2020,03/12/2020,0.82,V ugm-3
03/12/2020,17/12/2020,0.56,V ugm-3
17/12/2020,13/01/2021,0.85,V ugm-3
Data for year 2021,,,
Multi-day data,,,
Oxford St Ebbes,,,
Start Date,End Date,BENZENE,Status / units
13/01/2021,27/01/2021,0.69,V ugm-3
27/01/2021,10/02/2021,0.64,V ugm-3
10/02/2021,24/02/2021,0.64,V ugm-3
24/02/2021,10/03/2021,0.76,V ugm-3
10/03/2021,24/03/2021,0.47,V ugm-3
24/03/2021,07/04/2021,0.45,V ugm-3
07/04/2021,21/04/2021,0.51,V ugm-3
21/04/2021,04/05/2021,0.33,V ugm-3
04/05/2021,19/05/2021,0.26,V ugm-3
19/05/2021,01/06/2021,0.29,V ugm-3
01/06/2021,16/06/2021,0.24,V ugm-3
16/06/2021,30/06/2021,0.23,V ugm-3
30/06/2021,14/07/2021,0.23,V ugm-3
14/07/2021,28/07/2021,0.27,V ugm-3
28/07/2021,11/08/2021,0.24,V ugm-3
11/08/2021,25/08/2021,0.24,V ugm-3
25/08/2021,07/09/2021,0.33,V ugm-3
07/09/2021,22/09/2021,0.43,V ugm-3
22/09/2021,06/10/2021,0.21,V ugm-3
06/10/2021,20/10/2021,0.26,V ugm-3
20/10/2021,03/11/2021,0.36,V ugm-3
03/11/2021,16/11/2021,0.43,V ugm-3
16/11/2021,01/12/2021,0.48,V ugm-3
01/12/2021,15/12/2021,0.42,V ugm-3
15/12/2021,30/12/2021,0.53,V ugm-3
30/12/2021,12/01/2022,0.54,V ugm-3
Data for year 2022,,,
Multi-day data,,,
Oxford St Ebbes,,,
Start Date,End Date,BENZENE,Status / units
12/01/2022,26/01/2022,1.05,V ugm-3
26/01/2022,09/02/2022,0.37,V ugm-3
09/02/2022,24/02/2022,0.42,V ugm-3
24/02/2022,09/03/2022,0.74,V ugm-3
09/03/2022,23/03/2022,0.61,V ugm-3
23/03/2022,06/04/2022,0.56,V ugm-3
06/04/2022,20/04/2022,0.52,V ugm-3
20/04/2022,05/05/2022,0.34,V ugm-3
05/05/2022,18/05/2022,0.19,V ugm-3
18/05/2022,01/06/2022,0.11,V ugm-3
01/06/2022,15/06/2022,0.18,V ugm-3
15/06/2022,29/06/2022,0.23,V ugm-3
29/06/2022,13/07/2022,0.21,V ugm-3
13/07/2022,27/07/2022,0.18,V ugm-3
27/07/2022,10/08/2022,0.22,V ugm-3
10/08/2022,24/08/2022,0.36,V ugm-3
24/08/2022,07/09/2022,0.2,V ugm-3
07/09/2022,21/09/2022,0.39,V ugm-3
21/09/2022,05/10/2022,0.26,V ugm-3
05/10/2022,19/10/2022,0.54,V ugm-3
19/10/2022,02/11/2022,0.24,V ugm-3
02/11/2022,16/11/2022,0.37,V ugm-3
16/11/2022,28/11/2022,0.52,V ugm-3
28/11/2022,14/12/2022,0.96,V ugm-3
14/12/2022,04/01/2023,0.64,V ugm-3
Data for year 2023,,,
Multi-day data,,,
Oxford St Ebbes,,,
Start Date,End Date,BENZENE,Status / units
04/01/2023,11/01/2023,0.35,V ugm-3
11/01/2023,25/01/2023,0.78,V ugm-3
25/01/2023,08/02/2023,0.69,V ugm-3
08/02/2023,22/02/2023,0.5,V ugm-3
22/02/2023,08/03/2023,0.5,V ugm-3
08/03/2023,22/03/2023,0.49,V ugm-3
22/03/2023,05/04/2023,0.38,V ugm-3
05/04/2023,19/04/2023,0.46,V ugm-3
19/04/2023,03/05/2023,0.38,V ugm-3
03/05/2023,16/05/2023,0.21,V ugm-3
16/05/2023,31/05/2023,0.24,V ugm-3
31/05/2023,14/06/2023,0.41,V ugm-3
14/06/2023,26/06/2023,0.27,V ugm-3
26/06/2023,11/07/2023,0.27,V ugm-3
11/07/2023,26/07/2023,0.25,V ugm-3
26/07/2023,09/08/2023,0.18,V ugm-3
09/08/2023,23/08/2023,0.26,V ugm-3
23/08/2023,06/09/2023,0.4,V ugm-3
06/09/2023,20/09/2023,0.46,V ugm-3
20/09/2023,03/10/2023,0.29,V ugm-3
03/10/2023,19/10/2023,0.46,V ugm-3
19/10/2023,01/11/2023,0.6,V ugm-3
01/11/2023,15/11/2023,0.45,V ugm-3
15/11/2023,29/11/2023,0.59,V ugm-3
29/11/2023,14/12/2023,0.69,V ugm-3
14/12/2023,28/12/2023,0.36,V ugm-3
28/12/2023,10/01/2024,0.48,V ugm-3
Data for year 2024,,,
Multi-day data,,,
Oxford St Ebbes,,,
Start Date,End Date,BENZENE,Status / units
10/01/2024,25/01/2024,0.78,V ugm-3
25/01/2024,07/02/2024,,
07/02/2024,21/02/2024,0.6,V ugm-3
21/02/2024,06/03/2024,0.79,V ugm-3
06/03/2024,21/03/2024,0.79,V ugm-3
21/03/2024,04/04/2024,,
04/04/2024,18/04/2024,0.31,V ugm-3
18/04/2024,01/05/2024,0.36,V ugm-3
01/05/2024,16/05/2024,0.31,V ugm-3
16/05/2024,29/05/2024,0.3,V ugm-3
29/05/2024,12/06/2024,0.22,V ugm-3
12/06/2024,27/06/2024,0.16,V ugm-3
27/06/2024,10/07/2024,0.1,V ugm-3
10/07/2024,25/07/2024,0.15,V ugm-3
25/07/2024,07/08/2024,0.36,V ugm-3
07/08/2024,20/08/2024,0.32,V ugm-3
20/08/2024,06/09/2024,0.31,V ugm-3
06/09/2024,18/09/2024,0.34,V ugm-3
18/09/2024,02/10/2024,0.42,V ugm-3
02/10/2024,16/10/2024,0.44,V ugm-3
16/10/2024,31/10/2024,0.34,V ugm-3
31/10/2024,13/11/2024,0.54,V ugm-3
13/11/2024,27/11/2024,0.61,V ugm-3
27/11/2024,24/12/2024,0.47,V ugm-3
24/12/2024,08/01/2025,0.43,V ugm-3
Data for year 2025,,,
Multi-day data,,,
Oxford St Ebbes,,,
Start Date,End Date,BENZENE,Status / units
08/01/2025,23/01/2025,,
23/01/2025,05/02/2025,,
05/02/2025,20/02/2025,,
20/02/2025,06/03/2025,,
06/03/2025,19/03/2025,0.61,V ugm-3
19/03/2025,31/03/2025,0.55,V ugm-3
02/04/2025,16/04/2025,0.26,V ugm-3
16/04/2025,30/04/2025,0.27,V ugm-3
30/04/2025,16/05/2025,0.14,V ugm-3
16/05/2025,29/05/2025,0.13,V ugm-3
29/05/2025,10/06/2025,0.17,V ugm-3
10/06/2025,25/06/2025,0.27,V ugm-3
25/06/2025,09/07/2025,0.14,V ugm-3
09/07/2025,23/07/2025,0.25,V ugm-3
23/07/2025,06/08/2025,0.16,V ugm-3
06/08/2025,20/08/2025,0.25,V ugm-3
20/08/2025,03/09/2025,0.16,V ugm-3
03/09/2025,17/09/2025,0.18,V ugm-3
17/09/2025,01/10/2025,0.38,V ugm-3
01/10/2025,15/10/2025,0.37,V ugm-3
15/10/2025,29/10/2025,0.34,V ugm-3
29/10/2025,12/11/2025,0.34,V ugm-3
12/11/2025,25/11/2025,0.46,V ugm-3
25/11/2025,10/12/2025,0.43,V ugm-3
10/12/2025,22/12/2025,0.48,V ugm-3
22/12/2025,07/01/2026,0.57,V ugm-3
Data for year 2002,,,
Multi-day data,,,
Plymouth Centre,,,
Start Date,End Date,BENZENE,Status / units
06/06/2002,20/06/2002,0.46,V ugm-3
20/06/2002,04/07/2002,0.46,V ugm-3
04/07/2002,18/07/2002,0.46,V ugm-3
18/07/2002,06/08/2002,0.46,V ugm-3
06/08/2002,15/08/2002,0.49,V ugm-3
15/08/2002,27/08/2002,0.62,V ugm-3
27/08/2002,11/09/2002,0.91,V ugm-3
11/09/2002,24/09/2002,1.11,V ugm-3
24/09/2002,10/10/2002,1.33,V ugm-3
10/10/2002,23/10/2002,1.17,V ugm-3
23/10/2002,07/11/2002,0.85,V ugm-3
07/11/2002,21/11/2002,1.17,V ugm-3
21/11/2002,03/12/2002,0.91,V ugm-3
03/12/2002,17/12/2002,2.76,V ugm-3
17/12/2002,30/12/2002,1.3,V ugm-3
30/12/2002,15/01/2003,1.98,V ugm-3
Data for year 2003,,,
Multi-day data,,,
Plymouth Centre,,,
Start Date,End Date,BENZENE,Status / units
15/01/2003,28/01/2003,1.27,V ugm-3
28/01/2003,13/02/2003,0.91,V ugm-3
13/02/2003,27/02/2003,1.56,V ugm-3
27/02/2003,26/03/2003,1.3,V ugm-3
26/03/2003,10/04/2003,1.01,V ugm-3
10/04/2003,24/04/2003,1.07,V ugm-3
24/04/2003,08/05/2003,0.55,V ugm-3
08/05/2003,21/05/2003,0.39,V ugm-3
21/05/2003,03/06/2003,0.72,V ugm-3
03/06/2003,17/06/2003,1.37,V ugm-3
17/06/2003,02/07/2003,0.72,V ugm-3
02/07/2003,16/07/2003,0.75,V ugm-3
16/07/2003,31/07/2003,0.42,V ugm-3
31/07/2003,14/08/2003,0.68,V ugm-3
14/08/2003,28/08/2003,0.94,V ugm-3
28/08/2003,10/09/2003,0.98,V ugm-3
10/09/2003,25/09/2003,1.37,V ugm-3
25/09/2003,09/10/2003,1.24,V ugm-3
09/10/2003,22/10/2003,1.27,V ugm-3
20/11/2003,02/12/2003,0.94,V ugm-3
Data for year 2004,,,
Multi-day data,,,
Plymouth Centre,,,
Start Date,End Date,BENZENE,Status / units
14/01/2004,29/01/2004,0.68,V ugm-3
29/01/2004,11/02/2004,0.91,V ugm-3
11/02/2004,26/02/2004,2.15,V ugm-3
26/02/2004,11/03/2004,2.08,V ugm-3
11/03/2004,23/03/2004,1.07,V ugm-3
23/03/2004,07/04/2004,1.33,V ugm-3
07/04/2004,21/04/2004,0.88,V ugm-3
21/04/2004,04/05/2004,0.91,V ugm-3
04/05/2004,20/05/2004,1.14,V ugm-3
20/05/2004,01/06/2004,0.98,V ugm-3
01/06/2004,15/06/2004,0.59,V ugm-3
15/06/2004,29/06/2004,0.36,V ugm-3
29/06/2004,13/07/2004,0.65,V ugm-3
13/07/2004,27/07/2004,0.72,V ugm-3
27/07/2004,12/08/2004,0.59,V ugm-3
12/08/2004,24/08/2004,0.46,V ugm-3
24/08/2004,07/09/2004,0.85,V ugm-3
07/09/2004,21/09/2004,0.81,V ugm-3
21/09/2004,05/10/2004,0.59,V ugm-3
05/10/2004,19/10/2004,1.2,V ugm-3
19/10/2004,02/11/2004,0.91,V ugm-3
02/11/2004,16/11/2004,0.85,V ugm-3
16/11/2004,30/11/2004,0.85,V ugm-3
30/11/2004,14/12/2004,2.08,V ugm-3
Data for year 2005,,,
Multi-day data,,,
Plymouth Centre,,,
Start Date,End Date,BENZENE,Status / units
25/01/2005,23/02/2005,1.37,V ugm-3
23/02/2005,08/03/2005,1.66,V ugm-3
08/03/2005,22/03/2005,0.94,V ugm-3
22/03/2005,05/04/2005,1.85,V ugm-3
05/04/2005,19/04/2005,0.91,V ugm-3
19/04/2005,03/05/2005,0.94,V ugm-3
03/05/2005,10/05/2005,0.52,V ugm-3
10/05/2005,07/06/2005,0.81,V ugm-3
07/06/2005,21/06/2005,0.68,V ugm-3
21/06/2005,05/07/2005,0.49,V ugm-3
05/07/2005,19/07/2005,0.78,V ugm-3
19/07/2005,02/08/2005,0.62,V ugm-3
02/08/2005,16/08/2005,0.55,V ugm-3
16/08/2005,30/08/2005,0.72,V ugm-3
30/08/2005,13/09/2005,0.75,V ugm-3
13/09/2005,28/09/2005,0.85,V ugm-3
28/09/2005,11/10/2005,0.85,V ugm-3
11/10/2005,25/10/2005,1.07,V ugm-3
25/10/2005,08/11/2005,0.75,V ugm-3
08/11/2005,22/11/2005,2.37,V ugm-3
22/11/2005,06/12/2005,1.17,V ugm-3
06/12/2005,20/12/2005,1.72,V ugm-3
20/12/2005,03/01/2006,2.02,V ugm-3
Data for year 2006,,,
Multi-day data,,,
Plymouth Centre,,,
Start Date,End Date,BENZENE,Status / units
03/01/2006,17/01/2006,1.72,V ugm-3
17/01/2006,31/01/2006,1.46,V ugm-3
31/01/2006,14/02/2006,1.69,V ugm-3
14/02/2006,28/02/2006,1.04,V ugm-3
28/02/2006,14/03/2006,1.24,V ugm-3
14/03/2006,27/03/2006,1.5,V ugm-3
27/03/2006,11/04/2006,0.85,V ugm-3
11/04/2006,26/04/2006,0.81,V ugm-3
26/04/2006,09/05/2006,0.72,V ugm-3
09/05/2006,23/05/2006,0.55,V ugm-3
23/05/2006,06/06/2006,0.39,V ugm-3
06/06/2006,20/06/2006,0.49,V ugm-3
20/06/2006,04/07/2006,0.52,V ugm-3
04/07/2006,18/07/2006,0.68,V ugm-3
18/07/2006,02/08/2006,0.42,V ugm-3
02/08/2006,15/08/2006,0.26,V ugm-3
15/08/2006,30/08/2006,0.39,V ugm-3
30/08/2006,13/09/2006,0.65,V ugm-3
13/09/2006,27/09/2006,0.59,V ugm-3
27/09/2006,10/10/2006,0.52,V ugm-3
10/10/2006,24/10/2006,0.85,V ugm-3
24/10/2006,07/11/2006,1.53,V ugm-3
07/11/2006,21/11/2006,0.75,V ugm-3
21/11/2006,05/12/2006,0.52,V ugm-3
05/12/2006,19/12/2006,1.72,V ugm-3
19/12/2006,04/01/2007,11.25,V ugm-3
Data for year 2007,,,
Multi-day data,,,
Plymouth Centre,,,
Start Date,End Date,BENZENE,Status / units
04/01/2007,16/01/2007,0.65,V ugm-3
16/01/2007,30/01/2007,0.72,V ugm-3
30/01/2007,13/02/2007,1.11,V ugm-3
13/02/2007,27/02/2007,0.59,V ugm-3
27/02/2007,13/03/2007,0.59,V ugm-3
13/03/2007,27/03/2007,1.01,V ugm-3
27/03/2007,10/04/2007,0.88,V ugm-3
10/04/2007,24/04/2007,0.55,V ugm-3
24/04/2007,08/05/2007,0.46,V ugm-3
08/05/2007,23/05/2007,0.42,V ugm-3
23/05/2007,06/06/2007,0.55,V ugm-3
06/06/2007,22/06/2007,0.33,V ugm-3
22/06/2007,03/07/2007,0.39,V ugm-3
03/07/2007,17/07/2007,0.39,V ugm-3
17/07/2007,01/08/2007,0.39,V ugm-3
01/08/2007,15/08/2007,0.42,V ugm-3
15/08/2007,30/08/2007,0.33,V ugm-3
30/08/2007,11/09/2007,0.52,V ugm-3
11/09/2007,26/09/2007,0.36,V ugm-3
26/09/2007,25/10/2007,0.78,V ugm-3
25/10/2007,06/11/2007,1.11,V ugm-3
06/11/2007,20/11/2007,0.68,V ugm-3
20/11/2007,04/12/2007,0.68,V ugm-3
04/12/2007,18/12/2007,0.78,V ugm-3
18/12/2007,03/01/2008,1.24,V ugm-3
Data for year 2008,,,
Multi-day data,,,
Plymouth Centre,,,
Start Date,End Date,BENZENE,Status / units
03/01/2008,15/01/2008,0.52,V ugm-3
15/01/2008,29/01/2008,0.46,V ugm-3
29/01/2008,12/02/2008,1.17,V ugm-3
12/02/2008,26/02/2008,0.75,V ugm-3
26/02/2008,11/03/2008,0.78,V ugm-3
11/03/2008,25/03/2008,0.72,V ugm-3
25/03/2008,08/04/2008,0.55,V ugm-3
08/04/2008,06/05/2008,0.42,V ugm-3
06/05/2008,03/06/2008,0.52,V ugm-3
03/06/2008,17/06/2008,0.26,V ugm-3
17/06/2008,14/07/2008,0.23,V ugm-3
15/07/2008,29/07/2008,0.26,V ugm-3
29/07/2008,14/08/2008,0.2,V ugm-3
16/09/2008,30/09/2008,0.68,V ugm-3
30/09/2008,08/10/2008,0.2,V ugm-3
08/10/2008,21/10/2008,0.62,V ugm-3
21/10/2008,05/11/2008,0.85,V ugm-3
05/11/2008,18/11/2008,0.65,V ugm-3
18/11/2008,04/12/2008,0.85,V ugm-3
04/12/2008,17/12/2008,1.27,V ugm-3
17/12/2008,02/01/2009,1.85,V ugm-3
Data for year 2009,,,
Multi-day data,,,
Plymouth Centre,,,
Start Date,End Date,BENZENE,Status / units
02/01/2009,16/01/2009,1.24,V ugm-3
16/01/2009,27/01/2009,0.59,V ugm-3
27/01/2009,24/02/2009,0.98,V ugm-3
24/02/2009,10/03/2009,0.62,V ugm-3
10/03/2009,24/03/2009,0.85,V ugm-3
24/03/2009,07/04/2009,0.59,V ugm-3
07/04/2009,22/04/2009,0.52,V ugm-3
22/04/2009,05/05/2009,0.62,V ugm-3
05/05/2009,19/05/2009,0.62,V ugm-3
19/05/2009,02/06/2009,0.39,V ugm-3
02/06/2009,17/06/2009,0.46,V ugm-3
17/06/2009,07/07/2009,0.55,V ugm-3
07/07/2009,18/08/2009,0.33,V ugm-3
18/08/2009,08/09/2009,0.55,V ugm-3
08/09/2009,22/09/2009,0.85,V ugm-3
22/09/2009,06/10/2009,0.55,V ugm-3
06/10/2009,20/10/2009,0.68,V ugm-3
20/10/2009,03/11/2009,0.42,V ugm-3
03/11/2009,17/11/2009,0.46,V ugm-3
17/11/2009,01/12/2009,0.36,V ugm-3
01/12/2009,15/12/2009,0.78,V ugm-3
15/12/2009,05/01/2010,,
Data for year 2010,,,
Multi-day data,,,
Plymouth Centre,,,
Start Date,End Date,BENZENE,Status / units
05/01/2010,12/01/2010,1.01,V ugm-3
12/01/2010,26/01/2010,1.04,V ugm-3
26/01/2010,09/02/2010,1.01,V ugm-3
09/02/2010,23/02/2010,1.01,V ugm-3
23/02/2010,09/03/2010,0.98,V ugm-3
09/03/2010,23/03/2010,0.78,V ugm-3
23/03/2010,06/04/2010,0.39,V ugm-3
06/04/2010,20/04/2010,0.68,V ugm-3
20/04/2010,04/05/2010,0.55,V ugm-3
04/05/2010,18/05/2010,0.46,V ugm-3
18/05/2010,01/06/2010,0.45,V ugm-3
01/06/2010,17/06/2010,0.32,V ugm-3
17/06/2010,30/06/2010,0.32,V ugm-3
27/07/2010,10/08/2010,0.21,V ugm-3
10/08/2010,24/08/2010,0.26,V ugm-3
24/08/2010,07/09/2010,0.44,V ugm-3
07/09/2010,21/09/2010,0.39,V ugm-3
21/09/2010,05/10/2010,0.38,V ugm-3
05/10/2010,19/10/2010,0.65,V ugm-3
19/10/2010,02/11/2010,0.55,V ugm-3
02/11/2010,16/11/2010,0.59,V ugm-3
16/11/2010,30/11/2010,1.06,V ugm-3
30/11/2010,14/12/2010,1.3,V ugm-3
14/12/2010,11/01/2011,1.14,V ugm-3
Data for year 2011,,,
Multi-day data,,,
Plymouth Centre,,,
Start Date,End Date,BENZENE,Status / units
11/01/2011,16/02/2011,0.84,V ugm-3
16/02/2011,23/02/2011,0.87,V ugm-3
23/02/2011,08/03/2011,0.71,V ugm-3
08/03/2011,23/03/2011,0.91,V ugm-3
23/03/2011,05/04/2011,0.66,V ugm-3
05/04/2011,19/04/2011,0.71,V ugm-3
19/04/2011,03/05/2011,0.66,V ugm-3
03/05/2011,17/05/2011,0.33,V ugm-3
17/05/2011,31/05/2011,0.29,V ugm-3
31/05/2011,15/06/2011,0.17,V ugm-3
15/06/2011,28/06/2011,0.24,V ugm-3
28/06/2011,12/07/2011,0.28,V ugm-3
12/07/2011,26/07/2011,0.24,V ugm-3
26/07/2011,09/08/2011,0.2,V ugm-3
09/08/2011,23/08/2011,0.34,V ugm-3
23/08/2011,06/09/2011,0.4,V ugm-3
06/09/2011,20/09/2011,0.19,V ugm-3
20/09/2011,04/10/2011,0.43,V ugm-3
04/10/2011,19/10/2011,0.41,V ugm-3
19/10/2011,01/11/2011,0.61,V ugm-3
01/11/2011,15/11/2011,0.93,V ugm-3
15/11/2011,29/11/2011,0.53,V ugm-3
29/11/2011,13/12/2011,1.25,V ugm-3
13/12/2011,03/01/2012,0.57,V ugm-3
Data for year 2012,,,
Multi-day data,,,
Plymouth Centre,,,
Start Date,End Date,BENZENE,Status / units
03/01/2012,10/01/2012,0.68,V ugm-3
10/01/2012,25/01/2012,0.93,V ugm-3
25/01/2012,07/02/2012,1.18,V ugm-3
07/02/2012,21/02/2012,0.96,V ugm-3
21/02/2012,06/03/2012,0.56,V ugm-3
06/03/2012,20/03/2012,1,V ugm-3
20/03/2012,03/04/2012,0.72,V ugm-3
03/04/2012,01/05/2012,0.61,V ugm-3
01/05/2012,15/05/2012,0.58,V ugm-3
15/05/2012,29/05/2012,0.73,V ugm-3
29/05/2012,12/06/2012,0.34,V ugm-3
12/06/2012,26/06/2012,0.34,V ugm-3
26/06/2012,10/07/2012,0.31,V ugm-3
10/07/2012,24/07/2012,0.28,V ugm-3
24/07/2012,07/08/2012,0.32,V ugm-3
07/08/2012,21/08/2012,0.34,V ugm-3
21/08/2012,18/09/2012,0.29,V ugm-3
18/09/2012,01/10/2012,0.38,V ugm-3
Data for year 2020,,,
Multi-day data,,,
Port Talbot Margam,,,
Start Date,End Date,BENZENE,Status / units
23/01/2020,05/02/2020,0.78,V ugm-3
05/02/2020,19/02/2020,0.98,V ugm-3
19/02/2020,04/03/2020,0.6,V ugm-3
04/03/2020,18/03/2020,0.61,V ugm-3
18/03/2020,01/04/2020,0.59,V ugm-3
01/04/2020,29/04/2020,0.28,V ugm-3
29/04/2020,13/05/2020,0.54,V ugm-3
13/05/2020,27/05/2020,0.36,V ugm-3
27/05/2020,10/06/2020,0.25,V ugm-3
10/06/2020,24/06/2020,0.4,V ugm-3
24/06/2020,08/07/2020,0.15,V ugm-3
08/07/2020,22/07/2020,0.25,V ugm-3
22/07/2020,05/08/2020,0.3,V ugm-3
05/08/2020,19/08/2020,0.36,V ugm-3
19/08/2020,02/09/2020,0.32,V ugm-3
02/09/2020,16/09/2020,0.23,V ugm-3
30/09/2020,14/10/2020,0.53,V ugm-3
14/10/2020,28/10/2020,0.82,V ugm-3
28/10/2020,11/11/2020,0.52,V ugm-3
11/11/2020,25/11/2020,1.06,V ugm-3
25/11/2020,09/12/2020,0.8,V ugm-3
09/12/2020,23/12/2020,1.64,V ugm-3
23/12/2020,13/01/2021,0.88,V ugm-3
Data for year 2021,,,
Multi-day data,,,
Port Talbot Margam,,,
Start Date,End Date,BENZENE,Status / units
13/01/2021,27/01/2021,1.07,V ugm-3
27/01/2021,10/02/2021,1.93,V ugm-3
10/02/2021,24/02/2021,1.36,V ugm-3
24/02/2021,10/03/2021,1.6,V ugm-3
10/03/2021,24/03/2021,0.79,V ugm-3
24/03/2021,21/04/2021,1.06,V ugm-3
21/04/2021,05/05/2021,0.48,V ugm-3
05/05/2021,19/05/2021,0.61,V ugm-3
19/05/2021,02/06/2021,0.5,V ugm-3
02/06/2021,17/06/2021,0.44,V ugm-3
17/06/2021,01/07/2021,0.36,V ugm-3
01/07/2021,14/07/2021,0.25,V ugm-3
14/07/2021,28/07/2021,0.68,V ugm-3
28/07/2021,11/08/2021,0.41,V ugm-3
11/08/2021,25/08/2021,0.38,V ugm-3
25/08/2021,08/09/2021,0.68,V ugm-3
08/09/2021,22/09/2021,0.6,V ugm-3
22/09/2021,06/10/2021,0.57,V ugm-3
06/10/2021,20/10/2021,0.51,V ugm-3
20/10/2021,03/11/2021,1.23,V ugm-3
03/11/2021,17/11/2021,0.64,V ugm-3
17/11/2021,01/12/2021,0.46,V ugm-3
01/12/2021,22/12/2021,1.16,V ugm-3
22/12/2021,12/01/2022,0.92,V ugm-3
Data for year 2022,,,
Multi-day data,,,
Port Talbot Margam,,,
Start Date,End Date,BENZENE,Status / units
12/01/2022,26/01/2022,1.05,V ugm-3
26/01/2022,09/02/2022,0.41,V ugm-3
09/02/2022,23/02/2022,1.3,V ugm-3
23/02/2022,09/03/2022,,
09/03/2022,23/03/2022,0.69,V ugm-3
23/03/2022,06/04/2022,1.15,V ugm-3
06/04/2022,21/04/2022,0.99,V ugm-3
21/04/2022,04/05/2022,0.59,V ugm-3
04/05/2022,18/05/2022,0.37,V ugm-3
18/05/2022,01/06/2022,0.16,V ugm-3
01/06/2022,15/06/2022,0.39,V ugm-3
15/06/2022,29/06/2022,1.01,V ugm-3
29/06/2022,14/07/2022,0.29,V ugm-3
14/07/2022,27/07/2022,0.62,V ugm-3
27/07/2022,10/08/2022,0.29,V ugm-3
10/08/2022,24/08/2022,0.48,V ugm-3
24/08/2022,07/09/2022,0.26,V ugm-3
07/09/2022,21/09/2022,0.42,V ugm-3
21/09/2022,05/10/2022,0.66,V ugm-3
11/10/2022,19/10/2022,0.91,V ugm-3
19/10/2022,02/11/2022,2.35,V ugm-3
02/11/2022,16/11/2022,1.76,V ugm-3
16/11/2022,30/11/2022,0.88,V ugm-3
30/11/2022,14/12/2022,1.07,V ugm-3
14/12/2022,21/12/2022,1.97,V ugm-3
21/12/2022,11/01/2023,1.46,V ugm-3
Data for year 2023,,,
Multi-day data,,,
Port Talbot Margam,,,
Start Date,End Date,BENZENE,Status / units
11/01/2023,25/01/2023,0.66,V ugm-3
25/01/2023,08/02/2023,0.63,V ugm-3
08/02/2023,22/02/2023,0.7,V ugm-3
22/02/2023,08/03/2023,0.67,V ugm-3
08/03/2023,22/03/2023,0.83,V ugm-3
22/03/2023,05/04/2023,0.79,V ugm-3
05/04/2023,19/04/2023,0.77,V ugm-3
19/04/2023,03/05/2023,0.74,V ugm-3
03/05/2023,17/05/2023,0.57,V ugm-3
17/05/2023,31/05/2023,0.54,V ugm-3
31/05/2023,14/06/2023,0.94,V ugm-3
14/06/2023,28/06/2023,0.57,V ugm-3
28/06/2023,12/07/2023,0.67,V ugm-3
12/07/2023,26/07/2023,0.95,V ugm-3
26/07/2023,09/08/2023,0.46,V ugm-3
09/08/2023,23/08/2023,0.75,V ugm-3
23/08/2023,06/09/2023,0.77,V ugm-3
06/09/2023,20/09/2023,1.96,V ugm-3
20/09/2023,25/09/2023,0.98,V ugm-3
02/10/2023,19/10/2023,0.52,V ugm-3
19/10/2023,01/11/2023,1.47,V ugm-3
01/11/2023,15/11/2023,0.55,V ugm-3
15/11/2023,29/11/2023,0.52,V ugm-3
29/11/2023,13/12/2023,0.76,V ugm-3
13/12/2023,21/12/2023,0.66,V ugm-3
21/12/2023,10/01/2024,0.52,V ugm-3
Data for year 2024,,,
Multi-day data,,,
Port Talbot Margam,,,
Start Date,End Date,BENZENE,Status / units
10/01/2024,24/01/2024,1.08,V ugm-3
24/01/2024,07/02/2024,0.68,V ugm-3
07/02/2024,23/02/2024,0.7,V ugm-3
23/02/2024,06/03/2024,0.65,V ugm-3
06/03/2024,20/03/2024,0.97,V ugm-3
20/03/2024,03/04/2024,0.39,V ugm-3
03/04/2024,17/04/2024,0.43,V ugm-3
17/04/2024,01/05/2024,0.32,V ugm-3
01/05/2024,15/05/2024,0.28,V ugm-3
15/05/2024,29/05/2024,0.29,V ugm-3
29/05/2024,12/06/2024,0.16,V ugm-3
12/06/2024,26/06/2024,0.18,V ugm-3
26/06/2024,10/07/2024,0.11,V ugm-3
10/07/2024,24/07/2024,0.2,V ugm-3
24/07/2024,07/08/2024,0.29,V ugm-3
07/08/2024,21/08/2024,0.24,V ugm-3
21/08/2024,04/09/2024,0.44,V ugm-3
04/09/2024,18/09/2024,0.46,V ugm-3
18/09/2024,02/10/2024,0.26,V ugm-3
02/10/2024,16/10/2024,0.31,V ugm-3
16/10/2024,30/10/2024,0.37,V ugm-3
30/10/2024,13/11/2024,0.69,V ugm-3
13/11/2024,27/11/2024,0.41,V ugm-3
27/11/2024,23/12/2024,0.31,V ugm-3
23/12/2024,10/01/2025,0.45,V ugm-3
Data for year 2025,,,
Multi-day data,,,
Port Talbot Margam,,,
Start Date,End Date,BENZENE,Status / units
10/01/2025,22/01/2025,0.85,V ugm-3
22/01/2025,05/02/2025,0.47,V ugm-3
05/02/2025,19/02/2025,0.86,V ugm-3
19/02/2025,05/03/2025,0.36,V ugm-3
05/03/2025,19/03/2025,0.45,V ugm-3
19/03/2025,02/04/2025,0.38,V ugm-3
02/04/2025,16/04/2025,0.34,V ugm-3
16/04/2025,30/04/2025,0.21,V ugm-3
30/04/2025,14/05/2025,0.28,V ugm-3
14/05/2025,28/05/2025,0.12,V ugm-3
28/05/2025,16/06/2025,0.18,V ugm-3
16/06/2025,25/06/2025,0.2,V ugm-3
25/06/2025,09/07/2025,0.11,V ugm-3
09/07/2025,23/07/2025,0.17,V ugm-3
23/07/2025,06/08/2025,0.22,V ugm-3
06/08/2025,20/08/2025,0.4,V ugm-3
20/08/2025,03/09/2025,0.14,V ugm-3
03/09/2025,17/09/2025,0.14,V ugm-3
17/09/2025,01/10/2025,0.27,V ugm-3
01/10/2025,15/10/2025,0.3,V ugm-3
15/10/2025,29/10/2025,0.27,V ugm-3
29/10/2025,12/11/2025,0.25,V ugm-3
12/11/2025,26/11/2025,0.4,V ugm-3
26/11/2025,10/12/2025,0.25,V ugm-3
10/12/2025,24/12/2025,0.48,V ugm-3
24/12/2025,07/01/2026,0.53,V ugm-3
Data for year 2002,,,
Multi-day data,,,
Portsmouth,,,
Start Date,End Date,BENZENE,Status / units
09/05/2002,23/05/2002,0.59,V ugm-3
04/07/2002,22/07/2002,0.59,V ugm-3
22/07/2002,01/08/2002,1.3,V ugm-3
01/08/2002,26/08/2002,0.78,V ugm-3
26/08/2002,17/09/2002,0.91,V ugm-3
17/09/2002,02/10/2002,1.17,V ugm-3
02/10/2002,18/10/2002,1.2,V ugm-3
18/10/2002,22/10/2002,1.76,V ugm-3
22/10/2002,11/11/2002,1.04,V ugm-3
11/11/2002,28/11/2002,1.56,V ugm-3
28/11/2002,08/01/2003,1.85,V ugm-3
Data for year 2003,,,
Multi-day data,,,
Portsmouth,,,
Start Date,End Date,BENZENE,Status / units
08/01/2003,23/01/2003,1.4,V ugm-3
23/01/2003,14/02/2003,1.24,V ugm-3
14/02/2003,28/02/2003,1.95,V ugm-3
28/02/2003,20/03/2003,1.14,V ugm-3
20/03/2003,08/04/2003,1.63,V ugm-3
08/04/2003,29/04/2003,1.33,V ugm-3
29/04/2003,20/05/2003,0.52,V ugm-3
20/05/2003,20/06/2003,0.72,V ugm-3
20/06/2003,11/07/2003,0.75,V ugm-3
11/07/2003,28/07/2003,0.62,V ugm-3
28/07/2003,06/08/2003,0.68,V ugm-3
06/08/2003,19/08/2003,1.24,V ugm-3
19/08/2003,08/09/2003,1.11,V ugm-3
08/09/2003,07/10/2003,1.3,V ugm-3
07/10/2003,28/10/2003,1.24,V ugm-3
28/10/2003,17/11/2003,1.04,V ugm-3
17/11/2003,05/12/2003,1.59,V ugm-3
05/12/2003,31/12/2003,2.96,V ugm-3
31/12/2003,19/01/2004,1.3,V ugm-3
Data for year 2004,,,
Multi-day data,,,
Portsmouth,,,
Start Date,End Date,BENZENE,Status / units
19/01/2004,04/02/2004,1.46,V ugm-3
04/02/2004,17/02/2004,1.63,V ugm-3
17/02/2004,20/02/2004,1.04,V ugm-3
20/02/2004,01/03/2004,1.2,V ugm-3
01/03/2004,09/03/2004,2.7,V ugm-3
09/03/2004,30/03/2004,1.04,V ugm-3
30/03/2004,30/04/2004,1.43,V ugm-3
30/04/2004,20/05/2004,1.33,V ugm-3
20/05/2004,09/06/2004,0.62,V ugm-3
09/06/2004,23/06/2004,0.62,V ugm-3
23/06/2004,09/07/2004,0.42,V ugm-3
09/07/2004,27/07/2004,0.78,V ugm-3
27/07/2004,11/08/2004,0.62,V ugm-3
11/08/2004,24/08/2004,0.59,V ugm-3
24/08/2004,30/09/2004,0.72,V ugm-3
30/09/2004,25/10/2004,0.49,V ugm-3
25/10/2004,19/11/2004,1.82,V ugm-3
19/11/2004,20/12/2004,1.01,V ugm-3
20/12/2004,17/01/2005,0.94,V ugm-3
Data for year 2005,,,
Multi-day data,,,
Portsmouth,,,
Start Date,End Date,BENZENE,Status / units
17/01/2005,25/02/2005,1.56,V ugm-3
25/02/2005,31/03/2005,1.17,V ugm-3
31/03/2005,11/04/2005,1.43,V ugm-3
11/04/2005,13/05/2005,0.75,V ugm-3
13/05/2005,06/06/2005,0.65,V ugm-3
06/06/2005,17/06/2005,0.36,V ugm-3
17/06/2005,12/07/2005,0.46,V ugm-3
12/07/2005,27/07/2005,0.42,V ugm-3
27/07/2005,15/08/2005,0.65,V ugm-3
15/08/2005,07/09/2005,1.69,V ugm-3
07/09/2005,04/11/2005,1.01,V ugm-3
04/11/2005,08/12/2005,1.27,V ugm-3
08/12/2005,03/01/2006,2.63,V ugm-3
Data for year 2006,,,
Multi-day data,,,
Portsmouth,,,
Start Date,End Date,BENZENE,Status / units
03/01/2006,26/01/2006,2.24,V ugm-3
26/01/2006,13/02/2006,1.92,V ugm-3
13/02/2006,28/02/2006,0.75,V ugm-3
13/03/2006,11/04/2006,1.04,V ugm-3
11/04/2006,11/05/2006,0.98,V ugm-3
11/05/2006,30/06/2006,0.62,V ugm-3
30/06/2006,12/07/2006,0.75,V ugm-3
12/07/2006,21/08/2006,0.55,V ugm-3
21/08/2006,06/09/2006,0.29,V ugm-3
06/09/2006,29/09/2006,0.55,V ugm-3
29/09/2006,31/10/2006,0.36,V ugm-3
31/10/2006,14/11/2006,1.5,V ugm-3
14/11/2006,28/11/2006,0.65,V ugm-3
28/11/2006,12/12/2006,0.46,V ugm-3
12/12/2006,12/01/2007,0.78,V ugm-3
Data for year 2007,,,
Multi-day data,,,
Portsmouth,,,
Start Date,End Date,BENZENE,Status / units
12/01/2007,31/01/2007,0.78,V ugm-3
31/01/2007,13/02/2007,1.2,V ugm-3
13/02/2007,21/03/2007,0.65,V ugm-3
21/03/2007,04/04/2007,1.04,V ugm-3
04/04/2007,26/04/2007,0.42,V ugm-3
26/04/2007,18/05/2007,0.29,V ugm-3
18/05/2007,08/06/2007,0.59,V ugm-3
08/06/2007,03/07/2007,0.42,V ugm-3
03/07/2007,17/07/2007,0.33,V ugm-3
17/07/2007,03/08/2007,0.62,V ugm-3
Data for year 2002,,,
Multi-day data,,,
Reading,,,
Start Date,End Date,BENZENE,Status / units
04/06/2002,18/06/2002,0.85,V ugm-3
18/06/2002,03/07/2002,1.07,V ugm-3
03/07/2002,18/07/2002,0.85,V ugm-3
18/07/2002,30/07/2002,1.07,V ugm-3
30/07/2002,14/08/2002,1.14,V ugm-3
14/08/2002,29/08/2002,1.17,V ugm-3
29/08/2002,10/09/2002,1.24,V ugm-3
10/09/2002,24/09/2002,1.07,V ugm-3
24/09/2002,08/10/2002,1.72,V ugm-3
08/10/2002,22/10/2002,1.92,V ugm-3
22/10/2002,06/11/2002,1.66,V ugm-3
06/11/2002,19/11/2002,2.05,V ugm-3
19/11/2002,03/12/2002,1.46,V ugm-3
03/12/2002,17/12/2002,2.08,V ugm-3
17/12/2002,31/12/2002,2.34,V ugm-3
31/12/2002,14/01/2003,1.69,V ugm-3
Data for year 2003,,,
Multi-day data,,,
Reading,,,
Start Date,End Date,BENZENE,Status / units
14/01/2003,28/01/2003,1.79,V ugm-3
28/01/2003,05/02/2003,1.07,V ugm-3
27/10/2003,10/11/2003,2.63,V ugm-3
10/11/2003,25/11/2003,1.37,V ugm-3
25/11/2003,09/12/2003,1.69,V ugm-3
09/12/2003,23/12/2003,4.58,V ugm-3
23/12/2003,06/01/2004,1.07,V ugm-3
Data for year 2004,,,
Multi-day data,,,
Reading,,,
Start Date,End Date,BENZENE,Status / units
06/01/2004,20/01/2004,1.3,V ugm-3
20/01/2004,03/02/2004,1.04,V ugm-3
03/02/2004,17/02/2004,1.63,V ugm-3
17/02/2004,02/03/2004,1.59,V ugm-3
02/03/2004,16/03/2004,1.24,V ugm-3
16/03/2004,30/03/2004,1.01,V ugm-3
30/03/2004,13/04/2004,1.27,V ugm-3
13/04/2004,27/04/2004,1.07,V ugm-3
27/04/2004,11/05/2004,1.14,V ugm-3
11/05/2004,25/05/2004,1.27,V ugm-3
25/05/2004,08/06/2004,0.85,V ugm-3
08/06/2004,21/06/2004,0.49,V ugm-3
21/06/2004,05/07/2004,0.59,V ugm-3
05/07/2004,20/07/2004,0.81,V ugm-3
20/07/2004,02/08/2004,0.81,V ugm-3
02/08/2004,31/08/2004,0.72,V ugm-3
31/08/2004,21/09/2004,0.78,V ugm-3
21/09/2004,05/10/2004,1.14,V ugm-3
05/10/2004,18/10/2004,1.66,V ugm-3
18/10/2004,02/11/2004,1.17,V ugm-3
02/11/2004,17/11/2004,0.85,V ugm-3
17/11/2004,20/12/2004,1.27,V ugm-3
20/12/2004,06/01/2005,1.5,V ugm-3
Data for year 2005,,,
Multi-day data,,,
Reading,,,
Start Date,End Date,BENZENE,Status / units
06/01/2005,02/02/2005,1.07,V ugm-3
02/02/2005,16/02/2005,2.24,V ugm-3
16/02/2005,04/03/2005,2.02,V ugm-3
04/03/2005,18/03/2005,1.01,V ugm-3
18/03/2005,29/03/2005,1.33,V ugm-3
29/03/2005,11/04/2005,1.63,V ugm-3
11/04/2005,26/04/2005,1.33,V ugm-3
26/04/2005,24/05/2005,0.59,V ugm-3
24/05/2005,07/06/2005,0.75,V ugm-3
07/06/2005,22/06/2005,0.75,V ugm-3
22/06/2005,05/07/2005,0.46,V ugm-3
05/07/2005,19/07/2005,0.42,V ugm-3
19/07/2005,02/08/2005,0.62,V ugm-3
02/08/2005,16/08/2005,0.59,V ugm-3
16/08/2005,30/08/2005,0.49,V ugm-3
30/08/2005,13/09/2005,1.14,V ugm-3
13/09/2005,27/09/2005,0.68,V ugm-3
27/09/2005,12/10/2005,1.14,V ugm-3
12/10/2005,25/10/2005,1.2,V ugm-3
25/10/2005,08/11/2005,0.75,V ugm-3
08/11/2005,22/11/2005,2.96,V ugm-3
22/11/2005,06/12/2005,1.07,V ugm-3
06/12/2005,20/12/2005,3.12,V ugm-3
20/12/2005,03/01/2006,1.56,V ugm-3
Data for year 2006,,,
Multi-day data,,,
Reading,,,
Start Date,End Date,BENZENE,Status / units
03/01/2006,17/01/2006,2.18,V ugm-3
17/01/2006,31/01/2006,2.15,V ugm-3
31/01/2006,14/02/2006,2.02,V ugm-3
14/02/2006,28/02/2006,0.98,V ugm-3
28/02/2006,28/03/2006,1.3,V ugm-3
28/03/2006,11/04/2006,0.78,V ugm-3
11/04/2006,25/04/2006,0.94,V ugm-3
25/04/2006,09/05/2006,0.72,V ugm-3
09/05/2006,23/05/2006,0.52,V ugm-3
23/05/2006,07/06/2006,0.42,V ugm-3
07/06/2006,20/06/2006,0.46,V ugm-3
20/06/2006,05/07/2006,0.75,V ugm-3
05/07/2006,17/07/2006,0.39,V ugm-3
17/07/2006,01/08/2006,0.55,V ugm-3
01/08/2006,15/08/2006,0.26,V ugm-3
15/08/2006,29/08/2006,0.39,V ugm-3
29/08/2006,11/09/2006,0.52,V ugm-3
11/09/2006,26/09/2006,0.68,V ugm-3
26/09/2006,10/10/2006,0.52,V ugm-3
10/10/2006,24/10/2006,0.85,V ugm-3
24/10/2006,07/11/2006,0.88,V ugm-3
07/11/2006,21/11/2006,0.85,V ugm-3
21/11/2006,04/12/2006,0.59,V ugm-3
04/12/2006,18/12/2006,0.75,V ugm-3
18/12/2006,02/01/2007,2.37,V ugm-3
Data for year 2007,,,
Multi-day data,,,
Reading,,,
Start Date,End Date,BENZENE,Status / units
02/01/2007,16/01/2007,0.81,V ugm-3
16/01/2007,30/01/2007,0.68,V ugm-3
30/01/2007,13/02/2007,1.69,V ugm-3
13/02/2007,27/02/2007,0.81,V ugm-3
27/02/2007,13/03/2007,0.52,V ugm-3
13/03/2007,27/03/2007,1.11,V ugm-3
27/03/2007,10/04/2007,0.98,V ugm-3
10/04/2007,24/04/2007,0.46,V ugm-3
24/04/2007,22/05/2007,0.42,V ugm-3
22/05/2007,05/06/2007,0.59,V ugm-3
05/06/2007,19/06/2007,0.42,V ugm-3
19/06/2007,02/07/2007,0.39,V ugm-3
02/07/2007,17/07/2007,0.36,V ugm-3
17/07/2007,31/07/2007,0.36,V ugm-3
31/07/2007,14/08/2007,0.59,V ugm-3
14/08/2007,28/08/2007,0.36,V ugm-3
28/08/2007,11/09/2007,0.55,V ugm-3
11/09/2007,25/09/2007,0.46,V ugm-3
25/09/2007,11/10/2007,1.04,V ugm-3
06/11/2007,20/11/2007,1.89,V ugm-3
20/11/2007,04/12/2007,0.59,V ugm-3
Data for year 2012,,,
Multi-day data,,,
Scunthorpe Town,,,
Start Date,End Date,BENZENE,Status / units
13/11/2012,27/11/2012,1.73,V ugm-3
27/11/2012,11/12/2012,0.82,V ugm-3
11/12/2012,18/12/2012,1.78,V ugm-3
18/12/2012,02/01/2013,0.6,V ugm-3
Data for year 2013,,,
Multi-day data,,,
Scunthorpe Town,,,
Start Date,End Date,BENZENE,Status / units
02/01/2013,15/01/2013,1.29,V ugm-3
15/01/2013,29/01/2013,3.82,V ugm-3
29/01/2013,13/02/2013,2.63,V ugm-3
13/02/2013,26/02/2013,2.08,V ugm-3
26/02/2013,12/03/2013,2.23,V ugm-3
12/03/2013,26/03/2013,5.36,V ugm-3
26/03/2013,09/04/2013,4.03,V ugm-3
09/04/2013,23/04/2013,1.73,V ugm-3
23/04/2013,07/05/2013,0.62,V ugm-3
07/05/2013,21/05/2013,2.94,V ugm-3
21/05/2013,04/06/2013,,
04/06/2013,19/06/2013,2.53,V ugm-3
19/06/2013,03/07/2013,,
03/07/2013,19/07/2013,,
19/07/2013,30/07/2013,,
30/07/2013,13/08/2013,,
13/08/2013,30/08/2013,,
30/08/2013,10/09/2013,,
10/09/2013,26/09/2013,,
26/09/2013,08/10/2013,,
08/10/2013,22/10/2013,1.44,V ugm-3
22/10/2013,05/11/2013,2.37,V ugm-3
05/11/2013,19/11/2013,1.71,V ugm-3
19/11/2013,03/12/2013,0.78,V ugm-3
03/12/2013,18/12/2013,0.66,V ugm-3
18/12/2013,31/12/2013,0.47,V ugm-3
31/12/2013,15/01/2014,0.51,V ugm-3
Data for year 2014,,,
Multi-day data,,,
Scunthorpe Town,,,
Start Date,End Date,BENZENE,Status / units
15/01/2014,29/01/2014,1.21,V ugm-3
29/01/2014,14/02/2014,2.27,V ugm-3
14/02/2014,26/02/2014,0.91,V ugm-3
26/02/2014,11/03/2014,1.58,V ugm-3
11/03/2014,25/03/2014,1.35,V ugm-3
25/03/2014,11/04/2014,7.41,V ugm-3
11/04/2014,24/04/2014,2.45,V ugm-3
24/04/2014,08/05/2014,3,V ugm-3
08/05/2014,20/05/2014,1.46,V ugm-3
20/05/2014,03/06/2014,2.29,V ugm-3
03/06/2014,17/06/2014,1.91,V ugm-3
17/06/2014,01/07/2014,2.22,V ugm-3
01/07/2014,16/07/2014,0.64,V ugm-3
16/07/2014,30/07/2014,2.8,V ugm-3
30/07/2014,13/08/2014,0.74,V ugm-3
13/08/2014,27/08/2014,1.05,V ugm-3
27/08/2014,10/09/2014,2.46,V ugm-3
10/09/2014,26/09/2014,2.15,V ugm-3
26/09/2014,08/10/2014,0.96,V ugm-3
08/10/2014,22/10/2014,4.62,V ugm-3
22/10/2014,05/11/2014,0.65,V ugm-3
05/11/2014,19/11/2014,3.23,V ugm-3
19/11/2014,03/12/2014,9.28,V ugm-3
03/12/2014,16/12/2014,0.68,V ugm-3
16/12/2014,30/12/2014,0.57,V ugm-3
30/12/2014,14/01/2015,0.61,V ugm-3
Data for year 2015,,,
Multi-day data,,,
Scunthorpe Town,,,
Start Date,End Date,BENZENE,Status / units
14/01/2015,28/01/2015,0.92,V ugm-3
28/01/2015,11/02/2015,0.93,V ugm-3
11/02/2015,25/02/2015,2.77,V ugm-3
25/02/2015,12/03/2015,0.79,V ugm-3
12/03/2015,25/03/2015,1.9,V ugm-3
25/03/2015,08/04/2015,0.91,V ugm-3
08/04/2015,22/04/2015,1.63,V ugm-3
22/04/2015,06/05/2015,1.89,V ugm-3
06/05/2015,20/05/2015,0.93,V ugm-3
20/05/2015,03/06/2015,0.3,V ugm-3
03/06/2015,17/06/2015,0.98,V ugm-3
17/06/2015,06/07/2015,,
06/07/2015,15/07/2015,0.48,V ugm-3
15/07/2015,29/07/2015,1.03,V ugm-3
29/07/2015,12/08/2015,0.53,V ugm-3
12/08/2015,26/08/2015,1.47,V ugm-3
26/08/2015,09/09/2015,0.58,V ugm-3
09/09/2015,23/09/2015,2.23,V ugm-3
23/09/2015,07/10/2015,2.65,V ugm-3
07/10/2015,21/10/2015,1.64,V ugm-3
21/10/2015,04/11/2015,1.71,V ugm-3
04/11/2015,18/11/2015,0.52,V ugm-3
18/11/2015,02/12/2015,0.62,V ugm-3
02/12/2015,16/12/2015,0.89,V ugm-3
16/12/2015,30/12/2015,0.5,V ugm-3
30/12/2015,13/01/2016,1.12,V ugm-3
Data for year 2016,,,
Multi-day data,,,
Scunthorpe Town,,,
Start Date,End Date,BENZENE,Status / units
13/01/2016,27/01/2016,0.94,V ugm-3
27/01/2016,10/02/2016,0.46,V ugm-3
10/02/2016,24/02/2016,4.24,V ugm-3
24/02/2016,09/03/2016,0.76,V ugm-3
09/03/2016,23/03/2016,0.72,V ugm-3
23/03/2016,06/04/2016,0.64,V ugm-3
06/04/2016,20/04/2016,0.9,V ugm-3
20/04/2016,04/05/2016,0.51,V ugm-3
04/05/2016,18/05/2016,0.85,V ugm-3
18/05/2016,01/06/2016,0.39,V ugm-3
01/06/2016,15/06/2016,1.04,V ugm-3
15/06/2016,29/06/2016,,
29/06/2016,13/07/2016,0.25,V ugm-3
13/07/2016,27/07/2016,,
27/07/2016,10/08/2016,0.2,V ugm-3
10/08/2016,24/08/2016,1.64,V ugm-3
24/08/2016,07/09/2016,0.77,V ugm-3
07/09/2016,21/09/2016,0.56,V ugm-3
21/09/2016,05/10/2016,1.56,V ugm-3
05/10/2016,19/10/2016,2.57,V ugm-3
19/10/2016,02/11/2016,0.59,V ugm-3
02/11/2016,16/11/2016,0.77,V ugm-3
16/11/2016,30/11/2016,0.74,V ugm-3
30/11/2016,14/12/2016,1.92,V ugm-3
14/12/2016,28/12/2016,0.84,V ugm-3
28/12/2016,11/01/2017,0.73,V ugm-3
Data for year 2017,,,
Multi-day data,,,
Scunthorpe Town,,,
Start Date,End Date,BENZENE,Status / units
11/01/2017,25/01/2017,1.38,V ugm-3
25/01/2017,08/02/2017,1.24,V ugm-3
08/02/2017,22/02/2017,2.76,V ugm-3
22/02/2017,08/03/2017,0.72,V ugm-3
08/03/2017,22/03/2017,0.59,V ugm-3
22/03/2017,05/04/2017,1.39,V ugm-3
05/04/2017,19/04/2017,0.48,V ugm-3
19/04/2017,03/05/2017,1.36,V ugm-3
03/05/2017,17/05/2017,0.5,V ugm-3
17/05/2017,31/05/2017,0.7,V ugm-3
31/05/2017,14/06/2017,0.2,V ugm-3
14/06/2017,28/06/2017,1.08,V ugm-3
28/06/2017,12/07/2017,0.33,V ugm-3
12/07/2017,26/07/2017,0.95,V ugm-3
26/07/2017,09/08/2017,0.19,V ugm-3
09/08/2017,23/08/2017,0.3,V ugm-3
23/08/2017,06/09/2017,0.4,V ugm-3
06/09/2017,20/09/2017,0.28,V ugm-3
20/09/2017,04/10/2017,0.83,V ugm-3
04/10/2017,18/10/2017,0.32,V ugm-3
18/10/2017,01/11/2017,0.68,V ugm-3
01/11/2017,15/11/2017,1.07,V ugm-3
15/11/2017,29/11/2017,0.57,V ugm-3
29/11/2017,13/12/2017,0.71,V ugm-3
13/12/2017,27/12/2017,0.72,V ugm-3
27/12/2017,10/01/2018,0.84,V ugm-3
Data for year 2018,,,
Multi-day data,,,
Scunthorpe Town,,,
Start Date,End Date,BENZENE,Status / units
10/01/2018,24/01/2018,0.3,V ugm-3
24/01/2018,07/02/2018,0.43,V ugm-3
07/02/2018,21/02/2018,0.63,V ugm-3
21/02/2018,07/03/2018,3.35,V ugm-3
07/03/2018,21/03/2018,1.8,V ugm-3
21/03/2018,04/04/2018,0.84,V ugm-3
04/04/2018,18/04/2018,0.83,V ugm-3
18/04/2018,02/05/2018,0.51,V ugm-3
02/05/2018,16/05/2018,0.44,V ugm-3
16/05/2018,30/05/2018,0.81,V ugm-3
30/05/2018,13/06/2018,1.02,V ugm-3
13/06/2018,27/06/2018,0.47,V ugm-3
27/06/2018,11/07/2018,1.36,V ugm-3
11/07/2018,25/07/2018,0.3,V ugm-3
25/07/2018,08/08/2018,0.69,V ugm-3
08/08/2018,22/08/2018,0.16,V ugm-3
22/08/2018,05/09/2018,0.47,V ugm-3
05/09/2018,19/09/2018,0.34,V ugm-3
19/09/2018,03/10/2018,0.4,V ugm-3
03/10/2018,17/10/2018,0.54,V ugm-3
17/10/2018,31/10/2018,1.07,V ugm-3
31/10/2018,14/11/2018,0.72,V ugm-3
14/11/2018,28/11/2018,3.21,V ugm-3
28/11/2018,12/12/2018,0.58,V ugm-3
12/12/2018,24/12/2018,0.76,V ugm-3
24/12/2018,09/01/2019,0.68,V ugm-3
Data for year 2019,,,
Multi-day data,,,
Scunthorpe Town,,,
Start Date,End Date,BENZENE,Status / units
09/01/2019,23/01/2019,0.6,V ugm-3
23/01/2019,06/02/2019,0.96,V ugm-3
06/02/2019,20/02/2019,0.67,V ugm-3
20/02/2019,06/03/2019,1.32,V ugm-3
06/03/2019,20/03/2019,0.5,V ugm-3
20/03/2019,03/04/2019,0.85,V ugm-3
03/04/2019,18/04/2019,5.12,V ugm-3
18/04/2019,01/05/2019,3.02,V ugm-3
01/05/2019,15/05/2019,1.64,V ugm-3
15/05/2019,29/05/2019,0.83,V ugm-3
29/05/2019,12/06/2019,1.03,V ugm-3
12/06/2019,26/06/2019,1.09,V ugm-3
26/06/2019,10/07/2019,0.98,V ugm-3
10/07/2019,24/07/2019,0.46,V ugm-3
24/07/2019,07/08/2019,0.45,V ugm-3
07/08/2019,21/08/2019,0.45,V ugm-3
21/08/2019,04/09/2019,0.5,V ugm-3
04/09/2019,18/09/2019,0.39,V ugm-3
18/09/2019,02/10/2019,0.92,V ugm-3
02/10/2019,16/10/2019,0.59,V ugm-3
16/10/2019,30/10/2019,0.5,V ugm-3
30/10/2019,13/11/2019,2.19,V ugm-3
13/11/2019,27/11/2019,1.18,V ugm-3
27/11/2019,11/12/2019,0.88,V ugm-3
11/12/2019,23/12/2019,0.94,V ugm-3
23/12/2019,09/01/2020,1.28,V ugm-3
Data for year 2020,,,
Multi-day data,,,
Scunthorpe Town,,,
Start Date,End Date,BENZENE,Status / units
09/01/2020,29/01/2020,0.74,V ugm-3
29/01/2020,12/02/2020,0.68,V ugm-3
12/02/2020,26/02/2020,0.38,V ugm-3
26/02/2020,11/03/2020,0.55,V ugm-3
11/03/2020,25/03/2020,0.97,V ugm-3
25/03/2020,08/04/2020,0.5,V ugm-3
08/04/2020,06/05/2020,0.62,V ugm-3
06/05/2020,20/05/2020,0.62,V ugm-3
20/05/2020,03/06/2020,2.22,V ugm-3
03/06/2020,17/06/2020,0.88,V ugm-3
17/06/2020,01/07/2020,0.93,V ugm-3
01/07/2020,29/07/2020,1.01,V ugm-3
29/07/2020,12/08/2020,1.07,V ugm-3
12/08/2020,26/08/2020,0.6,V ugm-3
26/08/2020,23/09/2020,0.95,V ugm-3
23/09/2020,07/10/2020,1.17,V ugm-3
07/10/2020,21/10/2020,0.85,V ugm-3
21/10/2020,04/11/2020,0.51,V ugm-3
04/11/2020,18/11/2020,,
18/11/2020,02/12/2020,1.21,V ugm-3
02/12/2020,16/12/2020,0.93,V ugm-3
16/12/2020,30/12/2020,0.66,V ugm-3
30/12/2020,13/01/2021,1.09,V ugm-3
Data for year 2021,,,
Multi-day data,,,
Scunthorpe Town,,,
Start Date,End Date,BENZENE,Status / units
13/01/2021,27/01/2021,0.9,V ugm-3
27/01/2021,10/02/2021,2.12,V ugm-3
10/02/2021,23/02/2021,0.75,V ugm-3
23/02/2021,10/03/2021,1.01,V ugm-3
10/03/2021,24/03/2021,0.44,V ugm-3
24/03/2021,07/04/2021,0.45,V ugm-3
07/04/2021,21/04/2021,0.63,V ugm-3
21/04/2021,05/05/2021,,
05/05/2021,19/05/2021,,
19/05/2021,02/06/2021,0.96,V ugm-3
02/06/2021,16/06/2021,0.54,V ugm-3
16/06/2021,30/06/2021,0.29,V ugm-3
30/06/2021,14/07/2021,0.49,V ugm-3
14/07/2021,29/07/2021,1.01,V ugm-3
29/07/2021,11/08/2021,0.44,V ugm-3
11/08/2021,25/08/2021,0.26,V ugm-3
25/08/2021,08/09/2021,1.29,V ugm-3
08/09/2021,22/09/2021,1.1,V ugm-3
22/09/2021,06/10/2021,0.2,V ugm-3
06/10/2021,20/10/2021,0.25,V ugm-3
20/10/2021,03/11/2021,0.36,V ugm-3
03/11/2021,17/11/2021,0.57,V ugm-3
17/11/2021,01/12/2021,0.47,V ugm-3
01/12/2021,15/12/2021,0.5,V ugm-3
15/12/2021,29/12/2021,1.16,V ugm-3
29/12/2021,12/01/2022,0.59,V ugm-3
Data for year 2022,,,
Multi-day data,,,
Scunthorpe Town,,,
Start Date,End Date,BENZENE,Status / units
12/01/2022,26/01/2022,0.97,V ugm-3
26/01/2022,09/02/2022,0.45,V ugm-3
09/02/2022,23/02/2022,0.49,V ugm-3
23/02/2022,09/03/2022,1.07,V ugm-3
09/03/2022,23/03/2022,1.91,V ugm-3
23/03/2022,06/04/2022,1.35,V ugm-3
06/04/2022,20/04/2022,0.78,V ugm-3
20/04/2022,04/05/2022,0.51,V ugm-3
04/05/2022,18/05/2022,0.37,V ugm-3
18/05/2022,01/06/2022,0.13,V ugm-3
01/06/2022,15/06/2022,0.34,V ugm-3
15/06/2022,29/06/2022,0.81,V ugm-3
29/06/2022,13/07/2022,0.17,V ugm-3
13/07/2022,03/08/2022,0.38,V ugm-3
03/08/2022,10/08/2022,0.45,V ugm-3
10/08/2022,24/08/2022,0.88,V ugm-3
24/08/2022,07/09/2022,1.15,V ugm-3
07/09/2022,21/09/2022,1.19,V ugm-3
21/09/2022,05/10/2022,0.85,V ugm-3
05/10/2022,19/10/2022,0.82,V ugm-3
19/10/2022,02/11/2022,0.86,V ugm-3
02/11/2022,16/11/2022,0.81,V ugm-3
16/11/2022,30/11/2022,0.92,V ugm-3
30/11/2022,21/12/2022,1.21,V ugm-3
21/12/2022,28/12/2022,1.16,V ugm-3
28/12/2022,18/01/2023,0.46,V ugm-3
Data for year 2023,,,
Multi-day data,,,
Scunthorpe Town,,,
Start Date,End Date,BENZENE,Status / units
18/01/2023,25/01/2023,1.04,V ugm-3
25/01/2023,08/02/2023,0.77,V ugm-3
08/02/2023,22/02/2023,0.69,V ugm-3
22/02/2023,08/03/2023,1.41,V ugm-3
08/03/2023,22/03/2023,1.51,V ugm-3
22/03/2023,05/04/2023,0.85,V ugm-3
05/04/2023,19/04/2023,0.93,V ugm-3
19/04/2023,03/05/2023,0.81,V ugm-3
03/05/2023,17/05/2023,0.78,V ugm-3
17/05/2023,31/05/2023,0.5,V ugm-3
31/05/2023,14/06/2023,1.27,V ugm-3
14/06/2023,28/06/2023,0.56,V ugm-3
28/06/2023,12/07/2023,0.3,V ugm-3
12/07/2023,02/08/2023,0.22,V ugm-3
02/08/2023,09/08/2023,0.36,V ugm-3
09/08/2023,23/08/2023,0.45,V ugm-3
23/08/2023,06/09/2023,0.62,V ugm-3
06/09/2023,20/09/2023,0.8,V ugm-3
20/09/2023,04/10/2023,,
04/10/2023,18/10/2023,1.01,V ugm-3
18/10/2023,01/11/2023,0.8,V ugm-3
01/11/2023,15/11/2023,0.98,V ugm-3
15/11/2023,29/11/2023,0.75,V ugm-3
29/11/2023,13/12/2023,1,V ugm-3
13/12/2023,27/12/2023,0.51,V ugm-3
27/12/2023,10/01/2024,1.12,V ugm-3
Data for year 2024,,,
Multi-day data,,,
Scunthorpe Town,,,
Start Date,End Date,BENZENE,Status / units
10/01/2024,24/01/2024,0.55,V ugm-3
24/01/2024,07/02/2024,0.53,V ugm-3
07/02/2024,21/02/2024,0.83,V ugm-3
21/02/2024,06/03/2024,0.82,V ugm-3
06/03/2024,20/03/2024,0.91,V ugm-3
20/03/2024,03/04/2024,,
03/04/2024,17/04/2024,0.38,V ugm-3
17/04/2024,01/05/2024,0.42,V ugm-3
01/05/2024,15/05/2024,0.41,V ugm-3
15/05/2024,29/05/2024,0.36,V ugm-3
29/05/2024,12/06/2024,0.26,V ugm-3
12/06/2024,26/06/2024,0.31,V ugm-3
26/06/2024,10/07/2024,0.11,V ugm-3
10/07/2024,24/07/2024,0.2,V ugm-3
24/07/2024,07/08/2024,0.34,V ugm-3
07/08/2024,21/08/2024,0.33,V ugm-3
21/08/2024,05/09/2024,0.36,V ugm-3
05/09/2024,02/10/2024,0.51,V ugm-3
02/10/2024,16/10/2024,0.43,V ugm-3
16/10/2024,29/10/2024,0.49,V ugm-3
29/10/2024,13/11/2024,0.63,V ugm-3
13/11/2024,27/11/2024,0.55,V ugm-3
27/11/2024,23/12/2024,0.43,V ugm-3
23/12/2024,08/01/2025,0.63,V ugm-3
Data for year 2025,,,
Multi-day data,,,
Scunthorpe Town,,,
Start Date,End Date,BENZENE,Status / units
08/01/2025,22/01/2025,0.9,V ugm-3
22/01/2025,05/02/2025,0.67,V ugm-3
05/02/2025,19/02/2025,0.92,V ugm-3
19/02/2025,05/03/2025,0.58,V ugm-3
05/03/2025,19/03/2025,0.54,V ugm-3
19/03/2025,02/04/2025,0.53,V ugm-3
02/04/2025,16/04/2025,0.42,V ugm-3
16/04/2025,30/04/2025,0.27,V ugm-3
30/04/2025,14/05/2025,0.35,V ugm-3
14/05/2025,28/05/2025,0.15,V ugm-3
28/05/2025,11/06/2025,0.27,V ugm-3
11/06/2025,25/06/2025,0.39,V ugm-3
25/06/2025,09/07/2025,0.19,V ugm-3
09/07/2025,23/07/2025,0.44,V ugm-3
23/07/2025,06/08/2025,0.28,V ugm-3
06/08/2025,20/08/2025,0.45,V ugm-3
20/08/2025,03/09/2025,0.32,V ugm-3
03/09/2025,17/09/2025,0.26,V ugm-3
17/09/2025,01/10/2025,0.51,V ugm-3
01/10/2025,15/10/2025,0.42,V ugm-3
15/10/2025,29/10/2025,0.39,V ugm-3
29/10/2025,12/11/2025,0.52,V ugm-3
12/11/2025,26/11/2025,0.56,V ugm-3
26/11/2025,17/12/2025,0.5,V ugm-3
17/12/2025,23/12/2025,0.82,V ugm-3
23/12/2025,07/01/2026,0.78,V ugm-3
Data for year 2002,,,
Multi-day data,,,
Sheffield Centre,,,
Start Date,End Date,BENZENE,Status / units
27/03/2002,10/04/2002,1.63,V ugm-3
10/04/2002,25/04/2002,1.4,V ugm-3
25/04/2002,08/05/2002,1.07,V ugm-3
08/05/2002,22/05/2002,0.91,V ugm-3
22/05/2002,05/06/2002,0.78,V ugm-3
05/06/2002,19/06/2002,0.68,V ugm-3
19/06/2002,03/07/2002,0.52,V ugm-3
03/07/2002,18/07/2002,0.78,V ugm-3
18/07/2002,31/07/2002,0.85,V ugm-3
31/07/2002,14/08/2002,1.17,V ugm-3
14/08/2002,28/08/2002,0.98,V ugm-3
28/08/2002,11/09/2002,1.24,V ugm-3
11/09/2002,25/09/2002,1.46,V ugm-3
25/09/2002,08/10/2002,1.43,V ugm-3
08/10/2002,23/10/2002,1.82,V ugm-3
23/10/2002,06/11/2002,2.67,V ugm-3
06/11/2002,03/12/2002,1.76,V ugm-3
03/12/2002,18/12/2002,2.73,V ugm-3
18/12/2002,31/12/2002,3.02,V ugm-3
31/12/2002,15/01/2003,1.98,V ugm-3
Data for year 2003,,,
Multi-day data,,,
Sheffield Centre,,,
Start Date,End Date,BENZENE,Status / units
15/01/2003,29/01/2003,1.07,V ugm-3
29/01/2003,12/02/2003,1.17,V ugm-3
12/02/2003,27/02/2003,3.28,V ugm-3
27/02/2003,12/03/2003,1.82,V ugm-3
12/03/2003,26/03/2003,2.47,V ugm-3
26/03/2003,09/04/2003,1.56,V ugm-3
09/04/2003,23/04/2003,2.08,V ugm-3
23/04/2003,07/05/2003,1.17,V ugm-3
07/05/2003,21/05/2003,0.75,V ugm-3
21/05/2003,04/06/2003,0.98,V ugm-3
04/06/2003,19/06/2003,0.78,V ugm-3
19/06/2003,01/07/2003,0.88,V ugm-3
01/07/2003,16/07/2003,0.88,V ugm-3
16/07/2003,31/07/2003,0.65,V ugm-3
31/07/2003,13/08/2003,0.85,V ugm-3
13/08/2003,27/08/2003,1.07,V ugm-3
27/08/2003,10/09/2003,1.17,V ugm-3
10/09/2003,24/09/2003,1.53,V ugm-3
24/09/2003,08/10/2003,1.37,V ugm-3
08/10/2003,23/10/2003,1.56,V ugm-3
23/10/2003,20/11/2003,1.43,V ugm-3
20/11/2003,03/12/2003,3.12,V ugm-3
03/12/2003,17/12/2003,2.86,V ugm-3
17/12/2003,31/12/2003,2.76,V ugm-3
31/12/2003,14/01/2004,1.63,V ugm-3
Data for year 2004,,,
Multi-day data,,,
Sheffield Centre,,,
Start Date,End Date,BENZENE,Status / units
14/01/2004,28/01/2004,1.98,V ugm-3
28/01/2004,12/02/2004,1.24,V ugm-3
12/02/2004,26/02/2004,2.21,V ugm-3
26/02/2004,10/03/2004,2.7,V ugm-3
10/03/2004,24/03/2004,1.79,V ugm-3
24/03/2004,07/04/2004,2.21,V ugm-3
07/04/2004,21/04/2004,1.01,V ugm-3
21/04/2004,06/05/2004,1.2,V ugm-3
06/05/2004,20/05/2004,1.43,V ugm-3
20/05/2004,01/06/2004,1.5,V ugm-3
01/06/2004,17/06/2004,0.78,V ugm-3
17/06/2004,01/07/2004,0.85,V ugm-3
01/07/2004,15/07/2004,0.88,V ugm-3
15/07/2004,29/07/2004,1.2,V ugm-3
29/07/2004,26/08/2004,1.37,V ugm-3
26/08/2004,08/09/2004,1.53,V ugm-3
08/09/2004,22/09/2004,1.53,V ugm-3
22/09/2004,07/10/2004,0.94,V ugm-3
07/10/2004,22/10/2004,1.66,V ugm-3
22/10/2004,03/11/2004,1.33,V ugm-3
03/11/2004,19/11/2004,0.91,V ugm-3
19/11/2004,03/12/2004,2.08,V ugm-3
03/12/2004,14/12/2004,1.98,V ugm-3
14/12/2004,30/12/2004,1.17,V ugm-3
30/12/2004,12/01/2005,1.4,V ugm-3
Data for year 2005,,,
Multi-day data,,,
Sheffield Centre,,,
Start Date,End Date,BENZENE,Status / units
12/01/2005,26/01/2005,1.3,V ugm-3
26/01/2005,08/02/2005,1.27,V ugm-3
08/02/2005,23/02/2005,2.15,V ugm-3
23/02/2005,09/03/2005,1.63,V ugm-3
09/03/2005,24/03/2005,1.27,V ugm-3
24/03/2005,07/04/2005,2.8,V ugm-3
07/04/2005,21/04/2005,1.37,V ugm-3
21/04/2005,05/05/2005,1.56,V ugm-3
05/05/2005,18/05/2005,1.37,V ugm-3
18/05/2005,02/06/2005,0.94,V ugm-3
02/06/2005,15/06/2005,1.24,V ugm-3
15/06/2005,28/06/2005,1.4,V ugm-3
28/06/2005,14/07/2005,0.81,V ugm-3
14/07/2005,27/07/2005,1.11,V ugm-3
27/07/2005,11/08/2005,2.28,V ugm-3
11/08/2005,25/08/2005,1.5,V ugm-3
25/08/2005,08/09/2005,1.01,V ugm-3
08/09/2005,22/09/2005,1.04,V ugm-3
22/09/2005,06/10/2005,1.07,V ugm-3
06/10/2005,19/10/2005,1.92,V ugm-3
19/10/2005,02/11/2005,1.66,V ugm-3
02/11/2005,16/11/2005,2.21,V ugm-3
16/11/2005,02/12/2005,2.57,V ugm-3
02/12/2005,14/12/2005,1.95,V ugm-3
14/12/2005,28/12/2005,2.02,V ugm-3
28/12/2005,11/01/2006,1.98,V ugm-3
Data for year 2006,,,
Multi-day data,,,
Sheffield Centre,,,
Start Date,End Date,BENZENE,Status / units
11/01/2006,26/01/2006,2.21,V ugm-3
26/01/2006,10/02/2006,1.56,V ugm-3
10/02/2006,22/02/2006,2.41,V ugm-3
22/02/2006,08/03/2006,1.72,V ugm-3
08/03/2006,23/03/2006,1.59,V ugm-3
23/03/2006,05/04/2006,1.17,V ugm-3
05/04/2006,20/04/2006,1.07,V ugm-3
04/10/2006,19/10/2006,1.56,V ugm-3
19/10/2006,02/11/2006,0.75,V ugm-3
02/11/2006,15/11/2006,0.91,V ugm-3
15/11/2006,29/11/2006,0.68,V ugm-3
29/11/2006,13/12/2006,0.65,V ugm-3
13/12/2006,28/12/2006,3.28,V ugm-3
28/12/2006,11/01/2007,3.28,V ugm-3
Data for year 2007,,,
Multi-day data,,,
Sheffield Centre,,,
Start Date,End Date,BENZENE,Status / units
11/01/2007,29/01/2007,1.17,V ugm-3
29/01/2007,08/02/2007,1.89,V ugm-3
08/02/2007,20/02/2007,1.33,V ugm-3
20/02/2007,08/03/2007,0.78,V ugm-3
08/03/2007,21/03/2007,1.27,V ugm-3
21/03/2007,03/04/2007,1.59,V ugm-3
03/04/2007,18/04/2007,1.66,V ugm-3
18/04/2007,08/05/2007,1.89,V ugm-3
08/05/2007,16/05/2007,0.52,V ugm-3
16/05/2007,30/05/2007,0.49,V ugm-3
30/05/2007,12/06/2007,1.11,V ugm-3
12/06/2007,28/06/2007,0.62,V ugm-3
28/06/2007,11/07/2007,0.36,V ugm-3
11/07/2007,25/07/2007,0.55,V ugm-3
25/07/2007,08/08/2007,0.36,V ugm-3
08/08/2007,22/08/2007,0.49,V ugm-3
22/08/2007,05/09/2007,0.36,V ugm-3
05/09/2007,19/09/2007,0.62,V ugm-3
19/09/2007,03/10/2007,0.75,V ugm-3
03/10/2007,18/10/2007,0.75,V ugm-3
18/10/2007,01/11/2007,0.91,V ugm-3
01/11/2007,13/11/2007,0.68,V ugm-3
13/11/2007,28/11/2007,1.2,V ugm-3
28/11/2007,13/12/2007,0.75,V ugm-3
13/12/2007,24/12/2007,1.59,V ugm-3
24/12/2007,09/01/2008,0.94,V ugm-3
Data for year 2008,,,
Multi-day data,,,
Sheffield Centre,,,
Start Date,End Date,BENZENE,Status / units
09/01/2008,23/01/2008,0.52,V ugm-3
23/01/2008,06/02/2008,0.78,V ugm-3
06/02/2008,19/02/2008,2.05,V ugm-3
19/02/2008,05/03/2008,0.59,V ugm-3
05/03/2008,19/03/2008,0.59,V ugm-3
19/03/2008,03/04/2008,0.46,V ugm-3
03/04/2008,16/04/2008,0.62,V ugm-3
16/04/2008,01/05/2008,0.52,V ugm-3
01/05/2008,14/05/2008,0.62,V ugm-3
14/05/2008,29/05/2008,0.94,V ugm-3
29/05/2008,12/06/2008,0.49,V ugm-3
12/06/2008,25/06/2008,0.26,V ugm-3
25/06/2008,09/07/2008,0.26,V ugm-3
09/07/2008,24/07/2008,0.29,V ugm-3
24/07/2008,06/08/2008,0.49,V ugm-3
06/08/2008,20/08/2008,0.33,V ugm-3
20/08/2008,04/09/2008,0.36,V ugm-3
04/09/2008,17/09/2008,0.68,V ugm-3
17/09/2008,02/10/2008,0.75,V ugm-3
02/10/2008,16/10/2008,0.42,V ugm-3
16/10/2008,30/10/2008,0.46,V ugm-3
30/10/2008,12/11/2008,0.59,V ugm-3
12/11/2008,26/11/2008,0.49,V ugm-3
26/11/2008,10/12/2008,0.94,V ugm-3
10/12/2008,23/12/2008,0.78,V ugm-3
23/12/2008,08/01/2009,1.11,V ugm-3
Data for year 2009,,,
Multi-day data,,,
Sheffield Centre,,,
Start Date,End Date,BENZENE,Status / units
08/01/2009,22/01/2009,0.88,V ugm-3
22/01/2009,05/02/2009,1.2,V ugm-3
05/02/2009,19/02/2009,0.98,V ugm-3
19/02/2009,05/03/2009,0.78,V ugm-3
05/03/2009,19/03/2009,0.75,V ugm-3
19/03/2009,08/06/2009,,
08/06/2009,11/06/2009,0.49,V ugm-3
11/06/2009,09/07/2009,0.39,V ugm-3
09/07/2009,22/07/2009,0.39,V ugm-3
22/07/2009,06/08/2009,0.46,V ugm-3
06/08/2009,20/08/2009,0.49,V ugm-3
20/08/2009,03/09/2009,0.59,V ugm-3
03/09/2009,16/09/2009,0.78,V ugm-3
16/09/2009,01/10/2009,0.91,V ugm-3
01/10/2009,14/10/2009,0.65,V ugm-3
14/10/2009,29/10/2009,0.72,V ugm-3
29/10/2009,12/11/2009,1.04,V ugm-3
12/11/2009,26/11/2009,0.46,V ugm-3
26/11/2009,10/12/2009,0.72,V ugm-3
10/12/2009,23/12/2009,1.04,V ugm-3
23/12/2009,08/01/2010,1.01,V ugm-3
Data for year 2010,,,
Multi-day data,,,
Sheffield Centre,,,
Start Date,End Date,BENZENE,Status / units
08/01/2010,29/01/2010,1.27,V ugm-3
29/01/2010,11/02/2010,1.14,V ugm-3
11/02/2010,25/02/2010,1.27,V ugm-3
25/02/2010,11/03/2010,1.17,V ugm-3
11/03/2010,25/03/2010,0.62,V ugm-3
25/03/2010,07/04/2010,0.49,V ugm-3
07/04/2010,22/04/2010,0.67,V ugm-3
22/04/2010,06/05/2010,0.58,V ugm-3
06/05/2010,19/05/2010,0.48,V ugm-3
19/05/2010,03/06/2010,0.51,V ugm-3
03/06/2010,16/06/2010,0.41,V ugm-3
16/06/2010,30/06/2010,0.38,V ugm-3
05/07/2010,28/07/2010,0.32,V ugm-3
28/07/2010,11/08/2010,0.23,V ugm-3
11/08/2010,26/08/2010,0.3,V ugm-3
26/08/2010,08/09/2010,0.51,V ugm-3
08/09/2010,23/09/2010,0.41,V ugm-3
23/09/2010,05/10/2010,0.42,V ugm-3
05/10/2010,19/10/2010,0.58,V ugm-3
19/10/2010,04/11/2010,0.59,V ugm-3
04/11/2010,17/11/2010,0.82,V ugm-3
17/11/2010,06/12/2010,0.9,V ugm-3
06/12/2010,16/12/2010,0.96,V ugm-3
16/12/2010,30/12/2010,1.87,V ugm-3
30/12/2010,12/01/2011,1.15,V ugm-3
Data for year 2011,,,
Multi-day data,,,
Sheffield Centre,,,
Start Date,End Date,BENZENE,Status / units
12/01/2011,27/01/2011,0.93,V ugm-3
27/01/2011,09/02/2011,0.76,V ugm-3
09/02/2011,23/02/2011,1.33,V ugm-3
23/02/2011,10/03/2011,0.83,V ugm-3
10/03/2011,24/03/2011,1.12,V ugm-3
24/03/2011,06/04/2011,0.59,V ugm-3
06/04/2011,20/04/2011,0.78,V ugm-3
20/04/2011,04/05/2011,0.81,V ugm-3
04/05/2011,18/05/2011,0.41,V ugm-3
18/05/2011,02/06/2011,0.29,V ugm-3
02/06/2011,16/06/2011,0.33,V ugm-3
16/06/2011,29/06/2011,0.21,V ugm-3
29/06/2011,13/07/2011,0.47,V ugm-3
13/07/2011,27/07/2011,0.25,V ugm-3
27/07/2011,10/08/2011,0.45,V ugm-3
10/08/2011,24/08/2011,0.35,V ugm-3
24/08/2011,08/09/2011,0.34,V ugm-3
08/09/2011,22/09/2011,0.46,V ugm-3
22/09/2011,06/10/2011,0.77,V ugm-3
06/10/2011,20/10/2011,0.6,V ugm-3
20/10/2011,02/11/2011,0.87,V ugm-3
02/11/2011,17/11/2011,1.52,V ugm-3
17/11/2011,01/12/2011,0.57,V ugm-3
01/12/2011,14/12/2011,0.69,V ugm-3
14/12/2011,28/12/2011,0.6,V ugm-3
28/12/2011,11/01/2012,0.47,V ugm-3
Data for year 2012,,,
Multi-day data,,,
Sheffield Centre,,,
Start Date,End Date,BENZENE,Status / units
11/01/2012,26/01/2012,1.38,V ugm-3
26/01/2012,07/02/2012,1.56,V ugm-3
07/02/2012,23/02/2012,0.84,V ugm-3
23/02/2012,08/03/2012,0.57,V ugm-3
08/03/2012,22/03/2012,0.76,V ugm-3
22/03/2012,04/04/2012,1.07,V ugm-3
04/04/2012,19/04/2012,0.49,V ugm-3
19/04/2012,02/05/2012,0.69,V ugm-3
02/05/2012,16/05/2012,0.35,V ugm-3
16/05/2012,30/05/2012,0.51,V ugm-3
30/05/2012,13/06/2012,0.3,V ugm-3
13/06/2012,26/06/2012,0.39,V ugm-3
26/06/2012,12/07/2012,0.45,V ugm-3
12/07/2012,25/07/2012,0.34,V ugm-3
25/07/2012,08/08/2012,0.36,V ugm-3
08/08/2012,22/08/2012,0.48,V ugm-3
22/08/2012,05/09/2012,0.41,V ugm-3
05/09/2012,19/09/2012,0.25,V ugm-3
19/09/2012,03/10/2012,0.42,V ugm-3
03/10/2012,18/10/2012,0.62,V ugm-3
18/10/2012,31/10/2012,0.53,V ugm-3
31/10/2012,14/11/2012,0.51,V ugm-3
14/11/2012,28/11/2012,1.05,V ugm-3
28/11/2012,12/12/2012,1.2,V ugm-3
12/12/2012,24/12/2012,1.12,V ugm-3
24/12/2012,09/01/2013,0.41,V ugm-3
Data for year 2013,,,
Multi-day data,,,
Sheffield Centre,,,
Start Date,End Date,BENZENE,Status / units
09/01/2013,23/01/2013,1.77,V ugm-3
23/01/2013,06/02/2013,0.83,V ugm-3
06/02/2013,20/02/2013,1.61,V ugm-3
20/02/2013,06/03/2013,0.77,V ugm-3
06/03/2013,20/03/2013,1.03,V ugm-3
20/03/2013,03/04/2013,0.85,V ugm-3
03/04/2013,17/04/2013,0.62,V ugm-3
17/04/2013,01/05/2013,0.54,V ugm-3
01/05/2013,15/05/2013,0.46,V ugm-3
15/05/2013,29/05/2013,0.74,V ugm-3
29/05/2013,12/06/2013,0.57,V ugm-3
12/06/2013,25/06/2013,0.37,V ugm-3
25/06/2013,10/07/2013,0.57,V ugm-3
10/07/2013,24/07/2013,0.62,V ugm-3
24/07/2013,07/08/2013,0.55,V ugm-3
07/08/2013,27/08/2013,0.54,V ugm-3
27/08/2013,29/08/2013,,
Data for year 2013,,,
Multi-day data,,,
Sheffield Devonshire Green,,,
Start Date,End Date,BENZENE,Status / units
07/11/2013,27/11/2013,1.01,V ugm-3
27/11/2013,11/12/2013,0.71,V ugm-3
11/12/2013,24/12/2013,0.66,V ugm-3
24/12/2013,14/01/2014,0.47,V ugm-3
Data for year 2014,,,
Multi-day data,,,
Sheffield Devonshire Green,,,
Start Date,End Date,BENZENE,Status / units
14/01/2014,22/01/2014,1.35,V ugm-3
22/01/2014,06/02/2014,0.57,V ugm-3
06/02/2014,18/02/2014,0.9,V ugm-3
18/02/2014,06/03/2014,0.97,V ugm-3
06/03/2014,19/03/2014,0.91,V ugm-3
19/03/2014,03/04/2014,0.76,V ugm-3
03/04/2014,16/04/2014,0.55,V ugm-3
16/04/2014,29/04/2014,0.69,V ugm-3
29/04/2014,14/05/2014,,
14/05/2014,28/05/2014,0.49,V ugm-3
28/05/2014,12/06/2014,0.48,V ugm-3
12/06/2014,25/06/2014,0.35,V ugm-3
25/06/2014,09/07/2014,0.31,V ugm-3
09/07/2014,23/07/2014,0.42,V ugm-3
23/07/2014,07/08/2014,0.53,V ugm-3
07/08/2014,20/08/2014,0.28,V ugm-3
20/08/2014,03/09/2014,0.34,V ugm-3
03/09/2014,17/09/2014,0.75,V ugm-3
17/09/2014,01/10/2014,0.7,V ugm-3
01/10/2014,15/10/2014,0.6,V ugm-3
15/10/2014,29/10/2014,0.39,V ugm-3
29/10/2014,12/11/2014,0.92,V ugm-3
12/11/2014,26/11/2014,1.51,V ugm-3
26/11/2014,10/12/2014,1.26,V ugm-3
10/12/2014,23/12/2014,0.42,V ugm-3
23/12/2014,07/01/2015,1.1,V ugm-3
Data for year 2015,,,
Multi-day data,,,
Sheffield Devonshire Green,,,
Start Date,End Date,BENZENE,Status / units
07/01/2015,23/01/2015,0.71,V ugm-3
23/01/2015,04/02/2015,0.61,V ugm-3
04/02/2015,19/02/2015,1.17,V ugm-3
19/02/2015,04/03/2015,0.6,V ugm-3
04/03/2015,18/03/2015,0.99,V ugm-3
18/03/2015,01/04/2015,0.81,V ugm-3
01/04/2015,15/04/2015,0.65,V ugm-3
15/04/2015,10/06/2015,,
10/06/2015,24/06/2015,0.4,V ugm-3
24/06/2015,08/07/2015,0.35,V ugm-3
08/07/2015,22/07/2015,0.4,V ugm-3
22/07/2015,06/08/2015,0.37,V ugm-3
06/08/2015,19/08/2015,,
19/08/2015,02/09/2015,0.4,V ugm-3
02/09/2015,16/09/2015,0.74,V ugm-3
16/09/2015,01/10/2015,0.68,V ugm-3
01/10/2015,14/10/2015,1.08,V ugm-3
14/10/2015,29/10/2015,0.69,V ugm-3
29/10/2015,12/11/2015,1.28,V ugm-3
12/11/2015,25/11/2015,0.48,V ugm-3
25/11/2015,09/12/2015,0.54,V ugm-3
09/12/2015,23/12/2015,0.6,V ugm-3
23/12/2015,06/01/2016,0.69,V ugm-3
Data for year 2016,,,
Multi-day data,,,
Sheffield Devonshire Green,,,
Start Date,End Date,BENZENE,Status / units
06/01/2016,20/01/2016,0.85,V ugm-3
20/01/2016,03/02/2016,0.6,V ugm-3
03/02/2016,18/02/2016,0.78,V ugm-3
18/02/2016,02/03/2016,0.89,V ugm-3
02/03/2016,17/03/2016,0.9,V ugm-3
17/03/2016,29/03/2016,0.48,V ugm-3
29/03/2016,13/04/2016,0.2,V ugm-3
13/04/2016,28/04/2016,0.5,V ugm-3
28/04/2016,11/05/2016,0.62,V ugm-3
11/05/2016,25/05/2016,0.29,V ugm-3
25/05/2016,08/06/2016,0.51,V ugm-3
08/06/2016,22/06/2016,0.56,V ugm-3
22/06/2016,06/07/2016,0.24,V ugm-3
06/07/2016,20/07/2016,0.2,V ugm-3
20/07/2016,03/08/2016,0.34,V ugm-3
03/08/2016,17/08/2016,0.19,V ugm-3
17/08/2016,31/08/2016,1.06,V ugm-3
31/08/2016,14/09/2016,,
14/09/2016,28/09/2016,0.44,V ugm-3
28/09/2016,12/10/2016,0.46,V ugm-3
12/10/2016,26/10/2016,0.88,V ugm-3
26/10/2016,09/11/2016,0.69,V ugm-3
09/11/2016,23/11/2016,0.58,V ugm-3
23/11/2016,07/12/2016,1.13,V ugm-3
07/12/2016,22/12/2016,1,V ugm-3
22/12/2016,04/01/2017,0.66,V ugm-3
Data for year 2017,,,
Multi-day data,,,
Sheffield Devonshire Green,,,
Start Date,End Date,BENZENE,Status / units
04/01/2017,18/01/2017,0.76,V ugm-3
18/01/2017,01/02/2017,1.21,V ugm-3
01/02/2017,16/02/2017,1.3,V ugm-3
16/02/2017,01/03/2017,0.68,V ugm-3
01/03/2017,15/03/2017,0.69,V ugm-3
15/03/2017,29/03/2017,0.68,V ugm-3
29/03/2017,12/04/2017,0.57,V ugm-3
12/04/2017,26/04/2017,0.33,V ugm-3
26/04/2017,10/05/2017,0.33,V ugm-3
10/05/2017,24/05/2017,0.39,V ugm-3
24/05/2017,07/06/2017,0.25,V ugm-3
07/06/2017,21/06/2017,0.26,V ugm-3
21/06/2017,05/07/2017,0.24,V ugm-3
05/07/2017,19/07/2017,0.26,V ugm-3
19/07/2017,02/08/2017,0.29,V ugm-3
02/08/2017,15/08/2017,0.22,V ugm-3
15/08/2017,30/08/2017,0.36,V ugm-3
30/08/2017,14/09/2017,0.4,V ugm-3
14/09/2017,27/09/2017,0.48,V ugm-3
27/09/2017,10/10/2017,0.35,V ugm-3
10/10/2017,26/10/2017,0.45,V ugm-3
26/10/2017,08/11/2017,0.78,V ugm-3
08/11/2017,22/11/2017,0.64,V ugm-3
22/11/2017,07/12/2017,0.57,V ugm-3
07/12/2017,20/12/2017,1.02,V ugm-3
20/12/2017,04/01/2018,0.62,V ugm-3
Data for year 2018,,,
Multi-day data,,,
Sheffield Devonshire Green,,,
Start Date,End Date,BENZENE,Status / units
04/01/2018,16/01/2018,0.96,V ugm-3
16/01/2018,31/01/2018,0.56,V ugm-3
31/01/2018,14/02/2018,0.68,V ugm-3
14/02/2018,28/02/2018,0.78,V ugm-3
28/02/2018,14/03/2018,1.18,V ugm-3
14/03/2018,28/03/2018,0.7,V ugm-3
28/03/2018,11/04/2018,0.7,V ugm-3
11/04/2018,25/04/2018,0.53,V ugm-3
25/04/2018,09/05/2018,0.4,V ugm-3
09/05/2018,23/05/2018,0.44,V ugm-3
23/05/2018,06/06/2018,0.4,V ugm-3
06/06/2018,20/06/2018,0.23,V ugm-3
20/06/2018,05/07/2018,0.25,V ugm-3
05/07/2018,18/07/2018,0.23,V ugm-3
18/07/2018,01/08/2018,0.22,V ugm-3
01/08/2018,15/08/2018,0.25,V ugm-3
15/08/2018,30/08/2018,0.19,V ugm-3
30/08/2018,12/09/2018,0.38,V ugm-3
12/09/2018,26/09/2018,0.38,V ugm-3
26/09/2018,10/10/2018,0.38,V ugm-3
10/10/2018,23/10/2018,0.51,V ugm-3
23/10/2018,07/11/2018,0.66,V ugm-3
07/11/2018,20/11/2018,0.55,V ugm-3
20/11/2018,05/12/2018,0.8,V ugm-3
05/12/2018,19/12/2018,0.71,V ugm-3
19/12/2018,02/01/2019,0.6,V ugm-3
Data for year 2019,,,
Multi-day data,,,
Sheffield Devonshire Green,,,
Start Date,End Date,BENZENE,Status / units
02/01/2019,16/01/2019,0.5,V ugm-3
16/01/2019,29/01/2019,0.72,V ugm-3
29/01/2019,13/02/2019,0.84,V ugm-3
13/02/2019,28/02/2019,1.16,V ugm-3
28/02/2019,13/03/2019,0.6,V ugm-3
13/03/2019,27/03/2019,0.5,V ugm-3
27/03/2019,11/04/2019,0.65,V ugm-3
11/04/2019,24/04/2019,0.76,V ugm-3
24/04/2019,08/05/2019,0.38,V ugm-3
08/05/2019,21/05/2019,0.4,V ugm-3
21/05/2019,05/06/2019,0.19,V ugm-3
05/06/2019,19/06/2019,0.25,V ugm-3
19/06/2019,04/07/2019,0.25,V ugm-3
04/07/2019,17/07/2019,0.21,V ugm-3
17/07/2019,31/07/2019,0.24,V ugm-3
31/07/2019,14/08/2019,0.23,V ugm-3
14/08/2019,28/08/2019,0.41,V ugm-3
28/08/2019,10/09/2019,0.32,V ugm-3
10/09/2019,25/09/2019,0.44,V ugm-3
25/09/2019,10/10/2019,0.38,V ugm-3
10/10/2019,22/10/2019,0.48,V ugm-3
22/10/2019,06/11/2019,0.83,V ugm-3
06/11/2019,20/11/2019,0.77,V ugm-3
20/11/2019,05/12/2019,1.07,V ugm-3
05/12/2019,18/12/2019,0.7,V ugm-3
18/12/2019,02/01/2020,0.78,V ugm-3
Data for year 2020,,,
Multi-day data,,,
Sheffield Devonshire Green,,,
Start Date,End Date,BENZENE,Status / units
02/01/2020,16/01/2020,0.49,V ugm-3
16/01/2020,30/01/2020,0.93,V ugm-3
30/01/2020,11/02/2020,0.63,V ugm-3
11/02/2020,25/02/2020,0.37,V ugm-3
25/02/2020,10/03/2020,0.55,V ugm-3
10/03/2020,25/03/2020,0.52,V ugm-3
25/03/2020,07/04/2020,0.56,V ugm-3
07/04/2020,22/04/2020,0.47,V ugm-3
22/04/2020,05/05/2020,0.32,V ugm-3
05/05/2020,19/05/2020,0.18,V ugm-3
19/05/2020,02/06/2020,0.38,V ugm-3
02/06/2020,17/06/2020,0.23,V ugm-3
17/06/2020,02/07/2020,0.22,V ugm-3
02/07/2020,15/07/2020,0.2,V ugm-3
15/07/2020,29/07/2020,0.15,V ugm-3
29/07/2020,11/08/2020,0.28,V ugm-3
11/08/2020,25/08/2020,0.24,V ugm-3
25/08/2020,23/09/2020,0.28,V ugm-3
23/09/2020,06/10/2020,0.31,V ugm-3
06/10/2020,20/10/2020,0.61,V ugm-3
20/10/2020,03/11/2020,0.45,V ugm-3
03/11/2020,17/11/2020,0.51,V ugm-3
17/11/2020,01/12/2020,0.77,V ugm-3
01/12/2020,15/12/2020,0.76,V ugm-3
15/12/2020,30/12/2020,0.65,V ugm-3
30/12/2020,12/01/2021,1,V ugm-3
Data for year 2021,,,
Multi-day data,,,
Sheffield Devonshire Green,,,
Start Date,End Date,BENZENE,Status / units
12/01/2021,27/01/2021,0.77,V ugm-3
27/01/2021,09/02/2021,0.94,V ugm-3
09/02/2021,23/02/2021,0.67,V ugm-3
23/02/2021,09/03/2021,0.86,V ugm-3
09/03/2021,23/03/2021,0.47,V ugm-3
23/03/2021,06/04/2021,0.58,V ugm-3
06/04/2021,20/04/2021,0.6,V ugm-3
20/04/2021,05/05/2021,0.38,V ugm-3
05/05/2021,18/05/2021,0.32,V ugm-3
18/05/2021,02/06/2021,0.37,V ugm-3
02/06/2021,15/06/2021,0.23,V ugm-3
15/06/2021,29/06/2021,0.24,V ugm-3
29/06/2021,13/07/2021,0.26,V ugm-3
13/07/2021,27/07/2021,0.38,V ugm-3
27/07/2021,11/08/2021,0.24,V ugm-3
11/08/2021,24/08/2021,0.25,V ugm-3
24/08/2021,08/09/2021,0.42,V ugm-3
08/09/2021,22/09/2021,0.46,V ugm-3
22/09/2021,05/10/2021,0.21,V ugm-3
05/10/2021,19/10/2021,0.24,V ugm-3
19/10/2021,02/11/2021,0.27,V ugm-3
02/11/2021,16/11/2021,0.48,V ugm-3
16/11/2021,30/11/2021,0.39,V ugm-3
30/11/2021,14/12/2021,0.45,V ugm-3
14/12/2021,29/12/2021,0.74,V ugm-3
29/12/2021,11/01/2022,0.45,V ugm-3
Data for year 2022,,,
Multi-day data,,,
Sheffield Devonshire Green,,,
Start Date,End Date,BENZENE,Status / units
11/01/2022,25/01/2022,1.1,V ugm-3
25/01/2022,08/02/2022,0.37,V ugm-3
08/02/2022,22/02/2022,0.46,V ugm-3
22/02/2022,08/03/2022,0.78,V ugm-3
08/03/2022,22/03/2022,0.81,V ugm-3
22/03/2022,05/04/2022,0.86,V ugm-3
05/04/2022,19/04/2022,0.63,V ugm-3
19/04/2022,04/05/2022,0.41,V ugm-3
04/05/2022,17/05/2022,0.2,V ugm-3
17/05/2022,30/05/2022,0.14,V ugm-3
30/05/2022,14/06/2022,0.21,V ugm-3
14/06/2022,28/06/2022,0.28,V ugm-3
28/06/2022,12/07/2022,0.16,V ugm-3
12/07/2022,26/07/2022,0.19,V ugm-3
26/07/2022,09/08/2022,0.16,V ugm-3
09/08/2022,24/08/2022,0.3,V ugm-3
24/08/2022,06/09/2022,0.26,V ugm-3
06/09/2022,20/09/2022,0.33,V ugm-3
20/09/2022,04/10/2022,0.37,V ugm-3
04/10/2022,19/10/2022,0.41,V ugm-3
19/10/2022,02/11/2022,0.42,V ugm-3
02/11/2022,14/11/2022,0.65,V ugm-3
14/11/2022,29/11/2022,0.76,V ugm-3
29/11/2022,13/12/2022,0.89,V ugm-3
13/12/2022,29/12/2022,0.81,V ugm-3
29/12/2022,10/01/2023,0.43,V ugm-3
Data for year 2023,,,
Multi-day data,,,
Sheffield Devonshire Green,,,
Start Date,End Date,BENZENE,Status / units
10/01/2023,25/01/2023,0.99,V ugm-3
25/01/2023,07/02/2023,0.63,V ugm-3
07/02/2023,22/02/2023,0.76,V ugm-3
22/02/2023,07/03/2023,0.63,V ugm-3
07/03/2023,21/03/2023,0.67,V ugm-3
21/03/2023,04/04/2023,0.57,V ugm-3
04/04/2023,18/04/2023,0.6,V ugm-3
18/04/2023,03/05/2023,0.52,V ugm-3
03/05/2023,16/05/2023,0.36,V ugm-3
16/05/2023,30/05/2023,0.3,V ugm-3
30/05/2023,12/06/2023,0.5,V ugm-3
12/06/2023,26/06/2023,0.34,V ugm-3
26/06/2023,11/07/2023,0.26,V ugm-3
11/07/2023,25/07/2023,0.34,V ugm-3
25/07/2023,07/08/2023,0.29,V ugm-3
07/08/2023,22/08/2023,0.25,V ugm-3
22/08/2023,05/09/2023,0.44,V ugm-3
05/09/2023,20/09/2023,0.54,V ugm-3
20/09/2023,03/10/2023,0.41,V ugm-3
03/10/2023,17/10/2023,,
17/10/2023,31/10/2023,0.93,V ugm-3
31/10/2023,14/11/2023,0.65,V ugm-3
14/11/2023,28/11/2023,0.73,V ugm-3
28/11/2023,13/12/2023,1,V ugm-3
13/12/2023,28/12/2023,0.48,V ugm-3
28/12/2023,10/01/2024,0.8,V ugm-3
Data for year 2024,,,
Multi-day data,,,
Sheffield Devonshire Green,,,
Start Date,End Date,BENZENE,Status / units
10/01/2024,23/01/2024,0.61,V ugm-3
23/01/2024,06/02/2024,0.51,V ugm-3
06/02/2024,21/02/2024,0.8,V ugm-3
21/02/2024,06/03/2024,0.75,V ugm-3
06/03/2024,20/03/2024,0.87,V ugm-3
20/03/2024,03/04/2024,0.72,V ugm-3
03/04/2024,17/04/2024,0.43,V ugm-3
17/04/2024,01/05/2024,0.48,V ugm-3
01/05/2024,14/05/2024,0.43,V ugm-3
14/05/2024,28/05/2024,0.34,V ugm-3
28/05/2024,11/06/2024,0.18,V ugm-3
11/06/2024,27/06/2024,0.26,V ugm-3
27/06/2024,09/07/2024,0.12,V ugm-3
09/07/2024,23/07/2024,,
23/07/2024,06/08/2024,0.25,V ugm-3
06/08/2024,20/08/2024,0.33,V ugm-3
20/08/2024,04/09/2024,0.32,V ugm-3
04/09/2024,17/09/2024,0.4,V ugm-3
17/09/2024,01/10/2024,0.41,V ugm-3
01/10/2024,15/10/2024,0.49,V ugm-3
15/10/2024,29/10/2024,0.62,V ugm-3
29/10/2024,13/11/2024,0.62,V ugm-3
13/11/2024,27/11/2024,0.54,V ugm-3
27/11/2024,23/12/2024,0.46,V ugm-3
23/12/2024,07/01/2025,0.72,V ugm-3
Data for year 2025,,,
Multi-day data,,,
Sheffield Devonshire Green,,,
Start Date,End Date,BENZENE,Status / units
07/01/2025,21/01/2025,1.53,V ugm-3
21/01/2025,04/02/2025,0.8,V ugm-3
04/02/2025,18/02/2025,0.83,V ugm-3
18/02/2025,04/03/2025,0.53,V ugm-3
04/03/2025,18/03/2025,0.56,V ugm-3
18/03/2025,01/04/2025,0.59,V ugm-3
01/04/2025,14/04/2025,0.35,V ugm-3
14/04/2025,29/04/2025,0.31,V ugm-3
29/04/2025,12/05/2025,0.34,V ugm-3
12/05/2025,27/05/2025,0.17,V ugm-3
27/05/2025,11/06/2025,0.24,V ugm-3
11/06/2025,25/06/2025,0.38,V ugm-3
25/06/2025,08/07/2025,0.16,V ugm-3
08/07/2025,22/07/2025,0.39,V ugm-3
22/07/2025,05/08/2025,0.23,V ugm-3
05/08/2025,19/08/2025,0.39,V ugm-3
19/08/2025,03/09/2025,0.3,V ugm-3
03/09/2025,16/09/2025,,
16/09/2025,30/09/2025,0.46,V ugm-3
30/09/2025,15/10/2025,0.41,V ugm-3
15/10/2025,29/10/2025,0.34,V ugm-3
29/10/2025,11/11/2025,0.62,V ugm-3
11/11/2025,25/11/2025,0.5,V ugm-3
25/11/2025,09/12/2025,0.53,V ugm-3
09/12/2025,22/12/2025,0.61,V ugm-3
22/12/2025,06/01/2026,0.55,V ugm-3
Data for year 2001,,,
Multi-day data,,,
Southampton Centre,,,
Start Date,End Date,BENZENE,Status / units
04/12/2001,18/12/2001,2.73,V ugm-3
18/12/2001,08/01/2002,2.73,V ugm-3
Data for year 2002,,,
Multi-day data,,,
Southampton Centre,,,
Start Date,End Date,BENZENE,Status / units
08/01/2002,22/01/2002,2.44,V ugm-3
22/01/2002,05/02/2002,1.14,V ugm-3
05/02/2002,19/02/2002,1.46,V ugm-3
26/03/2002,02/04/2002,1.89,V ugm-3
02/04/2002,16/04/2002,1.76,V ugm-3
16/04/2002,30/04/2002,1.27,V ugm-3
30/04/2002,14/05/2002,1.56,V ugm-3
14/05/2002,28/05/2002,0.91,V ugm-3
28/05/2002,11/06/2002,1.04,V ugm-3
11/06/2002,25/06/2002,1.04,V ugm-3
25/06/2002,09/07/2002,0.75,V ugm-3
09/07/2002,23/07/2002,0.81,V ugm-3
23/07/2002,06/08/2002,0.91,V ugm-3
06/08/2002,20/08/2002,1.17,V ugm-3
20/08/2002,03/09/2002,1.53,V ugm-3
03/09/2002,17/09/2002,1.76,V ugm-3
17/09/2002,01/10/2002,2.02,V ugm-3
01/10/2002,15/10/2002,1.92,V ugm-3
15/10/2002,29/10/2002,1.76,V ugm-3
29/10/2002,12/11/2002,2.05,V ugm-3
12/11/2002,26/11/2002,2.8,V ugm-3
26/11/2002,10/12/2002,1.66,V ugm-3
10/12/2002,23/12/2002,3.58,V ugm-3
23/12/2002,07/01/2003,1.69,V ugm-3
Data for year 2003,,,
Multi-day data,,,
Southampton Centre,,,
Start Date,End Date,BENZENE,Status / units
07/01/2003,21/01/2003,2.18,V ugm-3
21/01/2003,04/02/2003,1.53,V ugm-3
04/02/2003,18/02/2003,2.67,V ugm-3
18/02/2003,04/03/2003,2.5,V ugm-3
04/03/2003,18/03/2003,1.59,V ugm-3
18/03/2003,01/04/2003,2.83,V ugm-3
01/04/2003,15/04/2003,1.56,V ugm-3
15/04/2003,28/04/2003,1.56,V ugm-3
28/04/2003,13/05/2003,0.98,V ugm-3
13/05/2003,27/05/2003,0.98,V ugm-3
27/05/2003,10/06/2003,1.24,V ugm-3
10/06/2003,24/06/2003,1.17,V ugm-3
24/06/2003,08/07/2003,1.46,V ugm-3
08/07/2003,22/07/2003,1.4,V ugm-3
22/07/2003,05/08/2003,1.04,V ugm-3
05/08/2003,19/08/2003,1.43,V ugm-3
19/08/2003,02/09/2003,1.59,V ugm-3
02/09/2003,16/09/2003,2.18,V ugm-3
16/09/2003,30/09/2003,2.24,V ugm-3
30/09/2003,14/10/2003,1.85,V ugm-3
14/10/2003,28/10/2003,2.37,V ugm-3
28/10/2003,06/11/2003,4.1,V ugm-3
06/11/2003,11/11/2003,4.39,V ugm-3
11/11/2003,25/11/2003,2.57,V ugm-3
25/11/2003,09/12/2003,3.32,V ugm-3
09/12/2003,23/12/2003,5.53,V ugm-3
23/12/2003,05/01/2004,3.64,V ugm-3
Data for year 2004,,,
Multi-day data,,,
Southampton Centre,,,
Start Date,End Date,BENZENE,Status / units
05/01/2004,20/01/2004,2.02,V ugm-3
20/01/2004,03/02/2004,1.3,V ugm-3
03/02/2004,17/02/2004,1.92,V ugm-3
17/02/2004,20/02/2004,1.63,V ugm-3
20/02/2004,02/03/2004,1.72,V ugm-3
02/03/2004,16/03/2004,1.89,V ugm-3
16/03/2004,30/03/2004,1.46,V ugm-3
30/03/2004,13/04/2004,1.85,V ugm-3
13/04/2004,27/04/2004,2.44,V ugm-3
27/04/2004,11/05/2004,1.85,V ugm-3
11/05/2004,25/05/2004,1.69,V ugm-3
25/05/2004,08/06/2004,1.53,V ugm-3
08/06/2004,22/06/2004,0.75,V ugm-3
22/06/2004,02/07/2004,1.2,V ugm-3
02/07/2004,06/07/2004,0.91,V ugm-3
06/07/2004,20/07/2004,1.17,V ugm-3
20/07/2004,03/08/2004,1.14,V ugm-3
03/08/2004,31/08/2004,0.68,V ugm-3
31/08/2004,14/09/2004,1.53,V ugm-3
14/09/2004,28/09/2004,1.27,V ugm-3
28/09/2004,12/10/2004,1.2,V ugm-3
12/10/2004,26/10/2004,1.11,V ugm-3
26/10/2004,09/11/2004,2.41,V ugm-3
09/11/2004,23/11/2004,1.66,V ugm-3
23/11/2004,07/12/2004,3.45,V ugm-3
07/12/2004,21/12/2004,2.37,V ugm-3
21/12/2004,04/01/2005,1.76,V ugm-3
Data for year 2005,,,
Multi-day data,,,
Southampton Centre,,,
Start Date,End Date,BENZENE,Status / units
04/01/2005,18/01/2005,1.56,V ugm-3
18/01/2005,01/02/2005,1.56,V ugm-3
01/02/2005,15/02/2005,2.76,V ugm-3
15/02/2005,01/03/2005,2.24,V ugm-3
01/03/2005,15/03/2005,1.98,V ugm-3
15/03/2005,29/03/2005,1.46,V ugm-3
29/03/2005,12/04/2005,2.05,V ugm-3
12/04/2005,26/04/2005,1.59,V ugm-3
26/04/2005,10/05/2005,0.91,V ugm-3
10/05/2005,24/05/2005,0.85,V ugm-3
24/05/2005,07/06/2005,1.24,V ugm-3
07/06/2005,21/06/2005,1.27,V ugm-3
21/06/2005,05/07/2005,0.75,V ugm-3
05/07/2005,19/07/2005,1.07,V ugm-3
19/07/2005,02/08/2005,1.07,V ugm-3
02/08/2005,16/08/2005,1.11,V ugm-3
16/08/2005,30/08/2005,1.43,V ugm-3
30/08/2005,13/09/2005,1.92,V ugm-3
13/09/2005,27/09/2005,1.37,V ugm-3
27/09/2005,11/10/2005,1.72,V ugm-3
11/10/2005,25/10/2005,1.56,V ugm-3
25/10/2005,08/11/2005,1.24,V ugm-3
08/11/2005,22/11/2005,3.45,V ugm-3
22/11/2005,06/12/2005,1.72,V ugm-3
06/12/2005,19/12/2005,2.6,V ugm-3
19/12/2005,03/01/2006,3.32,V ugm-3
Data for year 2006,,,
Multi-day data,,,
Southampton Centre,,,
Start Date,End Date,BENZENE,Status / units
03/01/2006,17/01/2006,2.99,V ugm-3
17/01/2006,31/01/2006,2.76,V ugm-3
31/01/2006,14/02/2006,2.89,V ugm-3
14/02/2006,28/02/2006,1.37,V ugm-3
28/02/2006,27/03/2006,1.98,V ugm-3
27/03/2006,11/04/2006,1.14,V ugm-3
11/04/2006,25/04/2006,1.43,V ugm-3
25/04/2006,09/05/2006,0.94,V ugm-3
09/05/2006,23/05/2006,0.91,V ugm-3
23/05/2006,06/06/2006,0.65,V ugm-3
06/06/2006,20/06/2006,0.78,V ugm-3
20/06/2006,03/07/2006,0.98,V ugm-3
03/07/2006,18/07/2006,1.4,V ugm-3
18/07/2006,15/08/2006,0.42,V ugm-3
15/08/2006,29/08/2006,0.49,V ugm-3
29/08/2006,12/09/2006,1.56,V ugm-3
12/09/2006,26/09/2006,0.91,V ugm-3
26/09/2006,10/10/2006,1.24,V ugm-3
10/10/2006,24/10/2006,1.37,V ugm-3
24/10/2006,07/11/2006,1.4,V ugm-3
07/11/2006,21/11/2006,0.88,V ugm-3
21/11/2006,05/12/2006,0.85,V ugm-3
05/12/2006,19/12/2006,2.05,V ugm-3
19/12/2006,02/01/2007,2.05,V ugm-3
Data for year 2007,,,
Multi-day data,,,
Southampton Centre,,,
Start Date,End Date,BENZENE,Status / units
02/01/2007,16/01/2007,0.72,V ugm-3
16/01/2007,30/01/2007,1.07,V ugm-3
30/01/2007,13/02/2007,1.4,V ugm-3
13/02/2007,27/02/2007,1.3,V ugm-3
27/02/2007,13/03/2007,0.68,V ugm-3
13/03/2007,27/03/2007,1.2,V ugm-3
27/03/2007,10/04/2007,1.14,V ugm-3
10/04/2007,24/04/2007,0.59,V ugm-3
24/04/2007,08/05/2007,0.55,V ugm-3
08/05/2007,22/05/2007,0.65,V ugm-3
22/05/2007,05/06/2007,0.62,V ugm-3
05/06/2007,19/06/2007,0.59,V ugm-3
19/06/2007,02/07/2007,0.72,V ugm-3
02/07/2007,17/07/2007,0.62,V ugm-3
17/07/2007,31/07/2007,0.55,V ugm-3
31/07/2007,14/08/2007,0.85,V ugm-3
14/08/2007,28/08/2007,0.52,V ugm-3
28/08/2007,11/09/2007,0.85,V ugm-3
11/09/2007,25/09/2007,0.55,V ugm-3
25/09/2007,09/10/2007,1.24,V ugm-3
09/10/2007,25/10/2007,1.17,V ugm-3
25/10/2007,06/11/2007,2.28,V ugm-3
06/11/2007,20/11/2007,1.53,V ugm-3
20/11/2007,04/12/2007,0.75,V ugm-3
04/12/2007,18/12/2007,1.5,V ugm-3
18/12/2007,02/01/2008,2.47,V ugm-3
Data for year 2008,,,
Multi-day data,,,
Southampton Centre,,,
Start Date,End Date,BENZENE,Status / units
02/01/2008,15/01/2008,1.14,V ugm-3
15/01/2008,29/01/2008,0.81,V ugm-3
29/01/2008,12/02/2008,2.11,V ugm-3
12/02/2008,26/02/2008,1.5,V ugm-3
26/02/2008,11/03/2008,0.68,V ugm-3
11/03/2008,25/03/2008,0.68,V ugm-3
25/03/2008,08/04/2008,1.17,V ugm-3
08/04/2008,22/04/2008,0.75,V ugm-3
22/04/2008,06/05/2008,0.91,V ugm-3
06/05/2008,20/05/2008,0.65,V ugm-3
20/05/2008,03/06/2008,0.65,V ugm-3
17/06/2008,01/07/2008,0.49,V ugm-3
01/07/2008,14/07/2008,0.33,V ugm-3
14/07/2008,29/07/2008,0.46,V ugm-3
29/07/2008,12/08/2008,0.39,V ugm-3
12/08/2008,26/08/2008,0.36,V ugm-3
26/08/2008,09/09/2008,0.49,V ugm-3
09/09/2008,23/09/2008,0.88,V ugm-3
23/09/2008,07/10/2008,0.33,V ugm-3
07/10/2008,21/10/2008,1.01,V ugm-3
21/10/2008,04/11/2008,0.78,V ugm-3
04/11/2008,18/11/2008,0.68,V ugm-3
18/11/2008,02/12/2008,1.04,V ugm-3
02/12/2008,16/12/2008,1.37,V ugm-3
16/12/2008,30/12/2008,1.01,V ugm-3
30/12/2008,13/01/2009,1.5,V ugm-3
Data for year 2009,,,
Multi-day data,,,
Southampton Centre,,,
Start Date,End Date,BENZENE,Status / units
13/01/2009,27/01/2009,0.94,V ugm-3
27/01/2009,10/02/2009,1.17,V ugm-3
10/02/2009,24/02/2009,0.91,V ugm-3
24/02/2009,10/03/2009,0.94,V ugm-3
10/03/2009,24/03/2009,1.01,V ugm-3
24/03/2009,07/04/2009,0.62,V ugm-3
07/04/2009,21/04/2009,0.81,V ugm-3
21/04/2009,05/05/2009,0.59,V ugm-3
05/05/2009,19/05/2009,0.55,V ugm-3
19/05/2009,02/06/2009,0.52,V ugm-3
02/06/2009,16/06/2009,0.55,V ugm-3
16/06/2009,30/06/2009,0.59,V ugm-3
30/06/2009,14/07/2009,0.29,V ugm-3
14/07/2009,28/07/2009,0.91,V ugm-3
28/07/2009,11/08/2009,0.85,V ugm-3
11/08/2009,24/08/2009,0.72,V ugm-3
24/08/2009,08/09/2009,0.65,V ugm-3
08/09/2009,22/09/2009,1.27,V ugm-3
22/09/2009,06/10/2009,0.52,V ugm-3
06/10/2009,20/10/2009,0.88,V ugm-3
20/10/2009,03/11/2009,0.75,V ugm-3
03/11/2009,17/11/2009,0.85,V ugm-3
17/11/2009,01/12/2009,0.55,V ugm-3
01/12/2009,15/12/2009,1.04,V ugm-3
15/12/2009,29/12/2009,1.27,V ugm-3
29/12/2009,12/01/2010,1.5,V ugm-3
Data for year 2010,,,
Multi-day data,,,
Southampton Centre,,,
Start Date,End Date,BENZENE,Status / units
12/01/2010,26/01/2010,1.69,V ugm-3
26/01/2010,09/02/2010,1.24,V ugm-3
09/02/2010,23/02/2010,1.33,V ugm-3
23/02/2010,09/03/2010,1.23,V ugm-3
09/03/2010,23/03/2010,0.87,V ugm-3
23/03/2010,06/04/2010,0.54,V ugm-3
06/04/2010,20/04/2010,0.97,V ugm-3
20/04/2010,04/05/2010,0.84,V ugm-3
04/05/2010,18/05/2010,0.58,V ugm-3
18/05/2010,01/06/2010,0.74,V ugm-3
01/06/2010,15/06/2010,0.54,V ugm-3
21/06/2010,29/06/2010,0.58,V ugm-3
06/07/2010,27/07/2010,0.28,V ugm-3
27/07/2010,10/08/2010,0.39,V ugm-3
10/08/2010,24/08/2010,0.4,V ugm-3
24/08/2010,07/09/2010,0.68,V ugm-3
07/09/2010,21/09/2010,0.51,V ugm-3
21/09/2010,05/10/2010,0.48,V ugm-3
05/10/2010,19/10/2010,1.09,V ugm-3
19/10/2010,02/11/2010,0.78,V ugm-3
02/11/2010,16/11/2010,0.79,V ugm-3
16/11/2010,30/11/2010,1.07,V ugm-3
30/11/2010,14/12/2010,1.19,V ugm-3
14/12/2010,29/12/2010,1.35,V ugm-3
29/12/2010,11/01/2011,1.31,V ugm-3
Data for year 2011,,,
Multi-day data,,,
Southampton Centre,,,
Start Date,End Date,BENZENE,Status / units
11/01/2011,25/01/2011,0.88,V ugm-3
25/01/2011,08/02/2011,0.81,V ugm-3
08/02/2011,22/02/2011,1.18,V ugm-3
22/02/2011,08/03/2011,0.96,V ugm-3
08/03/2011,22/03/2011,1.23,V ugm-3
22/03/2011,05/04/2011,0.94,V ugm-3
05/04/2011,19/04/2011,0.75,V ugm-3
19/04/2011,03/05/2011,0.85,V ugm-3
03/05/2011,17/05/2011,0.45,V ugm-3
17/05/2011,31/05/2011,0.33,V ugm-3
31/05/2011,14/06/2011,0.29,V ugm-3
14/06/2011,28/06/2011,0.27,V ugm-3
28/06/2011,12/07/2011,0.31,V ugm-3
12/07/2011,26/07/2011,0.36,V ugm-3
26/07/2011,09/08/2011,0.38,V ugm-3
09/08/2011,23/08/2011,0.41,V ugm-3
23/08/2011,06/09/2011,0.45,V ugm-3
06/09/2011,20/09/2011,0.42,V ugm-3
20/09/2011,04/10/2011,0.73,V ugm-3
04/10/2011,18/10/2011,0.58,V ugm-3
18/10/2011,01/11/2011,0.68,V ugm-3
01/11/2011,15/11/2011,1.09,V ugm-3
15/11/2011,29/11/2011,0.71,V ugm-3
29/11/2011,13/12/2011,0.64,V ugm-3
13/12/2011,03/01/2012,0.64,V ugm-3
Data for year 2012,,,
Multi-day data,,,
Southampton Centre,,,
Start Date,End Date,BENZENE,Status / units
03/01/2012,17/01/2012,1.09,V ugm-3
17/01/2012,31/01/2012,1.07,V ugm-3
31/01/2012,14/02/2012,1.48,V ugm-3
14/02/2012,28/02/2012,0.67,V ugm-3
28/02/2012,13/03/2012,0.77,V ugm-3
13/03/2012,27/03/2012,1.17,V ugm-3
27/03/2012,10/04/2012,0.75,V ugm-3
10/04/2012,24/04/2012,0.73,V ugm-3
24/04/2012,08/05/2012,0.63,V ugm-3
08/05/2012,22/05/2012,0.85,V ugm-3
22/05/2012,06/06/2012,0.49,V ugm-3
06/06/2012,19/06/2012,0.43,V ugm-3
19/06/2012,03/07/2012,0.43,V ugm-3
03/07/2012,17/07/2012,0.41,V ugm-3
17/07/2012,31/07/2012,0.59,V ugm-3
31/07/2012,14/08/2012,0.45,V ugm-3
14/08/2012,28/08/2012,0.46,V ugm-3
28/08/2012,11/09/2012,0.59,V ugm-3
11/09/2012,25/09/2012,0.46,V ugm-3
25/09/2012,09/10/2012,0.58,V ugm-3
09/10/2012,23/10/2012,0.85,V ugm-3
23/10/2012,06/11/2012,0.67,V ugm-3
06/11/2012,19/11/2012,1.39,V ugm-3
19/11/2012,04/12/2012,1.15,V ugm-3
04/12/2012,17/12/2012,1.37,V ugm-3
17/12/2012,08/01/2013,0.63,V ugm-3
Data for year 2013,,,
Multi-day data,,,
Southampton Centre,,,
Start Date,End Date,BENZENE,Status / units
08/01/2013,22/01/2013,1.41,V ugm-3
22/01/2013,05/02/2013,0.99,V ugm-3
05/02/2013,19/02/2013,1.73,V ugm-3
19/02/2013,05/03/2013,1,V ugm-3
05/03/2013,19/03/2013,1.06,V ugm-3
19/03/2013,02/04/2013,1.44,V ugm-3
02/04/2013,16/04/2013,0.56,V ugm-3
16/04/2013,30/04/2013,0.57,V ugm-3
30/04/2013,14/05/2013,0.59,V ugm-3
14/05/2013,28/05/2013,0.54,V ugm-3
28/05/2013,11/06/2013,,
11/06/2013,25/06/2013,0.55,V ugm-3
25/06/2013,09/07/2013,0.62,V ugm-3
09/07/2013,23/07/2013,0.83,V ugm-3
23/07/2013,06/08/2013,0.5,V ugm-3
06/08/2013,20/08/2013,0.68,V ugm-3
20/08/2013,03/09/2013,0.91,V ugm-3
03/09/2013,17/09/2013,,
17/09/2013,01/10/2013,0.88,V ugm-3
01/10/2013,15/10/2013,0.8,V ugm-3
15/10/2013,29/10/2013,0.78,V ugm-3
29/10/2013,12/11/2013,1.18,V ugm-3
12/11/2013,26/11/2013,0.9,V ugm-3
26/11/2013,10/12/2013,1.1,V ugm-3
10/12/2013,24/12/2013,0.85,V ugm-3
24/12/2013,07/01/2014,0.59,V ugm-3
Data for year 2014,,,
Multi-day data,,,
Southampton Centre,,,
Start Date,End Date,BENZENE,Status / units
07/01/2014,21/01/2014,0.65,V ugm-3
21/01/2014,04/02/2014,0.97,V ugm-3
04/02/2014,18/02/2014,0.76,V ugm-3
18/02/2014,04/03/2014,0.98,V ugm-3
04/03/2014,18/03/2014,1.56,V ugm-3
18/03/2014,01/04/2014,0.52,V ugm-3
01/04/2014,15/04/2014,0.84,V ugm-3
15/04/2014,29/04/2014,0.91,V ugm-3
29/04/2014,13/05/2014,0.61,V ugm-3
13/05/2014,27/05/2014,1.25,V ugm-3
27/05/2014,10/06/2014,0.89,V ugm-3
10/06/2014,24/06/2014,0.39,V ugm-3
24/06/2014,09/07/2014,0.37,V ugm-3
09/07/2014,22/07/2014,0.41,V ugm-3
22/07/2014,29/07/2014,0.58,V ugm-3
29/07/2014,12/08/2014,0.47,V ugm-3
12/08/2014,26/08/2014,0.42,V ugm-3
26/08/2014,09/09/2014,0.93,V ugm-3
09/09/2014,23/09/2014,0.98,V ugm-3
23/09/2014,06/10/2014,0.9,V ugm-3
06/10/2014,21/10/2014,0.7,V ugm-3
21/10/2014,04/11/2014,0.73,V ugm-3
04/11/2014,18/11/2014,1.1,V ugm-3
18/11/2014,02/12/2014,1.61,V ugm-3
02/12/2014,16/12/2014,1.13,V ugm-3
16/12/2014,30/12/2014,0.8,V ugm-3
30/12/2014,14/01/2015,0.94,V ugm-3
Data for year 2015,,,
Multi-day data,,,
Southampton Centre,,,
Start Date,End Date,BENZENE,Status / units
14/01/2015,26/01/2015,1.36,V ugm-3
26/01/2015,11/02/2015,1.01,V ugm-3
11/02/2015,24/02/2015,1.07,V ugm-3
24/02/2015,12/03/2015,0.77,V ugm-3
12/03/2015,23/03/2015,1.19,V ugm-3
23/03/2015,07/04/2015,0.76,V ugm-3
07/04/2015,20/04/2015,0.87,V ugm-3
20/04/2015,05/05/2015,0.59,V ugm-3
05/05/2015,18/05/2015,0.38,V ugm-3
18/05/2015,01/06/2015,0.39,V ugm-3
01/06/2015,15/06/2015,0.4,V ugm-3
15/06/2015,29/06/2015,0.39,V ugm-3
29/06/2015,13/07/2015,0.39,V ugm-3
13/07/2015,27/07/2015,0.38,V ugm-3
27/07/2015,10/08/2015,0.44,V ugm-3
10/08/2015,25/08/2015,0.58,V ugm-3
25/08/2015,08/09/2015,0.61,V ugm-3
08/09/2015,21/09/2015,0.58,V ugm-3
21/09/2015,05/10/2015,0.77,V ugm-3
05/10/2015,04/11/2015,0.95,V ugm-3
04/11/2015,18/11/2015,0.44,V ugm-3
18/11/2015,01/12/2015,0.72,V ugm-3
01/12/2015,14/12/2015,0.6,V ugm-3
14/12/2015,29/12/2015,0.56,V ugm-3
29/12/2015,12/01/2016,0.91,V ugm-3
Data for year 2016,,,
Multi-day data,,,
Southampton Centre,,,
Start Date,End Date,BENZENE,Status / units
12/01/2016,25/01/2016,1.15,V ugm-3
25/01/2016,09/02/2016,0.51,V ugm-3
09/02/2016,22/02/2016,1.03,V ugm-3
22/02/2016,07/03/2016,0.91,V ugm-3
07/03/2016,22/03/2016,0.85,V ugm-3
22/03/2016,05/04/2016,0.54,V ugm-3
05/04/2016,19/04/2016,0.68,V ugm-3
19/04/2016,04/05/2016,0.48,V ugm-3
04/05/2016,17/05/2016,0.91,V ugm-3
17/05/2016,08/06/2016,,
08/06/2016,26/01/2017,<,
Data for year 2017,,,
Multi-day data,,,
Southampton Centre,,,
Start Date,End Date,BENZENE,Status / units
26/01/2017,08/02/2017,0.56,V ugm-3
08/02/2017,23/02/2017,1.39,V ugm-3
23/02/2017,08/03/2017,0.65,V ugm-3
08/03/2017,22/03/2017,0.68,V ugm-3
22/03/2017,05/04/2017,0.68,V ugm-3
05/04/2017,19/04/2017,0.52,V ugm-3
19/04/2017,04/05/2017,0.45,V ugm-3
04/05/2017,18/05/2017,0.28,V ugm-3
18/05/2017,31/05/2017,0.49,V ugm-3
31/05/2017,15/06/2017,0.27,V ugm-3
15/06/2017,29/06/2017,0.38,V ugm-3
29/06/2017,11/07/2017,0.31,V ugm-3
11/07/2017,27/07/2017,0.3,V ugm-3
27/07/2017,09/08/2017,0.23,V ugm-3
09/08/2017,23/08/2017,0.38,V ugm-3
23/08/2017,06/09/2017,0.5,V ugm-3
06/09/2017,20/09/2017,0.39,V ugm-3
20/09/2017,04/10/2017,0.55,V ugm-3
04/10/2017,19/10/2017,0.9,V ugm-3
19/10/2017,01/11/2017,0.79,V ugm-3
01/11/2017,15/11/2017,1.17,V ugm-3
15/11/2017,04/12/2017,0.94,V ugm-3
04/12/2017,13/12/2017,0.95,V ugm-3
13/12/2017,02/01/2018,1.14,V ugm-3
Data for year 2018,,,
Multi-day data,,,
Southampton Centre,,,
Start Date,End Date,BENZENE,Status / units
02/01/2018,11/01/2018,1.06,V ugm-3
11/01/2018,26/01/2018,0.72,V ugm-3
26/01/2018,08/02/2018,0.94,V ugm-3
08/02/2018,22/02/2018,0.77,V ugm-3
22/02/2018,09/03/2018,1.17,V ugm-3
09/03/2018,22/03/2018,0.85,V ugm-3
22/03/2018,05/04/2018,0.63,V ugm-3
05/04/2018,19/04/2018,0.77,V ugm-3
19/04/2018,24/04/2018,0.69,V ugm-3
24/04/2018,10/05/2018,0.53,V ugm-3
10/05/2018,23/05/2018,0.48,V ugm-3
23/05/2018,21/06/2018,0.33,V ugm-3
21/06/2018,05/07/2018,0.32,V ugm-3
05/07/2018,01/08/2018,0.3,V ugm-3
01/08/2018,14/08/2018,0.28,V ugm-3
14/08/2018,30/08/2018,0.23,V ugm-3
30/08/2018,12/09/2018,0.51,V ugm-3
12/09/2018,27/09/2018,0.53,V ugm-3
27/09/2018,10/10/2018,0.59,V ugm-3
11/10/2018,25/10/2018,0.71,V ugm-3
25/10/2018,08/11/2018,0.88,V ugm-3
08/11/2018,22/11/2018,0.75,V ugm-3
22/11/2018,05/12/2018,0.81,V ugm-3
05/12/2018,20/12/2018,0.71,V ugm-3
20/12/2018,02/01/2019,0.85,V ugm-3
Data for year 2019,,,
Multi-day data,,,
Southampton Centre,,,
Start Date,End Date,BENZENE,Status / units
02/01/2019,15/01/2019,0.74,V ugm-3
15/01/2019,29/01/2019,1,V ugm-3
29/01/2019,13/02/2019,0.83,V ugm-3
13/02/2019,26/02/2019,1.34,V ugm-3
26/02/2019,12/03/2019,0.68,V ugm-3
12/03/2019,27/03/2019,0.6,V ugm-3
27/03/2019,09/04/2019,0.86,V ugm-3
09/04/2019,23/04/2019,0.87,V ugm-3
23/04/2019,08/05/2019,0.39,V ugm-3
08/05/2019,21/05/2019,0.38,V ugm-3
21/05/2019,04/06/2019,0.26,V ugm-3
04/06/2019,18/06/2019,0.23,V ugm-3
18/06/2019,02/07/2019,0.31,V ugm-3
02/07/2019,16/07/2019,0.26,V ugm-3
16/07/2019,30/07/2019,0.28,V ugm-3
30/07/2019,13/08/2019,0.27,V ugm-3
13/08/2019,28/08/2019,0.42,V ugm-3
28/08/2019,12/09/2019,0.31,V ugm-3
12/09/2019,25/09/2019,0.47,V ugm-3
25/09/2019,08/10/2019,0.4,V ugm-3
08/10/2019,23/10/2019,0.51,V ugm-3
23/10/2019,06/11/2019,0.59,V ugm-3
06/11/2019,19/11/2019,1.04,V ugm-3
19/11/2019,03/12/2019,0.92,V ugm-3
03/12/2019,20/12/2019,1.18,V ugm-3
20/12/2019,02/01/2020,0.96,V ugm-3
Data for year 2020,,,
Multi-day data,,,
Southampton Centre,,,
Start Date,End Date,BENZENE,Status / units
02/01/2020,15/01/2020,0.5,V ugm-3
15/01/2020,30/01/2020,1.19,V ugm-3
30/01/2020,12/02/2020,0.6,V ugm-3
12/02/2020,26/02/2020,0.37,V ugm-3
26/02/2020,12/03/2020,0.51,V ugm-3
12/03/2020,26/03/2020,0.58,V ugm-3
26/03/2020,09/04/2020,0.57,V ugm-3
09/04/2020,23/04/2020,0.61,V ugm-3
23/04/2020,06/05/2020,0.42,V ugm-3
06/05/2020,21/05/2020,0.47,V ugm-3
21/05/2020,04/06/2020,0.29,V ugm-3
04/06/2020,18/06/2020,0.21,V ugm-3
18/06/2020,02/07/2020,0.18,V ugm-3
02/07/2020,15/07/2020,0.21,V ugm-3
15/07/2020,28/07/2020,0.21,V ugm-3
28/07/2020,12/08/2020,0.38,V ugm-3
12/08/2020,27/08/2020,0.25,V ugm-3
27/08/2020,24/09/2020,0.34,V ugm-3
24/09/2020,08/10/2020,0.29,V ugm-3
08/10/2020,22/10/2020,0.65,V ugm-3
22/10/2020,05/11/2020,0.61,V ugm-3
05/11/2020,19/11/2020,0.74,V ugm-3
19/11/2020,03/12/2020,1.03,V ugm-3
03/12/2020,15/12/2020,0.82,V ugm-3
15/12/2020,29/12/2020,0.54,V ugm-3
29/12/2020,12/01/2021,1.32,V ugm-3
Data for year 2021,,,
Multi-day data,,,
Southampton Centre,,,
Start Date,End Date,BENZENE,Status / units
12/01/2021,26/01/2021,0.9,V ugm-3
26/01/2021,09/02/2021,0.87,V ugm-3
09/02/2021,24/02/2021,0.82,V ugm-3
24/02/2021,11/03/2021,1.46,V ugm-3
11/03/2021,25/03/2021,0.75,V ugm-3
25/03/2021,07/04/2021,0.75,V ugm-3
07/04/2021,20/04/2021,0.55,V ugm-3
20/04/2021,04/05/2021,0.47,V ugm-3
04/05/2021,18/05/2021,0.36,V ugm-3
18/05/2021,01/06/2021,0.3,V ugm-3
01/06/2021,15/06/2021,0.29,V ugm-3
15/06/2021,01/07/2021,0.36,V ugm-3
01/07/2021,13/07/2021,0.24,V ugm-3
13/07/2021,28/07/2021,,
28/07/2021,11/08/2021,0.26,V ugm-3
11/08/2021,24/08/2021,,
24/08/2021,07/09/2021,0.51,V ugm-3
07/09/2021,22/09/2021,0.59,V ugm-3
22/09/2021,05/10/2021,0.27,V ugm-3
05/10/2021,19/10/2021,0.38,V ugm-3
19/10/2021,02/11/2021,0.39,V ugm-3
02/11/2021,16/11/2021,0.61,V ugm-3
16/11/2021,29/11/2021,0.62,V ugm-3
29/11/2021,15/12/2021,0.51,V ugm-3
15/12/2021,23/12/2021,0.65,V ugm-3
23/12/2021,05/01/2022,0.44,V ugm-3
Data for year 2022,,,
Multi-day data,,,
Southampton Centre,,,
Start Date,End Date,BENZENE,Status / units
05/01/2022,25/01/2022,1.34,V ugm-3
25/01/2022,10/02/2022,0.55,V ugm-3
10/02/2022,24/02/2022,0.52,V ugm-3
24/02/2022,09/03/2022,0.85,V ugm-3
09/03/2022,24/03/2022,0.81,V ugm-3
24/03/2022,06/04/2022,0.69,V ugm-3
06/04/2022,20/04/2022,0.75,V ugm-3
20/04/2022,05/05/2022,0.5,V ugm-3
05/05/2022,18/05/2022,0.21,V ugm-3
18/05/2022,01/06/2022,0.16,V ugm-3
01/06/2022,15/06/2022,0.27,V ugm-3
15/06/2022,29/06/2022,0.24,V ugm-3
29/06/2022,14/07/2022,0.26,V ugm-3
14/07/2022,27/07/2022,0.28,V ugm-3
27/07/2022,11/08/2022,0.2,V ugm-3
11/08/2022,24/08/2022,0.29,V ugm-3
24/08/2022,07/09/2022,0.23,V ugm-3
07/09/2022,22/09/2022,0.72,V ugm-3
22/09/2022,06/10/2022,0.37,V ugm-3
06/10/2022,19/10/2022,0.67,V ugm-3
19/10/2022,02/11/2022,0.32,V ugm-3
02/11/2022,17/11/2022,0.5,V ugm-3
17/11/2022,30/11/2022,0.66,V ugm-3
30/11/2022,15/12/2022,1.28,V ugm-3
15/12/2022,29/12/2022,1.01,V ugm-3
29/12/2022,11/01/2023,0.47,V ugm-3
Data for year 2023,,,
Multi-day data,,,
Southampton Centre,,,
Start Date,End Date,BENZENE,Status / units
11/01/2023,25/01/2023,1.03,V ugm-3
25/01/2023,09/02/2023,1.21,V ugm-3
09/02/2023,22/02/2023,0.86,V ugm-3
22/02/2023,08/03/2023,0.75,V ugm-3
08/03/2023,22/03/2023,0.51,V ugm-3
22/03/2023,06/04/2023,0.4,V ugm-3
06/04/2023,19/04/2023,0.76,V ugm-3
19/04/2023,03/05/2023,0.56,V ugm-3
03/05/2023,17/05/2023,0.4,V ugm-3
17/05/2023,31/05/2023,0.49,V ugm-3
31/05/2023,14/06/2023,0.82,V ugm-3
14/06/2023,29/06/2023,0.47,V ugm-3
29/06/2023,12/07/2023,0.36,V ugm-3
12/07/2023,27/07/2023,0.5,V ugm-3
27/07/2023,10/08/2023,0.4,V ugm-3
10/08/2023,23/08/2023,0.32,V ugm-3
23/08/2023,06/09/2023,0.54,V ugm-3
06/09/2023,20/09/2023,0.64,V ugm-3
20/09/2023,04/10/2023,0.43,V ugm-3
04/10/2023,18/10/2023,0.57,V ugm-3
18/10/2023,02/11/2023,0.78,V ugm-3
02/11/2023,15/11/2023,0.63,V ugm-3
15/11/2023,29/11/2023,0.73,V ugm-3
29/11/2023,13/12/2023,0.93,V ugm-3
13/12/2023,27/12/2023,0.56,V ugm-3
27/12/2023,10/01/2024,0.55,V ugm-3
Data for year 2024,,,
Multi-day data,,,
Southampton Centre,,,
Start Date,End Date,BENZENE,Status / units
10/01/2024,24/01/2024,1.14,V ugm-3
24/01/2024,07/02/2024,0.58,V ugm-3
07/02/2024,21/02/2024,0.62,V ugm-3
21/02/2024,05/03/2024,0.87,V ugm-3
05/03/2024,20/03/2024,1.17,V ugm-3
20/03/2024,03/04/2024,0.57,V ugm-3
03/04/2024,17/04/2024,0.36,V ugm-3
17/04/2024,02/05/2024,0.51,V ugm-3
02/05/2024,15/05/2024,0.47,V ugm-3
15/05/2024,29/05/2024,0.34,V ugm-3
29/05/2024,12/06/2024,0.24,V ugm-3
12/06/2024,26/06/2024,0.32,V ugm-3
26/06/2024,10/07/2024,0.21,V ugm-3
10/07/2024,24/07/2024,0.21,V ugm-3
24/07/2024,07/08/2024,0.56,V ugm-3
07/08/2024,22/08/2024,0.37,V ugm-3
22/08/2024,04/09/2024,0.43,V ugm-3
04/09/2024,18/09/2024,0.5,V ugm-3
18/09/2024,02/10/2024,0.47,V ugm-3
02/10/2024,16/10/2024,0.47,V ugm-3
16/10/2024,30/10/2024,0.52,V ugm-3
30/10/2024,12/11/2024,0.8,V ugm-3
12/11/2024,27/11/2024,0.57,V ugm-3
27/11/2024,23/12/2024,0.49,V ugm-3
23/12/2024,08/01/2025,0.6,V ugm-3
Data for year 2025,,,
Multi-day data,,,
Southampton Centre,,,
Start Date,End Date,BENZENE,Status / units
08/01/2025,23/01/2025,1.5,V ugm-3
23/01/2025,05/02/2025,0.82,V ugm-3
05/02/2025,19/02/2025,1.22,V ugm-3
19/02/2025,06/03/2025,0.66,V ugm-3
06/03/2025,19/03/2025,0.66,V ugm-3
19/03/2025,02/04/2025,0.57,V ugm-3
02/04/2025,16/04/2025,0.46,V ugm-3
16/04/2025,01/05/2025,0.4,V ugm-3
01/05/2025,14/05/2025,0.38,V ugm-3
14/05/2025,28/05/2025,0.21,V ugm-3
28/05/2025,11/06/2025,0.23,V ugm-3
11/06/2025,25/06/2025,0.38,V ugm-3
25/06/2025,09/07/2025,0.21,V ugm-3
09/07/2025,23/07/2025,0.26,V ugm-3
23/07/2025,06/08/2025,0.38,V ugm-3
06/08/2025,20/08/2025,0.37,V ugm-3
20/08/2025,03/09/2025,0.24,V ugm-3
03/09/2025,17/09/2025,,
17/09/2025,02/10/2025,0.61,V ugm-3
02/10/2025,16/10/2025,0.36,V ugm-3
16/10/2025,30/10/2025,0.38,V ugm-3
30/10/2025,12/11/2025,0.5,V ugm-3
12/11/2025,26/11/2025,0.71,V ugm-3
26/11/2025,10/12/2025,0.54,V ugm-3
10/12/2025,24/12/2025,0.93,V ugm-3
24/12/2025,07/01/2026,0.79,V ugm-3
Data for year 2002,,,
Multi-day data,,,
Southend-on-Sea,,,
Start Date,End Date,BENZENE,Status / units
21/03/2002,04/04/2002,1.4,V ugm-3
04/04/2002,17/04/2002,1.43,V ugm-3
17/04/2002,01/05/2002,1.07,V ugm-3
01/05/2002,15/05/2002,0.98,V ugm-3
15/05/2002,30/05/2002,0.49,V ugm-3
30/05/2002,12/06/2002,0.94,V ugm-3
12/06/2002,26/06/2002,0.78,V ugm-3
26/06/2002,10/07/2002,0.42,V ugm-3
10/07/2002,25/07/2002,0.72,V ugm-3
25/07/2002,21/08/2002,1.14,V ugm-3
21/08/2002,18/09/2002,1.33,V ugm-3
18/09/2002,01/10/2002,1.11,V ugm-3
01/10/2002,15/10/2002,1.56,V ugm-3
15/10/2002,30/10/2002,1.17,V ugm-3
30/10/2002,13/11/2002,1.37,V ugm-3
13/11/2002,27/11/2002,1.56,V ugm-3
27/11/2002,11/12/2002,1.69,V ugm-3
11/12/2002,24/12/2002,2.37,V ugm-3
24/12/2002,08/01/2003,1.24,V ugm-3
Data for year 2003,,,
Multi-day data,,,
Southend-on-Sea,,,
Start Date,End Date,BENZENE,Status / units
08/01/2003,22/01/2003,1.33,V ugm-3
22/01/2003,05/02/2003,1.04,V ugm-3
05/02/2003,18/02/2003,1.66,V ugm-3
13/03/2003,02/04/2003,2.67,V ugm-3
02/04/2003,16/04/2003,1.11,V ugm-3
16/04/2003,30/04/2003,0.52,V ugm-3
30/04/2003,14/05/2003,0.75,V ugm-3
14/05/2003,28/05/2003,0.88,V ugm-3
28/05/2003,25/06/2003,0.68,V ugm-3
25/06/2003,08/07/2003,0.91,V ugm-3
08/07/2003,23/07/2003,0.46,V ugm-3
23/07/2003,07/08/2003,0.78,V ugm-3
07/08/2003,20/08/2003,1.46,V ugm-3
20/08/2003,03/09/2003,0.81,V ugm-3
03/09/2003,16/09/2003,1.66,V ugm-3
16/09/2003,02/10/2003,1.2,V ugm-3
02/10/2003,15/10/2003,1.17,V ugm-3
15/10/2003,12/11/2003,2.5,V ugm-3
12/11/2003,26/11/2003,1.5,V ugm-3
26/11/2003,10/12/2003,2.05,V ugm-3
10/12/2003,23/12/2003,1.82,V ugm-3
23/12/2003,07/01/2004,2.05,V ugm-3
Data for year 2004,,,
Multi-day data,,,
Southend-on-Sea,,,
Start Date,End Date,BENZENE,Status / units
07/01/2004,21/01/2004,1.2,V ugm-3
21/01/2004,04/02/2004,1.5,V ugm-3
04/02/2004,18/02/2004,1.85,V ugm-3
18/02/2004,03/03/2004,1.24,V ugm-3
03/03/2004,17/03/2004,1.56,V ugm-3
17/03/2004,31/03/2004,1.56,V ugm-3
31/03/2004,14/04/2004,1.4,V ugm-3
14/04/2004,28/04/2004,1.4,V ugm-3
28/04/2004,12/05/2004,1.3,V ugm-3
12/05/2004,26/05/2004,1.37,V ugm-3
26/05/2004,09/06/2004,0.94,V ugm-3
09/06/2004,01/07/2004,0.62,V ugm-3
01/07/2004,21/07/2004,0.65,V ugm-3
21/07/2004,04/08/2004,0.75,V ugm-3
04/08/2004,19/08/2004,0.91,V ugm-3
19/08/2004,01/09/2004,0.75,V ugm-3
01/09/2004,15/09/2004,1.3,V ugm-3
15/09/2004,29/09/2004,1.98,V ugm-3
29/09/2004,13/10/2004,1.11,V ugm-3
13/10/2004,27/10/2004,0.85,V ugm-3
27/10/2004,10/11/2004,1.43,V ugm-3
10/11/2004,24/11/2004,1.79,V ugm-3
24/11/2004,08/12/2004,1.59,V ugm-3
08/12/2004,22/12/2004,1.37,V ugm-3
22/12/2004,05/01/2005,1.43,V ugm-3
Data for year 2005,,,
Multi-day data,,,
Southend-on-Sea,,,
Start Date,End Date,BENZENE,Status / units
05/01/2005,19/01/2005,1.01,V ugm-3
19/01/2005,02/02/2005,1.14,V ugm-3
02/02/2005,16/02/2005,2.31,V ugm-3
16/02/2005,02/03/2005,2.02,V ugm-3
02/03/2005,16/03/2005,1.59,V ugm-3
16/03/2005,06/04/2005,2.05,V ugm-3
06/04/2005,20/04/2005,1.04,V ugm-3
20/04/2005,04/05/2005,1.27,V ugm-3
04/05/2005,18/05/2005,0.81,V ugm-3
18/05/2005,09/06/2005,0.65,V ugm-3
09/06/2005,23/06/2005,0.52,V ugm-3
23/06/2005,07/07/2005,0.68,V ugm-3
07/07/2005,22/07/2005,1.04,V ugm-3
22/07/2005,05/08/2005,0.33,V ugm-3
05/08/2005,18/08/2005,0.59,V ugm-3
18/08/2005,02/09/2005,0.81,V ugm-3
02/09/2005,14/09/2005,0.78,V ugm-3
14/09/2005,28/09/2005,0.75,V ugm-3
28/09/2005,14/10/2005,0.88,V ugm-3
14/10/2005,19/10/2005,0.55,V ugm-3
19/10/2005,16/11/2005,0.98,V ugm-3
16/11/2005,07/12/2005,1.4,V ugm-3
07/12/2005,21/12/2005,1.59,V ugm-3
21/12/2005,05/01/2006,1.69,V ugm-3
Data for year 2006,,,
Multi-day data,,,
Southend-on-Sea,,,
Start Date,End Date,BENZENE,Status / units
05/01/2006,19/01/2006,2.6,V ugm-3
19/01/2006,01/02/2006,1.95,V ugm-3
01/02/2006,15/02/2006,1.72,V ugm-3
15/02/2006,01/03/2006,1.01,V ugm-3
01/03/2006,28/03/2006,1.46,V ugm-3
28/03/2006,12/04/2006,0.81,V ugm-3
12/04/2006,26/04/2006,2.37,V ugm-3
26/04/2006,11/05/2006,0.81,V ugm-3
11/05/2006,26/05/2006,0.59,V ugm-3
26/05/2006,06/06/2006,0.42,V ugm-3
06/06/2006,20/06/2006,0.62,V ugm-3
20/06/2006,04/07/2006,0.75,V ugm-3
04/07/2006,01/08/2006,0.2,V ugm-3
01/08/2006,16/08/2006,0.39,V ugm-3
16/08/2006,30/08/2006,0.33,V ugm-3
30/08/2006,13/09/2006,0.78,V ugm-3
13/09/2006,27/09/2006,0.88,V ugm-3
27/09/2006,09/10/2006,0.36,V ugm-3
09/10/2006,24/10/2006,0.78,V ugm-3
24/10/2006,07/11/2006,0.91,V ugm-3
07/11/2006,21/11/2006,0.42,V ugm-3
21/11/2006,05/12/2006,0.52,V ugm-3
05/12/2006,19/12/2006,1.17,V ugm-3
19/12/2006,02/01/2007,2.54,V ugm-3
Data for year 2007,,,
Multi-day data,,,
Southend-on-Sea,,,
Start Date,End Date,BENZENE,Status / units
02/01/2007,16/01/2007,0.49,V ugm-3
16/01/2007,30/01/2007,0.75,V ugm-3
30/01/2007,13/02/2007,1.85,V ugm-3
13/02/2007,23/02/2007,0.59,V ugm-3
23/02/2007,12/03/2007,0.52,V ugm-3
12/03/2007,27/03/2007,1.11,V ugm-3
27/03/2007,11/04/2007,0.98,V ugm-3
11/04/2007,24/04/2007,0.42,V ugm-3
24/04/2007,08/05/2007,0.59,V ugm-3
08/05/2007,22/05/2007,0.55,V ugm-3
22/05/2007,05/06/2007,0.52,V ugm-3
05/06/2007,19/06/2007,0.49,V ugm-3
19/06/2007,03/07/2007,0.42,V ugm-3
03/07/2007,17/07/2007,0.42,V ugm-3
17/07/2007,31/07/2007,0.29,V ugm-3
31/07/2007,14/08/2007,0.46,V ugm-3
14/08/2007,28/08/2007,0.36,V ugm-3
28/08/2007,11/09/2007,0.46,V ugm-3
11/09/2007,25/09/2007,0.33,V ugm-3
25/09/2007,09/10/2007,0.81,V ugm-3
Data for year 2008,,,
Multi-day data,,,
Stockton-on-Tees Eaglescliffe,,,
Start Date,End Date,BENZENE,Status / units
30/09/2008,14/10/2008,0.29,V ugm-3
14/10/2008,29/10/2008,0.42,V ugm-3
29/10/2008,13/11/2008,0.81,V ugm-3
13/11/2008,27/11/2008,0.42,V ugm-3
27/11/2008,10/12/2008,0.75,V ugm-3
10/12/2008,23/12/2008,0.65,V ugm-3
23/12/2008,08/01/2009,0.91,V ugm-3
Data for year 2009,,,
Multi-day data,,,
Stockton-on-Tees Eaglescliffe,,,
Start Date,End Date,BENZENE,Status / units
08/01/2009,22/01/2009,0.75,V ugm-3
22/01/2009,05/02/2009,0.72,V ugm-3
05/02/2009,19/02/2009,0.85,V ugm-3
19/02/2009,05/03/2009,0.68,V ugm-3
05/03/2009,23/03/2009,0.75,V ugm-3
23/03/2009,07/04/2009,0.81,V ugm-3
07/04/2009,20/04/2009,1.07,V ugm-3
20/04/2009,05/05/2009,0.55,V ugm-3
05/05/2009,14/05/2009,0.52,V ugm-3
14/05/2009,28/05/2009,0.26,V ugm-3
28/05/2009,11/06/2009,0.72,V ugm-3
11/06/2009,24/06/2009,0.62,V ugm-3
24/06/2009,08/07/2009,1.24,V ugm-3
08/07/2009,21/07/2009,0.46,V ugm-3
21/07/2009,06/08/2009,0.2,V ugm-3
06/08/2009,20/08/2009,0.49,V ugm-3
20/08/2009,03/09/2009,0.36,V ugm-3
03/09/2009,17/09/2009,0.88,V ugm-3
17/09/2009,01/10/2009,0.75,V ugm-3
01/10/2009,15/10/2009,0.55,V ugm-3
15/10/2009,28/10/2009,0.68,V ugm-3
28/10/2009,13/11/2009,0.72,V ugm-3
13/11/2009,27/11/2009,0.36,V ugm-3
27/11/2009,22/12/2009,0.81,V ugm-3
22/12/2009,05/01/2010,0.98,V ugm-3
Data for year 2010,,,
Multi-day data,,,
Stockton-on-Tees Eaglescliffe,,,
Start Date,End Date,BENZENE,Status / units
05/01/2010,19/01/2010,1.66,V ugm-3
19/01/2010,02/02/2010,1.11,V ugm-3
02/02/2010,17/02/2010,1.27,V ugm-3
17/02/2010,03/03/2010,1.4,V ugm-3
03/03/2010,17/03/2010,0.91,V ugm-3
17/03/2010,31/03/2010,0.81,V ugm-3
31/03/2010,15/04/2010,0.85,V ugm-3
15/04/2010,29/04/2010,0.49,V ugm-3
29/04/2010,17/05/2010,0.59,V ugm-3
17/05/2010,01/06/2010,0.67,V ugm-3
01/06/2010,16/06/2010,0.58,V ugm-3
16/06/2010,28/06/2010,0.48,V ugm-3
02/07/2010,27/07/2010,0.34,V ugm-3
27/07/2010,09/08/2010,0.45,V ugm-3
09/08/2010,24/08/2010,0.25,V ugm-3
24/08/2010,06/09/2010,0.66,V ugm-3
06/09/2010,20/09/2010,0.32,V ugm-3
20/09/2010,04/10/2010,0.32,V ugm-3
04/10/2010,19/10/2010,,
19/10/2010,02/11/2010,0.18,V ugm-3
02/11/2010,16/11/2010,0.44,V ugm-3
16/11/2010,30/11/2010,0.8,V ugm-3
30/11/2010,14/12/2010,0.65,V ugm-3
Data for year 2011,,,
Multi-day data,,,
Stockton-on-Tees Eaglescliffe,,,
Start Date,End Date,BENZENE,Status / units
04/01/2011,18/01/2011,0.74,V ugm-3
18/01/2011,01/02/2011,0.93,V ugm-3
01/02/2011,15/02/2011,0.78,V ugm-3
15/02/2011,01/03/2011,0.98,V ugm-3
01/03/2011,16/03/2011,1.14,V ugm-3
16/03/2011,30/03/2011,1.17,V ugm-3
30/03/2011,13/04/2011,0.48,V ugm-3
13/04/2011,26/04/2011,1.49,V ugm-3
26/04/2011,10/05/2011,0.93,V ugm-3
10/05/2011,24/05/2011,0.39,V ugm-3
24/05/2011,07/06/2011,0.71,V ugm-3
07/06/2011,22/06/2011,0.68,V ugm-3
22/06/2011,06/07/2011,0.84,V ugm-3
06/07/2011,21/07/2011,0.81,V ugm-3
21/07/2011,05/08/2011,0.69,V ugm-3
05/08/2011,16/08/2011,0.57,V ugm-3
16/08/2011,30/08/2011,0.69,V ugm-3
30/08/2011,13/09/2011,0.41,V ugm-3
13/09/2011,27/09/2011,0.86,V ugm-3
27/09/2011,11/10/2011,0.67,V ugm-3
11/10/2011,25/10/2011,0.63,V ugm-3
25/10/2011,08/11/2011,1.09,V ugm-3
08/11/2011,22/11/2011,1.54,V ugm-3
22/11/2011,06/12/2011,0.45,V ugm-3
06/12/2011,20/12/2011,0.79,V ugm-3
20/12/2011,03/01/2012,0.52,V ugm-3
Data for year 2012,,,
Multi-day data,,,
Stockton-on-Tees Eaglescliffe,,,
Start Date,End Date,BENZENE,Status / units
03/01/2012,17/01/2012,1.15,V ugm-3
17/01/2012,31/01/2012,1.1,V ugm-3
31/01/2012,14/02/2012,1.28,V ugm-3
14/02/2012,28/02/2012,0.43,V ugm-3
28/02/2012,13/03/2012,0.71,V ugm-3
13/03/2012,27/03/2012,1.37,V ugm-3
27/03/2012,10/04/2012,0.99,V ugm-3
10/04/2012,24/04/2012,0.8,V ugm-3
24/04/2012,08/05/2012,0.72,V ugm-3
08/05/2012,24/05/2012,0.77,V ugm-3
04/09/2012,18/09/2012,0.22,V ugm-3
18/09/2012,02/10/2012,0.35,V ugm-3
02/10/2012,16/10/2012,0.57,V ugm-3
16/10/2012,31/10/2012,0.61,V ugm-3
31/10/2012,14/11/2012,0.72,V ugm-3
14/11/2012,28/11/2012,0.82,V ugm-3
28/11/2012,12/12/2012,0.81,V ugm-3
12/12/2012,02/01/2013,0.8,V ugm-3
Data for year 2013,,,
Multi-day data,,,
Stockton-on-Tees Eaglescliffe,,,
Start Date,End Date,BENZENE,Status / units
02/01/2013,16/01/2013,0.85,V ugm-3
16/01/2013,30/01/2013,1.31,V ugm-3
30/01/2013,13/02/2013,0.98,V ugm-3
13/02/2013,26/02/2013,1.3,V ugm-3
26/02/2013,12/03/2013,1.44,V ugm-3
12/03/2013,26/03/2013,0.82,V ugm-3
26/03/2013,08/04/2013,1.04,V ugm-3
08/04/2013,22/04/2013,0.83,V ugm-3
22/04/2013,07/05/2013,0.8,V ugm-3
07/05/2013,21/05/2013,0.65,V ugm-3
21/05/2013,04/06/2013,,
04/06/2013,18/06/2013,1.39,V ugm-3
18/06/2013,02/07/2013,0.86,V ugm-3
02/07/2013,16/07/2013,1.5,V ugm-3
16/07/2013,30/07/2013,0.87,V ugm-3
30/07/2013,14/08/2013,0.42,V ugm-3
14/08/2013,28/08/2013,0.94,V ugm-3
28/08/2013,11/09/2013,0.66,V ugm-3
11/09/2013,25/09/2013,0.62,V ugm-3
25/09/2013,09/10/2013,0.58,V ugm-3
09/10/2013,23/10/2013,0.64,V ugm-3
23/10/2013,06/11/2013,0.86,V ugm-3
06/11/2013,20/11/2013,0.56,V ugm-3
20/11/2013,04/12/2013,0.81,V ugm-3
04/12/2013,18/12/2013,0.49,V ugm-3
18/12/2013,02/01/2014,0.42,V ugm-3
Data for year 2014,,,
Multi-day data,,,
Stockton-on-Tees Eaglescliffe,,,
Start Date,End Date,BENZENE,Status / units
02/01/2014,16/01/2014,0.45,V ugm-3
16/01/2014,31/01/2014,1.2,V ugm-3
31/01/2014,14/02/2014,0.98,V ugm-3
14/02/2014,27/02/2014,0.74,V ugm-3
27/02/2014,13/03/2014,0.96,V ugm-3
13/03/2014,27/03/2014,0.64,V ugm-3
27/03/2014,10/04/2014,1.42,V ugm-3
10/04/2014,24/04/2014,1.02,V ugm-3
24/04/2014,09/05/2014,1.28,V ugm-3
09/05/2014,23/05/2014,0.95,V ugm-3
23/05/2014,06/06/2014,1.34,V ugm-3
06/06/2014,20/06/2014,0.6,V ugm-3
20/06/2014,03/07/2014,0.77,V ugm-3
03/07/2014,22/07/2014,1.12,V ugm-3
22/07/2014,05/08/2014,1.22,V ugm-3
05/08/2014,19/08/2014,0.59,V ugm-3
19/08/2014,02/09/2014,0.59,V ugm-3
02/09/2014,16/09/2014,1.39,V ugm-3
16/09/2014,30/09/2014,0.84,V ugm-3
30/09/2014,14/10/2014,,
14/10/2014,28/10/2014,0.5,V ugm-3
28/10/2014,11/11/2014,0.74,V ugm-3
11/11/2014,25/11/2014,1.67,V ugm-3
25/11/2014,09/12/2014,1.57,V ugm-3
09/12/2014,23/12/2014,0.41,V ugm-3
23/12/2014,06/01/2015,0.82,V ugm-3
Data for year 2015,,,
Multi-day data,,,
Stockton-on-Tees Eaglescliffe,,,
Start Date,End Date,BENZENE,Status / units
06/01/2015,21/01/2015,0.48,V ugm-3
21/01/2015,03/02/2015,0.74,V ugm-3
03/02/2015,17/02/2015,1.17,V ugm-3
17/02/2015,03/03/2015,0.54,V ugm-3
03/03/2015,17/03/2015,0.9,V ugm-3
17/03/2015,01/04/2015,0.84,V ugm-3
01/04/2015,16/04/2015,0.67,V ugm-3
16/04/2015,30/04/2015,0.89,V ugm-3
30/04/2015,14/05/2015,0.73,V ugm-3
14/05/2015,28/05/2015,0.29,V ugm-3
28/05/2015,11/06/2015,0.44,V ugm-3
11/06/2015,26/06/2015,0.52,V ugm-3
26/06/2015,10/07/2015,0.39,V ugm-3
10/07/2015,27/07/2015,0.43,V ugm-3
27/07/2015,10/08/2015,0.56,V ugm-3
10/08/2015,24/08/2015,0.63,V ugm-3
24/08/2015,07/09/2015,0.69,V ugm-3
07/09/2015,21/09/2015,,
21/09/2015,05/10/2015,0.8,V ugm-3
05/10/2015,19/10/2015,0.98,V ugm-3
19/10/2015,02/11/2015,0.84,V ugm-3
02/11/2015,16/11/2015,0.67,V ugm-3
16/11/2015,30/11/2015,0.54,V ugm-3
30/11/2015,14/12/2015,0.6,V ugm-3
14/12/2015,23/12/2015,0.54,V ugm-3
23/12/2015,05/01/2016,0.67,V ugm-3
Data for year 2016,,,
Multi-day data,,,
Stockton-on-Tees Eaglescliffe,,,
Start Date,End Date,BENZENE,Status / units
05/01/2016,19/01/2016,0.75,V ugm-3
19/01/2016,02/02/2016,0.68,V ugm-3
02/02/2016,16/02/2016,0.92,V ugm-3
16/02/2016,01/03/2016,0.81,V ugm-3
01/03/2016,15/03/2016,0.98,V ugm-3
15/03/2016,29/03/2016,0.59,V ugm-3
29/03/2016,12/04/2016,0.26,V ugm-3
12/04/2016,26/04/2016,0.6,V ugm-3
26/04/2016,10/05/2016,0.78,V ugm-3
10/05/2016,24/05/2016,0.45,V ugm-3
24/05/2016,07/06/2016,0.76,V ugm-3
07/06/2016,21/06/2016,1.19,V ugm-3
21/06/2016,05/07/2016,0.19,V ugm-3
05/07/2016,19/07/2016,0.24,V ugm-3
19/07/2016,01/08/2016,0.31,V ugm-3
01/08/2016,15/08/2016,0.19,V ugm-3
15/08/2016,31/08/2016,0.44,V ugm-3
31/08/2016,14/09/2016,,
14/09/2016,28/09/2016,0.55,V ugm-3
28/09/2016,12/10/2016,0.44,V ugm-3
12/10/2016,26/10/2016,0.93,V ugm-3
26/10/2016,09/11/2016,0.53,V ugm-3
09/11/2016,22/11/2016,0.52,V ugm-3
22/11/2016,06/12/2016,0.99,V ugm-3
06/12/2016,20/12/2016,0.71,V ugm-3
20/12/2016,03/01/2017,0.49,V ugm-3
Data for year 2017,,,
Multi-day data,,,
Stockton-on-Tees Eaglescliffe,,,
Start Date,End Date,BENZENE,Status / units
03/01/2017,17/01/2017,0.6,V ugm-3
17/01/2017,01/02/2017,1.08,V ugm-3
01/02/2017,15/02/2017,1.18,V ugm-3
15/02/2017,01/03/2017,0.62,V ugm-3
01/03/2017,15/03/2017,0.71,V ugm-3
15/03/2017,29/03/2017,0.78,V ugm-3
29/03/2017,12/04/2017,0.44,V ugm-3
12/04/2017,26/04/2017,0.34,V ugm-3
26/04/2017,10/05/2017,0.43,V ugm-3
10/05/2017,24/05/2017,0.42,V ugm-3
24/05/2017,07/06/2017,,
07/06/2017,21/06/2017,0.2,V ugm-3
21/06/2017,04/07/2017,0.25,V ugm-3
04/07/2017,18/07/2017,0.29,V ugm-3
18/07/2017,31/07/2017,0.3,V ugm-3
31/07/2017,18/08/2017,0.21,V ugm-3
18/08/2017,30/08/2017,0.26,V ugm-3
30/08/2017,13/09/2017,0.33,V ugm-3
13/09/2017,27/09/2017,0.5,V ugm-3
27/09/2017,11/10/2017,0.3,V ugm-3
11/10/2017,31/10/2017,0.39,V ugm-3
31/10/2017,15/11/2017,0.78,V ugm-3
15/11/2017,29/11/2017,0.52,V ugm-3
29/11/2017,14/12/2017,0.69,V ugm-3
14/12/2017,29/12/2017,0.67,V ugm-3
29/12/2017,12/01/2018,1.02,V ugm-3
Data for year 2018,,,
Multi-day data,,,
Stockton-on-Tees Eaglescliffe,,,
Start Date,End Date,BENZENE,Status / units
12/01/2018,26/01/2018,0.6,V ugm-3
26/01/2018,08/02/2018,0.72,V ugm-3
08/02/2018,22/02/2018,0.74,V ugm-3
22/02/2018,07/03/2018,1.23,V ugm-3
07/03/2018,21/03/2018,0.9,V ugm-3
21/03/2018,06/04/2018,0.65,V ugm-3
06/04/2018,19/04/2018,0.65,V ugm-3
19/04/2018,02/05/2018,0.36,V ugm-3
02/05/2018,16/05/2018,0.45,V ugm-3
16/05/2018,01/06/2018,0.79,V ugm-3
01/06/2018,15/06/2018,0.64,V ugm-3
15/06/2018,28/06/2018,1.4,V ugm-3
28/06/2018,11/07/2018,0.83,V ugm-3
11/07/2018,25/07/2018,0.17,V ugm-3
25/07/2018,09/08/2018,0.21,V ugm-3
09/08/2018,22/08/2018,0.18,V ugm-3
22/08/2018,05/09/2018,0.4,V ugm-3
05/09/2018,19/09/2018,0.28,V ugm-3
19/09/2018,03/10/2018,0.29,V ugm-3
03/10/2018,17/10/2018,0.36,V ugm-3
17/10/2018,30/10/2018,0.45,V ugm-3
30/10/2018,14/11/2018,,
14/11/2018,28/11/2018,,
28/11/2018,13/12/2018,,
13/12/2018,28/12/2018,,
28/12/2018,09/01/2019,0.46,V ugm-3
Data for year 2019,,,
Multi-day data,,,
Stockton-on-Tees Eaglescliffe,,,
Start Date,End Date,BENZENE,Status / units
09/01/2019,23/01/2019,0.64,V ugm-3
23/01/2019,07/02/2019,0.72,V ugm-3
07/02/2019,22/02/2019,0.6,V ugm-3
22/02/2019,07/03/2019,0.84,V ugm-3
07/03/2019,20/03/2019,0.4,V ugm-3
20/03/2019,03/04/2019,0.43,V ugm-3
03/04/2019,16/04/2019,0.6,V ugm-3
16/04/2019,01/05/2019,0.62,V ugm-3
01/05/2019,16/05/2019,0.33,V ugm-3
16/05/2019,30/05/2019,0.34,V ugm-3
30/05/2019,12/06/2019,0.21,V ugm-3
12/06/2019,26/06/2019,0.2,V ugm-3
26/06/2019,10/07/2019,0.19,V ugm-3
10/07/2019,24/07/2019,0.21,V ugm-3
24/07/2019,07/08/2019,0.44,V ugm-3
07/08/2019,21/08/2019,0.2,V ugm-3
21/08/2019,04/09/2019,0.29,V ugm-3
04/09/2019,18/09/2019,0.29,V ugm-3
18/09/2019,02/10/2019,0.38,V ugm-3
02/10/2019,16/10/2019,0.41,V ugm-3
16/10/2019,30/10/2019,0.45,V ugm-3
30/10/2019,12/11/2019,4.4,V ugm-3
12/11/2019,26/11/2019,0.81,V ugm-3
26/11/2019,09/12/2019,0.75,V ugm-3
09/12/2019,23/12/2019,0.68,V ugm-3
23/12/2019,07/01/2020,0.6,V ugm-3
Data for year 2020,,,
Multi-day data,,,
Stockton-on-Tees Eaglescliffe,,,
Start Date,End Date,BENZENE,Status / units
07/01/2020,20/01/2020,0.51,V ugm-3
20/01/2020,02/02/2020,0.55,V ugm-3
02/02/2020,17/02/2020,0.57,V ugm-3
17/02/2020,03/03/2020,0.44,V ugm-3
03/03/2020,18/03/2020,0.4,V ugm-3
18/03/2020,01/04/2020,0.54,V ugm-3
01/04/2020,15/04/2020,0.41,V ugm-3
15/04/2020,29/04/2020,0.4,V ugm-3
29/04/2020,13/05/2020,0.37,V ugm-3
13/05/2020,27/05/2020,0.15,V ugm-3
27/05/2020,10/06/2020,0.26,V ugm-3
10/06/2020,24/06/2020,0.24,V ugm-3
24/06/2020,08/07/2020,0.14,V ugm-3
08/07/2020,22/07/2020,0.19,V ugm-3
22/07/2020,05/08/2020,0.16,V ugm-3
05/08/2020,19/08/2020,0.3,V ugm-3
19/08/2020,02/09/2020,0.24,V ugm-3
02/09/2020,30/09/2020,0.25,V ugm-3
30/09/2020,14/10/2020,0.6,V ugm-3
14/10/2020,29/10/2020,0.42,V ugm-3
29/10/2020,11/11/2020,0.79,V ugm-3
11/11/2020,24/11/2020,0.42,V ugm-3
24/11/2020,08/12/2020,0.89,V ugm-3
08/12/2020,22/12/2020,0.77,V ugm-3
22/12/2020,13/01/2021,0.96,V ugm-3
Data for year 2021,,,
Multi-day data,,,
Stockton-on-Tees Eaglescliffe,,,
Start Date,End Date,BENZENE,Status / units
13/01/2021,26/01/2021,0.75,V ugm-3
26/01/2021,11/02/2021,0.98,V ugm-3
11/02/2021,23/02/2021,0.66,V ugm-3
23/02/2021,10/03/2021,,
10/03/2021,24/03/2021,,
24/03/2021,07/04/2021,0.41,V ugm-3
07/04/2021,26/04/2021,0.48,V ugm-3
26/04/2021,05/05/2021,0.36,V ugm-3
05/05/2021,19/05/2021,0.35,V ugm-3
19/05/2021,02/06/2021,0.47,V ugm-3
02/06/2021,15/06/2021,0.18,V ugm-3
15/06/2021,30/06/2021,0.27,V ugm-3
30/06/2021,14/07/2021,0.29,V ugm-3
14/07/2021,28/07/2021,0.38,V ugm-3
28/07/2021,12/08/2021,0.25,V ugm-3
12/08/2021,26/08/2021,0.29,V ugm-3
26/08/2021,08/09/2021,0.38,V ugm-3
08/09/2021,22/09/2021,0.44,V ugm-3
22/09/2021,12/10/2021,,
12/10/2021,03/11/2021,0.27,V ugm-3
03/11/2021,17/11/2021,0.38,V ugm-3
17/11/2021,01/12/2021,0.36,V ugm-3
01/12/2021,15/12/2021,0.41,V ugm-3
15/12/2021,29/12/2021,0.72,V ugm-3
29/12/2021,12/01/2022,0.4,V ugm-3
Data for year 2022,,,
Multi-day data,,,
Stockton-on-Tees Eaglescliffe,,,
Start Date,End Date,BENZENE,Status / units
12/01/2022,26/01/2022,0.78,V ugm-3
26/01/2022,09/02/2022,0.35,V ugm-3
09/02/2022,23/02/2022,0.4,V ugm-3
23/02/2022,09/03/2022,0.77,V ugm-3
09/03/2022,23/03/2022,0.63,V ugm-3
23/03/2022,06/04/2022,0.78,V ugm-3
06/04/2022,20/04/2022,0.36,V ugm-3
20/04/2022,04/05/2022,0.45,V ugm-3
04/05/2022,19/05/2022,0.17,V ugm-3
19/05/2022,31/05/2022,0.1,V ugm-3
31/05/2022,14/06/2022,0.2,V ugm-3
14/06/2022,29/06/2022,0.22,V ugm-3
29/06/2022,13/07/2022,0.14,V ugm-3
13/07/2022,27/07/2022,0.24,V ugm-3
27/07/2022,10/08/2022,0.13,V ugm-3
10/08/2022,24/08/2022,0.36,V ugm-3
24/08/2022,08/09/2022,0.28,V ugm-3
08/09/2022,21/09/2022,0.46,V ugm-3
21/09/2022,04/10/2022,0.28,V ugm-3
04/10/2022,20/10/2022,0.33,V ugm-3
20/10/2022,02/11/2022,0.47,V ugm-3
02/11/2022,17/11/2022,0.66,V ugm-3
17/11/2022,01/12/2022,0.64,V ugm-3
01/12/2022,14/12/2022,0.76,V ugm-3
14/12/2022,29/12/2022,0.61,V ugm-3
29/12/2022,12/01/2023,0.4,V ugm-3
Data for year 2023,,,
Multi-day data,,,
Stockton-on-Tees Eaglescliffe,,,
Start Date,End Date,BENZENE,Status / units
12/01/2023,26/01/2023,0.59,V ugm-3
26/01/2023,09/02/2023,0.52,V ugm-3
09/02/2023,23/02/2023,0.51,V ugm-3
23/02/2023,09/03/2023,0.71,V ugm-3
09/03/2023,22/03/2023,0.47,V ugm-3
22/03/2023,04/04/2023,0.4,V ugm-3
04/04/2023,19/04/2023,0.66,V ugm-3
19/04/2023,03/05/2023,0.51,V ugm-3
03/05/2023,18/05/2023,0.39,V ugm-3
18/05/2023,31/05/2023,0.33,V ugm-3
31/05/2023,14/06/2023,1.02,V ugm-3
14/06/2023,28/06/2023,0.59,V ugm-3
28/06/2023,12/07/2023,,
12/07/2023,26/07/2023,0.29,V ugm-3
26/07/2023,09/08/2023,,
09/08/2023,23/08/2023,0.24,V ugm-3
23/08/2023,06/09/2023,0.72,V ugm-3
06/09/2023,20/09/2023,0.87,V ugm-3
20/09/2023,04/10/2023,0.29,V ugm-3
04/10/2023,19/10/2023,0.38,V ugm-3
19/10/2023,02/11/2023,0.99,V ugm-3
02/11/2023,15/11/2023,0.71,V ugm-3
15/11/2023,29/11/2023,0.78,V ugm-3
29/11/2023,13/12/2023,1,V ugm-3
13/12/2023,28/12/2023,0.53,V ugm-3
28/12/2023,10/01/2024,1.04,V ugm-3
Data for year 2024,,,
Multi-day data,,,
Stockton-on-Tees Eaglescliffe,,,
Start Date,End Date,BENZENE,Status / units
10/01/2024,24/01/2024,,
24/01/2024,07/02/2024,0.46,V ugm-3
07/02/2024,22/02/2024,0.7,V ugm-3
22/02/2024,07/03/2024,0.83,V ugm-3
07/03/2024,21/03/2024,0.72,V ugm-3
21/03/2024,03/04/2024,,
03/04/2024,17/04/2024,0.3,V ugm-3
17/04/2024,01/05/2024,0.45,V ugm-3
01/05/2024,15/05/2024,1.25,V ugm-3
15/05/2024,29/05/2024,0.37,V ugm-3
29/05/2024,12/06/2024,0.19,V ugm-3
12/06/2024,26/06/2024,0.23,V ugm-3
26/06/2024,09/07/2024,,
09/07/2024,24/07/2024,0.25,V ugm-3
24/07/2024,08/08/2024,0.48,V ugm-3
08/08/2024,21/08/2024,0.33,V ugm-3
21/08/2024,04/09/2024,0.56,V ugm-3
04/09/2024,18/09/2024,0.56,V ugm-3
18/09/2024,01/10/2024,0.4,V ugm-3
01/10/2024,16/10/2024,0.5,V ugm-3
16/10/2024,30/10/2024,0.68,V ugm-3
30/10/2024,13/11/2024,0.89,V ugm-3
13/11/2024,27/11/2024,0.53,V ugm-3
27/11/2024,24/12/2024,0.43,V ugm-3
24/12/2024,08/01/2025,0.51,V ugm-3
Data for year 2025,,,
Multi-day data,,,
Stockton-on-Tees Eaglescliffe,,,
Start Date,End Date,BENZENE,Status / units
08/01/2025,21/01/2025,1.16,V ugm-3
21/01/2025,05/02/2025,0.58,V ugm-3
05/02/2025,20/02/2025,0.95,V ugm-3
20/02/2025,05/03/2025,0.38,V ugm-3
05/03/2025,19/03/2025,0.56,V ugm-3
19/03/2025,02/04/2025,0.47,V ugm-3
02/04/2025,15/04/2025,0.37,V ugm-3
15/04/2025,02/05/2025,0.27,V ugm-3
02/05/2025,19/05/2025,0.25,V ugm-3
19/05/2025,29/05/2025,0.24,V ugm-3
29/05/2025,11/06/2025,0.2,V ugm-3
11/06/2025,26/06/2025,0.27,V ugm-3
26/06/2025,09/07/2025,,
09/07/2025,25/07/2025,0.29,V ugm-3
25/07/2025,07/08/2025,0.19,V ugm-3
07/08/2025,20/08/2025,0.3,V ugm-3
20/08/2025,03/09/2025,0.32,V ugm-3
03/09/2025,18/09/2025,,
18/09/2025,02/10/2025,0.44,V ugm-3
02/10/2025,14/10/2025,0.51,V ugm-3
14/10/2025,28/10/2025,,
28/10/2025,12/11/2025,0.48,V ugm-3
12/11/2025,25/11/2025,,
25/11/2025,10/12/2025,0.47,V ugm-3
10/12/2025,22/12/2025,0.57,V ugm-3
22/12/2025,06/01/2026,0.58,V ugm-3
Data for year 2002,,,
Multi-day data,,,
Stockton-on-Tees Yarm,,,
Start Date,End Date,BENZENE,Status / units
09/07/2002,23/07/2002,2.83,V ugm-3
23/07/2002,08/08/2002,3.51,V ugm-3
08/08/2002,23/08/2002,2.83,V ugm-3
23/08/2002,05/09/2002,3.38,V ugm-3
05/09/2002,19/09/2002,4.58,V ugm-3
19/09/2002,02/10/2002,3.74,V ugm-3
02/10/2002,16/10/2002,3.48,V ugm-3
16/10/2002,01/11/2002,3.97,V ugm-3
01/11/2002,11/11/2002,3.61,V ugm-3
11/11/2002,02/12/2002,3.45,V ugm-3
02/12/2002,13/12/2002,4.78,V ugm-3
13/12/2002,20/12/2002,8.58,V ugm-3
20/12/2002,10/01/2003,5.01,V ugm-3
Data for year 2003,,,
Multi-day data,,,
Stockton-on-Tees Yarm,,,
Start Date,End Date,BENZENE,Status / units
10/01/2003,20/01/2003,3.28,V ugm-3
20/01/2003,07/02/2003,2.18,V ugm-3
07/02/2003,21/02/2003,4.94,V ugm-3
21/02/2003,05/03/2003,5.53,V ugm-3
05/03/2003,04/04/2003,5.4,V ugm-3
04/04/2003,17/04/2003,3.45,V ugm-3
17/04/2003,30/04/2003,3.8,V ugm-3
30/04/2003,14/05/2003,1.79,V ugm-3
14/05/2003,27/05/2003,2.37,V ugm-3
27/05/2003,11/06/2003,3.12,V ugm-3
11/06/2003,26/06/2003,2.47,V ugm-3
26/06/2003,14/07/2003,2.41,V ugm-3
14/07/2003,24/07/2003,2.54,V ugm-3
24/07/2003,06/08/2003,2.7,V ugm-3
06/08/2003,21/08/2003,3.93,V ugm-3
21/08/2003,05/09/2003,2.93,V ugm-3
05/09/2003,15/09/2003,3.35,V ugm-3
15/09/2003,02/10/2003,3.15,V ugm-3
02/10/2003,21/10/2003,2.37,V ugm-3
21/10/2003,14/11/2003,3.9,V ugm-3
14/11/2003,28/11/2003,4.94,V ugm-3
28/11/2003,12/12/2003,4.32,V ugm-3
12/12/2003,24/12/2003,5.92,V ugm-3
24/12/2003,06/01/2004,5.46,V ugm-3
Data for year 2004,,,
Multi-day data,,,
Stockton-on-Tees Yarm,,,
Start Date,End Date,BENZENE,Status / units
06/01/2004,20/01/2004,3.9,V ugm-3
20/01/2004,02/02/2004,3.12,V ugm-3
02/02/2004,16/02/2004,3.15,V ugm-3
16/02/2004,02/03/2004,3.38,V ugm-3
02/03/2004,16/03/2004,5.17,V ugm-3
16/03/2004,30/03/2004,3.45,V ugm-3
30/03/2004,13/04/2004,4.39,V ugm-3
13/04/2004,27/04/2004,2.96,V ugm-3
27/04/2004,11/05/2004,2.54,V ugm-3
11/05/2004,24/05/2004,3.12,V ugm-3
24/05/2004,08/06/2004,2.5,V ugm-3
08/06/2004,23/06/2004,2.15,V ugm-3
23/06/2004,08/07/2004,2.02,V ugm-3
08/07/2004,22/07/2004,3.28,V ugm-3
22/07/2004,11/08/2004,4.42,V ugm-3
11/08/2004,25/08/2004,3.35,V ugm-3
25/08/2004,09/09/2004,3.28,V ugm-3
09/09/2004,24/09/2004,1.98,V ugm-3
24/09/2004,07/10/2004,2.89,V ugm-3
07/10/2004,21/10/2004,2.6,V ugm-3
21/10/2004,04/11/2004,3.25,V ugm-3
04/11/2004,18/11/2004,1.89,V ugm-3
18/11/2004,02/12/2004,3.93,V ugm-3
02/12/2004,16/12/2004,2.7,V ugm-3
16/12/2004,06/01/2005,2.83,V ugm-3
Data for year 2005,,,
Multi-day data,,,
Stockton-on-Tees Yarm,,,
Start Date,End Date,BENZENE,Status / units
06/01/2005,18/01/2005,2.05,V ugm-3
18/01/2005,15/02/2005,4.29,V ugm-3
15/02/2005,02/03/2005,3.35,V ugm-3
02/03/2005,15/03/2005,3.41,V ugm-3
15/03/2005,29/03/2005,2.21,V ugm-3
29/03/2005,12/04/2005,2.63,V ugm-3
12/04/2005,27/04/2005,4.29,V ugm-3
27/04/2005,10/05/2005,2.31,V ugm-3
10/05/2005,24/05/2005,1.85,V ugm-3
24/05/2005,07/06/2005,2.63,V ugm-3
07/06/2005,21/06/2005,2.5,V ugm-3
21/06/2005,05/07/2005,1.69,V ugm-3
05/07/2005,19/07/2005,2.7,V ugm-3
19/07/2005,03/08/2005,2.96,V ugm-3
03/08/2005,19/08/2005,2.47,V ugm-3
19/08/2005,30/08/2005,1.53,V ugm-3
30/08/2005,13/09/2005,3.64,V ugm-3
13/09/2005,06/10/2005,1.59,V ugm-3
06/10/2005,20/10/2005,2.18,V ugm-3
20/10/2005,03/11/2005,2.44,V ugm-3
03/11/2005,17/11/2005,2.76,V ugm-3
17/11/2005,02/12/2005,2.89,V ugm-3
02/12/2005,16/12/2005,3.64,V ugm-3
16/12/2005,06/01/2006,2.99,V ugm-3
Data for year 2006,,,
Multi-day data,,,
Stockton-on-Tees Yarm,,,
Start Date,End Date,BENZENE,Status / units
06/01/2006,20/01/2006,2.73,V ugm-3
20/01/2006,03/02/2006,3.19,V ugm-3
03/02/2006,15/02/2006,2.34,V ugm-3
15/02/2006,28/02/2006,2.21,V ugm-3
28/02/2006,17/03/2006,2.54,V ugm-3
17/03/2006,03/04/2006,2.73,V ugm-3
03/04/2006,18/04/2006,1.4,V ugm-3
18/04/2006,02/05/2006,2.34,V ugm-3
02/05/2006,16/05/2006,2.31,V ugm-3
16/05/2006,30/05/2006,1.04,V ugm-3
30/05/2006,13/06/2006,1.79,V ugm-3
13/06/2006,28/06/2006,1.4,V ugm-3
28/06/2006,12/07/2006,0.72,V ugm-3
12/07/2006,26/07/2006,3.06,V ugm-3
26/07/2006,09/08/2006,1.3,V ugm-3
09/08/2006,23/08/2006,2.05,V ugm-3
23/08/2006,07/09/2006,1.33,V ugm-3
07/09/2006,21/09/2006,1.76,V ugm-3
21/09/2006,05/10/2006,2.7,V ugm-3
05/10/2006,19/10/2006,3.12,V ugm-3
19/10/2006,02/11/2006,1.14,V ugm-3
02/11/2006,16/11/2006,1.04,V ugm-3
16/11/2006,01/12/2006,1.46,V ugm-3
01/12/2006,14/12/2006,1.43,V ugm-3
14/12/2006,05/01/2007,2.02,V ugm-3
Data for year 2007,,,
Multi-day data,,,
Stockton-on-Tees Yarm,,,
Start Date,End Date,BENZENE,Status / units
05/01/2007,17/01/2007,1.33,V ugm-3
17/01/2007,31/01/2007,1.5,V ugm-3
31/01/2007,14/02/2007,4.1,V ugm-3
14/02/2007,28/02/2007,1.98,V ugm-3
28/02/2007,14/03/2007,1.59,V ugm-3
14/03/2007,03/04/2007,1.66,V ugm-3
03/04/2007,16/04/2007,2.05,V ugm-3
16/04/2007,01/05/2007,0.78,V ugm-3
01/05/2007,15/05/2007,1.82,V ugm-3
15/05/2007,29/05/2007,1.14,V ugm-3
29/05/2007,12/06/2007,2.02,V ugm-3
12/06/2007,05/07/2007,2.28,V ugm-3
05/07/2007,18/07/2007,1.63,V ugm-3
18/07/2007,01/08/2007,1.46,V ugm-3
01/08/2007,15/08/2007,1.66,V ugm-3
15/08/2007,29/08/2007,1.14,V ugm-3
29/08/2007,12/09/2007,1.2,V ugm-3
12/09/2007,26/09/2007,0.94,V ugm-3
26/09/2007,10/10/2007,3.25,V ugm-3
10/10/2007,29/10/2007,2.73,V ugm-3
29/10/2007,12/11/2007,1.59,V ugm-3
12/11/2007,28/11/2007,2.28,V ugm-3
28/11/2007,12/12/2007,1.27,V ugm-3
12/12/2007,02/01/2008,1.92,V ugm-3
Data for year 2008,,,
Multi-day data,,,
Stockton-on-Tees Yarm,,,
Start Date,End Date,BENZENE,Status / units
02/01/2008,17/01/2008,1.43,V ugm-3
17/01/2008,29/01/2008,1.92,V ugm-3
29/01/2008,13/02/2008,2.18,V ugm-3
13/02/2008,27/02/2008,1.53,V ugm-3
27/02/2008,12/03/2008,0.91,V ugm-3
12/03/2008,03/04/2008,1.24,P ugm-3
03/04/2008,17/04/2008,1.76,P ugm-3
17/04/2008,29/04/2008,1.11,P ugm-3
29/04/2008,13/05/2008,1.98,P ugm-3
13/05/2008,27/05/2008,1.59,P ugm-3
27/05/2008,09/06/2008,1.85,P ugm-3
09/06/2008,26/06/2008,0.91,P ugm-3
26/06/2008,14/07/2008,1.07,P ugm-3
14/07/2008,29/07/2008,1.53,V ugm-3
29/07/2008,12/08/2008,0.91,V ugm-3
12/08/2008,26/08/2008,0.88,V ugm-3
26/08/2008,09/09/2008,1.11,V ugm-3
09/09/2008,23/09/2008,1.85,V ugm-3
23/09/2008,24/09/2008,1.14,V ugm-3
Data for year 2002,,,
Multi-day data,,,
Stoke-on-Trent Centre,,,
Start Date,End Date,BENZENE,Status / units
25/04/2002,09/05/2002,1.5,V ugm-3
09/05/2002,22/05/2002,1.07,V ugm-3
22/05/2002,05/06/2002,1.5,V ugm-3
05/06/2002,19/06/2002,1.14,V ugm-3
19/06/2002,03/07/2002,1.43,V ugm-3
03/07/2002,19/07/2002,1.72,V ugm-3
19/07/2002,01/08/2002,1.3,V ugm-3
18/09/2002,03/10/2002,1.72,V ugm-3
03/10/2002,15/10/2002,1.89,V ugm-3
15/10/2002,30/10/2002,1.82,V ugm-3
30/10/2002,13/11/2002,1.76,V ugm-3
13/11/2002,27/11/2002,2.24,V ugm-3
27/11/2002,12/12/2002,2.47,V ugm-3
12/12/2002,23/12/2002,3.22,V ugm-3
23/12/2002,08/01/2003,2.63,V ugm-3
Data for year 2003,,,
Multi-day data,,,
Stoke-on-Trent Centre,,,
Start Date,End Date,BENZENE,Status / units
08/01/2003,22/01/2003,1.79,V ugm-3
22/01/2003,05/02/2003,1.5,V ugm-3
05/02/2003,21/02/2003,2.02,V ugm-3
21/02/2003,05/03/2003,1.27,V ugm-3
05/03/2003,19/03/2003,1.59,V ugm-3
19/03/2003,03/04/2003,2.11,V ugm-3
03/04/2003,16/04/2003,1.59,V ugm-3
16/04/2003,30/04/2003,1.2,V ugm-3
30/04/2003,14/05/2003,0.81,V ugm-3
14/05/2003,28/05/2003,1.14,V ugm-3
28/05/2003,11/06/2003,0.98,V ugm-3
11/06/2003,25/06/2003,1.07,V ugm-3
25/06/2003,09/07/2003,1.95,V ugm-3
09/07/2003,23/07/2003,1.07,V ugm-3
23/07/2003,06/08/2003,1.33,V ugm-3
06/08/2003,22/08/2003,1.5,V ugm-3
22/08/2003,03/09/2003,1.95,V ugm-3
03/09/2003,17/09/2003,1.89,V ugm-3
17/09/2003,02/10/2003,1.92,V ugm-3
02/10/2003,15/10/2003,1.46,V ugm-3
15/10/2003,12/11/2003,1.66,V ugm-3
12/11/2003,26/11/2003,3.97,V ugm-3
26/11/2003,10/12/2003,2.08,V ugm-3
10/12/2003,23/12/2003,4.65,V ugm-3
23/12/2003,07/01/2004,2.63,V ugm-3
Data for year 2004,,,
Multi-day data,,,
Stoke-on-Trent Centre,,,
Start Date,End Date,BENZENE,Status / units
07/01/2004,21/01/2004,1.4,V ugm-3
21/01/2004,04/02/2004,1.4,V ugm-3
04/02/2004,18/02/2004,2.5,V ugm-3
18/02/2004,03/03/2004,2.24,V ugm-3
03/03/2004,17/03/2004,1.24,V ugm-3
17/03/2004,01/04/2004,0.68,V ugm-3
01/04/2004,27/04/2004,0.75,V ugm-3
27/04/2004,26/05/2004,1.89,V ugm-3
26/05/2004,09/06/2004,1.17,V ugm-3
09/06/2004,23/06/2004,1.07,V ugm-3
23/06/2004,07/07/2004,0.88,V ugm-3
07/07/2004,21/07/2004,1.89,V ugm-3
21/07/2004,04/08/2004,1.56,V ugm-3
04/08/2004,18/08/2004,1.14,V ugm-3
18/08/2004,15/09/2004,0.94,V ugm-3
15/09/2004,01/10/2004,1.66,V ugm-3
01/10/2004,13/10/2004,1.43,V ugm-3
13/10/2004,27/10/2004,1.27,V ugm-3
27/10/2004,10/11/2004,1.56,V ugm-3
10/11/2004,24/11/2004,2.02,V ugm-3
24/11/2004,08/12/2004,2.57,V ugm-3
08/12/2004,21/12/2004,1.66,V ugm-3
Data for year 2005,,,
Multi-day data,,,
Stoke-on-Trent Centre,,,
Start Date,End Date,BENZENE,Status / units
12/01/2005,01/02/2005,2.11,V ugm-3
01/02/2005,15/02/2005,2.8,V ugm-3
15/02/2005,01/03/2005,2.28,V ugm-3
01/03/2005,16/03/2005,2.67,V ugm-3
16/03/2005,31/03/2005,1.5,V ugm-3
31/03/2005,13/04/2005,1.82,V ugm-3
13/04/2005,27/04/2005,1.4,V ugm-3
27/04/2005,11/05/2005,0.98,V ugm-3
11/05/2005,25/05/2005,0.72,V ugm-3
25/05/2005,08/06/2005,1.17,V ugm-3
08/06/2005,23/06/2005,0.91,V ugm-3
23/06/2005,06/07/2005,0.78,V ugm-3
06/07/2005,20/07/2005,1.59,V ugm-3
20/07/2005,04/08/2005,1.56,V ugm-3
04/08/2005,01/09/2005,1.56,V ugm-3
01/09/2005,14/09/2005,1.59,V ugm-3
14/09/2005,27/09/2005,0.98,V ugm-3
27/09/2005,12/10/2005,1.53,V ugm-3
12/10/2005,26/10/2005,1.24,V ugm-3
26/10/2005,10/11/2005,1.04,V ugm-3
10/11/2005,23/11/2005,5.43,V ugm-3
23/11/2005,07/12/2005,2.05,V ugm-3
07/12/2005,21/12/2005,2.63,V ugm-3
21/12/2005,04/01/2006,3.09,V ugm-3
Data for year 2006,,,
Multi-day data,,,
Stoke-on-Trent Centre,,,
Start Date,End Date,BENZENE,Status / units
04/01/2006,18/01/2006,1.69,V ugm-3
18/01/2006,01/02/2006,1.27,V ugm-3
01/02/2006,15/02/2006,2.24,V ugm-3
15/02/2006,01/03/2006,1.37,V ugm-3
01/03/2006,29/03/2006,2.05,V ugm-3
29/03/2006,12/04/2006,1.2,V ugm-3
12/04/2006,26/04/2006,1.46,V ugm-3
26/04/2006,11/05/2006,1.04,V ugm-3
11/05/2006,24/05/2006,0.81,V ugm-3
24/05/2006,07/06/2006,1.01,V ugm-3
07/06/2006,22/06/2006,0.55,V ugm-3
22/06/2006,05/07/2006,1.14,V ugm-3
05/07/2006,19/07/2006,0.91,V ugm-3
19/07/2006,03/08/2006,0.68,V ugm-3
03/08/2006,16/08/2006,0.65,V ugm-3
16/08/2006,30/08/2006,0.98,V ugm-3
30/08/2006,14/09/2006,0.85,V ugm-3
14/09/2006,27/09/2006,2.37,V ugm-3
27/09/2006,11/10/2006,1.14,V ugm-3
11/10/2006,25/10/2006,1.56,V ugm-3
25/10/2006,09/11/2006,1.04,V ugm-3
09/11/2006,22/11/2006,0.88,V ugm-3
22/11/2006,06/12/2006,0.75,V ugm-3
06/12/2006,21/12/2006,2.18,V ugm-3
21/12/2006,03/01/2007,2.11,V ugm-3
Data for year 2007,,,
Multi-day data,,,
Stoke-on-Trent Centre,,,
Start Date,End Date,BENZENE,Status / units
03/01/2007,17/01/2007,0.78,V ugm-3
17/01/2007,15/02/2007,2.31,V ugm-3
15/02/2007,28/02/2007,1.11,V ugm-3
28/02/2007,14/03/2007,0.85,V ugm-3
14/03/2007,28/03/2007,1.24,V ugm-3
28/03/2007,11/04/2007,1.17,V ugm-3
11/04/2007,25/04/2007,1.3,V ugm-3
25/04/2007,10/05/2007,0.49,V ugm-3
10/05/2007,23/05/2007,1.01,V ugm-3
23/05/2007,06/06/2007,0.72,V ugm-3
06/06/2007,20/06/2007,0.81,V ugm-3
20/06/2007,04/07/2007,0.78,V ugm-3
04/07/2007,18/07/2007,0.62,V ugm-3
18/07/2007,01/08/2007,0.68,V ugm-3
01/08/2007,15/08/2007,0.78,V ugm-3
15/08/2007,29/08/2007,0.88,V ugm-3
29/08/2007,12/09/2007,1.2,V ugm-3
12/09/2007,26/09/2007,0.81,V ugm-3
26/09/2007,10/10/2007,1.69,V ugm-3
10/10/2007,24/10/2007,1.07,V ugm-3
24/10/2007,07/11/2007,1.4,V ugm-3
07/11/2007,21/11/2007,0.81,V ugm-3
21/11/2007,05/12/2007,1.11,V ugm-3
05/12/2007,19/12/2007,1.17,V ugm-3
19/12/2007,02/01/2008,1.04,V ugm-3
Data for year 2008,,,
Multi-day data,,,
Stoke-on-Trent Centre,,,
Start Date,End Date,BENZENE,Status / units
02/01/2008,16/01/2008,0.72,V ugm-3
16/01/2008,30/01/2008,0.65,V ugm-3
30/01/2008,27/02/2008,1.27,V ugm-3
27/02/2008,12/03/2008,0.68,V ugm-3
12/03/2008,26/03/2008,0.75,V ugm-3
26/03/2008,05/04/2008,2.18,P ugm-3
05/04/2008,09/04/2008,1.11,V ugm-3
09/04/2008,23/04/2008,0.65,V ugm-3
23/04/2008,07/05/2008,0.52,V ugm-3
07/05/2008,21/05/2008,0.62,V ugm-3
21/05/2008,04/06/2008,0.65,V ugm-3
04/06/2008,18/06/2008,0.78,V ugm-3
18/06/2008,02/07/2008,0.42,V ugm-3
02/07/2008,16/07/2008,0.46,V ugm-3
16/07/2008,30/07/2008,0.59,V ugm-3
30/07/2008,13/08/2008,0.49,V ugm-3
13/08/2008,27/08/2008,0.46,V ugm-3
27/08/2008,10/09/2008,0.59,V ugm-3
10/09/2008,24/09/2008,0.91,V ugm-3
24/09/2008,08/10/2008,0.46,V ugm-3
08/10/2008,22/10/2008,0.91,V ugm-3
22/10/2008,05/11/2008,0.75,V ugm-3
05/11/2008,19/11/2008,0.85,V ugm-3
19/11/2008,03/12/2008,1.27,V ugm-3
03/12/2008,22/12/2008,1.72,V ugm-3
22/12/2008,09/01/2009,1.17,V ugm-3
Data for year 2009,,,
Multi-day data,,,
Stoke-on-Trent Centre,,,
Start Date,End Date,BENZENE,Status / units
09/01/2009,20/01/2009,0.78,V ugm-3
20/01/2009,05/02/2009,1.11,V ugm-3
05/02/2009,23/02/2009,1.37,V ugm-3
23/02/2009,03/03/2009,1.04,V ugm-3
03/03/2009,17/03/2009,0.91,V ugm-3
17/03/2009,31/03/2009,0.85,V ugm-3
31/03/2009,15/04/2009,0.81,V ugm-3
15/04/2009,30/04/2009,0.75,V ugm-3
30/04/2009,12/05/2009,0.62,V ugm-3
12/05/2009,27/05/2009,0.49,V ugm-3
27/05/2009,11/06/2009,0.52,V ugm-3
11/06/2009,24/06/2009,0.59,V ugm-3
24/06/2009,08/07/2009,0.39,V ugm-3
08/07/2009,05/08/2009,0.42,V ugm-3
05/08/2009,20/08/2009,1.33,V ugm-3
20/08/2009,02/09/2009,0.75,V ugm-3
02/09/2009,16/09/2009,1.11,V ugm-3
16/09/2009,30/09/2009,1.5,V ugm-3
30/09/2009,14/10/2009,1.11,V ugm-3
14/10/2009,29/10/2009,0.94,V ugm-3
29/10/2009,11/11/2009,1.01,V ugm-3
11/11/2009,01/12/2009,0.68,V ugm-3
01/12/2009,10/12/2009,0.78,V ugm-3
10/12/2009,22/12/2009,1.53,V ugm-3
22/12/2009,06/01/2010,1.3,V ugm-3
Data for year 2010,,,
Multi-day data,,,
Stoke-on-Trent Centre,,,
Start Date,End Date,BENZENE,Status / units
06/01/2010,20/01/2010,1.89,V ugm-3
20/01/2010,03/02/2010,1.49,V ugm-3
03/02/2010,17/02/2010,1.39,V ugm-3
17/02/2010,02/03/2010,1.39,V ugm-3
02/03/2010,17/03/2010,1.15,V ugm-3
17/03/2010,01/04/2010,0.61,V ugm-3
01/04/2010,14/04/2010,0.86,V ugm-3
14/04/2010,29/04/2010,0.89,V ugm-3
29/04/2010,12/05/2010,0.7,V ugm-3
12/05/2010,26/05/2010,0.85,V ugm-3
26/05/2010,09/06/2010,0.66,V ugm-3
06/07/2010,05/08/2010,0.69,V ugm-3
05/08/2010,18/08/2010,0.77,V ugm-3
18/08/2010,01/09/2010,0.65,V ugm-3
01/09/2010,15/09/2010,0.49,V ugm-3
15/09/2010,28/09/2010,0.62,V ugm-3
28/09/2010,13/10/2010,0.83,V ugm-3
13/10/2010,28/10/2010,0.93,V ugm-3
28/10/2010,09/11/2010,0.65,V ugm-3
09/11/2010,24/11/2010,1.26,V ugm-3
24/11/2010,08/12/2010,1.68,V ugm-3
08/12/2010,22/12/2010,1.69,V ugm-3
22/12/2010,04/01/2011,1.76,V ugm-3
Data for year 2011,,,
Multi-day data,,,
Stoke-on-Trent Centre,,,
Start Date,End Date,BENZENE,Status / units
04/01/2011,19/01/2011,0.92,V ugm-3
19/01/2011,03/02/2011,1.18,V ugm-3
03/02/2011,15/02/2011,0.78,V ugm-3
15/02/2011,02/03/2011,1.1,V ugm-3
02/03/2011,16/03/2011,1.01,V ugm-3
16/03/2011,29/03/2011,1.3,V ugm-3
29/03/2011,13/04/2011,0.71,V ugm-3
13/04/2011,28/04/2011,0.99,V ugm-3
28/04/2011,11/05/2011,0.46,V ugm-3
11/05/2011,25/05/2011,0.4,V ugm-3
25/05/2011,08/06/2011,0.44,V ugm-3
08/06/2011,22/06/2011,0.63,V ugm-3
22/06/2011,06/07/2011,0.5,V ugm-3
06/07/2011,20/07/2011,0.5,V ugm-3
20/07/2011,04/08/2011,0.57,V ugm-3
04/08/2011,17/08/2011,0.64,V ugm-3
17/08/2011,31/08/2011,0.54,V ugm-3
31/08/2011,14/09/2011,0.35,V ugm-3
14/09/2011,28/09/2011,0.85,V ugm-3
28/09/2011,12/10/2011,0.57,V ugm-3
12/10/2011,26/10/2011,0.76,V ugm-3
26/10/2011,09/11/2011,1.34,V ugm-3
09/11/2011,23/11/2011,1.11,V ugm-3
23/11/2011,07/12/2011,0.59,V ugm-3
07/12/2011,21/12/2011,1.17,V ugm-3
21/12/2011,05/01/2012,0.65,V ugm-3
Data for year 2012,,,
Multi-day data,,,
Stoke-on-Trent Centre,,,
Start Date,End Date,BENZENE,Status / units
05/01/2012,18/01/2012,1.22,V ugm-3
18/01/2012,01/02/2012,1.2,V ugm-3
01/02/2012,15/02/2012,1.57,V ugm-3
15/02/2012,29/02/2012,0.61,V ugm-3
29/02/2012,14/03/2012,0.71,V ugm-3
14/03/2012,28/03/2012,0.8,V ugm-3
28/03/2012,11/04/2012,0.86,V ugm-3
11/04/2012,24/04/2012,0.83,V ugm-3
24/04/2012,09/05/2012,0.84,V ugm-3
09/05/2012,23/05/2012,0.6,V ugm-3
23/05/2012,06/06/2012,0.57,V ugm-3
06/06/2012,20/06/2012,0.46,V ugm-3
20/06/2012,04/07/2012,0.42,V ugm-3
04/07/2012,18/07/2012,0.51,V ugm-3
18/07/2012,02/08/2012,0.61,V ugm-3
02/08/2012,15/08/2012,0.56,V ugm-3
15/08/2012,29/08/2012,0.62,V ugm-3
29/08/2012,12/09/2012,0.55,V ugm-3
12/09/2012,27/09/2012,0.46,V ugm-3
27/09/2012,10/10/2012,0.58,V ugm-3
10/10/2012,24/10/2012,0.7,V ugm-3
24/10/2012,07/11/2012,0.59,V ugm-3
07/11/2012,21/11/2012,0.88,V ugm-3
21/11/2012,05/12/2012,1.56,V ugm-3
05/12/2012,19/12/2012,1.47,V ugm-3
19/12/2012,02/01/2013,0.76,V ugm-3
Data for year 2013,,,
Multi-day data,,,
Stoke-on-Trent Centre,,,
Start Date,End Date,BENZENE,Status / units
02/01/2013,16/01/2013,1.31,V ugm-3
16/01/2013,30/01/2013,1.29,V ugm-3
30/01/2013,13/02/2013,1.26,V ugm-3
13/02/2013,28/02/2013,1.39,V ugm-3
28/02/2013,13/03/2013,1.08,V ugm-3
13/03/2013,26/03/2013,1.03,V ugm-3
26/03/2013,10/04/2013,0.93,V ugm-3
10/04/2013,25/04/2013,0.62,V ugm-3
25/04/2013,08/05/2013,0.72,V ugm-3
08/05/2013,21/05/2013,0.66,V ugm-3
21/05/2013,05/06/2013,,
05/06/2013,19/06/2013,0.56,V ugm-3
19/06/2013,03/07/2013,0.94,V ugm-3
03/07/2013,17/07/2013,0.96,V ugm-3
17/07/2013,31/07/2013,0.47,V ugm-3
31/07/2013,14/08/2013,0.68,V ugm-3
14/08/2013,28/08/2013,0.77,V ugm-3
28/08/2013,11/09/2013,1.26,V ugm-3
11/09/2013,25/09/2013,0.68,V ugm-3
25/09/2013,09/10/2013,0.94,V ugm-3
09/10/2013,23/10/2013,0.8,V ugm-3
23/10/2013,06/11/2013,0.9,V ugm-3
06/11/2013,21/11/2013,0.92,V ugm-3
21/11/2013,03/12/2013,1.38,V ugm-3
03/12/2013,18/12/2013,0.72,V ugm-3
18/12/2013,02/01/2014,0.51,V ugm-3
Data for year 2014,,,
Multi-day data,,,
Stoke-on-Trent Centre,,,
Start Date,End Date,BENZENE,Status / units
02/01/2014,15/01/2014,0.46,V ugm-3
15/01/2014,29/01/2014,0.93,V ugm-3
29/01/2014,12/02/2014,,
12/02/2014,26/02/2014,0.71,V ugm-3
26/02/2014,12/03/2014,1.03,V ugm-3
12/03/2014,26/03/2014,0.63,V ugm-3
26/03/2014,09/04/2014,0.87,V ugm-3
09/04/2014,23/04/2014,0.79,V ugm-3
23/04/2014,07/05/2014,0.63,V ugm-3
07/05/2014,21/05/2014,0.58,V ugm-3
22/05/2014,05/06/2014,0.59,V ugm-3
05/06/2014,23/06/2014,0.54,V ugm-3
23/06/2014,08/07/2014,0.4,V ugm-3
08/07/2014,22/07/2014,0.49,V ugm-3
22/07/2014,01/08/2014,0.61,V ugm-3
01/08/2014,14/08/2014,0.61,V ugm-3
14/08/2014,27/08/2014,0.49,V ugm-3
27/08/2014,09/09/2014,0.86,V ugm-3
09/09/2014,24/09/2014,0.72,V ugm-3
24/09/2014,08/10/2014,0.79,V ugm-3
08/10/2014,22/10/2014,0.56,V ugm-3
22/10/2014,05/11/2014,0.66,V ugm-3
05/11/2014,20/11/2014,1.21,V ugm-3
20/11/2014,03/12/2014,1.51,V ugm-3
03/12/2014,17/12/2014,0.92,V ugm-3
17/12/2014,07/01/2015,1.07,V ugm-3
Data for year 2015,,,
Multi-day data,,,
Stoke-on-Trent Centre,,,
Start Date,End Date,BENZENE,Status / units
07/01/2015,22/01/2015,0.62,V ugm-3
22/01/2015,04/02/2015,0.97,V ugm-3
04/02/2015,18/02/2015,1.22,V ugm-3
18/02/2015,03/03/2015,0.95,V ugm-3
03/03/2015,18/03/2015,0.94,V ugm-3
18/03/2015,31/03/2015,1.01,V ugm-3
31/03/2015,15/04/2015,0.64,V ugm-3
15/04/2015,30/04/2015,0.6,V ugm-3
30/04/2015,13/05/2015,0.61,V ugm-3
13/05/2015,28/05/2015,0.47,V ugm-3
28/05/2015,09/06/2015,0.4,V ugm-3
09/06/2015,24/06/2015,0.49,V ugm-3
24/06/2015,08/07/2015,0.39,V ugm-3
08/07/2015,22/07/2015,0.48,V ugm-3
22/07/2015,05/08/2015,0.49,V ugm-3
05/08/2015,19/08/2015,0.44,V ugm-3
19/08/2015,02/09/2015,0.53,V ugm-3
02/09/2015,16/09/2015,0.82,V ugm-3
16/09/2015,30/09/2015,0.69,V ugm-3
30/09/2015,14/10/2015,0.85,V ugm-3
14/10/2015,28/10/2015,,
28/10/2015,11/11/2015,1.04,V ugm-3
11/11/2015,25/11/2015,0.64,V ugm-3
25/11/2015,08/12/2015,0.57,V ugm-3
08/12/2015,22/12/2015,0.68,V ugm-3
22/12/2015,05/01/2016,0.72,V ugm-3
Data for year 2016,,,
Multi-day data,,,
Stoke-on-Trent Centre,,,
Start Date,End Date,BENZENE,Status / units
05/01/2016,20/01/2016,1.21,V ugm-3
20/01/2016,04/02/2016,0.68,V ugm-3
04/02/2016,17/02/2016,0.95,V ugm-3
17/02/2016,02/03/2016,0.94,V ugm-3
02/03/2016,16/03/2016,1.01,V ugm-3
16/03/2016,31/03/2016,0.73,V ugm-3
31/03/2016,13/04/2016,,
13/04/2016,26/04/2016,0.83,V ugm-3
26/04/2016,11/05/2016,0.64,V ugm-3
11/05/2016,24/05/2016,0.31,V ugm-3
24/05/2016,07/06/2016,0.43,V ugm-3
07/06/2016,21/06/2016,0.55,V ugm-3
21/06/2016,05/07/2016,0.27,V ugm-3
05/07/2016,20/07/2016,0.32,V ugm-3
20/07/2016,03/08/2016,0.48,V ugm-3
03/08/2016,17/08/2016,0.35,V ugm-3
17/08/2016,31/08/2016,0.33,V ugm-3
31/08/2016,13/09/2016,,
13/09/2016,01/10/2016,0.39,V ugm-3
01/10/2016,11/10/2016,0.54,V ugm-3
11/10/2016,26/10/2016,0.83,V ugm-3
26/10/2016,08/11/2016,1.05,V ugm-3
08/11/2016,22/11/2016,0.79,V ugm-3
22/11/2016,06/12/2016,1,V ugm-3
06/12/2016,21/12/2016,0.89,V ugm-3
23/12/2016,03/01/2017,0.83,V ugm-3
Data for year 2017,,,
Multi-day data,,,
Stoke-on-Trent Centre,,,
Start Date,End Date,BENZENE,Status / units
03/01/2017,18/01/2017,0.9,V ugm-3
18/01/2017,31/01/2017,1.16,V ugm-3
31/01/2017,14/02/2017,1.54,V ugm-3
14/02/2017,28/02/2017,0.77,V ugm-3
28/02/2017,14/03/2017,0.7,V ugm-3
14/03/2017,28/03/2017,0.59,V ugm-3
28/03/2017,12/04/2017,0.63,V ugm-3
12/04/2017,25/04/2017,0.5,V ugm-3
25/04/2017,11/05/2017,0.41,V ugm-3
11/05/2017,23/05/2017,0.45,V ugm-3
23/05/2017,07/06/2017,0.3,V ugm-3
07/06/2017,20/06/2017,0.31,V ugm-3
20/06/2017,04/07/2017,0.38,V ugm-3
04/07/2017,19/07/2017,0.42,V ugm-3
19/07/2017,01/08/2017,0.28,V ugm-3
01/08/2017,15/08/2017,0.3,V ugm-3
15/08/2017,08/09/2017,0.51,V ugm-3
08/09/2017,26/09/2017,0.56,V ugm-3
26/09/2017,10/10/2017,0.5,V ugm-3
10/10/2017,25/10/2017,0.4,V ugm-3
25/10/2017,08/11/2017,1.24,V ugm-3
08/11/2017,22/11/2017,0.86,V ugm-3
22/11/2017,05/12/2017,1.02,V ugm-3
05/12/2017,19/12/2017,1.18,V ugm-3
19/12/2017,16/01/2018,0.86,V ugm-3
Data for year 2018,,,
Multi-day data,,,
Stoke-on-Trent Centre,,,
Start Date,End Date,BENZENE,Status / units
16/01/2018,30/01/2018,0.74,V ugm-3
30/01/2018,13/02/2018,0.79,V ugm-3
13/02/2018,27/02/2018,0.82,V ugm-3
27/02/2018,13/03/2018,1,V ugm-3
13/03/2018,29/03/2018,0.76,V ugm-3
29/03/2018,10/04/2018,0.68,V ugm-3
10/04/2018,24/04/2018,0.51,V ugm-3
24/04/2018,08/05/2018,0.43,V ugm-3
08/05/2018,22/05/2018,0.27,V ugm-3
22/05/2018,06/06/2018,0.42,V ugm-3
06/06/2018,19/06/2018,0.28,V ugm-3
19/06/2018,04/07/2018,0.27,V ugm-3
04/07/2018,18/07/2018,0.3,V ugm-3
18/07/2018,31/07/2018,0.29,V ugm-3
31/07/2018,14/08/2018,0.38,V ugm-3
14/08/2018,28/08/2018,0.3,V ugm-3
28/08/2018,11/09/2018,0.52,V ugm-3
11/09/2018,25/09/2018,0.44,V ugm-3
25/09/2018,11/10/2018,0.44,V ugm-3
11/10/2018,24/10/2018,0.55,V ugm-3
24/10/2018,14/11/2018,0.63,V ugm-3
14/11/2018,20/11/2018,0.73,V ugm-3
20/11/2018,04/12/2018,0.82,V ugm-3
04/12/2018,18/12/2018,0.71,V ugm-3
18/12/2018,02/01/2019,0.7,V ugm-3
Data for year 2019,,,
Multi-day data,,,
Stoke-on-Trent Centre,,,
Start Date,End Date,BENZENE,Status / units
02/01/2019,15/01/2019,0.82,V ugm-3
15/01/2019,29/01/2019,0.91,V ugm-3
29/01/2019,27/02/2019,0.9,V ugm-3
27/02/2019,14/03/2019,0.64,V ugm-3
14/03/2019,28/03/2019,0.61,V ugm-3
28/03/2019,11/04/2019,0.61,V ugm-3
11/04/2019,25/04/2019,0.64,V ugm-3
25/04/2019,08/05/2019,0.44,V ugm-3
08/05/2019,22/05/2019,0.35,V ugm-3
22/05/2019,05/06/2019,0.32,V ugm-3
05/06/2019,19/06/2019,0.32,V ugm-3
19/06/2019,04/07/2019,0.29,V ugm-3
04/07/2019,17/07/2019,0.36,V ugm-3
17/07/2019,02/08/2019,0.32,V ugm-3
02/08/2019,15/08/2019,0.28,V ugm-3
15/08/2019,28/08/2019,0.4,V ugm-3
28/08/2019,10/09/2019,0.37,V ugm-3
10/09/2019,25/09/2019,0.52,V ugm-3
25/09/2019,08/10/2019,0.49,V ugm-3
08/10/2019,23/10/2019,0.45,V ugm-3
23/10/2019,07/11/2019,0.88,V ugm-3
07/11/2019,21/11/2019,0.86,V ugm-3
21/11/2019,03/12/2019,1.06,V ugm-3
03/12/2019,18/12/2019,0.8,V ugm-3
18/12/2019,07/01/2020,0.73,V ugm-3
Data for year 2020,,,
Multi-day data,,,
Stoke-on-Trent Centre,,,
Start Date,End Date,BENZENE,Status / units
07/01/2020,16/01/2020,0.56,V ugm-3
16/01/2020,28/01/2020,0.87,V ugm-3
28/01/2020,11/02/2020,0.61,V ugm-3
11/02/2020,26/02/2020,0.37,V ugm-3
26/02/2020,11/03/2020,0.51,V ugm-3
11/03/2020,26/03/2020,0.42,V ugm-3
26/03/2020,07/04/2020,0.43,V ugm-3
07/04/2020,29/04/2020,0.36,V ugm-3
29/04/2020,06/05/2020,0.27,V ugm-3
06/05/2020,20/05/2020,0.24,V ugm-3
20/05/2020,03/06/2020,0.33,V ugm-3
03/06/2020,17/06/2020,0.18,V ugm-3
17/06/2020,01/07/2020,0.14,V ugm-3
01/07/2020,15/07/2020,0.22,V ugm-3
15/07/2020,29/07/2020,0.24,V ugm-3
29/07/2020,12/08/2020,0.25,V ugm-3
12/08/2020,25/08/2020,0.21,V ugm-3
25/08/2020,24/09/2020,0.3,V ugm-3
24/09/2020,14/10/2020,0.62,V ugm-3
14/10/2020,21/10/2020,,
21/10/2020,04/11/2020,0.37,V ugm-3
04/11/2020,18/11/2020,0.78,V ugm-3
18/11/2020,16/12/2020,0.75,V ugm-3
16/12/2020,13/01/2021,1.04,V ugm-3
Data for year 2021,,,
Multi-day data,,,
Stoke-on-Trent Centre,,,
Start Date,End Date,BENZENE,Status / units
13/01/2021,28/01/2021,0.77,V ugm-3
28/01/2021,11/02/2021,0.75,V ugm-3
11/02/2021,24/02/2021,0.57,V ugm-3
24/02/2021,10/03/2021,0.82,V ugm-3
10/03/2021,24/03/2021,0.49,V ugm-3
24/03/2021,06/04/2021,0.46,V ugm-3
06/04/2021,21/04/2021,0.6,V ugm-3
21/04/2021,04/05/2021,0.4,V ugm-3
04/05/2021,18/05/2021,0.33,V ugm-3
18/05/2021,03/06/2021,0.37,V ugm-3
03/06/2021,15/06/2021,0.22,V ugm-3
15/06/2021,30/06/2021,0.28,V ugm-3
30/06/2021,14/07/2021,0.28,V ugm-3
14/07/2021,28/07/2021,0.34,V ugm-3
28/07/2021,11/08/2021,0.3,V ugm-3
11/08/2021,25/08/2021,0.29,V ugm-3
25/08/2021,08/09/2021,0.38,V ugm-3
08/09/2021,23/09/2021,0.51,V ugm-3
23/09/2021,05/10/2021,0.24,V ugm-3
05/10/2021,20/10/2021,0.27,V ugm-3
20/10/2021,04/11/2021,0.36,V ugm-3
04/11/2021,18/11/2021,0.63,V ugm-3
18/11/2021,02/12/2021,0.6,V ugm-3
02/12/2021,15/12/2021,,
15/12/2021,30/12/2021,,
30/12/2021,12/01/2022,0.65,V ugm-3
Data for year 2022,,,
Multi-day data,,,
Stoke-on-Trent Centre,,,
Start Date,End Date,BENZENE,Status / units
12/01/2022,26/01/2022,1.27,V ugm-3
26/01/2022,09/02/2022,0.39,V ugm-3
09/02/2022,23/02/2022,0.45,V ugm-3
23/02/2022,10/03/2022,0.72,V ugm-3
10/03/2022,23/03/2022,0.62,V ugm-3
23/03/2022,06/04/2022,0.65,V ugm-3
06/04/2022,20/04/2022,0.74,V ugm-3
20/04/2022,04/05/2022,0.4,V ugm-3
04/05/2022,17/05/2022,0.28,V ugm-3
17/05/2022,01/06/2022,0.17,V ugm-3
01/06/2022,15/06/2022,0.24,V ugm-3
15/06/2022,29/06/2022,0.3,V ugm-3
29/06/2022,14/07/2022,0.18,V ugm-3
14/07/2022,27/07/2022,0.24,V ugm-3
27/07/2022,10/08/2022,0.23,V ugm-3
10/08/2022,24/08/2022,0.29,V ugm-3
24/08/2022,07/09/2022,0.27,V ugm-3
07/09/2022,20/09/2022,0.59,V ugm-3
20/09/2022,05/10/2022,0.41,V ugm-3
05/10/2022,18/10/2022,0.42,V ugm-3
18/10/2022,02/11/2022,0.34,V ugm-3
02/11/2022,16/11/2022,0.5,V ugm-3
16/11/2022,29/11/2022,0.64,V ugm-3
29/11/2022,20/12/2022,1.1,V ugm-3
20/12/2022,10/01/2023,0.45,V ugm-3
Data for year 2023,,,
Multi-day data,,,
Stoke-on-Trent Centre,,,
Start Date,End Date,BENZENE,Status / units
10/01/2023,24/01/2023,0.62,V ugm-3
24/01/2023,09/02/2023,,
09/02/2023,22/02/2023,0.52,V ugm-3
22/02/2023,07/03/2023,0.74,V ugm-3
07/03/2023,22/03/2023,0.4,V ugm-3
22/03/2023,04/04/2023,0.43,V ugm-3
04/04/2023,19/04/2023,0.43,V ugm-3
19/04/2023,02/05/2023,0.51,V ugm-3
02/05/2023,17/05/2023,0.36,V ugm-3
17/05/2023,30/05/2023,0.42,V ugm-3
30/05/2023,14/06/2023,0.29,V ugm-3
14/06/2023,28/06/2023,0.43,V ugm-3
28/06/2023,13/07/2023,0.3,V ugm-3
13/07/2023,26/07/2023,0.47,V ugm-3
26/07/2023,08/08/2023,0.48,V ugm-3
08/08/2023,23/08/2023,,
24/08/2023,05/09/2023,0.46,V ugm-3
05/09/2023,19/09/2023,0.59,V ugm-3
19/09/2023,18/10/2023,0.36,V ugm-3
18/10/2023,01/11/2023,0.69,V ugm-3
01/11/2023,15/11/2023,0.61,V ugm-3
15/11/2023,29/11/2023,0.87,V ugm-3
29/11/2023,12/12/2023,1.18,V ugm-3
12/12/2023,21/12/2023,0.65,V ugm-3
21/12/2023,10/01/2024,,
Data for year 2024,,,
Multi-day data,,,
Stoke-on-Trent Centre,,,
Start Date,End Date,BENZENE,Status / units
10/01/2024,24/01/2024,0.65,V ugm-3
24/01/2024,07/02/2024,0.44,V ugm-3
07/02/2024,21/02/2024,0.62,V ugm-3
21/02/2024,05/03/2024,0.75,V ugm-3
05/03/2024,20/03/2024,0.78,V ugm-3
20/03/2024,03/04/2024,0.68,V ugm-3
03/04/2024,17/04/2024,0.34,V ugm-3
17/04/2024,01/05/2024,0.47,V ugm-3
01/05/2024,15/05/2024,0.42,V ugm-3
15/05/2024,29/05/2024,0.29,V ugm-3
29/05/2024,12/06/2024,0.28,V ugm-3
12/06/2024,27/06/2024,0.31,V ugm-3
27/06/2024,10/07/2024,0.2,V ugm-3
10/07/2024,24/07/2024,0.3,V ugm-3
24/07/2024,08/08/2024,0.35,V ugm-3
08/08/2024,21/08/2024,0.42,V ugm-3
21/08/2024,04/09/2024,0.45,V ugm-3
04/09/2024,18/09/2024,0.4,V ugm-3
18/09/2024,02/10/2024,0.49,V ugm-3
02/10/2024,15/10/2024,0.5,V ugm-3
15/10/2024,06/11/2024,0.66,V ugm-3
06/11/2024,13/11/2024,,
13/11/2024,27/11/2024,0.68,V ugm-3
27/11/2024,23/12/2024,0.48,V ugm-3
23/12/2024,08/01/2025,0.61,V ugm-3
Data for year 2025,,,
Multi-day data,,,
Stoke-on-Trent Centre,,,
Start Date,End Date,BENZENE,Status / units
08/01/2025,22/01/2025,1.35,V ugm-3
22/01/2025,05/02/2025,0.59,V ugm-3
05/02/2025,20/02/2025,0.91,V ugm-3
20/02/2025,04/03/2025,0.41,V ugm-3
04/03/2025,19/03/2025,0.51,V ugm-3
19/03/2025,02/04/2025,0.53,V ugm-3
02/04/2025,16/04/2025,0.36,V ugm-3
16/04/2025,29/04/2025,0.26,V ugm-3
29/04/2025,15/05/2025,0.31,V ugm-3
15/05/2025,28/05/2025,0.2,V ugm-3
28/05/2025,11/06/2025,0.28,V ugm-3
11/06/2025,26/06/2025,0.3,V ugm-3
26/06/2025,08/07/2025,0.19,V ugm-3
08/07/2025,23/07/2025,0.32,V ugm-3
23/07/2025,06/08/2025,0.4,V ugm-3
06/08/2025,20/08/2025,0.35,V ugm-3
20/08/2025,04/09/2025,0.26,V ugm-3
04/09/2025,17/09/2025,,
17/09/2025,01/10/2025,0.45,V ugm-3
01/10/2025,16/10/2025,0.37,V ugm-3
16/10/2025,29/10/2025,0.51,V ugm-3
29/10/2025,12/11/2025,0.48,V ugm-3
12/11/2025,26/11/2025,0.61,V ugm-3
26/11/2025,10/12/2025,0.34,V ugm-3
10/12/2025,23/12/2025,0.62,V ugm-3
23/12/2025,07/01/2026,0.62,V ugm-3
Data for year 2012,,,
Multi-day data,,,
Tower Hamlets Roadside,,,
Start Date,End Date,BENZENE,Status / units
05/11/2012,22/11/2012,1.37,V ugm-3
22/11/2012,05/12/2012,1.75,V ugm-3
05/12/2012,20/12/2012,1.7,V ugm-3
20/12/2012,04/01/2013,0.63,V ugm-3
Data for year 2013,,,
Multi-day data,,,
Tower Hamlets Roadside,,,
Start Date,End Date,BENZENE,Status / units
04/01/2013,22/01/2013,1.92,V ugm-3
22/01/2013,31/01/2013,1.41,V ugm-3
31/01/2013,14/02/2013,1.69,V ugm-3
14/02/2013,26/02/2013,2.21,V ugm-3
26/02/2013,14/03/2013,1.84,V ugm-3
14/03/2013,26/03/2013,1.63,V ugm-3
26/03/2013,09/04/2013,0.97,V ugm-3
09/04/2013,23/04/2013,0.86,V ugm-3
23/04/2013,08/05/2013,1.3,V ugm-3
08/05/2013,23/05/2013,0.78,V ugm-3
23/05/2013,05/06/2013,,
05/06/2013,18/06/2013,0.93,V ugm-3
18/06/2013,02/07/2013,2.18,V ugm-3
02/07/2013,16/07/2013,2.03,V ugm-3
16/07/2013,30/07/2013,0.88,V ugm-3
30/07/2013,15/08/2013,1.16,V ugm-3
15/08/2013,27/08/2013,1.31,V ugm-3
27/08/2013,13/09/2013,2.06,V ugm-3
13/09/2013,24/09/2013,1.42,V ugm-3
24/09/2013,10/10/2013,1.25,V ugm-3
10/10/2013,22/10/2013,1.06,V ugm-3
22/10/2013,05/11/2013,0.98,V ugm-3
05/11/2013,22/11/2013,,
22/11/2013,09/12/2013,,
09/12/2013,02/01/2014,,
Data for year 2014,,,
Multi-day data,,,
Tower Hamlets Roadside,,,
Start Date,End Date,BENZENE,Status / units
02/01/2014,15/01/2014,,
15/01/2014,27/01/2014,,
27/01/2014,14/02/2014,,
14/02/2014,28/02/2014,,
28/02/2014,14/03/2014,,
14/03/2014,28/03/2014,0.78,V ugm-3
28/03/2014,11/04/2014,1.29,V ugm-3
11/04/2014,25/04/2014,1.15,V ugm-3
25/04/2014,09/05/2014,0.99,V ugm-3
09/05/2014,19/05/2014,0.94,V ugm-3
19/05/2014,06/06/2014,0.93,V ugm-3
06/06/2014,16/06/2014,1.07,V ugm-3
16/06/2014,04/07/2014,1.01,V ugm-3
04/07/2014,14/07/2014,0.93,V ugm-3
14/07/2014,31/07/2014,1.18,V ugm-3
31/07/2014,12/08/2014,0.78,V ugm-3
12/08/2014,29/08/2014,0.75,V ugm-3
29/08/2014,18/09/2014,1.32,V ugm-3
18/09/2014,26/09/2014,1.52,V ugm-3
26/09/2014,10/10/2014,1.14,V ugm-3
10/10/2014,28/10/2014,0.93,V ugm-3
28/10/2014,21/11/2014,1.58,V ugm-3
21/11/2014,01/12/2014,2.68,V ugm-3
01/12/2014,19/12/2014,1.3,V ugm-3
19/12/2014,07/01/2015,1.42,V ugm-3
Data for year 2015,,,
Multi-day data,,,
Tower Hamlets Roadside,,,
Start Date,End Date,BENZENE,Status / units
07/01/2015,16/01/2015,0.6,V ugm-3
16/01/2015,02/02/2015,1.72,V ugm-3
02/02/2015,12/02/2015,1.9,V ugm-3
12/02/2015,27/02/2015,1.3,V ugm-3
27/02/2015,13/03/2015,0.96,V ugm-3
13/03/2015,27/03/2015,2.01,V ugm-3
27/03/2015,13/04/2015,0.93,V ugm-3
13/04/2015,23/04/2015,1.22,V ugm-3
23/04/2015,12/05/2015,,
12/05/2015,22/05/2015,0.91,V ugm-3
22/05/2015,04/06/2015,0.68,V ugm-3
04/06/2015,19/06/2015,0.76,V ugm-3
19/06/2015,03/07/2015,0.74,V ugm-3
03/07/2015,17/07/2015,0.69,V ugm-3
17/07/2015,31/07/2015,0.7,V ugm-3
31/07/2015,14/08/2015,0.3,V ugm-3
14/08/2015,28/08/2015,0.95,V ugm-3
28/08/2015,11/09/2015,1.77,V ugm-3
11/09/2015,24/09/2015,0.92,V ugm-3
24/09/2015,08/10/2015,1.43,V ugm-3
08/10/2015,22/10/2015,1.8,V ugm-3
22/10/2015,09/11/2015,1.33,V ugm-3
09/11/2015,19/11/2015,0.64,V ugm-3
19/11/2015,03/12/2015,1.01,V ugm-3
03/12/2015,17/12/2015,0.8,V ugm-3
17/12/2015,31/12/2015,0.74,V ugm-3
31/12/2015,14/01/2016,1.08,V ugm-3
Data for year 2016,,,
Multi-day data,,,
Tower Hamlets Roadside,,,
Start Date,End Date,BENZENE,Status / units
14/01/2016,28/01/2016,1.92,V ugm-3
28/01/2016,11/02/2016,0.8,V ugm-3
11/02/2016,25/02/2016,1.38,V ugm-3
25/02/2016,10/03/2016,1.08,V ugm-3
10/03/2016,24/03/2016,1.24,V ugm-3
24/03/2016,08/04/2016,0.37,V ugm-3
08/04/2016,21/04/2016,1.13,V ugm-3
21/04/2016,05/05/2016,0.76,V ugm-3
05/05/2016,14/05/2016,1.51,V ugm-3
14/05/2016,02/06/2016,0.52,V ugm-3
02/06/2016,16/06/2016,0.71,V ugm-3
16/06/2016,30/06/2016,0.92,V ugm-3
30/06/2016,14/07/2016,0.58,V ugm-3
14/07/2016,29/07/2016,,
29/07/2016,11/08/2016,0.57,V ugm-3
11/08/2016,24/08/2016,1.75,V ugm-3
24/08/2016,08/09/2016,2,V ugm-3
08/09/2016,22/09/2016,1.85,V ugm-3
22/09/2016,07/10/2016,1.41,V ugm-3
07/10/2016,21/10/2016,2.56,V ugm-3
21/10/2016,04/11/2016,1.69,V ugm-3
04/11/2016,18/11/2016,1.18,V ugm-3
18/11/2016,02/12/2016,1.38,V ugm-3
02/12/2016,13/12/2016,1.31,V ugm-3
13/12/2016,29/12/2016,1.42,V ugm-3
29/12/2016,11/01/2017,1.38,V ugm-3
Data for year 2017,,,
Multi-day data,,,
Tower Hamlets Roadside,,,
Start Date,End Date,BENZENE,Status / units
11/01/2017,25/01/2017,2.24,V ugm-3
25/01/2017,08/02/2017,1.21,V ugm-3
08/02/2017,22/02/2017,0.89,V ugm-3
22/02/2017,08/03/2017,0.66,V ugm-3
08/03/2017,22/03/2017,0.83,V ugm-3
22/03/2017,05/04/2017,0.94,V ugm-3
05/04/2017,19/04/2017,0.86,V ugm-3
19/04/2017,02/05/2017,0.72,V ugm-3
02/05/2017,17/05/2017,0.79,V ugm-3
17/05/2017,30/05/2017,0.69,V ugm-3
30/05/2017,14/06/2017,0.48,V ugm-3
14/06/2017,28/06/2017,0.72,V ugm-3
28/06/2017,12/07/2017,0.78,V ugm-3
12/07/2017,26/07/2017,0.64,V ugm-3
26/07/2017,10/08/2017,0.45,V ugm-3
10/08/2017,23/08/2017,0.72,V ugm-3
23/08/2017,07/09/2017,0.68,V ugm-3
07/09/2017,20/09/2017,0.81,V ugm-3
20/09/2017,04/10/2017,0.76,V ugm-3
04/10/2017,18/10/2017,0.65,V ugm-3
18/10/2017,01/11/2017,1.16,V ugm-3
01/11/2017,16/11/2017,1.54,V ugm-3
16/11/2017,30/11/2017,1.27,V ugm-3
30/11/2017,12/12/2017,1.13,V ugm-3
12/12/2017,04/01/2018,0.97,V ugm-3
Data for year 2018,,,
Multi-day data,,,
Tower Hamlets Roadside,,,
Start Date,End Date,BENZENE,Status / units
04/01/2018,11/01/2018,1.47,V ugm-3
11/01/2018,24/01/2018,,
24/01/2018,06/02/2018,1.15,V ugm-3
06/02/2018,21/02/2018,1.08,V ugm-3
21/02/2018,07/03/2018,1.44,V ugm-3
07/03/2018,20/03/2018,1.15,V ugm-3
20/03/2018,03/04/2018,0.96,V ugm-3
03/04/2018,17/04/2018,0.98,V ugm-3
17/04/2018,02/05/2018,0.82,V ugm-3
02/05/2018,15/05/2018,0.91,V ugm-3
15/05/2018,29/05/2018,0.98,V ugm-3
29/05/2018,12/06/2018,0.76,V ugm-3
12/06/2018,26/06/2018,0.55,V ugm-3
26/06/2018,10/07/2018,0.54,V ugm-3
10/07/2018,24/07/2018,0.33,V ugm-3
24/07/2018,07/08/2018,,
07/08/2018,21/08/2018,0.46,V ugm-3
21/08/2018,04/09/2018,1.01,V ugm-3
04/09/2018,17/09/2018,0.76,V ugm-3
17/09/2018,02/10/2018,0.92,V ugm-3
02/10/2018,16/10/2018,0.74,V ugm-3
16/10/2018,30/10/2018,1.26,V ugm-3
30/10/2018,13/11/2018,1.02,V ugm-3
13/11/2018,27/11/2018,1.56,V ugm-3
27/11/2018,11/12/2018,0.7,V ugm-3
11/12/2018,19/12/2018,0.92,V ugm-3
19/12/2018,03/01/2019,1.13,V ugm-3
Data for year 2019,,,
Multi-day data,,,
Tower Hamlets Roadside,,,
Start Date,End Date,BENZENE,Status / units
03/01/2019,16/01/2019,1.12,V ugm-3
16/01/2019,30/01/2019,1.17,V ugm-3
30/01/2019,13/02/2019,1.18,V ugm-3
13/02/2019,27/02/2019,1.73,V ugm-3
27/02/2019,13/03/2019,0.73,V ugm-3
13/03/2019,27/03/2019,0.85,V ugm-3
27/03/2019,09/04/2019,1.13,V ugm-3
09/04/2019,24/04/2019,1.18,V ugm-3
24/04/2019,08/05/2019,0.61,V ugm-3
08/05/2019,22/05/2019,0.78,V ugm-3
22/05/2019,05/06/2019,0.46,V ugm-3
05/06/2019,19/06/2019,0.37,V ugm-3
19/06/2019,03/07/2019,0.56,V ugm-3
03/07/2019,17/07/2019,0.56,V ugm-3
17/07/2019,31/07/2019,0.48,V ugm-3
31/07/2019,14/08/2019,0.43,V ugm-3
14/08/2019,29/08/2019,0.69,V ugm-3
29/08/2019,11/09/2019,0.68,V ugm-3
11/09/2019,25/09/2019,0.78,V ugm-3
25/09/2019,09/10/2019,0.63,V ugm-3
09/10/2019,23/10/2019,0.82,V ugm-3
23/10/2019,06/11/2019,1.08,V ugm-3
06/11/2019,20/11/2019,1.28,V ugm-3
20/11/2019,13/12/2019,1.26,V ugm-3
13/12/2019,20/12/2019,0.86,V ugm-3
20/12/2019,03/01/2020,1.17,V ugm-3
Data for year 2020,,,
Multi-day data,,,
Tower Hamlets Roadside,,,
Start Date,End Date,BENZENE,Status / units
03/01/2020,15/01/2020,0.68,V ugm-3
15/01/2020,29/01/2020,1.33,V ugm-3
29/01/2020,12/02/2020,0.78,V ugm-3
12/02/2020,26/02/2020,0.45,V ugm-3
26/02/2020,11/03/2020,0.81,V ugm-3
11/03/2020,25/03/2020,0.72,V ugm-3
25/03/2020,08/04/2020,0.75,V ugm-3
08/04/2020,22/04/2020,0.72,V ugm-3
22/04/2020,06/05/2020,0.46,V ugm-3
06/05/2020,20/05/2020,0.49,V ugm-3
20/05/2020,03/06/2020,0.7,V ugm-3
03/06/2020,17/06/2020,0.35,V ugm-3
17/06/2020,01/07/2020,0.22,V ugm-3
01/07/2020,15/07/2020,0.59,V ugm-3
15/07/2020,29/07/2020,0.52,V ugm-3
29/07/2020,12/08/2020,0.58,V ugm-3
12/08/2020,26/08/2020,0.45,V ugm-3
26/08/2020,23/09/2020,0.72,V ugm-3
23/09/2020,07/10/2020,0.82,V ugm-3
07/10/2020,21/10/2020,0.94,V ugm-3
21/10/2020,04/11/2020,1.85,V ugm-3
04/11/2020,17/11/2020,1.42,V ugm-3
17/11/2020,02/12/2020,1.2,V ugm-3
02/12/2020,16/12/2020,0.93,V ugm-3
16/12/2020,30/12/2020,0.75,V ugm-3
30/12/2020,13/01/2021,1.59,V ugm-3
Data for year 2021,,,
Multi-day data,,,
Tower Hamlets Roadside,,,
Start Date,End Date,BENZENE,Status / units
13/01/2021,27/01/2021,1.06,V ugm-3
27/01/2021,09/02/2021,1.09,V ugm-3
09/02/2021,24/02/2021,0.84,V ugm-3
24/02/2021,10/03/2021,1.47,V ugm-3
10/03/2021,24/03/2021,,
24/03/2021,20/04/2021,,
20/04/2021,05/05/2021,,
05/05/2021,18/05/2021,0.51,V ugm-3
18/05/2021,02/06/2021,0.6,V ugm-3
02/06/2021,16/06/2021,0.47,V ugm-3
16/06/2021,30/06/2021,0.65,V ugm-3
30/06/2021,14/07/2021,0.65,V ugm-3
14/07/2021,28/07/2021,0.81,V ugm-3
28/07/2021,11/08/2021,0.39,V ugm-3
11/08/2021,25/08/2021,0.52,V ugm-3
25/08/2021,08/09/2021,0.8,V ugm-3
08/09/2021,22/09/2021,0.63,V ugm-3
22/09/2021,07/10/2021,0.33,V ugm-3
07/10/2021,20/10/2021,0.58,V ugm-3
20/10/2021,02/11/2021,0.48,V ugm-3
02/11/2021,17/11/2021,0.85,V ugm-3
17/11/2021,01/12/2021,0.86,V ugm-3
01/12/2021,15/12/2021,0.63,V ugm-3
15/12/2021,06/01/2022,0.81,V ugm-3
Data for year 2022,,,
Multi-day data,,,
Tower Hamlets Roadside,,,
Start Date,End Date,BENZENE,Status / units
06/01/2022,20/01/2022,1.74,V ugm-3
20/01/2022,03/02/2022,0.82,V ugm-3
03/02/2022,23/02/2022,0.57,V ugm-3
23/02/2022,10/03/2022,1.07,V ugm-3
10/03/2022,23/03/2022,0.94,V ugm-3
23/03/2022,06/04/2022,0.97,V ugm-3
06/04/2022,04/05/2022,0.72,V ugm-3
04/05/2022,18/05/2022,0.39,V ugm-3
18/05/2022,01/06/2022,0.32,V ugm-3
01/06/2022,16/06/2022,0.5,V ugm-3
16/06/2022,28/06/2022,0.45,V ugm-3
28/06/2022,14/07/2022,0.35,V ugm-3
14/07/2022,28/07/2022,0.37,V ugm-3
28/07/2022,11/08/2022,0.47,V ugm-3
11/08/2022,25/08/2022,0.42,V ugm-3
25/08/2022,08/09/2022,0.65,V ugm-3
08/09/2022,22/09/2022,1.09,V ugm-3
22/09/2022,05/10/2022,0.76,V ugm-3
05/10/2022,20/10/2022,0.88,V ugm-3
20/10/2022,02/11/2022,0.47,V ugm-3
02/11/2022,16/11/2022,0.65,V ugm-3
16/11/2022,30/11/2022,0.84,V ugm-3
30/11/2022,21/12/2022,1.56,V ugm-3
21/12/2022,11/01/2023,0.39,V ugm-3
Data for year 2023,,,
Multi-day data,,,
Tower Hamlets Roadside,,,
Start Date,End Date,BENZENE,Status / units
11/01/2023,26/01/2023,1.2,V ugm-3
26/01/2023,08/02/2023,1.17,V ugm-3
08/02/2023,23/02/2023,1.15,V ugm-3
23/02/2023,09/03/2023,1.19,V ugm-3
09/03/2023,22/03/2023,0.66,V ugm-3
22/03/2023,04/04/2023,0.66,V ugm-3
04/04/2023,19/04/2023,0.67,V ugm-3
19/04/2023,03/05/2023,0.78,V ugm-3
03/05/2023,17/05/2023,0.83,V ugm-3
17/05/2023,31/05/2023,0.57,V ugm-3
31/05/2023,15/06/2023,0.61,V ugm-3
15/06/2023,28/06/2023,0.82,V ugm-3
28/06/2023,12/07/2023,0.64,V ugm-3
12/07/2023,28/07/2023,0.71,V ugm-3
28/07/2023,10/08/2023,0.69,V ugm-3
10/08/2023,23/08/2023,0.57,V ugm-3
23/08/2023,07/09/2023,0.75,V ugm-3
07/09/2023,20/09/2023,1.02,V ugm-3
20/09/2023,05/10/2023,0.56,V ugm-3
05/10/2023,17/10/2023,0.85,V ugm-3
17/10/2023,31/10/2023,1.14,V ugm-3
31/10/2023,16/11/2023,0.87,V ugm-3
16/11/2023,30/11/2023,1.1,V ugm-3
30/11/2023,13/12/2023,0.98,V ugm-3
13/12/2023,28/12/2023,0.59,V ugm-3
28/12/2023,10/01/2024,0.93,V ugm-3
Data for year 2024,,,
Multi-day data,,,
Tower Hamlets Roadside,,,
Start Date,End Date,BENZENE,Status / units
10/01/2024,24/01/2024,,
24/01/2024,07/02/2024,0.66,V ugm-3
07/02/2024,21/02/2024,0.7,V ugm-3
21/02/2024,06/03/2024,0.98,V ugm-3
06/03/2024,19/03/2024,0.97,V ugm-3
19/03/2024,04/04/2024,0.76,V ugm-3
04/04/2024,17/04/2024,0.59,V ugm-3
17/04/2024,01/05/2024,0.73,V ugm-3
01/05/2024,14/05/2024,0.74,V ugm-3
14/05/2024,29/05/2024,0.53,V ugm-3
29/05/2024,12/06/2024,0.45,V ugm-3
12/06/2024,25/06/2024,0.46,V ugm-3
25/06/2024,09/07/2024,0.44,V ugm-3
09/07/2024,24/07/2024,0.53,V ugm-3
24/07/2024,08/08/2024,0.52,V ugm-3
08/08/2024,22/08/2024,0.6,V ugm-3
22/08/2024,05/09/2024,0.6,V ugm-3
05/09/2024,18/09/2024,0.84,V ugm-3
18/09/2024,02/10/2024,0.75,V ugm-3
02/10/2024,15/10/2024,0.77,V ugm-3
15/10/2024,30/10/2024,0.58,V ugm-3
30/10/2024,14/11/2024,0.65,V ugm-3
14/11/2024,28/11/2024,0.78,V ugm-3
28/11/2024,23/12/2024,0.63,V ugm-3
23/12/2024,09/01/2025,0.74,V ugm-3
Data for year 2025,,,
Multi-day data,,,
Tower Hamlets Roadside,,,
Start Date,End Date,BENZENE,Status / units
09/01/2025,22/01/2025,1.97,V ugm-3
22/01/2025,05/02/2025,0.81,V ugm-3
05/02/2025,19/02/2025,1.31,V ugm-3
19/02/2025,05/03/2025,0.86,V ugm-3
05/03/2025,19/03/2025,0.82,V ugm-3
19/03/2025,03/04/2025,,
03/04/2025,15/04/2025,0.54,V ugm-3
15/04/2025,30/04/2025,0.44,V ugm-3
Data for year 2004,,,
Multi-day data,,,
Wigan Centre,,,
Start Date,End Date,BENZENE,Status / units
01/10/2004,15/10/2004,1.33,V ugm-3
15/10/2004,28/10/2004,1.53,V ugm-3
28/10/2004,11/11/2004,1.11,V ugm-3
11/11/2004,25/11/2004,1.89,V ugm-3
25/11/2004,09/12/2004,3.38,V ugm-3
09/12/2004,22/12/2004,1.66,V ugm-3
22/12/2004,07/01/2005,1.43,V ugm-3
Data for year 2005,,,
Multi-day data,,,
Wigan Centre,,,
Start Date,End Date,BENZENE,Status / units
07/01/2005,20/01/2005,1.04,V ugm-3
20/01/2005,04/02/2005,1.27,V ugm-3
04/02/2005,17/02/2005,2.08,V ugm-3
17/02/2005,07/03/2005,1.14,V ugm-3
07/03/2005,18/03/2005,1.24,V ugm-3
18/03/2005,05/04/2005,2.05,V ugm-3
05/04/2005,18/04/2005,1.01,V ugm-3
18/04/2005,06/05/2005,1.14,V ugm-3
06/05/2005,23/05/2005,0.59,V ugm-3
23/05/2005,02/06/2005,1.04,V ugm-3
02/06/2005,14/06/2005,0.85,V ugm-3
14/06/2005,29/06/2005,0.52,V ugm-3
29/06/2005,13/07/2005,0.42,V ugm-3
13/07/2005,27/07/2005,0.52,V ugm-3
27/07/2005,09/08/2005,0.68,V ugm-3
09/08/2005,26/08/2005,0.49,V ugm-3
26/08/2005,05/09/2005,0.75,V ugm-3
05/09/2005,19/09/2005,0.75,V ugm-3
19/09/2005,03/10/2005,0.78,V ugm-3
03/10/2005,17/10/2005,1.2,V ugm-3
17/10/2005,31/10/2005,0.94,V ugm-3
31/10/2005,17/11/2005,1.46,V ugm-3
17/11/2005,02/12/2005,1.79,V ugm-3
02/12/2005,16/12/2005,1.11,V ugm-3
16/12/2005,21/12/2005,1.07,V ugm-3
21/12/2005,09/01/2006,0.94,V ugm-3
Data for year 2006,,,
Multi-day data,,,
Wigan Centre,,,
Start Date,End Date,BENZENE,Status / units
09/01/2006,20/01/2006,0.65,V ugm-3
02/03/2006,20/03/2006,1.3,V ugm-3
20/03/2006,31/03/2006,1.3,V ugm-3
31/03/2006,13/04/2006,0.85,V ugm-3
13/04/2006,28/04/2006,0.55,V ugm-3
28/04/2006,12/05/2006,1.07,V ugm-3
12/05/2006,25/05/2006,0.59,V ugm-3
25/05/2006,12/06/2006,0.42,V ugm-3
12/06/2006,23/06/2006,0.42,V ugm-3
23/06/2006,12/07/2006,2.11,V ugm-3
12/07/2006,24/07/2006,0.62,V ugm-3
24/07/2006,17/08/2006,0.39,V ugm-3
17/08/2006,23/08/2006,0.72,V ugm-3
23/08/2006,07/09/2006,0.26,V ugm-3
07/09/2006,22/09/2006,1.01,V ugm-3
22/09/2006,06/10/2006,0.78,V ugm-3
06/10/2006,20/10/2006,0.75,V ugm-3
20/10/2006,30/10/2006,0.78,V ugm-3
30/10/2006,17/11/2006,1.11,V ugm-3
17/11/2006,27/11/2006,0.39,V ugm-3
27/11/2006,11/12/2006,0.42,V ugm-3
11/12/2006,20/12/2006,1.17,V ugm-3
20/12/2006,11/01/2007,2.15,V ugm-3
Data for year 2007,,,
Multi-day data,,,
Wigan Centre,,,
Start Date,End Date,BENZENE,Status / units
11/01/2007,25/01/2007,0.78,V ugm-3
25/01/2007,09/02/2007,1.3,V ugm-3
09/02/2007,28/02/2007,0.91,V ugm-3
28/02/2007,09/03/2007,0.49,V ugm-3
09/03/2007,22/03/2007,0.72,V ugm-3
22/03/2007,05/04/2007,0.78,V ugm-3
05/04/2007,19/04/2007,1.01,V ugm-3
19/04/2007,30/04/2007,0.49,V ugm-3
30/04/2007,15/05/2007,0.52,V ugm-3
15/05/2007,04/06/2007,0.36,V ugm-3
04/06/2007,15/06/2007,0.65,V ugm-3
15/06/2007,26/06/2007,0.33,V ugm-3
26/06/2007,09/07/2007,0.29,V ugm-3
09/07/2007,26/07/2007,0.55,V ugm-3
26/07/2007,06/08/2007,0.46,V ugm-3
06/08/2007,23/08/2007,0.39,V ugm-3
23/08/2007,05/09/2007,0.78,V ugm-3
05/09/2007,21/09/2007,0.55,V ugm-3
21/09/2007,01/10/2007,0.46,V ugm-3
01/10/2007,25/10/2007,0.81,V ugm-3
25/10/2007,05/11/2007,1.01,V ugm-3
05/11/2007,21/11/2007,0.68,V ugm-3
21/11/2007,04/12/2007,0.85,V ugm-3
04/12/2007,17/12/2007,0.78,V ugm-3
17/12/2007,03/01/2008,1.24,V ugm-3
Data for year 2008,,,
Multi-day data,,,
Wigan Centre,,,
Start Date,End Date,BENZENE,Status / units
03/01/2008,16/01/2008,0.72,V ugm-3
16/01/2008,30/01/2008,0.72,V ugm-3
30/01/2008,07/02/2008,0.91,V ugm-3
07/02/2008,21/02/2008,1.63,V ugm-3
21/02/2008,06/03/2008,0.49,V ugm-3
06/03/2008,17/03/2008,0.55,V ugm-3
17/03/2008,31/03/2008,0.49,V ugm-3
31/03/2008,11/04/2008,0.81,V ugm-3
11/04/2008,25/04/2008,0.62,V ugm-3
25/04/2008,09/05/2008,0.46,V ugm-3
09/05/2008,20/05/2008,0.55,V ugm-3
20/05/2008,06/06/2008,0.46,V ugm-3
06/06/2008,19/06/2008,0.26,V ugm-3
19/06/2008,30/06/2008,0.29,V ugm-3
30/06/2008,15/07/2008,0.29,V ugm-3
15/07/2008,30/07/2008,0.26,V ugm-3
30/07/2008,11/08/2008,0.26,V ugm-3
11/08/2008,28/08/2008,0.23,V ugm-3
28/08/2008,10/09/2008,0.36,V ugm-3
10/09/2008,22/09/2008,0.62,V ugm-3
22/09/2008,08/10/2008,0.23,V ugm-3
08/10/2008,20/10/2008,0.36,V ugm-3
20/10/2008,03/11/2008,0.52,V ugm-3
03/11/2008,17/11/2008,0.49,V ugm-3
17/11/2008,05/12/2008,0.75,V ugm-3
05/12/2008,15/12/2008,1.17,V ugm-3
15/12/2008,05/01/2009,0.81,V ugm-3
Data for year 2009,,,
Multi-day data,,,
Wigan Centre,,,
Start Date,End Date,BENZENE,Status / units
05/01/2009,20/01/2009,0.75,V ugm-3
20/01/2009,06/02/2009,1.14,V ugm-3
06/02/2009,19/02/2009,1.07,V ugm-3
19/02/2009,06/03/2009,0.59,V ugm-3
06/03/2009,19/03/2009,0.75,V ugm-3
19/03/2009,30/03/2009,0.75,V ugm-3
30/03/2009,07/04/2009,0.65,V ugm-3
07/04/2009,20/04/2009,0.46,V ugm-3
20/04/2009,07/05/2009,0.55,V ugm-3
07/05/2009,20/05/2009,0.39,V ugm-3
20/05/2009,02/06/2009,0.36,V ugm-3
02/06/2009,15/06/2009,0.33,V ugm-3
15/06/2009,30/06/2009,0.23,V ugm-3
30/06/2009,13/07/2009,0.49,V ugm-3
13/07/2009,30/07/2009,0.72,V ugm-3
30/07/2009,12/08/2009,0.49,V ugm-3
12/08/2009,26/08/2009,0.46,V ugm-3
26/08/2009,10/09/2009,0.55,V ugm-3
10/09/2009,25/09/2009,0.91,V ugm-3
25/09/2009,05/10/2009,0.39,V ugm-3
05/10/2009,22/10/2009,0.78,V ugm-3
22/10/2009,06/11/2009,0.81,V ugm-3
06/11/2009,16/11/2009,0.94,V ugm-3
16/11/2009,07/12/2009,0.55,V ugm-3
07/12/2009,18/12/2009,1.24,V ugm-3
18/12/2009,04/01/2010,1.17,V ugm-3
Data for year 2010,,,
Multi-day data,,,
Wigan Centre,,,
Start Date,End Date,BENZENE,Status / units
04/01/2010,21/01/2010,1.72,V ugm-3
21/01/2010,05/02/2010,1.01,V ugm-3
05/02/2010,22/02/2010,1.3,V ugm-3
22/02/2010,12/03/2010,1.19,V ugm-3
12/03/2010,22/03/2010,0.65,V ugm-3
22/03/2010,31/03/2010,0.65,V ugm-3
31/03/2010,15/04/2010,0.67,V ugm-3
15/04/2010,23/04/2010,0.67,V ugm-3
23/04/2010,06/05/2010,0.48,V ugm-3
06/05/2010,18/05/2010,0.45,V ugm-3
18/05/2010,27/05/2010,0.45,V ugm-3
27/05/2010,11/06/2010,0.35,V ugm-3
06/07/2010,27/07/2010,0.27,V ugm-3
27/07/2010,10/08/2010,0.24,V ugm-3
10/08/2010,26/08/2010,0.28,V ugm-3
26/08/2010,08/09/2010,0.41,V ugm-3
08/09/2010,23/09/2010,0.4,V ugm-3
24/09/2010,06/10/2010,0.39,V ugm-3
06/10/2010,21/10/2010,0.64,V ugm-3
21/10/2010,05/11/2010,0.4,V ugm-3
05/11/2010,17/11/2010,0.8,V ugm-3
17/11/2010,01/12/2010,1.03,V ugm-3
01/12/2010,04/01/2011,1.72,V ugm-3
Data for year 2011,,,
Multi-day data,,,
Wigan Centre,,,
Start Date,End Date,BENZENE,Status / units
04/01/2011,12/01/2011,0.89,V ugm-3
12/01/2011,19/01/2011,1.08,V ugm-3
19/01/2011,26/01/2011,1.34,V ugm-3
26/01/2011,09/02/2011,0.74,V ugm-3
09/02/2011,23/02/2011,1.13,V ugm-3
23/02/2011,18/03/2011,0.99,V ugm-3
18/03/2011,23/03/2011,1.3,V ugm-3
23/03/2011,06/04/2011,0.62,V ugm-3
06/04/2011,04/05/2011,0.75,V ugm-3
04/05/2011,10/05/2011,0.42,V ugm-3
10/05/2011,18/05/2011,0.29,V ugm-3
18/05/2011,01/06/2011,0.27,V ugm-3
01/06/2011,29/06/2011,1.25,V ugm-3
14/07/2011,29/07/2011,0.26,V ugm-3
29/07/2011,10/08/2011,0.34,V ugm-3
10/08/2011,23/08/2011,0.32,V ugm-3
23/08/2011,07/09/2011,0.37,V ugm-3
07/09/2011,21/09/2011,0.34,V ugm-3
21/09/2011,06/10/2011,0.5,V ugm-3
06/10/2011,20/10/2011,0.39,V ugm-3
20/10/2011,01/11/2011,0.58,V ugm-3
01/11/2011,17/11/2011,1.38,V ugm-3
17/11/2011,01/12/2011,0.8,V ugm-3
01/12/2011,14/12/2011,0.75,V ugm-3
14/12/2011,05/01/2012,0.66,V ugm-3
Data for year 2012,,,
Multi-day data,,,
Wigan Centre,,,
Start Date,End Date,BENZENE,Status / units
05/01/2012,11/01/2012,0.83,V ugm-3
11/01/2012,25/01/2012,1.1,V ugm-3
25/01/2012,08/02/2012,1.76,V ugm-3
08/02/2012,22/02/2012,0.81,V ugm-3
22/02/2012,07/03/2012,0.67,V ugm-3
07/03/2012,21/03/2012,0.58,V ugm-3
21/03/2012,05/04/2012,1.06,V ugm-3
05/04/2012,18/04/2012,0.4,V ugm-3
18/04/2012,02/05/2012,0.53,V ugm-3
02/05/2012,16/05/2012,0.33,V ugm-3
16/05/2012,30/05/2012,0.35,V ugm-3
30/05/2012,13/06/2012,0.27,V ugm-3
15/06/2012,27/06/2012,0.32,V ugm-3
27/06/2012,11/07/2012,0.4,V ugm-3
11/07/2012,25/07/2012,0.37,V ugm-3
25/07/2012,15/08/2012,0.31,V ugm-3
15/08/2012,22/08/2012,0.45,V ugm-3
22/08/2012,07/09/2012,0.38,V ugm-3
07/09/2012,19/09/2012,0.29,V ugm-3
19/09/2012,03/10/2012,0.43,V ugm-3
Data for year 2002,,,
Multi-day data,,,
Wigan Leigh,,,
Start Date,End Date,BENZENE,Status / units
04/06/2002,18/06/2002,0.94,V ugm-3
18/06/2002,02/07/2002,0.62,V ugm-3
02/07/2002,18/07/2002,0.98,V ugm-3
18/07/2002,30/07/2002,0.98,V ugm-3
30/07/2002,13/08/2002,1.53,V ugm-3
13/08/2002,27/08/2002,1.37,V ugm-3
27/08/2002,10/09/2002,1.14,V ugm-3
10/09/2002,25/09/2002,1.92,V ugm-3
25/09/2002,08/10/2002,1.5,V ugm-3
08/10/2002,22/10/2002,2.18,V ugm-3
22/10/2002,05/11/2002,1.63,V ugm-3
05/11/2002,19/11/2002,1.72,V ugm-3
19/11/2002,03/12/2002,1.33,V ugm-3
03/12/2002,17/12/2002,2.6,V ugm-3
17/12/2002,16/01/2003,2.54,V ugm-3
Data for year 2003,,,
Multi-day data,,,
Wigan Leigh,,,
Start Date,End Date,BENZENE,Status / units
16/01/2003,28/01/2003,1.07,V ugm-3
28/01/2003,11/02/2003,1.17,V ugm-3
13/03/2003,25/03/2003,2.41,V ugm-3
25/03/2003,08/04/2003,1.5,V ugm-3
08/04/2003,24/04/2003,1.43,V ugm-3
24/04/2003,06/05/2003,0.72,V ugm-3
06/05/2003,20/05/2003,0.59,V ugm-3
20/05/2003,03/06/2003,0.85,V ugm-3
03/06/2003,19/06/2003,0.68,V ugm-3
19/06/2003,03/07/2003,1.3,V ugm-3
03/07/2003,16/07/2003,1.04,V ugm-3
16/07/2003,30/07/2003,0.75,V ugm-3
30/07/2003,14/08/2003,1.24,V ugm-3
14/08/2003,26/08/2003,1.24,V ugm-3
26/08/2003,11/09/2003,1.59,V ugm-3
11/09/2003,23/09/2003,1.59,V ugm-3
23/09/2003,08/10/2003,1.53,V ugm-3
08/10/2003,21/10/2003,1.59,V ugm-3
21/10/2003,20/11/2003,1.5,V ugm-3
20/11/2003,04/12/2003,4.55,V ugm-3
Data for year 2004,,,
Multi-day data,,,
Wigan Leigh,,,
Start Date,End Date,BENZENE,Status / units
19/03/2004,01/04/2004,1.85,V ugm-3
01/04/2004,19/04/2004,1.85,V ugm-3
19/04/2004,29/04/2004,2.5,V ugm-3
29/04/2004,13/05/2004,2.02,V ugm-3
13/05/2004,27/05/2004,2.02,P ugm-3
27/05/2004,28/05/2004,1.85,V ugm-3
28/05/2004,10/06/2004,1.89,V ugm-3
10/06/2004,24/06/2004,0.72,V ugm-3
24/06/2004,08/07/2004,0.85,V ugm-3
08/07/2004,23/07/2004,1.11,V ugm-3
23/07/2004,11/08/2004,1.24,V ugm-3
11/08/2004,19/08/2004,0.81,V ugm-3
19/08/2004,03/09/2004,1.11,V ugm-3
03/09/2004,16/09/2004,1.46,V ugm-3
16/09/2004,28/09/2004,0.68,V ugm-3
Data for year 2012,,,
Multi-day data,,,
York Bootham,,,
Start Date,End Date,BENZENE,Status / units
06/11/2012,14/11/2012,,
14/11/2012,28/11/2012,0.87,V ugm-3
28/11/2012,12/12/2012,0.96,V ugm-3
12/12/2012,27/12/2012,1.43,V ugm-3
27/12/2012,09/01/2013,0.4,V ugm-3
Data for year 2013,,,
Multi-day data,,,
York Bootham,,,
Start Date,End Date,BENZENE,Status / units
09/01/2013,23/01/2013,1.17,V ugm-3
23/01/2013,07/02/2013,0.83,V ugm-3
07/02/2013,20/02/2013,1.24,V ugm-3
20/02/2013,14/03/2013,0.95,V ugm-3
14/03/2013,25/03/2013,0.96,V ugm-3
25/03/2013,04/04/2013,0.66,V ugm-3
04/04/2013,17/04/2013,0.47,V ugm-3
17/04/2013,01/05/2013,0.43,V ugm-3
01/05/2013,15/05/2013,0.41,V ugm-3
15/05/2013,29/05/2013,0.45,V ugm-3
29/05/2013,12/06/2013,0.44,V ugm-3
12/06/2013,26/06/2013,0.38,V ugm-3
26/06/2013,10/07/2013,0.39,V ugm-3
10/07/2013,24/07/2013,0.42,V ugm-3
24/07/2013,07/08/2013,0.46,V ugm-3
07/08/2013,22/08/2013,0.52,V ugm-3
22/08/2013,04/09/2013,0.57,V ugm-3
04/09/2013,18/09/2013,0.69,V ugm-3
18/09/2013,02/10/2013,0.76,V ugm-3
02/10/2013,16/10/2013,0.81,V ugm-3
16/10/2013,30/10/2013,,
30/10/2013,13/11/2013,,
13/11/2013,27/11/2013,,
27/11/2013,11/12/2013,,
11/12/2013,24/12/2013,,
24/12/2013,14/01/2014,0.2,V ugm-3
Data for year 2014,,,
Multi-day data,,,
York Bootham,,,
Start Date,End Date,BENZENE,Status / units
14/01/2014,22/01/2014,1.11,V ugm-3
22/01/2014,05/02/2014,0.59,V ugm-3
05/02/2014,19/02/2014,0.78,V ugm-3
19/02/2014,05/03/2014,0.82,V ugm-3
05/03/2014,19/03/2014,,
19/03/2014,02/04/2014,0.53,V ugm-3
02/04/2014,16/04/2014,0.52,V ugm-3
16/04/2014,30/04/2014,0.59,V ugm-3
30/04/2014,14/05/2014,,
14/05/2014,28/05/2014,0.4,V ugm-3
28/05/2014,11/06/2014,0.45,V ugm-3
11/06/2014,26/06/2014,0.29,V ugm-3
26/06/2014,09/07/2014,0.34,V ugm-3
09/07/2014,23/07/2014,0.38,V ugm-3
23/07/2014,06/08/2014,0.48,V ugm-3
06/08/2014,20/08/2014,0.2,V ugm-3
20/08/2014,03/09/2014,0.25,V ugm-3
03/09/2014,17/09/2014,0.46,V ugm-3
17/09/2014,01/10/2014,0.68,V ugm-3
01/10/2014,15/10/2014,0.46,V ugm-3
15/10/2014,29/10/2014,0.35,V ugm-3
29/10/2014,12/11/2014,0.6,V ugm-3
12/11/2014,26/11/2014,1.24,V ugm-3
26/11/2014,10/12/2014,1.13,V ugm-3
10/12/2014,24/12/2014,0.39,V ugm-3
24/12/2014,07/01/2015,1.04,V ugm-3
Data for year 2015,,,
Multi-day data,,,
York Bootham,,,
Start Date,End Date,BENZENE,Status / units
07/01/2015,23/01/2015,0.7,V ugm-3
23/01/2015,04/02/2015,0.6,V ugm-3
04/02/2015,18/02/2015,0.95,V ugm-3
18/02/2015,04/03/2015,0.52,V ugm-3
04/03/2015,19/03/2015,0.76,V ugm-3
19/03/2015,01/04/2015,0.61,V ugm-3
01/04/2015,15/04/2015,0.45,V ugm-3
15/04/2015,01/05/2015,0.49,V ugm-3
01/05/2015,13/05/2015,0.41,V ugm-3
13/05/2015,27/05/2015,0.3,V ugm-3
27/05/2015,10/06/2015,0.2,V ugm-3
10/06/2015,24/06/2015,0.34,V ugm-3
24/06/2015,09/07/2015,0.28,V ugm-3
09/07/2015,22/07/2015,0.32,V ugm-3
22/07/2015,04/08/2015,0.32,V ugm-3
04/08/2015,19/08/2015,0.32,V ugm-3
19/08/2015,02/09/2015,0.39,V ugm-3
02/09/2015,16/09/2015,0.52,V ugm-3
16/09/2015,30/09/2015,0.57,V ugm-3
30/09/2015,14/10/2015,0.84,V ugm-3
14/10/2015,28/10/2015,0.58,V ugm-3
28/10/2015,11/11/2015,,
11/11/2015,25/11/2015,0.34,V ugm-3
25/11/2015,09/12/2015,0.64,V ugm-3
09/12/2015,23/12/2015,0.38,V ugm-3
23/12/2015,06/01/2016,0.4,V ugm-3
Data for year 2016,,,
Multi-day data,,,
York Bootham,,,
Start Date,End Date,BENZENE,Status / units
06/01/2016,20/01/2016,0.58,V ugm-3
20/01/2016,03/02/2016,0.57,V ugm-3
03/02/2016,22/02/2016,0.66,V ugm-3
22/02/2016,02/03/2016,0.72,V ugm-3
02/03/2016,16/03/2016,0.74,V ugm-3
16/03/2016,30/03/2016,0.41,V ugm-3
30/03/2016,13/04/2016,0.27,V ugm-3
13/04/2016,28/04/2016,0.62,V ugm-3
28/04/2016,11/05/2016,0.52,V ugm-3
11/05/2016,25/05/2016,,
25/05/2016,08/06/2016,,
08/06/2016,22/06/2016,0.42,V ugm-3
22/06/2016,06/07/2016,0.23,V ugm-3
06/07/2016,20/07/2016,0.19,V ugm-3
20/07/2016,17/08/2016,0.17,V ugm-3
17/08/2016,31/08/2016,0.19,V ugm-3
31/08/2016,14/09/2016,,
14/09/2016,28/09/2016,0.37,V ugm-3
28/09/2016,12/10/2016,0.25,V ugm-3
12/10/2016,26/10/2016,0.41,V ugm-3
26/10/2016,09/11/2016,0.47,V ugm-3
09/11/2016,23/11/2016,0.51,V ugm-3
23/11/2016,07/12/2016,0.81,V ugm-3
07/12/2016,21/12/2016,0.79,V ugm-3
21/12/2016,04/01/2017,0.42,V ugm-3
Data for year 2017,,,
Multi-day data,,,
York Bootham,,,
Start Date,End Date,BENZENE,Status / units
04/01/2017,18/01/2017,1.34,V ugm-3
18/01/2017,01/02/2017,0.78,V ugm-3
01/02/2017,15/02/2017,1.03,V ugm-3
15/02/2017,01/03/2017,0.91,V ugm-3
01/03/2017,15/03/2017,0.53,V ugm-3
15/03/2017,29/03/2017,,
29/03/2017,12/04/2017,,
12/04/2017,26/04/2017,0.1,V ugm-3
26/04/2017,10/05/2017,0.18,V ugm-3
10/05/2017,24/05/2017,0.29,V ugm-3
24/05/2017,07/06/2017,0.2,V ugm-3
07/06/2017,21/06/2017,0.21,V ugm-3
21/06/2017,06/07/2017,0.19,V ugm-3
06/07/2017,19/07/2017,0.18,V ugm-3
19/07/2017,02/08/2017,0.23,V ugm-3
02/08/2017,16/08/2017,0.18,V ugm-3
16/08/2017,30/08/2017,0.33,V ugm-3
30/08/2017,13/09/2017,0.31,V ugm-3
13/09/2017,27/09/2017,0.43,V ugm-3
27/09/2017,11/10/2017,0.31,V ugm-3
11/10/2017,25/10/2017,0.41,V ugm-3
25/10/2017,08/11/2017,0.82,V ugm-3
08/11/2017,22/11/2017,0.62,V ugm-3
22/11/2017,06/12/2017,0.6,V ugm-3
06/12/2017,20/12/2017,0.77,V ugm-3
20/12/2017,03/01/2018,0.64,V ugm-3
Data for year 2018,,,
Multi-day data,,,
York Bootham,,,
Start Date,End Date,BENZENE,Status / units
03/01/2018,17/01/2018,0.74,V ugm-3
17/01/2018,30/01/2018,0.57,V ugm-3
30/01/2018,14/02/2018,0.65,V ugm-3
14/02/2018,01/03/2018,0.69,V ugm-3
01/03/2018,15/03/2018,1,V ugm-3
15/03/2018,28/03/2018,0.58,V ugm-3
28/03/2018,11/04/2018,0.55,V ugm-3
11/04/2018,25/04/2018,0.42,V ugm-3
25/04/2018,09/05/2018,0.3,V ugm-3
09/05/2018,23/05/2018,0.3,V ugm-3
23/05/2018,06/06/2018,0.24,V ugm-3
06/06/2018,20/06/2018,0.16,V ugm-3
20/06/2018,04/07/2018,0.15,V ugm-3
04/07/2018,18/07/2018,0.14,V ugm-3
18/07/2018,02/08/2018,0.07,V ugm-3
02/08/2018,15/08/2018,0.14,V ugm-3
15/08/2018,29/08/2018,0.18,V ugm-3
29/08/2018,12/09/2018,0.34,V ugm-3
12/09/2018,26/09/2018,0.3,V ugm-3
26/09/2018,09/10/2018,0.25,V ugm-3
09/10/2018,24/10/2018,0.38,V ugm-3
24/10/2018,08/11/2018,0.56,V ugm-3
08/11/2018,26/11/2018,0.7,V ugm-3
26/11/2018,05/12/2018,0.68,V ugm-3
05/12/2018,19/12/2018,0.66,V ugm-3
19/12/2018,02/01/2019,0.61,V ugm-3
Data for year 2019,,,
Multi-day data,,,
York Bootham,,,
Start Date,End Date,BENZENE,Status / units
02/01/2019,16/01/2019,0.54,V ugm-3
16/01/2019,30/01/2019,0.86,V ugm-3
30/01/2019,13/02/2019,0.82,V ugm-3
13/02/2019,28/02/2019,0.97,V ugm-3
28/02/2019,13/03/2019,0.55,V ugm-3
13/03/2019,26/03/2019,0.47,V ugm-3
26/03/2019,10/04/2019,0.54,V ugm-3
10/04/2019,25/04/2019,0.58,V ugm-3
25/04/2019,09/05/2019,0.28,V ugm-3
09/05/2019,22/05/2019,0.27,V ugm-3
22/05/2019,04/06/2019,0.15,V ugm-3
04/06/2019,18/06/2019,0.17,V ugm-3
18/06/2019,04/07/2019,0.13,V ugm-3
04/07/2019,17/07/2019,0.12,V ugm-3
17/07/2019,01/08/2019,0.2,V ugm-3
01/08/2019,13/08/2019,0.15,V ugm-3
13/08/2019,28/08/2019,0.32,V ugm-3
28/08/2019,11/09/2019,0.23,V ugm-3
11/09/2019,25/09/2019,0.33,V ugm-3
25/09/2019,09/10/2019,0.32,V ugm-3
09/10/2019,24/10/2019,0.4,V ugm-3
24/10/2019,07/11/2019,0.62,V ugm-3
07/11/2019,21/11/2019,0.55,V ugm-3
21/11/2019,05/12/2019,0.93,V ugm-3
05/12/2019,13/12/2019,0.6,V ugm-3
13/12/2019,27/12/2019,0.83,V ugm-3
27/12/2019,16/01/2020,0.59,V ugm-3
Data for year 2020,,,
Multi-day data,,,
York Bootham,,,
Start Date,End Date,BENZENE,Status / units
16/01/2020,30/01/2020,0.68,V ugm-3
30/01/2020,13/02/2020,0.44,V ugm-3
13/02/2020,26/02/2020,0.31,V ugm-3
26/02/2020,12/03/2020,0.46,V ugm-3
12/03/2020,25/03/2020,0.37,V ugm-3
25/03/2020,14/04/2020,0.44,V ugm-3
14/04/2020,22/04/2020,0.35,V ugm-3
22/04/2020,05/05/2020,0.26,V ugm-3
05/05/2020,19/05/2020,0.23,V ugm-3
19/05/2020,03/06/2020,0.31,V ugm-3
03/06/2020,17/06/2020,0.13,V ugm-3
17/06/2020,02/07/2020,0.12,V ugm-3
02/07/2020,13/07/2020,0.14,V ugm-3
13/07/2020,28/07/2020,0.22,V ugm-3
28/07/2020,13/08/2020,0.2,V ugm-3
13/08/2020,27/08/2020,0.17,V ugm-3
27/08/2020,24/09/2020,0.19,V ugm-3
24/09/2020,07/10/2020,0.3,V ugm-3
07/10/2020,22/10/2020,0.44,V ugm-3
22/10/2020,04/11/2020,0.43,V ugm-3
04/11/2020,18/11/2020,0.91,V ugm-3
18/11/2020,03/12/2020,0.77,V ugm-3
03/12/2020,17/12/2020,0.76,V ugm-3
17/12/2020,29/12/2020,0.75,V ugm-3
29/12/2020,13/01/2021,1.04,V ugm-3
Data for year 2021,,,
Multi-day data,,,
York Bootham,,,
Start Date,End Date,BENZENE,Status / units
13/01/2021,11/02/2021,0.92,V ugm-3
11/02/2021,23/02/2021,0.71,V ugm-3
23/02/2021,09/03/2021,0.84,V ugm-3
09/03/2021,23/03/2021,0.48,V ugm-3
23/03/2021,06/04/2021,0.42,V ugm-3
06/04/2021,22/04/2021,0.46,V ugm-3
22/04/2021,05/05/2021,0.35,V ugm-3
05/05/2021,20/05/2021,0.26,V ugm-3
20/05/2021,02/06/2021,0.25,V ugm-3
02/06/2021,15/06/2021,0.16,V ugm-3
15/06/2021,30/06/2021,0.17,V ugm-3
30/06/2021,15/07/2021,0.2,V ugm-3
15/07/2021,29/07/2021,0.25,V ugm-3
29/07/2021,11/08/2021,,
24/08/2021,13/09/2021,0.31,V ugm-3
13/09/2021,23/09/2021,0.34,V ugm-3
23/09/2021,07/10/2021,0.21,V ugm-3
07/10/2021,21/10/2021,0.21,V ugm-3
21/10/2021,02/11/2021,0.26,V ugm-3
02/11/2021,16/11/2021,0.55,V ugm-3
16/11/2021,03/12/2021,0.37,V ugm-3
03/12/2021,15/12/2021,0.47,V ugm-3
15/12/2021,30/12/2021,0.8,V ugm-3
30/12/2021,12/01/2022,0.55,V ugm-3
Data for year 2022,,,
Multi-day data,,,
York Bootham,,,
Start Date,End Date,BENZENE,Status / units
12/01/2022,26/01/2022,1.01,V ugm-3
26/01/2022,08/02/2022,0.39,V ugm-3
08/02/2022,22/02/2022,0.46,V ugm-3
22/02/2022,08/03/2022,0.71,V ugm-3
08/03/2022,24/03/2022,0.62,V ugm-3
24/03/2022,05/04/2022,0.47,V ugm-3
05/04/2022,25/04/2022,0.49,V ugm-3
25/04/2022,05/05/2022,0.36,V ugm-3
05/05/2022,18/05/2022,0.14,V ugm-3
18/05/2022,01/06/2022,0.1,V ugm-3
01/06/2022,15/06/2022,0.15,V ugm-3
15/06/2022,29/06/2022,0.23,V ugm-3
29/06/2022,13/07/2022,0.14,V ugm-3
13/07/2022,27/07/2022,0.25,V ugm-3
27/07/2022,10/08/2022,0.29,V ugm-3
10/08/2022,24/08/2022,0.23,V ugm-3
24/08/2022,07/09/2022,0.19,V ugm-3
07/09/2022,21/09/2022,0.33,V ugm-3
21/09/2022,05/10/2022,0.26,V ugm-3
05/10/2022,19/10/2022,0.35,V ugm-3
19/10/2022,03/11/2022,0.34,V ugm-3
03/11/2022,15/11/2022,0.66,V ugm-3
15/11/2022,01/12/2022,0.56,V ugm-3
01/12/2022,14/12/2022,0.83,V ugm-3
14/12/2022,28/12/2022,0.72,V ugm-3
28/12/2022,11/01/2023,0.37,V ugm-3
Data for year 2023,,,
Multi-day data,,,
York Bootham,,,
Start Date,End Date,BENZENE,Status / units
11/01/2023,25/01/2023,0.63,V ugm-3
25/01/2023,08/02/2023,0.64,V ugm-3
08/02/2023,22/02/2023,0.54,V ugm-3
22/02/2023,08/03/2023,0.54,V ugm-3
08/03/2023,22/03/2023,0.4,V ugm-3
22/03/2023,05/04/2023,0.34,V ugm-3
05/04/2023,18/04/2023,0.35,V ugm-3
18/04/2023,03/05/2023,0.36,V ugm-3
03/05/2023,17/05/2023,0.28,V ugm-3
17/05/2023,31/05/2023,0.21,V ugm-3
31/05/2023,14/06/2023,0.33,V ugm-3
14/06/2023,28/06/2023,0.23,V ugm-3
28/06/2023,12/07/2023,0.24,V ugm-3
12/07/2023,26/07/2023,0.22,V ugm-3
26/07/2023,09/08/2023,0.23,V ugm-3
09/08/2023,23/08/2023,0.24,V ugm-3
23/08/2023,06/09/2023,0.36,V ugm-3
06/09/2023,20/09/2023,0.31,V ugm-3
20/09/2023,05/10/2023,0.38,V ugm-3
05/10/2023,18/10/2023,0.44,V ugm-3
18/10/2023,03/11/2023,0.75,V ugm-3
03/11/2023,15/11/2023,0.75,V ugm-3
15/11/2023,29/11/2023,0.64,V ugm-3
29/11/2023,13/12/2023,0.97,V ugm-3
13/12/2023,21/12/2023,0.55,V ugm-3
21/12/2023,10/01/2024,0.74,V ugm-3
Data for year 2024,,,
Multi-day data,,,
York Bootham,,,
Start Date,End Date,BENZENE,Status / units
10/01/2024,24/01/2024,0.66,V ugm-3
24/01/2024,07/02/2024,0.47,V ugm-3
07/02/2024,21/02/2024,0.62,V ugm-3
21/02/2024,06/03/2024,0.73,V ugm-3
06/03/2024,21/03/2024,0.73,V ugm-3
21/03/2024,03/04/2024,,
03/04/2024,17/04/2024,0.27,V ugm-3
17/04/2024,01/05/2024,0.3,V ugm-3
01/05/2024,15/05/2024,0.32,V ugm-3
15/05/2024,29/05/2024,0.24,V ugm-3
29/05/2024,12/06/2024,0.16,V ugm-3
12/06/2024,26/06/2024,0.17,V ugm-3
26/06/2024,09/07/2024,0.13,V ugm-3
09/07/2024,24/07/2024,0.19,V ugm-3
24/07/2024,06/08/2024,0.29,V ugm-3
06/08/2024,20/08/2024,0.28,V ugm-3
20/08/2024,03/09/2024,0.3,V ugm-3
03/09/2024,17/09/2024,0.38,V ugm-3
17/09/2024,03/10/2024,0.37,V ugm-3
03/10/2024,15/10/2024,0.41,V ugm-3
15/10/2024,29/10/2024,0.54,V ugm-3
29/10/2024,12/11/2024,0.89,V ugm-3
12/11/2024,26/11/2024,0.64,V ugm-3
26/11/2024,23/12/2024,0.44,V ugm-3
23/12/2024,09/01/2025,0.65,V ugm-3
Data for year 2025,,,
Multi-day data,,,
York Bootham,,,
Start Date,End Date,BENZENE,Status / units
09/01/2025,22/01/2025,1.24,V ugm-3
22/01/2025,04/02/2025,0.62,V ugm-3
04/02/2025,19/02/2025,0.75,V ugm-3
19/02/2025,05/03/2025,0.4,V ugm-3
05/03/2025,19/03/2025,0.6,V ugm-3
19/03/2025,02/04/2025,0.42,V ugm-3
02/04/2025,17/04/2025,0.19,V ugm-3
17/04/2025,29/04/2025,0.25,V ugm-3
29/04/2025,15/05/2025,0.24,V ugm-3
15/05/2025,10/06/2025,0.17,V ugm-3
10/06/2025,26/06/2025,0.31,V ugm-3
26/06/2025,10/07/2025,0.15,V ugm-3
10/07/2025,24/07/2025,0.2,V ugm-3
24/07/2025,06/08/2025,0.2,V ugm-3
06/08/2025,20/08/2025,0.44,V ugm-3
20/08/2025,04/09/2025,0.19,V ugm-3
04/09/2025,16/09/2025,,
16/09/2025,02/10/2025,,
02/10/2025,15/10/2025,0.31,V ugm-3
15/10/2025,28/10/2025,0.3,V ugm-3
28/10/2025,12/11/2025,0.39,V ugm-3
12/11/2025,27/11/2025,0.45,V ugm-3
27/11/2025,10/12/2025,0.34,V ugm-3
10/12/2025,23/12/2025,0.55,V ugm-3
23/12/2025,08/01/2026,0.53,V ugm-3
Data for year 2008,,,
Multi-day data,,,
York Fishergate,,,
Start Date,End Date,BENZENE,Status / units
13/02/2008,27/02/2008,1.56,V ugm-3
27/02/2008,12/03/2008,0.72,V ugm-3
12/03/2008,26/03/2008,0.72,V ugm-3
26/03/2008,09/04/2008,1.04,V ugm-3
09/04/2008,23/04/2008,1.07,V ugm-3
23/04/2008,07/05/2008,0.72,V ugm-3
07/05/2008,21/05/2008,1.11,V ugm-3
21/05/2008,04/06/2008,0.75,V ugm-3
04/06/2008,18/06/2008,0.68,V ugm-3
18/06/2008,02/07/2008,0.39,V ugm-3
02/07/2008,16/07/2008,0.42,V ugm-3
16/07/2008,30/07/2008,0.49,V ugm-3
30/07/2008,13/08/2008,0.52,V ugm-3
13/08/2008,27/08/2008,0.49,V ugm-3
27/08/2008,10/09/2008,0.68,V ugm-3
10/09/2008,24/09/2008,0.68,V ugm-3
24/09/2008,08/10/2008,0.42,V ugm-3
08/10/2008,22/10/2008,0.65,V ugm-3
22/10/2008,05/11/2008,0.75,V ugm-3
05/11/2008,19/11/2008,0.75,V ugm-3
19/11/2008,03/12/2008,1.11,V ugm-3
03/12/2008,17/12/2008,1.43,V ugm-3
17/12/2008,05/01/2009,1.17,V ugm-3
Data for year 2009,,,
Multi-day data,,,
York Fishergate,,,
Start Date,End Date,BENZENE,Status / units
05/01/2009,14/01/2009,1.11,V ugm-3
14/01/2009,28/01/2009,1.07,V ugm-3
28/01/2009,12/02/2009,0.98,V ugm-3
12/02/2009,25/02/2009,0.91,V ugm-3
25/02/2009,11/03/2009,0.78,V ugm-3
11/03/2009,25/03/2009,1.04,V ugm-3
25/03/2009,07/04/2009,0.75,V ugm-3
07/04/2009,22/04/2009,0.68,V ugm-3
22/04/2009,06/05/2009,0.65,V ugm-3
06/05/2009,20/05/2009,0.59,V ugm-3
20/05/2009,04/06/2009,0.49,V ugm-3
04/06/2009,17/06/2009,0.49,V ugm-3
17/06/2009,30/06/2009,0.59,V ugm-3
30/06/2009,15/07/2009,0.46,V ugm-3
15/07/2009,29/07/2009,1.07,V ugm-3
29/07/2009,12/08/2009,1.04,V ugm-3
12/08/2009,26/08/2009,0.78,V ugm-3
26/08/2009,09/09/2009,0.91,V ugm-3
09/09/2009,25/09/2009,1.63,V ugm-3
25/09/2009,07/10/2009,0.94,V ugm-3
07/10/2009,21/10/2009,0.88,V ugm-3
21/10/2009,04/11/2009,0.94,V ugm-3
04/11/2009,18/11/2009,1.17,V ugm-3
18/11/2009,02/12/2009,0.75,V ugm-3
02/12/2009,16/12/2009,1.2,V ugm-3
16/12/2009,04/01/2010,1.3,V ugm-3
Data for year 2010,,,
Multi-day data,,,
York Fishergate,,,
Start Date,End Date,BENZENE,Status / units
04/01/2010,14/01/2010,1.53,V ugm-3
14/01/2010,27/01/2010,,
27/01/2010,10/02/2010,1.3,V ugm-3
10/02/2010,24/02/2010,1.63,V ugm-3
24/02/2010,05/03/2010,1.53,V ugm-3
05/03/2010,16/03/2010,,
16/03/2010,24/03/2010,0.98,V ugm-3
24/03/2010,08/04/2010,0.65,V ugm-3
08/04/2010,21/04/2010,0.81,V ugm-3
21/04/2010,05/05/2010,0.78,V ugm-3
05/05/2010,19/05/2010,0.78,V ugm-3
02/06/2010,18/06/2010,0.74,V ugm-3
06/07/2010,29/07/2010,0.62,V ugm-3
29/07/2010,18/08/2010,0.51,V ugm-3
18/08/2010,25/08/2010,0.58,V ugm-3
25/08/2010,08/09/2010,0.66,V ugm-3
08/09/2010,22/09/2010,0.61,V ugm-3
22/09/2010,06/10/2010,0.83,V ugm-3
06/10/2010,20/10/2010,,
20/10/2010,02/11/2010,0.75,V ugm-3
02/11/2010,16/11/2010,1.05,V ugm-3
16/11/2010,06/12/2010,1.1,V ugm-3
06/12/2010,15/12/2010,1.57,V ugm-3
15/12/2010,30/12/2010,2.01,V ugm-3
30/12/2010,12/01/2011,1.18,V ugm-3
Data for year 2011,,,
Multi-day data,,,
York Fishergate,,,
Start Date,End Date,BENZENE,Status / units
12/01/2011,26/01/2011,0.92,V ugm-3
26/01/2011,15/02/2011,1.15,V ugm-3
10/03/2011,24/03/2011,1.16,V ugm-3
24/03/2011,06/04/2011,0.88,V ugm-3
06/04/2011,20/04/2011,0.8,V ugm-3
20/04/2011,04/05/2011,0.86,V ugm-3
04/05/2011,18/05/2011,0.43,V ugm-3
18/05/2011,01/06/2011,0.33,V ugm-3
01/06/2011,20/06/2011,0.39,V ugm-3
20/06/2011,29/06/2011,0.47,V ugm-3
29/06/2011,12/07/2011,0.41,V ugm-3
12/07/2011,27/07/2011,0.47,V ugm-3
27/07/2011,16/08/2011,0.68,V ugm-3
16/08/2011,24/08/2011,0.51,V ugm-3
24/08/2011,07/09/2011,0.46,V ugm-3
07/09/2011,21/09/2011,0.55,V ugm-3
21/09/2011,05/10/2011,0.74,V ugm-3
05/10/2011,19/10/2011,0.71,V ugm-3
19/10/2011,02/11/2011,0.87,V ugm-3
02/11/2011,16/11/2011,1.54,V ugm-3
16/11/2011,30/11/2011,0.85,V ugm-3
30/11/2011,14/12/2011,0.75,V ugm-3
14/12/2011,28/12/2011,1.1,V ugm-3
28/12/2011,11/01/2012,0.68,V ugm-3
Data for year 2012,,,
Multi-day data,,,
York Fishergate,,,
Start Date,End Date,BENZENE,Status / units
11/01/2012,25/01/2012,1.51,V ugm-3
25/01/2012,08/02/2012,1.87,V ugm-3
08/02/2012,22/02/2012,0.99,V ugm-3
22/02/2012,07/03/2012,0.79,V ugm-3
07/03/2012,21/03/2012,0.84,V ugm-3
21/03/2012,04/04/2012,1.25,V ugm-3
04/04/2012,23/04/2012,0.72,V ugm-3
23/04/2012,02/05/2012,0.78,V ugm-3
02/05/2012,16/05/2012,0.55,V ugm-3
16/05/2012,29/05/2012,0.96,V ugm-3
29/05/2012,13/06/2012,0.7,V ugm-3
13/06/2012,02/07/2012,0.42,V ugm-3
02/07/2012,11/07/2012,0.74,V ugm-3
11/07/2012,30/07/2012,0.49,V ugm-3
30/07/2012,08/08/2012,0.63,V ugm-3
08/08/2012,22/08/2012,0.52,V ugm-3
22/08/2012,05/09/2012,0.61,V ugm-3
05/09/2012,19/09/2012,0.43,V ugm-3
19/09/2012,03/10/2012,0.6,V ugm-3
03/10/2012,17/10/2012,0.91,V ugm-3
17/10/2012,31/10/2012,0.75,V ugm-3
31/10/2012,14/11/2012,1.29,V ugm-3
14/11/2012,28/11/2012,1.23,V ugm-3
28/11/2012,12/12/2012,1.34,V ugm-3
12/12/2012,27/12/2012,1.61,V ugm-3
27/12/2012,09/01/2013,0.5,V ugm-3
Data for year 2013,,,
Multi-day data,,,
York Fishergate,,,
Start Date,End Date,BENZENE,Status / units
09/01/2013,23/01/2013,1.3,V ugm-3
23/01/2013,07/02/2013,1.1,V ugm-3
07/02/2013,20/02/2013,1.75,V ugm-3
20/02/2013,06/03/2013,1.41,V ugm-3
06/03/2013,25/03/2013,1.24,V ugm-3
25/03/2013,04/04/2013,0.87,V ugm-3
04/04/2013,17/04/2013,0.64,V ugm-3
17/04/2013,01/05/2013,0.6,V ugm-3
01/05/2013,15/05/2013,0.59,V ugm-3
15/05/2013,29/05/2013,0.67,V ugm-3
29/05/2013,12/06/2013,0.67,V ugm-3
12/06/2013,26/06/2013,0.5,V ugm-3
26/06/2013,10/07/2013,0.69,V ugm-3
10/07/2013,24/07/2013,0.65,V ugm-3
24/07/2013,07/08/2013,0.62,V ugm-3
07/08/2013,22/08/2013,0.73,V ugm-3
22/08/2013,03/09/2013,0.78,V ugm-3
03/09/2013,18/09/2013,0.89,V ugm-3
18/09/2013,02/10/2013,0.97,V ugm-3
02/10/2013,16/10/2013,0.85,V ugm-3
16/10/2013,30/10/2013,0.69,V ugm-3
30/10/2013,13/11/2013,1.5,V ugm-3
13/11/2013,27/11/2013,0.71,V ugm-3
27/11/2013,11/12/2013,0.46,V ugm-3
11/12/2013,24/12/2013,0.3,V ugm-3
24/12/2013,14/01/2014,0.5,V ugm-3
Data for year 2014,,,
Multi-day data,,,
York Fishergate,,,
Start Date,End Date,BENZENE,Status / units
14/01/2014,22/01/2014,1.64,V ugm-3
22/01/2014,05/02/2014,0.68,V ugm-3
05/02/2014,19/02/2014,1.25,V ugm-3
19/02/2014,05/03/2014,1.06,V ugm-3
05/03/2014,19/03/2014,1.1,V ugm-3
19/03/2014,02/04/2014,0.79,V ugm-3
02/04/2014,16/04/2014,0.72,V ugm-3
16/04/2014,30/04/2014,0.9,V ugm-3
30/04/2014,14/05/2014,,
14/05/2014,28/05/2014,0.61,V ugm-3
28/05/2014,11/06/2014,0.7,V ugm-3
11/06/2014,26/06/2014,0.5,V ugm-3
26/06/2014,09/07/2014,,
09/07/2014,23/07/2014,,
23/07/2014,06/08/2014,0.67,V ugm-3
06/08/2014,20/08/2014,0.4,V ugm-3
20/08/2014,03/09/2014,0.46,V ugm-3
03/09/2014,18/09/2014,0.76,V ugm-3
18/09/2014,01/10/2014,1,V ugm-3
01/10/2014,15/10/2014,0.82,V ugm-3
15/10/2014,29/10/2014,0.58,V ugm-3
29/10/2014,12/11/2014,1.12,V ugm-3
12/11/2014,26/11/2014,1.96,V ugm-3
26/11/2014,10/12/2014,1.62,V ugm-3
10/12/2014,24/12/2014,0.66,V ugm-3
24/12/2014,07/01/2015,1.39,V ugm-3
Data for year 2015,,,
Multi-day data,,,
York Fishergate,,,
Start Date,End Date,BENZENE,Status / units
07/01/2015,23/01/2015,0.93,V ugm-3
23/01/2015,04/02/2015,0.79,V ugm-3
04/02/2015,18/02/2015,,
18/02/2015,04/03/2015,0.85,V ugm-3
04/03/2015,19/03/2015,1.53,V ugm-3
19/03/2015,01/04/2015,1.29,V ugm-3
01/04/2015,15/04/2015,1.27,V ugm-3
15/04/2015,01/05/2015,1.16,V ugm-3
01/05/2015,13/05/2015,0.71,V ugm-3
13/05/2015,27/05/2015,0.51,V ugm-3
27/05/2015,10/06/2015,0.45,V ugm-3
10/06/2015,24/06/2015,0.67,V ugm-3
24/06/2015,09/07/2015,0.72,V ugm-3
09/07/2015,22/07/2015,1.13,V ugm-3
22/07/2015,04/08/2015,0.67,V ugm-3
04/08/2015,19/08/2015,0.73,V ugm-3
19/08/2015,02/09/2015,0.77,V ugm-3
02/09/2015,16/09/2015,0.9,V ugm-3
16/09/2015,30/09/2015,0.59,V ugm-3
30/09/2015,14/10/2015,1.29,V ugm-3
14/10/2015,28/10/2015,1.04,V ugm-3
28/10/2015,11/11/2015,1.51,V ugm-3
11/11/2015,25/11/2015,,
25/11/2015,10/12/2015,,
10/12/2015,23/12/2015,,
23/12/2015,06/01/2016,,
Data for year 2016,,,
Multi-day data,,,
York Fishergate,,,
Start Date,End Date,BENZENE,Status / units
06/01/2016,20/01/2016,,
20/01/2016,03/02/2016,,
03/02/2016,22/02/2016,,
22/02/2016,02/03/2016,,
02/03/2016,16/03/2016,0.3,V ugm-3
16/03/2016,30/03/2016,0.35,V ugm-3
30/03/2016,13/04/2016,0.2,V ugm-3
13/04/2016,27/04/2016,0.59,V ugm-3
27/04/2016,11/05/2016,0.45,V ugm-3
11/05/2016,25/05/2016,0.34,V ugm-3
25/05/2016,08/06/2016,0.5,V ugm-3
08/06/2016,22/06/2016,0.39,V ugm-3
22/06/2016,06/07/2016,0.33,V ugm-3
06/07/2016,20/07/2016,0.33,V ugm-3
20/07/2016,17/08/2016,0.33,V ugm-3
17/08/2016,31/08/2016,0.42,V ugm-3
31/08/2016,14/09/2016,,
14/09/2016,28/09/2016,0.52,V ugm-3
28/09/2016,12/10/2016,0.48,V ugm-3
12/10/2016,26/10/2016,0.75,V ugm-3
26/10/2016,09/11/2016,0.64,V ugm-3
09/11/2016,23/11/2016,0.74,V ugm-3
23/11/2016,08/12/2016,1.17,V ugm-3
08/12/2016,21/12/2016,1.06,V ugm-3
21/12/2016,04/01/2017,0.81,V ugm-3
Data for year 2017,,,
Multi-day data,,,
York Fishergate,,,
Start Date,End Date,BENZENE,Status / units
04/01/2017,18/01/2017,0.97,V ugm-3
18/01/2017,01/02/2017,1.54,V ugm-3
01/02/2017,15/02/2017,1.35,V ugm-3
15/02/2017,01/03/2017,0.87,V ugm-3
01/03/2017,15/03/2017,0.82,V ugm-3
15/03/2017,29/03/2017,0.8,V ugm-3
29/03/2017,12/04/2017,0.63,V ugm-3
12/04/2017,26/04/2017,0.43,V ugm-3
26/04/2017,10/05/2017,0.37,V ugm-3
10/05/2017,24/05/2017,0.42,V ugm-3
24/05/2017,07/06/2017,0.31,V ugm-3
07/06/2017,21/06/2017,0.28,V ugm-3
21/06/2017,06/07/2017,0.37,V ugm-3
06/07/2017,19/07/2017,0.33,V ugm-3
19/07/2017,02/08/2017,0.38,V ugm-3
02/08/2017,16/08/2017,0.32,V ugm-3
16/08/2017,30/08/2017,0.48,V ugm-3
30/08/2017,13/09/2017,0.46,V ugm-3
13/09/2017,27/09/2017,0.64,V ugm-3
27/09/2017,11/10/2017,0.53,V ugm-3
11/10/2017,25/10/2017,0.63,V ugm-3
25/10/2017,08/11/2017,1.05,V ugm-3
08/11/2017,22/11/2017,0.87,V ugm-3
22/11/2017,06/12/2017,0.81,V ugm-3
06/12/2017,20/12/2017,1.03,V ugm-3
20/12/2017,03/01/2018,0.85,V ugm-3
Data for year 2018,,,
Multi-day data,,,
York Fishergate,,,
Start Date,End Date,BENZENE,Status / units
03/01/2018,17/01/2018,0.94,V ugm-3
17/01/2018,30/01/2018,0.69,V ugm-3
30/01/2018,14/02/2018,0.81,V ugm-3
14/02/2018,01/03/2018,0.84,V ugm-3
01/03/2018,15/03/2018,1.17,V ugm-3
15/03/2018,28/03/2018,0.72,V ugm-3
28/03/2018,11/04/2018,0.68,V ugm-3
11/04/2018,25/04/2018,0.45,V ugm-3
25/04/2018,09/05/2018,0.33,V ugm-3
09/05/2018,23/05/2018,0.33,V ugm-3
23/05/2018,06/06/2018,0.46,V ugm-3
06/06/2018,20/06/2018,,
20/06/2018,04/07/2018,0.19,V ugm-3
04/07/2018,18/07/2018,0.21,V ugm-3
18/07/2018,01/08/2018,0.14,V ugm-3
01/08/2018,15/08/2018,0.22,V ugm-3
15/08/2018,29/08/2018,0.2,V ugm-3
29/08/2018,12/09/2018,0.38,V ugm-3
12/09/2018,26/09/2018,0.43,V ugm-3
26/09/2018,09/10/2018,0.31,V ugm-3
09/10/2018,24/10/2018,0.43,V ugm-3
24/10/2018,08/11/2018,0.57,V ugm-3
08/11/2018,21/11/2018,,
21/11/2018,05/12/2018,,
05/12/2018,19/12/2018,,
19/12/2018,02/01/2019,0.82,V ugm-3
Data for year 2019,,,
Multi-day data,,,
York Fishergate,,,
Start Date,End Date,BENZENE,Status / units
02/01/2019,16/01/2019,0.75,V ugm-3
16/01/2019,30/01/2019,1.05,V ugm-3
30/01/2019,13/02/2019,1,V ugm-3
13/02/2019,08/03/2019,1.05,V ugm-3
08/03/2019,13/03/2019,0.63,V ugm-3
13/03/2019,27/03/2019,0.69,V ugm-3
27/03/2019,10/04/2019,0.71,V ugm-3
10/04/2019,25/04/2019,0.82,V ugm-3
25/04/2019,09/05/2019,0.49,V ugm-3
09/05/2019,22/05/2019,0.45,V ugm-3
22/05/2019,06/06/2019,0.3,V ugm-3
06/06/2019,18/06/2019,0.37,V ugm-3
18/06/2019,03/07/2019,0.35,V ugm-3
03/07/2019,17/07/2019,0.32,V ugm-3
17/07/2019,01/08/2019,0.37,V ugm-3
01/08/2019,13/08/2019,0.32,V ugm-3
13/08/2019,28/08/2019,0.48,V ugm-3
28/08/2019,11/09/2019,0.4,V ugm-3
11/09/2019,25/09/2019,0.57,V ugm-3
25/09/2019,09/10/2019,0.56,V ugm-3
09/10/2019,24/10/2019,0.65,V ugm-3
24/10/2019,08/11/2019,0.89,V ugm-3
08/11/2019,21/11/2019,0.81,V ugm-3
21/11/2019,05/12/2019,1.19,V ugm-3
05/12/2019,13/12/2019,0.8,V ugm-3
13/12/2019,27/12/2019,2.67,V ugm-3
27/12/2019,16/01/2020,1.04,V ugm-3
Data for year 2020,,,
Multi-day data,,,
York Fishergate,,,
Start Date,End Date,BENZENE,Status / units
16/01/2020,30/01/2020,0.87,V ugm-3
30/01/2020,13/02/2020,0.59,V ugm-3
13/02/2020,26/02/2020,0.44,V ugm-3
26/02/2020,12/03/2020,0.62,V ugm-3
12/03/2020,25/03/2020,0.45,V ugm-3
25/03/2020,14/04/2020,0.48,V ugm-3
14/04/2020,22/04/2020,0.4,V ugm-3
22/04/2020,05/05/2020,0.31,V ugm-3
05/05/2020,19/05/2020,0.28,V ugm-3
19/05/2020,02/06/2020,0.51,V ugm-3
02/06/2020,17/06/2020,0.22,V ugm-3
17/06/2020,01/07/2020,0.21,V ugm-3
01/07/2020,14/07/2020,0.23,V ugm-3
14/07/2020,28/07/2020,,
28/07/2020,13/08/2020,0.37,V ugm-3
13/08/2020,28/08/2020,0.32,V ugm-3
28/08/2020,24/09/2020,0.37,V ugm-3
24/09/2020,09/10/2020,0.46,V ugm-3
09/10/2020,22/10/2020,0.73,V ugm-3
22/10/2020,04/11/2020,0.6,V ugm-3
04/11/2020,19/11/2020,0.94,V ugm-3
19/11/2020,02/12/2020,0.99,V ugm-3
02/12/2020,16/12/2020,0.87,V ugm-3
16/12/2020,29/12/2020,0.87,V ugm-3
29/12/2020,13/01/2021,1.07,V ugm-3
Data for year 2021,,,
Multi-day data,,,
York Fishergate,,,
Start Date,End Date,BENZENE,Status / units
13/01/2021,11/02/2021,0.99,V ugm-3
11/02/2021,23/02/2021,0.74,V ugm-3
23/02/2021,09/03/2021,0.93,V ugm-3
09/03/2021,23/03/2021,0.59,V ugm-3
23/03/2021,06/04/2021,0.51,V ugm-3
06/04/2021,22/04/2021,0.59,V ugm-3
22/04/2021,05/05/2021,0.46,V ugm-3
05/05/2021,19/05/2021,0.42,V ugm-3
19/05/2021,02/06/2021,0.38,V ugm-3
02/06/2021,15/06/2021,0.31,V ugm-3
15/06/2021,30/06/2021,0.31,V ugm-3
30/06/2021,15/07/2021,0.34,V ugm-3
15/07/2021,29/07/2021,0.47,V ugm-3
29/07/2021,11/08/2021,0.32,V ugm-3
11/08/2021,24/08/2021,0.35,V ugm-3
24/08/2021,13/09/2021,0.49,V ugm-3
13/09/2021,23/09/2021,0.51,V ugm-3
23/09/2021,07/10/2021,0.31,V ugm-3
07/10/2021,21/10/2021,0.32,V ugm-3
21/10/2021,02/11/2021,0.39,V ugm-3
02/11/2021,16/11/2021,0.7,V ugm-3
16/11/2021,03/12/2021,0.51,V ugm-3
03/12/2021,15/12/2021,0.62,V ugm-3
15/12/2021,30/12/2021,0.88,V ugm-3
30/12/2021,12/01/2022,0.77,V ugm-3
Data for year 2022,,,
Multi-day data,,,
York Fishergate,,,
Start Date,End Date,BENZENE,Status / units
12/01/2022,26/01/2022,1.24,V ugm-3
26/01/2022,08/02/2022,0.48,V ugm-3
08/02/2022,22/02/2022,0.54,V ugm-3
22/02/2022,08/03/2022,0.82,V ugm-3
08/03/2022,21/03/2022,0.68,V ugm-3
21/03/2022,05/04/2022,0.72,V ugm-3
05/04/2022,25/04/2022,0.62,V ugm-3
25/04/2022,05/05/2022,0.51,V ugm-3
05/05/2022,18/05/2022,0.23,V ugm-3
18/05/2022,01/06/2022,0.19,V ugm-3
01/06/2022,15/06/2022,0.24,V ugm-3
15/06/2022,30/06/2022,0.35,V ugm-3
30/06/2022,12/07/2022,0.28,V ugm-3
12/07/2022,27/07/2022,0.34,V ugm-3
27/07/2022,10/08/2022,,
10/08/2022,24/08/2022,0.34,V ugm-3
24/08/2022,07/09/2022,0.29,V ugm-3
07/09/2022,21/09/2022,0.53,V ugm-3
21/09/2022,05/10/2022,0.45,V ugm-3
05/10/2022,19/10/2022,0.52,V ugm-3
19/10/2022,03/11/2022,0.47,V ugm-3
03/11/2022,15/11/2022,0.83,V ugm-3
15/11/2022,01/12/2022,0.74,V ugm-3
01/12/2022,14/12/2022,0.99,V ugm-3
14/12/2022,28/12/2022,0.82,V ugm-3
28/12/2022,11/01/2023,0.47,V ugm-3
Data for year 2023,,,
Multi-day data,,,
York Fishergate,,,
Start Date,End Date,BENZENE,Status / units
11/01/2023,25/01/2023,0.7,V ugm-3
25/01/2023,08/02/2023,0.7,V ugm-3
08/02/2023,22/02/2023,0.64,V ugm-3
22/02/2023,08/03/2023,0.69,V ugm-3
08/03/2023,22/03/2023,0.51,V ugm-3
22/03/2023,06/04/2023,0.37,V ugm-3
06/04/2023,18/04/2023,0.43,V ugm-3
18/04/2023,03/05/2023,0.49,V ugm-3
03/05/2023,17/05/2023,0.34,V ugm-3
17/05/2023,02/06/2023,0.25,V ugm-3
02/06/2023,14/06/2023,0.38,V ugm-3
14/06/2023,28/06/2023,0.33,V ugm-3
28/06/2023,12/07/2023,0.27,V ugm-3
12/07/2023,26/07/2023,,
26/07/2023,09/08/2023,0.27,V ugm-3
09/08/2023,23/08/2023,0.31,V ugm-3
23/08/2023,06/09/2023,0.42,V ugm-3
06/09/2023,20/09/2023,0.47,V ugm-3
20/09/2023,05/10/2023,0.49,V ugm-3
05/10/2023,18/10/2023,0.56,V ugm-3
18/10/2023,02/11/2023,0.76,V ugm-3
02/11/2023,15/11/2023,0.75,V ugm-3
15/11/2023,29/11/2023,0.81,V ugm-3
29/11/2023,13/12/2023,1.18,V ugm-3
13/12/2023,21/12/2023,0.7,V ugm-3
21/12/2023,10/01/2024,0.8,V ugm-3
Data for year 2024,,,
Multi-day data,,,
York Fishergate,,,
Start Date,End Date,BENZENE,Status / units
10/01/2024,24/01/2024,0.78,V ugm-3
24/01/2024,07/02/2024,0.61,V ugm-3
07/02/2024,21/02/2024,0.81,V ugm-3
21/02/2024,06/03/2024,0.88,V ugm-3
06/03/2024,21/03/2024,0.84,V ugm-3
21/03/2024,03/04/2024,,
03/04/2024,17/04/2024,,
17/04/2024,01/05/2024,4.9,V ugm-3
01/05/2024,15/05/2024,4.92,V ugm-3
15/05/2024,29/05/2024,5.87,V ugm-3
29/05/2024,13/06/2024,2.66,V ugm-3
13/06/2024,26/06/2024,0.3,V ugm-3
26/06/2024,09/07/2024,,
09/07/2024,24/07/2024,0.29,V ugm-3
24/07/2024,06/08/2024,0.4,V ugm-3
06/08/2024,20/08/2024,0.35,V ugm-3
20/08/2024,03/09/2024,,
03/09/2024,17/09/2024,0.5,V ugm-3
17/09/2024,03/10/2024,0.51,V ugm-3
03/10/2024,15/10/2024,0.54,V ugm-3
15/10/2024,29/10/2024,0.71,V ugm-3
29/10/2024,12/11/2024,,
12/11/2024,26/11/2024,0.8,V ugm-3
26/11/2024,23/12/2024,0.6,V ugm-3
23/12/2024,09/01/2025,0.69,V ugm-3
Data for year 2025,,,
Multi-day data,,,
York Fishergate,,,
Start Date,End Date,BENZENE,Status / units
09/01/2025,22/01/2025,1.4,V ugm-3
22/01/2025,04/02/2025,0.7,V ugm-3
04/02/2025,18/02/2025,0.92,V ugm-3
18/02/2025,05/03/2025,0.58,V ugm-3
05/03/2025,19/03/2025,0.71,V ugm-3
19/03/2025,02/04/2025,0.52,V ugm-3
02/04/2025,16/04/2025,0.39,V ugm-3
16/04/2025,29/04/2025,0.3,V ugm-3
29/04/2025,15/05/2025,0.35,V ugm-3
15/05/2025,10/06/2025,0.26,V ugm-3
10/06/2025,26/06/2025,0.37,V ugm-3
26/06/2025,10/07/2025,0.2,V ugm-3
10/07/2025,24/07/2025,0.36,V ugm-3
24/07/2025,06/08/2025,0.25,V ugm-3
06/08/2025,20/08/2025,0.5,V ugm-3
20/08/2025,04/09/2025,0.24,V ugm-3
04/09/2025,16/09/2025,,
16/09/2025,30/09/2025,0.44,V ugm-3
30/09/2025,15/10/2025,0.4,V ugm-3
15/10/2025,28/10/2025,,
28/10/2025,12/11/2025,,
12/11/2025,27/11/2025,0.58,V ugm-3
27/11/2025,10/12/2025,0.51,V ugm-3
10/12/2025,23/12/2025,0.77,V ugm-3
23/12/2025,07/01/2026,0.6,V ugm-3
,,,
End of file,,,
